timestamp,open,high,low,close,volume
2025-01-17 16:00:00+00:00,327.15,330.13,325.34,328.17,829.9
2025-01-17 16:30:00+00:00,328.17,330.18,326.83,327.78,707.8
2025-01-17 17:00:00+00:00,327.78,327.92,325.68,327.19,980.7
2025-01-17 17:30:00+00:00,327.19,327.49,323.6,324.02,643.4
2025-01-17 18:00:00+00:00,324.02,326.32,323.08,325.15,273.4
2025-01-17 18:30:00+00:00,325.15,326.01,323.73,323.8,223.4
2025-01-17 19:00:00+00:00,323.8,327.6,323.8,326.39,289.0
2025-01-17 19:30:00+00:00,326.39,327.74,324.71,326.57,227.8
2025-01-17 20:00:00+00:00,326.57,332.78,326.07,332.78,1049.9
2025-01-17 20:30:00+00:00,332.78,335.41,331.54,334.27,1543.1
2025-01-17 21:00:00+00:00,334.27,335.18,332.25,332.94,607.7
2025-01-17 21:30:00+00:00,332.94,333.24,330.19,332.57,604.2
2025-01-17 22:00:00+00:00,332.57,334.43,332.4,334.12,296.3
2025-01-17 22:30:00+00:00,334.12,335.73,333.74,335.08,407.7
2025-01-17 23:00:00+00:00,335.08,336.47,334.46,335.18,697.3
2025-01-17 23:30:00+00:00,335.18,335.73,334.7,334.85,1014.5
2025-01-18 00:00:00+00:00,334.85,335.72,333.08,334.93,1119.2
2025-01-18 00:30:00+00:00,334.93,341.72,334.45,339.16,2148.4
2025-01-18 01:00:00+00:00,339.16,340.82,337.5,337.51,760.0
2025-01-18 01:30:00+00:00,337.51,337.81,334.99,336.17,772.4
2025-01-18 02:00:00+00:00,336.17,338.96,336.08,336.99,443.6
2025-01-18 02:30:00+00:00,336.99,336.99,332.94,333.18,1105.8
2025-01-18 03:00:00+00:00,333.18,334.07,328.34,329.73,2596.6
2025-01-18 03:30:00+00:00,329.73,330.29,323.42,325.66,2840.8
2025-01-18 04:00:00+00:00,325.66,327.06,320.76,322.65,1270.2
2025-01-18 04:30:00+00:00,322.65,325.24,320.7,322.64,1302.9
2025-01-18 05:00:00+00:00,322.64,323.7,318.36,319.64,1309.6
2025-01-18 05:30:00+00:00,319.64,321.47,313.28,314.1,2571.5
2025-01-18 06:00:00+00:00,314.1,318.13,314.1,317.74,2251.5
2025-01-18 06:30:00+00:00,317.74,318.88,315.72,317.77,671.0
2025-01-18 07:00:00+00:00,317.77,318.09,314.28,316.22,1353.8
2025-01-18 07:30:00+00:00,316.22,316.22,311.81,313.27,1131.2
2025-01-18 08:00:00+00:00,313.27,313.27,308.31,311.6,2849.4
2025-01-18 08:30:00+00:00,311.6,314.69,310.98,314.04,954.2
2025-01-18 09:00:00+00:00,314.04,314.96,311.95,313.14,370.3
2025-01-18 09:30:00+00:00,313.14,313.14,310.04,311.95,710.4
2025-01-18 10:00:00+00:00,311.95,312.99,307.9,309.06,1289.4
2025-01-18 10:30:00+00:00,309.06,310.96,306.06,309.44,2210.3
2025-01-18 11:00:00+00:00,309.44,311.46,307.46,311.45,805.4
2025-01-18 11:30:00+00:00,311.45,316.25,310.52,315.45,1141.6
2025-01-18 12:00:00+00:00,315.45,317.47,313.99,314.05,1447.4
2025-01-18 12:30:00+00:00,314.05,314.71,311.54,312.44,1190.7
2025-01-18 13:00:00+00:00,312.44,313.84,310.63,312.59,746.1
2025-01-18 13:30:00+00:00,312.59,318.52,312.51,318.52,918.2
2025-01-18 14:00:00+00:00,318.52,319.38,314.79,314.87,1831.9
2025-01-18 14:30:00+00:00,314.87,315.32,312.5,313.44,510.9
2025-01-18 15:00:00+00:00,313.44,318.37,311.58,317.18,1026.8
2025-01-18 15:30:00+00:00,317.18,320.12,316.56,316.97,943.1
2025-01-18 16:00:00+00:00,316.97,318.75,312.35,315.92,1150.3
2025-01-18 16:30:00+00:00,315.92,318.73,310.09,310.09,1270.7
2025-01-18 17:00:00+00:00,310.09,314.37,309.58,312.59,687.1
2025-01-18 17:30:00+00:00,312.59,313.84,309.15,309.15,341.8
2025-01-18 18:00:00+00:00,309.15,311.42,308.07,310.47,278.3
2025-01-18 18:30:00+00:00,310.47,312.17,308.71,309.43,211.3
2025-01-18 19:00:00+00:00,309.43,314.37,309.43,313.42,249.5
2025-01-18 19:30:00+00:00,313.42,315.36,313.12,315.29,156.5
2025-01-18 20:00:00+00:00,315.29,315.64,310.11,310.5,239.3
2025-01-18 20:30:00+00:00,310.5,312.04,309.49,310.84,120.9
2025-01-18 21:00:00+00:00,310.84,313.94,310.69,312.24,156.6
2025-01-18 21:30:00+00:00,312.24,312.24,310.64,311.27,224.6
2025-01-18 22:00:00+00:00,311.27,313.0,310.55,312.86,171.4
2025-01-18 22:30:00+00:00,312.86,313.8,312.86,312.86,254.6
2025-01-18 23:00:00+00:00,312.86,317.2,312.86,317.03,263.8
2025-01-18 23:30:00+00:00,317.03,318.82,315.36,315.44,827.8
2025-01-19 00:00:00+00:00,315.44,316.28,313.36,316.19,514.0
2025-01-19 00:30:00+00:00,316.19,317.65,314.22,315.11,340.1
2025-01-19 01:00:00+00:00,315.11,321.55,314.24,320.23,1039.8
2025-01-19 01:30:00+00:00,320.23,321.2,318.76,320.39,822.7
2025-01-19 02:00:00+00:00,320.39,322.95,319.52,322.9,533.3
2025-01-19 02:30:00+00:00,322.9,326.35,321.23,322.58,2352.2
2025-01-19 03:00:00+00:00,322.58,322.82,317.71,318.23,1584.0
2025-01-19 03:30:00+00:00,318.23,320.59,317.13,317.3,532.1
2025-01-19 04:00:00+00:00,317.3,317.3,311.91,313.8,957.3
2025-01-19 04:30:00+00:00,313.8,314.06,311.08,311.37,965.3
2025-01-19 05:00:00+00:00,311.37,311.43,307.55,310.55,1138.3
2025-01-19 05:30:00+00:00,310.55,313.78,308.71,313.7,325.3
2025-01-19 06:00:00+00:00,313.7,313.81,310.54,311.25,616.3
2025-01-19 06:30:00+00:00,311.25,311.25,308.52,308.62,430.8
2025-01-19 07:00:00+00:00,308.62,310.32,305.41,306.74,1264.7
2025-01-19 07:30:00+00:00,306.74,311.1,306.72,308.74,607.8
2025-01-19 08:00:00+00:00,308.74,309.17,301.79,301.9,3250.8
2025-01-19 08:30:00+00:00,301.9,303.75,298.6,299.23,1863.6
2025-01-19 09:00:00+00:00,299.23,299.32,294.49,297.23,2414.8
2025-01-19 09:30:00+00:00,297.23,304.02,295.64,303.13,2035.9
2025-01-19 10:00:00+00:00,303.13,303.13,298.75,301.13,1965.3
2025-01-19 10:30:00+00:00,301.13,304.85,300.39,301.21,713.0
2025-01-19 11:00:00+00:00,301.21,302.57,297.5,297.5,1000.4
2025-01-19 11:30:00+00:00,297.5,298.15,292.44,294.44,5416.7
2025-01-19 12:00:00+00:00,294.44,298.94,294.05,296.37,850.0
2025-01-19 12:30:00+00:00,296.37,300.93,296.09,300.08,492.4
2025-01-19 13:00:00+00:00,300.08,303.17,299.27,302.9,693.5
2025-01-19 13:30:00+00:00,302.9,311.99,302.08,311.85,1593.7
2025-01-19 14:00:00+00:00,311.85,324.23,309.04,322.74,7720.9
2025-01-19 14:30:00+00:00,322.74,332.16,318.21,331.05,5833.9
2025-01-19 15:00:00+00:00,331.05,339.64,326.86,328.85,5580.4
2025-01-19 15:30:00+00:00,328.85,334.09,327.31,331.08,3614.0
2025-01-19 16:00:00+00:00,331.08,340.86,330.72,340.74,2223.5
2025-01-19 16:30:00+00:00,340.74,344.16,339.7,341.83,2926.7
2025-01-19 17:00:00+00:00,341.83,347.87,340.34,345.4,3311.5
2025-01-19 17:30:00+00:00,345.4,348.21,342.55,347.38,897.7
2025-01-19 18:00:00+00:00,347.38,348.2,342.72,343.7,1146.4
2025-01-19 18:30:00+00:00,343.7,347.07,343.03,345.93,356.4
2025-01-19 19:00:00+00:00,345.93,345.98,343.0,344.54,418.2
2025-01-19 19:30:00+00:00,344.54,344.65,338.85,341.16,1051.3
2025-01-19 20:00:00+00:00,341.16,345.7,341.16,344.99,428.2
2025-01-19 20:30:00+00:00,344.99,345.92,339.79,340.0,637.1
2025-01-19 21:00:00+00:00,340.0,341.29,328.06,330.91,2790.3
2025-01-19 21:30:00+00:00,330.91,332.99,319.19,319.19,12417.4
2025-01-19 22:00:00+00:00,319.19,325.0,314.15,323.96,4729.0
2025-01-19 22:30:00+00:00,323.96,323.96,306.0,317.5,6949.2
2025-01-19 23:00:00+00:00,317.5,317.64,303.04,305.03,3290.5
2025-01-19 23:30:00+00:00,305.03,314.5,303.62,309.64,5320.5
2025-01-20 00:00:00+00:00,309.64,310.08,303.59,303.67,3802.3
2025-01-20 00:30:00+00:00,303.67,306.16,297.87,299.08,3924.6
2025-01-20 01:00:00+00:00,299.08,304.16,298.82,300.7,2227.7
2025-01-20 01:30:00+00:00,300.7,304.52,296.51,299.4,2796.7
2025-01-20 02:00:00+00:00,299.4,311.94,298.79,311.94,1745.0
2025-01-20 02:30:00+00:00,311.94,317.3,307.12,307.19,2111.6
2025-01-20 03:00:00+00:00,307.19,310.95,304.6,307.72,928.4
2025-01-20 03:30:00+00:00,307.72,312.1,306.82,311.98,2887.5
2025-01-20 04:00:00+00:00,311.98,314.7,309.33,311.75,1399.5
2025-01-20 04:30:00+00:00,311.75,320.09,310.82,318.19,1275.7
2025-01-20 05:00:00+00:00,318.19,326.47,316.26,320.23,1763.0
2025-01-20 05:30:00+00:00,320.23,322.47,315.61,322.35,974.1
2025-01-20 06:00:00+00:00,322.35,326.44,321.84,323.06,1422.6
2025-01-20 06:30:00+00:00,323.06,342.67,321.92,339.77,7120.1
2025-01-20 07:00:00+00:00,339.77,361.36,339.26,361.26,5867.8
2025-01-20 07:30:00+00:00,361.26,361.26,350.43,354.05,3698.4
2025-01-20 08:00:00+00:00,354.05,365.5,353.55,358.16,3630.3
2025-01-20 08:30:00+00:00,358.16,360.7,352.79,353.22,1729.4
2025-01-20 09:00:00+00:00,353.22,355.21,345.11,346.15,3045.7
2025-01-20 09:30:00+00:00,346.15,349.47,342.45,348.68,2509.5
2025-01-20 10:00:00+00:00,348.68,350.72,346.77,347.67,1459.0
2025-01-20 10:30:00+00:00,347.67,348.05,342.94,345.4,1822.9
2025-01-20 11:00:00+00:00,345.4,349.28,342.42,346.4,1664.0
2025-01-20 11:30:00+00:00,346.4,347.27,342.85,343.31,844.3
2025-01-20 12:00:00+00:00,343.31,343.88,329.42,333.42,9639.1
2025-01-20 12:30:00+00:00,333.42,337.03,329.3,332.12,2532.1
2025-01-20 13:00:00+00:00,332.12,352.0,330.76,341.66,5857.5
2025-01-20 13:30:00+00:00,341.66,348.97,341.25,348.95,2171.6
2025-01-20 14:00:00+00:00,348.95,353.37,345.15,350.26,2641.4
2025-01-20 14:30:00+00:00,350.26,356.29,348.64,351.27,3033.6
2025-01-20 15:00:00+00:00,351.27,355.0,346.66,352.78,6137.7
2025-01-20 15:30:00+00:00,352.78,353.0,344.42,347.2,2373.9
2025-01-20 16:00:00+00:00,347.2,350.02,339.39,345.67,2839.3
2025-01-20 16:30:00+00:00,345.67,352.55,344.59,351.55,1763.7
2025-01-20 17:00:00+00:00,351.55,351.76,334.84,335.16,11595.1
2025-01-20 17:30:00+00:00,335.16,337.38,319.5,332.3,10210.2
2025-01-20 18:00:00+00:00,332.3,337.0,330.71,333.62,2872.8
2025-01-20 18:30:00+00:00,333.62,363.79,332.61,348.52,15094.7
2025-01-20 19:00:00+00:00,348.52,364.69,345.41,355.15,8749.4
2025-01-20 19:30:00+00:00,355.15,360.82,352.01,355.4,3178.4
2025-01-20 20:00:00+00:00,355.4,356.24,348.42,350.64,2927.7
2025-01-20 20:30:00+00:00,350.64,353.59,348.63,348.96,826.2
2025-01-20 21:00:00+00:00,348.96,352.81,346.0,348.77,1305.8
2025-01-20 21:30:00+00:00,348.77,349.46,340.81,341.68,1979.7
2025-01-20 22:00:00+00:00,341.68,344.64,338.01,344.64,2177.6
2025-01-20 22:30:00+00:00,344.64,349.05,343.08,349.03,1400.4
2025-01-20 23:00:00+00:00,349.03,349.46,341.6,345.56,1326.8
2025-01-20 23:30:00+00:00,345.56,345.58,335.01,337.23,1461.9
2025-01-21 00:00:00+00:00,337.23,339.45,332.67,333.84,1227.3
2025-01-21 00:30:00+00:00,333.84,337.42,327.73,328.15,2161.2
2025-01-21 01:00:00+00:00,328.15,333.13,327.48,327.83,1770.3
2025-01-21 01:30:00+00:00,327.83,339.37,327.29,336.98,2653.6
2025-01-21 02:00:00+00:00,336.98,349.84,336.25,342.27,6569.4
2025-01-21 02:30:00+00:00,342.27,347.63,339.73,346.84,1225.6
2025-01-21 03:00:00+00:00,346.84,347.61,342.36,342.42,856.2
2025-01-21 03:30:00+00:00,342.42,347.0,340.8,345.32,776.8
2025-01-21 04:00:00+00:00,345.32,345.46,339.14,339.52,1600.4
2025-01-21 04:30:00+00:00,339.52,341.76,333.51,340.83,1923.2
2025-01-21 05:00:00+00:00,340.83,341.34,336.27,336.69,1112.8
2025-01-21 05:30:00+00:00,336.69,337.29,332.71,336.15,1591.9
2025-01-21 06:00:00+00:00,336.15,344.74,335.12,340.13,2085.9
2025-01-21 06:30:00+00:00,340.13,343.49,336.73,342.89,1889.6
2025-01-21 07:00:00+00:00,342.89,344.45,340.61,342.12,1456.5
2025-01-21 07:30:00+00:00,342.12,343.7,339.71,342.01,1048.1
2025-01-21 08:00:00+00:00,342.01,344.98,340.07,342.63,1120.7
2025-01-21 08:30:00+00:00,342.63,343.99,338.12,343.31,969.8
2025-01-21 09:00:00+00:00,343.31,348.72,342.5,347.9,1408.5
2025-01-21 09:30:00+00:00,347.9,355.31,347.9,355.25,3452.8
2025-01-21 10:00:00+00:00,355.25,363.18,349.75,362.61,4289.7
2025-01-21 10:30:00+00:00,362.61,369.9,358.38,366.15,5443.5
2025-01-21 11:00:00+00:00,366.15,369.53,362.56,365.93,3874.6
2025-01-21 11:30:00+00:00,365.93,367.79,357.72,362.52,2866.2
2025-01-21 12:00:00+00:00,362.52,365.58,357.97,363.8,2567.4
2025-01-21 12:30:00+00:00,363.8,371.7,363.09,366.62,4115.7
2025-01-21 13:00:00+00:00,366.62,368.3,359.83,365.85,3264.1
2025-01-21 13:30:00+00:00,365.85,367.6,361.83,365.98,2220.3
2025-01-21 14:00:00+00:00,365.98,367.28,358.96,365.39,3732.9
2025-01-21 14:30:00+00:00,365.39,366.15,358.69,360.12,2235.7
2025-01-21 15:00:00+00:00,360.12,363.38,354.94,360.43,2573.7
2025-01-21 15:30:00+00:00,360.43,360.8,355.34,357.52,936.2
2025-01-21 16:00:00+00:00,357.52,362.35,356.03,356.92,3196.5
2025-01-21 16:30:00+00:00,356.92,362.5,356.49,360.9,2331.8
2025-01-21 17:00:00+00:00,360.9,363.58,359.74,362.81,826.7
2025-01-21 17:30:00+00:00,362.81,366.84,360.5,366.15,1194.6
2025-01-21 18:00:00+00:00,366.15,371.08,365.21,368.79,1955.8
2025-01-21 18:30:00+00:00,368.79,374.05,367.84,373.03,1899.5
2025-01-21 19:00:00+00:00,373.03,378.24,371.9,376.67,3162.0
2025-01-21 19:30:00+00:00,376.67,376.67,369.7,371.69,1916.9
2025-02-07 11:30:00+00:00,252.01,254.38,250.83,254.15,438.1
2025-02-07 12:00:00+00:00,254.15,254.73,252.78,254.25,1201.5
2025-02-07 12:30:00+00:00,254.25,256.71,254.23,254.71,607.6
2025-02-07 13:00:00+00:00,254.71,254.82,250.85,251.33,1100.1
2025-02-07 13:30:00+00:00,251.33,259.82,249.9,258.14,3019.0
2025-02-07 14:00:00+00:00,258.14,261.88,256.32,261.21,2805.5
2025-02-07 14:30:00+00:00,261.21,261.56,256.46,257.71,2423.5
2025-02-07 15:00:00+00:00,257.71,257.71,249.46,251.68,4810.4
2025-02-07 15:30:00+00:00,251.68,253.6,248.44,250.18,1481.7
2025-02-07 16:00:00+00:00,250.18,250.96,247.5,248.38,900.5
2025-02-07 16:30:00+00:00,248.38,249.42,246.13,246.18,1322.9
2025-02-07 17:00:00+00:00,246.18,247.0,241.84,243.14,2474.8
2025-02-07 17:30:00+00:00,243.14,245.03,242.5,244.07,550.2
2025-02-07 18:00:00+00:00,244.07,248.01,243.87,247.26,717.6
2025-02-07 18:30:00+00:00,247.26,248.8,246.06,246.41,194.3
2025-02-07 19:00:00+00:00,246.41,246.92,245.18,246.09,179.3
2025-02-07 19:30:00+00:00,246.09,246.48,243.28,243.37,389.4
2025-02-07 20:00:00+00:00,243.37,243.45,238.29,238.29,1374.9
2025-02-07 20:30:00+00:00,238.29,238.8,233.11,233.51,2775.7
2025-02-07 21:00:00+00:00,233.51,237.09,233.51,235.31,1169.4
2025-02-07 21:30:00+00:00,235.31,236.05,232.96,233.58,711.8
2025-02-07 22:00:00+00:00,233.58,234.2,231.36,232.63,750.7
2025-02-07 22:30:00+00:00,232.63,234.12,231.0,233.98,1630.1
2025-02-07 23:00:00+00:00,233.98,236.22,233.39,235.8,320.1
2025-02-07 23:30:00+00:00,235.8,238.12,235.33,237.87,2134.9
2025-02-08 00:00:00+00:00,237.87,241.55,236.79,240.69,568.6
2025-02-08 00:30:00+00:00,240.69,241.82,238.84,239.95,325.1
2025-02-08 01:00:00+00:00,239.95,239.95,237.2,237.81,247.5
2025-02-08 01:30:00+00:00,237.81,238.27,236.41,236.68,251.6
2025-02-08 02:00:00+00:00,236.68,237.97,236.25,237.57,404.1
2025-02-08 02:30:00+00:00,237.57,237.64,235.81,236.96,263.4
2025-02-08 03:00:00+00:00,236.96,238.57,236.35,236.54,298.8
2025-02-08 03:30:00+00:00,236.54,237.21,236.26,236.56,102.8
2025-02-08 04:00:00+00:00,236.56,237.1,236.1,236.55,261.4
2025-02-08 04:30:00+00:00,236.55,236.71,235.25,235.37,139.7
2025-02-08 05:00:00+00:00,235.37,235.45,233.8,234.69,272.4
2025-02-08 05:30:00+00:00,234.69,235.35,233.57,234.78,150.4
2025-02-08 06:00:00+00:00,234.78,236.14,234.03,235.99,105.2
2025-02-08 06:30:00+00:00,235.99,236.38,234.47,234.9,100.6
2025-02-08 07:00:00+00:00,234.9,235.65,232.84,233.49,519.9
2025-02-08 07:30:00+00:00,233.49,237.87,233.49,236.1,1202.6
2025-02-08 08:00:00+00:00,236.1,236.82,234.17,234.17,479.9
2025-02-08 08:30:00+00:00,234.17,234.97,232.53,232.53,549.4
2025-02-08 09:00:00+00:00,232.53,234.97,232.52,234.66,436.8
2025-02-08 09:30:00+00:00,234.66,234.75,233.7,234.71,112.2
2025-02-08 10:00:00+00:00,234.71,235.41,233.95,234.5,341.9
2025-02-08 10:30:00+00:00,234.5,234.58,232.63,233.03,176.6
2025-02-08 11:00:00+00:00,233.03,233.75,232.16,232.27,734.6
2025-02-08 11:30:00+00:00,232.27,233.79,231.55,233.58,291.6
2025-02-08 12:00:00+00:00,233.58,234.57,231.32,231.85,533.9
2025-02-08 12:30:00+00:00,231.85,232.84,231.05,232.1,367.9
2025-02-08 13:00:00+00:00,232.1,234.31,232.0,234.31,622.2
2025-02-08 13:30:00+00:00,234.31,236.58,233.32,234.49,1593.5
2025-02-08 14:00:00+00:00,234.49,235.03,231.65,232.32,2054.1
2025-02-08 14:30:00+00:00,232.32,234.11,231.22,234.04,956.0
2025-02-08 15:00:00+00:00,234.04,235.8,233.12,233.51,385.2
2025-02-08 15:30:00+00:00,233.51,233.51,231.02,232.34,434.1
2025-02-08 16:00:00+00:00,232.34,234.15,231.29,234.02,459.6
2025-02-08 16:30:00+00:00,234.02,234.99,232.54,233.78,437.6
2025-02-08 17:00:00+00:00,233.78,236.13,233.77,235.71,399.6
2025-02-08 17:30:00+00:00,235.71,238.47,235.66,238.21,1300.5
2025-02-08 18:00:00+00:00,238.21,239.22,236.25,238.86,756.6
2025-02-08 18:30:00+00:00,238.86,239.75,237.1,238.07,255.1
2025-02-08 19:00:00+00:00,238.07,240.38,237.78,240.02,287.5
2025-02-08 19:30:00+00:00,240.02,240.81,238.7,240.4,502.4
2025-02-08 20:00:00+00:00,240.4,240.72,238.18,239.57,270.9
2025-02-08 20:30:00+00:00,239.57,240.34,237.81,238.67,376.3
2025-02-08 21:00:00+00:00,238.67,239.29,237.75,238.24,245.6
2025-02-08 21:30:00+00:00,238.24,240.46,237.95,239.38,562.3
2025-02-08 22:00:00+00:00,239.38,240.04,238.09,238.57,136.3
2025-02-08 22:30:00+00:00,238.57,238.62,236.47,236.93,573.2
2025-02-08 23:00:00+00:00,236.93,239.85,236.88,239.65,316.2
2025-02-08 23:30:00+00:00,239.65,241.13,238.5,238.63,282.7
2025-02-09 00:00:00+00:00,238.63,240.25,238.44,239.03,1009.1
2025-02-09 00:30:00+00:00,239.03,240.6,238.01,240.08,272.2
2025-02-09 01:00:00+00:00,240.08,243.09,239.2,242.43,628.1
2025-02-09 01:30:00+00:00,242.43,244.47,242.03,243.19,422.4
2025-02-09 02:00:00+00:00,243.19,243.92,241.1,241.17,378.8
2025-02-09 02:30:00+00:00,241.17,242.21,240.86,241.6,257.1
2025-02-09 03:00:00+00:00,241.6,246.3,240.8,246.3,459.8
2025-02-09 03:30:00+00:00,246.3,252.54,246.3,251.01,2004.4
2025-02-09 04:00:00+00:00,251.01,251.28,247.76,248.62,1201.5
2025-02-09 04:30:00+00:00,248.62,249.97,248.06,248.77,422.6
2025-02-09 05:00:00+00:00,248.77,248.87,246.91,247.25,368.7
2025-02-09 05:30:00+00:00,247.25,248.13,246.62,247.78,405.5
2025-02-09 06:00:00+00:00,247.78,247.92,245.18,245.7,295.4
2025-02-09 06:30:00+00:00,245.7,246.57,244.44,246.11,852.9
2025-02-09 07:00:00+00:00,246.11,246.14,244.22,244.54,437.5
2025-02-09 07:30:00+00:00,244.54,246.67,244.13,246.67,416.1
2025-02-09 08:00:00+00:00,246.67,249.89,246.67,248.27,1810.1
2025-02-09 08:30:00+00:00,248.27,248.27,246.76,246.82,402.6
2025-02-09 09:00:00+00:00,246.82,247.2,244.73,246.44,641.0
2025-02-09 09:30:00+00:00,246.44,247.43,245.69,245.76,309.2
2025-02-09 10:00:00+00:00,245.76,246.9,244.9,246.77,366.3
2025-02-09 10:30:00+00:00,246.77,247.43,245.19,245.44,172.7
2025-02-09 11:00:00+00:00,245.44,246.13,244.82,245.24,265.4
2025-02-09 11:30:00+00:00,245.24,245.54,243.57,243.7,709.0
2025-02-09 12:00:00+00:00,243.7,245.42,243.41,244.83,320.0
2025-02-09 12:30:00+00:00,244.83,245.02,243.19,244.68,540.7
2025-02-09 13:00:00+00:00,244.68,245.34,241.42,241.42,473.0
2025-02-09 13:30:00+00:00,241.42,241.83,238.0,238.76,1319.0
2025-02-09 14:00:00+00:00,238.76,241.84,238.55,240.94,674.0
2025-02-09 14:30:00+00:00,240.94,241.71,240.06,241.55,410.8
2025-02-09 15:00:00+00:00,241.55,246.47,241.3,243.62,1305.4
2025-02-09 15:30:00+00:00,243.62,246.03,242.64,244.95,943.9
2025-02-09 16:00:00+00:00,244.95,248.18,244.17,246.16,1623.0
2025-02-09 16:30:00+00:00,246.16,246.55,245.17,245.74,171.8
2025-02-09 17:00:00+00:00,245.74,246.3,243.48,244.61,359.3
2025-02-09 17:30:00+00:00,244.61,244.76,242.55,243.2,431.4
2025-02-09 18:00:00+00:00,243.2,243.6,242.34,243.22,219.7
2025-02-09 18:30:00+00:00,243.22,244.34,242.86,243.19,153.3
2025-02-09 19:00:00+00:00,243.19,243.9,240.82,241.59,690.0
2025-02-09 19:30:00+00:00,241.59,242.0,239.81,240.04,233.6
2025-02-09 20:00:00+00:00,240.04,242.54,239.78,242.46,329.9
2025-02-09 20:30:00+00:00,242.46,243.65,241.46,241.9,331.9
2025-02-09 21:00:00+00:00,241.9,242.35,238.09,238.94,280.2
2025-02-09 21:30:00+00:00,238.94,238.98,229.76,231.92,2616.4
2025-02-09 22:00:00+00:00,231.92,236.49,229.79,236.29,1631.6
2025-02-09 22:30:00+00:00,236.29,242.52,234.53,238.76,1851.6
2025-02-09 23:00:00+00:00,238.76,241.1,237.61,239.08,364.5
2025-02-09 23:30:00+00:00,239.08,242.25,238.94,241.09,523.1
2025-02-10 00:00:00+00:00,241.09,246.94,241.04,245.26,890.6
2025-02-10 00:30:00+00:00,245.26,246.14,244.41,245.68,478.3
2025-02-10 01:00:00+00:00,245.68,246.16,241.23,241.73,774.5
2025-02-10 01:30:00+00:00,241.73,242.44,235.68,236.19,1813.1
2025-02-10 02:00:00+00:00,236.19,237.2,234.3,234.92,788.1
2025-02-10 02:30:00+00:00,234.92,239.82,234.75,237.52,628.5
2025-02-10 03:00:00+00:00,237.52,239.81,236.31,239.36,1458.2
2025-02-10 03:30:00+00:00,239.36,245.48,239.36,242.42,862.7
2025-02-10 04:00:00+00:00,242.42,247.18,240.16,246.97,340.1
2025-02-10 04:30:00+00:00,246.97,248.06,244.67,245.72,1016.2
2025-02-10 05:00:00+00:00,245.72,247.49,244.21,247.2,342.8
2025-02-10 05:30:00+00:00,247.2,249.59,246.04,246.04,711.2
2025-02-10 06:00:00+00:00,246.04,246.65,244.62,245.6,607.5
2025-02-10 06:30:00+00:00,245.6,247.21,245.54,247.2,196.8
2025-02-10 07:00:00+00:00,247.2,247.76,245.57,245.65,660.7
2025-02-10 07:30:00+00:00,245.65,247.26,245.55,246.64,347.7
2025-02-10 08:00:00+00:00,246.64,252.52,246.59,251.09,1106.0
2025-02-10 08:30:00+00:00,251.09,251.75,249.28,249.28,902.1
2025-02-10 09:00:00+00:00,249.28,250.07,248.14,248.39,902.5
2025-02-10 09:30:00+00:00,248.39,248.73,247.56,247.94,625.0
2025-02-10 10:00:00+00:00,247.94,249.85,247.65,249.69,1121.4
2025-02-10 10:30:00+00:00,249.69,249.72,246.9,247.13,782.4
2025-02-10 11:00:00+00:00,247.13,249.41,246.41,249.21,544.5
2025-02-10 11:30:00+00:00,249.21,249.46,248.23,248.59,435.8
2025-02-10 12:00:00+00:00,248.59,250.23,247.83,248.83,1918.8
2025-02-10 12:30:00+00:00,248.83,248.83,245.77,246.99,494.1
2025-02-10 13:00:00+00:00,246.99,249.22,246.46,248.36,719.9
2025-02-10 13:30:00+00:00,248.36,255.55,247.49,254.35,2004.4
2025-02-10 14:00:00+00:00,254.35,254.72,250.5,251.49,1284.3
2025-02-10 14:30:00+00:00,251.49,252.96,248.37,249.37,1542.5
2025-02-10 15:00:00+00:00,249.37,250.42,247.18,248.11,880.9
2025-02-10 15:30:00+00:00,248.11,248.72,246.6,248.49,683.4
2025-02-10 16:00:00+00:00,248.49,251.33,248.01,250.31,792.7
2025-02-10 16:30:00+00:00,250.31,252.03,247.67,251.08,906.3
2025-02-10 17:00:00+00:00,251.08,254.47,249.96,253.27,1548.4
2025-02-10 17:30:00+00:00,253.27,253.69,251.48,253.28,512.4
2025-02-10 18:00:00+00:00,253.28,254.25,251.8,254.16,480.1
2025-02-10 18:30:00+00:00,254.16,255.66,252.67,255.53,606.6
2025-02-10 19:00:00+00:00,255.53,256.6,254.83,255.61,1650.5
2025-02-10 19:30:00+00:00,255.61,256.0,253.82,254.15,450.0
2025-02-10 20:00:00+00:00,254.15,258.06,252.24,253.24,1216.7
2025-02-10 20:30:00+00:00,253.24,255.51,252.96,254.86,524.5
2025-02-10 21:00:00+00:00,254.86,254.86,251.97,252.88,260.8
2025-02-10 21:30:00+00:00,252.88,252.91,250.77,251.09,946.2
2025-02-10 22:00:00+00:00,251.09,251.79,250.16,251.79,937.2
2025-02-10 22:30:00+00:00,251.79,252.81,249.72,250.32,814.1
2025-02-10 23:00:00+00:00,250.32,250.75,248.84,249.95,458.0
2025-02-10 23:30:00+00:00,249.95,252.5,249.55,252.5,516.7
2025-02-11 00:00:00+00:00,252.5,256.22,252.34,255.42,479.4
2025-02-11 00:30:00+00:00,255.42,260.37,255.1,259.1,1067.5
2025-02-11 01:00:00+00:00,259.1,260.64,257.64,258.06,571.8
2025-02-11 01:30:00+00:00,258.06,259.75,257.78,258.34,282.6
2025-02-11 02:00:00+00:00,258.34,259.51,256.61,256.69,145.7
2025-02-11 02:30:00+00:00,256.69,258.46,255.68,257.56,231.3
2025-02-11 03:00:00+00:00,257.56,257.76,256.03,256.48,276.5
2025-02-11 03:30:00+00:00,256.48,259.02,256.31,258.17,1356.1
2025-02-11 04:00:00+00:00,258.17,258.89,257.33,258.29,203.3
2025-02-11 04:30:00+00:00,258.29,261.15,258.27,260.29,554.5
2025-02-11 05:00:00+00:00,260.29,262.52,259.46,260.33,491.5
2025-02-11 05:30:00+00:00,260.33,260.42,258.19,259.88,315.2
2025-02-11 06:00:00+00:00,259.88,260.21,258.27,260.11,420.6
2025-02-11 06:30:00+00:00,260.11,261.28,259.49,261.11,323.3
2025-02-11 07:00:00+00:00,261.11,261.23,259.81,259.88,274.1
2025-02-11 07:30:00+00:00,259.88,260.8,259.75,260.2,243.6
2025-02-11 08:00:00+00:00,260.2,260.5,258.4,259.53,198.5
2025-02-11 08:30:00+00:00,259.53,261.44,259.48,260.16,426.6
2025-02-11 09:00:00+00:00,260.16,260.62,259.54,260.25,239.8
2025-02-11 09:30:00+00:00,260.25,260.72,258.39,259.31,462.7
2025-02-11 10:00:00+00:00,259.31,259.68,257.23,258.58,563.3
2025-02-11 10:30:00+00:00,258.58,260.22,257.87,259.08,242.5
2025-02-11 11:00:00+00:00,259.08,259.5,257.65,258.37,932.6
2025-02-11 11:30:00+00:00,258.37,259.61,257.1,258.11,458.9
2025-02-11 12:00:00+00:00,258.11,258.48,254.79,255.15,1854.8
2025-02-11 12:30:00+00:00,255.15,256.82,254.38,255.83,770.0
2025-02-11 13:00:00+00:00,255.83,256.23,253.07,253.54,784.1
2025-02-11 13:30:00+00:00,253.54,253.82,247.51,248.03,1958.7
2025-02-11 14:00:00+00:00,248.03,251.05,247.49,250.18,1891.1
2025-02-11 14:30:00+00:00,250.18,252.27,250.0,250.44,700.7
2025-02-11 15:00:00+00:00,250.44,252.82,249.58,250.47,608.5
2025-02-28 07:00:00+00:00,183.33,186.43,183.15,184.23,1139.6
2025-02-28 07:30:00+00:00,184.23,184.92,181.65,182.16,1319.3
2025-02-28 08:00:00+00:00,182.16,183.09,178.14,181.02,5090.0
2025-02-28 08:30:00+00:00,181.02,182.49,179.05,182.11,2013.8
2025-02-28 09:00:00+00:00,182.11,184.93,180.8,184.74,722.4
2025-02-28 09:30:00+00:00,184.74,185.53,183.36,184.45,2060.4
2025-02-28 10:00:00+00:00,184.45,185.04,182.41,183.29,911.2
2025-02-28 10:30:00+00:00,183.29,183.83,180.7,180.76,812.9
2025-02-28 11:00:00+00:00,180.76,184.58,180.73,184.4,496.6
2025-02-28 11:30:00+00:00,184.4,184.4,182.51,182.84,985.9
2025-02-28 12:00:00+00:00,182.84,183.78,181.45,181.45,272.6
2025-02-28 12:30:00+00:00,181.45,182.72,180.63,182.6,293.8
2025-02-28 13:00:00+00:00,182.6,185.4,181.74,182.45,1918.4
2025-02-28 13:30:00+00:00,182.45,187.19,182.39,185.5,1376.8
2025-02-28 14:00:00+00:00,185.5,189.31,185.4,185.82,1332.9
2025-02-28 14:30:00+00:00,185.82,187.85,183.31,186.34,3054.7
2025-02-28 15:00:00+00:00,186.34,191.98,186.2,191.9,2910.7
2025-02-28 15:30:00+00:00,191.9,192.51,189.82,191.19,1606.6
2025-02-28 16:00:00+00:00,191.19,191.77,188.65,189.06,880.5
2025-02-28 16:30:00+00:00,189.06,192.86,188.56,190.44,1651.5
2025-02-28 17:00:00+00:00,190.44,192.43,190.23,191.15,802.3
2025-02-28 17:30:00+00:00,191.15,191.27,188.14,188.14,844.9
2025-02-28 18:00:00+00:00,188.14,189.52,186.56,187.96,1132.3
2025-02-28 18:30:00+00:00,187.96,191.62,187.95,189.24,826.9
2025-02-28 19:00:00+00:00,189.24,190.38,188.64,189.93,364.0
2025-02-28 19:30:00+00:00,189.93,191.28,189.78,190.84,339.2
2025-02-28 20:00:00+00:00,190.84,191.28,187.9,189.05,725.6
2025-02-28 20:30:00+00:00,189.05,190.0,188.23,189.46,484.0
2025-02-28 21:00:00+00:00,189.46,192.28,189.17,190.24,463.7
2025-02-28 21:30:00+00:00,190.24,192.15,189.83,191.79,318.1
2025-02-28 22:00:00+00:00,191.79,192.32,190.0,190.19,234.6
2025-02-28 22:30:00+00:00,190.19,191.06,189.4,190.69,390.6
2025-02-28 23:00:00+00:00,190.69,191.8,190.36,191.8,159.4
2025-02-28 23:30:00+00:00,191.8,193.19,191.6,192.15,513.4
2025-03-01 00:00:00+00:00,192.15,192.32,190.4,190.4,413.5
2025-03-01 00:30:00+00:00,190.4,190.49,187.85,188.04,617.5
2025-03-01 01:00:00+00:00,188.04,189.37,188.04,189.19,170.6
2025-03-01 01:30:00+00:00,189.19,194.21,189.06,193.55,661.3
2025-03-01 02:00:00+00:00,193.55,193.63,191.76,193.4,318.5
2025-03-01 02:30:00+00:00,193.4,194.87,192.95,194.09,500.7
2025-03-01 03:00:00+00:00,194.09,194.93,193.23,194.31,374.4
2025-03-01 03:30:00+00:00,194.31,195.32,193.67,193.82,185.4
2025-03-01 04:00:00+00:00,193.82,195.65,193.5,194.67,240.0
2025-03-01 04:30:00+00:00,194.67,195.37,193.82,194.85,426.0
2025-03-01 05:00:00+00:00,194.85,194.98,192.54,193.19,391.8
2025-03-01 05:30:00+00:00,193.19,193.29,192.27,192.51,170.9
2025-03-01 06:00:00+00:00,192.51,193.13,191.14,191.23,343.9
2025-03-01 06:30:00+00:00,191.23,191.99,190.66,191.39,627.7
2025-03-01 07:00:00+00:00,191.39,191.39,189.24,189.33,541.8
2025-03-01 07:30:00+00:00,189.33,190.36,188.64,189.91,699.7
2025-03-01 08:00:00+00:00,189.91,191.67,189.91,191.43,218.6
2025-03-01 08:30:00+00:00,191.43,191.43,189.49,190.54,423.1
2025-03-01 09:00:00+00:00,190.54,191.88,190.39,190.93,91.1
2025-03-01 09:30:00+00:00,190.93,190.93,188.93,190.69,459.9
2025-03-01 10:00:00+00:00,190.69,190.69,187.6,188.77,313.3
2025-03-01 10:30:00+00:00,188.77,188.99,186.88,187.22,533.7
2025-03-01 11:00:00+00:00,187.22,187.5,185.04,185.54,1059.7
2025-03-01 11:30:00+00:00,185.54,186.67,185.25,186.1,552.2
2025-03-01 12:00:00+00:00,186.1,187.21,185.45,185.45,221.2
2025-03-01 12:30:00+00:00,185.45,187.38,185.39,186.84,1185.0
2025-03-01 13:00:00+00:00,186.84,187.39,184.1,184.83,912.8
2025-03-01 13:30:00+00:00,184.83,185.47,183.23,184.33,1737.8
2025-03-01 14:00:00+00:00,184.33,186.04,184.25,185.36,721.5
2025-03-01 14:30:00+00:00,185.36,186.38,184.83,185.97,205.9
2025-03-01 15:00:00+00:00,185.97,187.86,185.55,186.96,380.7
2025-03-01 15:30:00+00:00,186.96,188.11,186.66,187.73,507.8
2025-03-01 16:00:00+00:00,187.73,188.29,186.5,187.62,237.1
2025-03-01 16:30:00+00:00,187.62,190.47,186.48,190.33,779.3
2025-03-01 17:00:00+00:00,190.33,190.43,188.86,189.66,521.7
2025-03-01 17:30:00+00:00,189.66,190.58,188.89,190.16,282.5
2025-03-01 18:00:00+00:00,190.16,191.63,189.68,191.57,511.7
2025-03-01 18:30:00+00:00,191.57,193.32,191.43,192.43,1015.6
2025-03-01 19:00:00+00:00,192.43,194.38,192.11,194.15,565.2
2025-03-01 19:30:00+00:00,194.15,194.84,193.15,193.96,343.1
2025-03-01 20:00:00+00:00,193.96,193.98,192.23,193.59,359.0
2025-03-01 20:30:00+00:00,193.59,194.26,193.18,193.44,389.3
2025-03-01 21:00:00+00:00,193.44,193.67,192.6,193.51,192.4
2025-03-01 21:30:00+00:00,193.51,196.78,193.34,195.87,676.3
2025-03-01 22:00:00+00:00,195.87,196.95,195.15,195.97,401.1
2025-03-01 22:30:00+00:00,195.97,196.23,195.02,195.4,185.6
2025-03-01 23:00:00+00:00,195.4,195.66,193.28,193.52,498.3
2025-03-01 23:30:00+00:00,193.52,195.15,193.38,194.99,337.5
2025-03-02 00:00:00+00:00,194.99,194.99,192.5,193.23,362.5
2025-03-02 00:30:00+00:00,193.23,195.31,193.16,194.38,999.1
2025-03-02 01:00:00+00:00,194.38,195.0,193.7,193.7,402.8
2025-03-02 01:30:00+00:00,193.7,193.91,192.55,193.75,279.5
2025-03-02 02:00:00+00:00,193.75,194.93,193.51,193.98,602.5
2025-03-02 02:30:00+00:00,193.98,194.59,193.06,193.78,541.1
2025-03-02 03:00:00+00:00,193.78,194.86,193.27,194.21,249.3
2025-03-02 03:30:00+00:00,194.21,195.47,193.91,194.17,169.8
2025-03-02 04:00:00+00:00,194.17,195.6,194.02,195.53,111.1
2025-03-02 04:30:00+00:00,195.53,195.54,193.71,194.1,224.3
2025-03-02 05:00:00+00:00,194.1,194.72,193.69,194.72,110.4
2025-03-02 05:30:00+00:00,194.72,195.39,194.2,194.65,192.1
2025-03-02 06:00:00+00:00,194.65,195.72,193.27,195.72,583.2
2025-03-02 06:30:00+00:00,195.72,196.23,195.04,195.04,575.9
2025-03-02 07:00:00+00:00,195.04,195.34,193.72,194.17,266.3
2025-03-02 07:30:00+00:00,194.17,194.47,193.75,193.99,133.2
2025-03-02 08:00:00+00:00,193.99,194.17,192.73,193.18,359.1
2025-03-02 08:30:00+00:00,193.18,194.05,192.85,193.4,248.1
2025-03-02 09:00:00+00:00,193.4,194.54,193.34,194.54,310.4
2025-03-02 09:30:00+00:00,194.54,196.72,194.5,195.74,630.0
2025-03-02 10:00:00+00:00,195.74,196.29,195.5,195.91,838.0
2025-03-02 10:30:00+00:00,195.91,197.12,195.8,196.0,264.6
2025-03-02 11:00:00+00:00,196.0,196.04,194.54,194.92,317.9
2025-03-02 11:30:00+00:00,194.92,195.27,194.43,194.59,363.9
2025-03-02 12:00:00+00:00,194.59,194.63,193.2,193.64,998.5
2025-03-02 12:30:00+00:00,193.64,194.34,193.49,194.18,269.9
2025-03-02 13:00:00+00:00,194.18,194.21,191.82,192.94,818.9
2025-03-02 13:30:00+00:00,192.94,192.94,191.34,192.09,590.7
2025-03-02 14:00:00+00:00,192.09,192.24,190.0,190.89,1296.9
2025-03-02 14:30:00+00:00,190.89,192.02,190.31,191.41,553.2
2025-03-02 15:00:00+00:00,191.41,197.92,191.18,195.88,1273.7
2025-03-02 15:30:00+00:00,195.88,202.63,195.26,197.72,4994.1
2025-03-02 16:00:00+00:00,197.72,203.68,196.97,203.59,3006.1
2025-03-02 16:30:00+00:00,203.59,220.54,203.55,217.32,20037.9
2025-03-02 17:00:00+00:00,217.32,223.13,213.52,221.26,8759.6
2025-03-02 17:30:00+00:00,221.26,225.68,221.12,221.63,3679.1
2025-03-02 18:00:00+00:00,221.63,223.55,219.1,220.27,1471.2
2025-03-02 18:30:00+00:00,220.27,221.13,215.71,217.0,8990.8
2025-03-02 19:00:00+00:00,217.0,218.37,215.98,218.23,1088.4
2025-03-02 19:30:00+00:00,218.23,220.53,218.16,219.86,569.4
2025-03-02 20:00:00+00:00,219.86,222.97,219.46,222.31,398.8
2025-03-02 20:30:00+00:00,222.31,222.73,220.31,222.33,816.8
2025-03-02 21:00:00+00:00,222.33,224.0,220.99,221.52,1456.2
2025-03-02 21:30:00+00:00,221.52,225.53,221.36,225.25,6338.9
2025-03-02 22:00:00+00:00,225.25,226.78,223.81,225.86,1018.4
2025-03-02 22:30:00+00:00,225.86,226.64,224.44,225.84,460.0
2025-03-02 23:00:00+00:00,225.84,226.79,222.89,223.17,653.2
2025-03-02 23:30:00+00:00,223.17,223.89,222.37,223.42,299.9
2025-03-03 00:00:00+00:00,223.42,224.32,220.77,221.44,4691.7
2025-03-03 00:30:00+00:00,221.44,221.99,218.3,218.3,505.8
2025-03-03 01:00:00+00:00,218.3,219.41,216.92,217.08,416.4
2025-03-03 01:30:00+00:00,217.08,217.45,215.79,216.14,428.6
2025-03-03 02:00:00+00:00,216.14,216.25,212.51,212.58,2446.6
2025-03-03 02:30:00+00:00,212.58,216.45,212.55,215.77,1272.6
2025-03-03 03:00:00+00:00,215.77,216.6,213.83,214.56,576.0
2025-03-03 03:30:00+00:00,214.56,215.67,212.9,215.39,923.6
2025-03-03 04:00:00+00:00,215.39,215.94,214.72,215.47,996.6
2025-03-03 04:30:00+00:00,215.47,215.84,214.47,215.52,502.2
2025-03-03 05:00:00+00:00,215.52,215.59,213.72,214.39,164.1
2025-03-03 05:30:00+00:00,214.39,215.26,214.08,214.81,272.6
2025-03-03 06:00:00+00:00,214.81,214.81,212.18,212.25,407.6
2025-03-03 06:30:00+00:00,212.25,212.25,206.14,208.01,2848.2
2025-03-03 07:00:00+00:00,208.01,209.18,205.5,207.66,2592.8
2025-03-03 07:30:00+00:00,207.66,210.37,206.84,209.83,1035.4
2025-03-03 08:00:00+00:00,209.83,209.83,206.68,207.84,969.8
2025-03-03 08:30:00+00:00,207.84,207.99,203.21,204.57,4953.2
2025-03-03 09:00:00+00:00,204.57,205.95,202.67,205.95,2700.6
2025-03-03 09:30:00+00:00,205.95,206.21,203.97,204.75,816.0
2025-03-03 10:00:00+00:00,204.75,207.6,204.38,206.74,528.5
2025-03-03 10:30:00+00:00,206.74,207.38,206.0,206.8,374.2
2025-03-03 11:00:00+00:00,206.8,207.33,205.25,206.8,432.2
2025-03-03 11:30:00+00:00,206.8,207.71,206.62,207.49,408.4
2025-03-03 12:00:00+00:00,207.49,209.64,206.54,207.65,1643.7
2025-03-03 12:30:00+00:00,207.65,210.15,207.09,209.4,1028.9
2025-03-03 13:00:00+00:00,209.4,211.06,208.89,210.18,958.5
2025-03-03 13:30:00+00:00,210.18,212.45,210.18,210.8,1177.0
2025-03-03 14:00:00+00:00,210.8,211.08,206.95,208.32,703.6
2025-03-03 14:30:00+00:00,208.32,210.1,201.0,201.51,3148.7
2025-03-03 15:00:00+00:00,201.51,204.61,201.28,204.14,3004.7
2025-03-03 15:30:00+00:00,204.14,204.57,200.95,200.95,5286.4
2025-03-03 16:00:00+00:00,200.95,201.67,198.79,200.29,3872.1
2025-03-03 16:30:00+00:00,200.29,200.51,198.91,199.11,375.7
2025-03-03 17:00:00+00:00,199.11,199.73,197.62,199.12,1168.3
2025-03-03 17:30:00+00:00,199.12,201.62,198.28,198.62,418.5
2025-03-03 18:00:00+00:00,198.62,198.97,191.96,192.54,2239.6
2025-03-03 18:30:00+00:00,192.54,193.72,188.44,189.06,9408.1
2025-03-03 19:00:00+00:00,189.06,190.37,185.15,186.66,7201.4
2025-03-03 19:30:00+00:00,186.66,188.23,180.94,181.61,9637.7
2025-03-03 20:00:00+00:00,181.61,183.31,181.03,181.6,7843.4
2025-03-03 20:30:00+00:00,181.6,182.43,179.28,182.37,9425.8
2025-03-03 21:00:00+00:00,182.37,183.11,181.28,181.3,1314.1
2025-03-03 21:30:00+00:00,181.3,182.46,177.62,178.21,6204.0
2025-03-03 22:00:00+00:00,178.21,181.95,178.21,181.69,909.0
2025-03-03 22:30:00+00:00,181.69,183.9,181.37,183.48,1954.4
2025-03-03 23:00:00+00:00,183.48,183.48,181.63,182.18,3943.1
2025-03-03 23:30:00+00:00,182.18,182.92,180.44,180.91,3684.9
2025-03-04 00:00:00+00:00,180.91,182.6,179.82,180.91,1634.7
2025-03-04 00:30:00+00:00,180.91,181.54,178.34,178.34,1481.1
2025-03-04 01:00:00+00:00,178.34,179.13,176.04,177.61,1647.0
2025-03-04 01:30:00+00:00,177.61,177.82,169.78,171.43,17434.4
2025-03-04 02:00:00+00:00,171.43,172.16,167.32,171.06,15558.5
2025-03-04 02:30:00+00:00,171.06,173.86,170.98,172.29,595.5
2025-03-04 03:00:00+00:00,172.29,173.41,171.54,172.14,664.2
2025-03-04 03:30:00+00:00,172.14,173.77,170.4,171.74,1607.2
2025-03-04 04:00:00+00:00,171.74,174.36,171.48,174.13,711.6
2025-03-04 04:30:00+00:00,174.13,174.38,172.98,173.2,368.4
2025-03-04 05:00:00+00:00,173.2,176.84,172.98,175.9,627.2
2025-03-04 05:30:00+00:00,175.9,176.68,174.77,176.27,230.2
2025-03-04 06:00:00+00:00,176.27,176.8,175.11,176.36,117.5
2025-03-04 06:30:00+00:00,176.36,176.62,174.8,175.26,435.9
2025-03-04 07:00:00+00:00,175.26,175.69,173.68,174.24,275.9
2025-03-04 07:30:00+00:00,174.24,174.86,173.62,173.87,115.8
2025-03-04 08:00:00+00:00,173.87,175.36,173.01,174.13,586.8
2025-03-04 08:30:00+00:00,174.13,175.53,172.78,174.61,529.8
2025-03-04 09:00:00+00:00,174.61,174.98,173.23,173.96,109.7
2025-03-04 09:30:00+00:00,173.96,176.5,173.86,174.13,692.6
2025-03-04 10:00:00+00:00,174.13,174.64,172.94,173.77,802.3
2025-03-04 10:30:00+00:00,173.77,176.04,173.6,175.27,365.0
2025-03-21 02:30:00+00:00,180.05,181.33,179.56,181.05,416.2
2025-03-21 03:00:00+00:00,181.05,181.31,179.15,179.86,1381.2
2025-03-21 03:30:00+00:00,179.86,180.32,179.19,180.14,526.3
2025-03-21 04:00:00+00:00,180.14,181.17,179.67,180.51,6188.7
2025-03-21 04:30:00+00:00,180.51,180.76,179.8,179.8,935.3
2025-03-21 05:00:00+00:00,179.8,180.02,178.55,178.71,714.1
2025-03-21 05:30:00+00:00,178.71,179.25,178.36,179.22,400.7
2025-03-21 06:00:00+00:00,179.22,179.22,178.34,178.92,858.3
2025-03-21 06:30:00+00:00,178.92,179.2,178.09,178.5,310.1
2025-03-21 07:00:00+00:00,178.5,178.72,177.52,177.95,661.5
2025-03-21 07:30:00+00:00,177.95,179.2,177.67,179.0,815.5
2025-03-21 08:00:00+00:00,179.0,179.28,177.53,177.8,911.8
2025-03-21 08:30:00+00:00,177.8,178.57,176.96,178.38,1102.8
2025-03-21 09:00:00+00:00,178.38,178.58,177.17,178.37,331.9
2025-03-21 09:30:00+00:00,178.37,178.52,176.84,177.21,378.4
2025-03-21 10:00:00+00:00,177.21,178.24,176.6,176.67,447.2
2025-03-21 10:30:00+00:00,176.67,177.34,175.99,177.04,454.4
2025-03-21 11:00:00+00:00,177.04,177.16,176.37,176.38,189.9
2025-03-21 11:30:00+00:00,176.38,177.12,176.24,177.02,156.3
2025-03-21 12:00:00+00:00,177.02,178.8,176.76,178.17,698.4
2025-03-21 12:30:00+00:00,178.17,178.28,175.62,175.68,1325.5
2025-03-21 13:00:00+00:00,175.68,176.56,174.83,175.22,1260.0
2025-03-21 13:30:00+00:00,175.22,175.96,173.86,175.66,2151.9
2025-03-21 14:00:00+00:00,175.66,175.95,174.06,175.44,1118.4
2025-03-21 14:30:00+00:00,175.44,175.91,174.16,175.17,732.6
2025-03-21 15:00:00+00:00,175.17,175.72,174.34,175.14,2043.0
2025-03-21 15:30:00+00:00,175.14,175.72,174.4,174.93,708.3
2025-03-21 16:00:00+00:00,174.93,175.66,174.21,175.31,628.8
2025-03-21 16:30:00+00:00,175.31,177.4,175.31,177.38,1352.6
2025-03-21 17:00:00+00:00,177.38,178.04,176.81,176.9,470.8
2025-03-21 17:30:00+00:00,176.9,178.84,176.68,178.4,597.4
2025-03-21 18:00:00+00:00,178.4,178.71,177.57,178.42,386.5
2025-03-21 18:30:00+00:00,178.42,179.98,178.41,178.89,726.3
2025-03-21 19:00:00+00:00,178.89,179.32,178.6,178.62,555.3
2025-03-21 19:30:00+00:00,178.62,179.17,177.56,178.96,380.5
2025-03-21 20:00:00+00:00,178.96,179.92,178.79,179.14,610.1
2025-03-21 20:30:00+00:00,179.14,180.13,179.12,179.95,1503.6
2025-03-21 21:00:00+00:00,179.95,180.33,179.55,179.74,234.8
2025-03-21 21:30:00+00:00,179.74,180.75,178.6,178.95,381.7
2025-03-21 22:00:00+00:00,178.95,179.05,177.93,177.94,215.9
2025-03-21 22:30:00+00:00,177.94,178.32,177.08,177.98,335.5
2025-03-21 23:00:00+00:00,177.98,178.88,177.59,178.64,237.7
2025-03-21 23:30:00+00:00,178.64,178.64,177.69,178.19,77.5
2025-03-22 00:00:00+00:00,178.19,180.14,178.19,179.75,1415.7
2025-03-22 00:30:00+00:00,179.75,180.55,179.48,180.29,626.4
2025-03-22 01:00:00+00:00,180.29,181.39,180.06,180.13,1087.9
2025-03-22 01:30:00+00:00,180.13,180.15,178.58,179.08,571.4
2025-03-22 02:00:00+00:00,179.08,180.97,178.86,180.97,451.3
2025-03-22 02:30:00+00:00,180.97,181.35,180.32,180.61,190.9
2025-03-22 03:00:00+00:00,180.61,180.85,179.99,180.39,132.6
2025-03-22 03:30:00+00:00,180.39,181.24,180.23,180.96,242.0
2025-03-22 04:00:00+00:00,180.96,181.26,180.57,180.71,204.5
2025-03-22 04:30:00+00:00,180.71,181.78,180.67,181.7,1205.1
2025-03-22 05:00:00+00:00,181.7,181.72,180.75,181.08,279.6
2025-03-22 05:30:00+00:00,181.08,181.25,180.38,180.66,203.1
2025-03-22 06:00:00+00:00,180.66,181.35,180.47,180.47,246.9
2025-03-22 06:30:00+00:00,180.47,181.09,180.06,180.43,322.8
2025-03-22 07:00:00+00:00,180.43,180.75,180.1,180.1,326.3
2025-03-22 07:30:00+00:00,180.1,180.57,179.74,179.74,224.9
2025-03-22 08:00:00+00:00,179.74,180.11,179.66,180.09,1127.1
2025-03-22 08:30:00+00:00,180.09,181.51,179.93,180.75,1769.0
2025-03-22 09:00:00+00:00,180.75,182.79,180.75,182.3,888.3
2025-03-22 09:30:00+00:00,182.3,183.59,182.24,182.35,1347.1
2025-03-22 10:00:00+00:00,182.35,182.51,181.73,181.87,407.3
2025-03-22 10:30:00+00:00,181.87,182.87,181.84,182.32,213.5
2025-03-22 11:00:00+00:00,182.32,182.34,181.13,181.38,565.3
2025-03-22 11:30:00+00:00,181.38,181.4,180.1,180.87,1411.4
2025-03-22 12:00:00+00:00,180.87,181.37,180.54,180.67,572.0
2025-03-22 12:30:00+00:00,180.67,181.8,180.22,181.13,520.2
2025-03-22 13:00:00+00:00,181.13,181.63,180.5,180.79,365.8
2025-03-22 13:30:00+00:00,180.79,181.21,180.36,181.0,412.9
2025-03-22 14:00:00+00:00,181.0,181.0,179.94,179.97,1313.9
2025-03-22 14:30:00+00:00,179.97,180.14,179.3,180.01,691.5
2025-03-22 15:00:00+00:00,180.01,180.11,179.52,179.69,705.9
2025-03-22 15:30:00+00:00,179.69,180.13,179.22,179.92,164.5
2025-03-22 16:00:00+00:00,179.92,180.41,179.27,180.06,473.1
2025-03-22 16:30:00+00:00,180.06,180.06,179.1,179.51,240.0
2025-03-22 17:00:00+00:00,179.51,180.4,179.42,180.02,807.9
2025-03-22 17:30:00+00:00,180.02,180.47,179.82,180.12,295.3
2025-03-22 18:00:00+00:00,180.12,181.39,179.59,180.92,576.5
2025-03-22 18:30:00+00:00,180.92,181.86,180.62,181.38,319.8
2025-03-22 19:00:00+00:00,181.38,181.87,181.23,181.84,331.2
2025-03-22 19:30:00+00:00,181.84,182.15,181.31,181.78,625.1
2025-03-22 20:00:00+00:00,181.78,182.9,181.56,182.6,464.3
2025-03-22 20:30:00+00:00,182.6,182.93,181.4,181.48,288.3
2025-03-22 21:00:00+00:00,181.48,181.72,180.67,181.32,592.4
2025-03-22 21:30:00+00:00,181.32,181.69,180.54,181.07,314.6
2025-03-22 22:00:00+00:00,181.07,181.97,181.04,181.08,269.0
2025-03-22 22:30:00+00:00,181.08,181.34,180.79,180.94,239.7
2025-03-22 23:00:00+00:00,180.94,181.2,179.62,180.05,835.1
2025-03-22 23:30:00+00:00,180.05,180.05,179.04,179.69,711.6
2025-03-23 00:00:00+00:00,179.69,181.03,179.41,180.67,273.3
2025-03-23 00:30:00+00:00,180.67,180.9,179.91,180.37,190.9
2025-03-23 01:00:00+00:00,180.37,181.86,179.81,181.65,683.0
2025-03-23 01:30:00+00:00,181.65,181.81,180.97,181.73,871.7
2025-03-23 02:00:00+00:00,181.73,181.82,180.94,181.32,551.6
2025-03-23 02:30:00+00:00,181.32,183.16,181.21,182.86,506.7
2025-03-23 03:00:00+00:00,182.86,183.16,182.24,182.65,426.7
2025-03-23 03:30:00+00:00,182.65,183.58,182.57,183.18,341.1
2025-03-23 04:00:00+00:00,183.18,183.44,182.51,182.51,293.3
2025-03-23 04:30:00+00:00,182.51,183.18,182.42,182.8,469.7
2025-03-23 05:00:00+00:00,182.8,182.83,181.31,181.58,307.5
2025-03-23 05:30:00+00:00,181.58,183.23,181.17,182.7,344.4
2025-03-23 06:00:00+00:00,182.7,183.26,182.42,182.57,241.7
2025-03-23 06:30:00+00:00,182.57,183.87,182.52,183.59,1323.7
2025-03-23 07:00:00+00:00,183.59,184.38,183.33,184.32,885.9
2025-03-23 07:30:00+00:00,184.32,185.9,183.95,184.68,752.5
2025-03-23 08:00:00+00:00,184.68,185.76,184.19,185.48,1073.6
2025-03-23 08:30:00+00:00,185.48,185.87,184.29,184.32,476.9
2025-03-23 09:00:00+00:00,184.32,184.84,183.76,183.99,637.6
2025-03-23 09:30:00+00:00,183.99,184.54,183.9,183.94,342.8
2025-03-23 10:00:00+00:00,183.94,185.27,183.94,184.99,315.2
2025-03-23 10:30:00+00:00,184.99,185.38,184.46,184.75,1494.8
2025-03-23 11:00:00+00:00,184.75,186.08,184.75,185.98,1058.1
2025-03-23 11:30:00+00:00,185.98,185.98,184.45,184.98,1172.7
2025-03-23 12:00:00+00:00,184.98,186.07,184.98,185.5,1831.4
2025-03-23 12:30:00+00:00,185.5,185.65,184.26,184.34,1078.9
2025-03-23 13:00:00+00:00,184.34,185.91,184.08,185.78,797.4
2025-03-23 13:30:00+00:00,185.78,186.48,185.13,185.88,904.0
2025-03-23 14:00:00+00:00,185.88,186.29,184.9,184.97,1025.6
2025-03-23 14:30:00+00:00,184.97,185.05,183.18,183.72,946.9
2025-03-23 15:00:00+00:00,183.72,183.93,183.01,183.08,1000.3
2025-03-23 15:30:00+00:00,183.08,183.97,182.71,183.28,844.3
2025-03-23 16:00:00+00:00,183.28,183.37,182.07,182.78,1630.9
2025-03-23 16:30:00+00:00,182.78,182.78,181.52,181.69,977.0
2025-03-23 17:00:00+00:00,181.69,182.96,181.6,182.11,803.3
2025-03-23 17:30:00+00:00,182.11,182.2,181.14,181.97,560.1
2025-03-23 18:00:00+00:00,181.97,182.39,181.4,181.54,496.6
2025-03-23 18:30:00+00:00,181.54,182.25,181.54,182.03,191.5
2025-03-23 19:00:00+00:00,182.03,182.73,181.74,182.73,112.1
2025-03-23 19:30:00+00:00,182.73,183.27,182.1,183.0,270.9
2025-03-23 20:00:00+00:00,183.0,184.42,183.0,184.14,691.7
2025-03-23 20:30:00+00:00,184.14,184.4,182.53,182.59,516.3
2025-03-23 21:00:00+00:00,182.59,182.75,181.37,182.23,640.2
2025-03-23 21:30:00+00:00,182.23,183.33,182.09,183.14,545.8
2025-03-23 22:00:00+00:00,183.14,185.75,183.14,184.27,870.0
2025-03-23 22:30:00+00:00,184.27,184.88,183.3,184.21,254.2
2025-03-23 23:00:00+00:00,184.21,185.02,184.21,184.81,257.2
2025-03-23 23:30:00+00:00,184.81,185.01,184.24,184.96,356.8
2025-03-24 00:00:00+00:00,184.96,184.97,183.67,184.69,775.6
2025-03-24 00:30:00+00:00,184.69,185.72,183.52,183.62,506.6
2025-03-24 01:00:00+00:00,183.62,184.03,182.34,182.77,538.6
2025-03-24 01:30:00+00:00,182.77,183.11,181.26,181.39,1075.7
2025-03-24 02:00:00+00:00,181.39,182.45,181.16,182.04,669.4
2025-03-24 02:30:00+00:00,182.04,182.76,181.74,182.66,365.5
2025-03-24 03:00:00+00:00,182.66,186.35,182.5,185.64,1271.3
2025-03-24 03:30:00+00:00,185.64,186.03,184.37,185.56,529.7
2025-03-24 04:00:00+00:00,185.56,187.39,185.56,187.22,1607.6
2025-03-24 04:30:00+00:00,187.22,189.12,186.67,188.66,931.4
2025-03-24 05:00:00+00:00,188.66,189.89,188.16,189.17,968.0
2025-03-24 05:30:00+00:00,189.17,189.97,188.48,188.89,1001.5
2025-03-24 06:00:00+00:00,188.89,192.13,188.89,191.54,2840.2
2025-03-24 06:30:00+00:00,191.54,192.02,190.86,191.92,908.1
2025-03-24 07:00:00+00:00,191.92,192.23,190.77,191.68,1686.4
2025-03-24 07:30:00+00:00,191.68,192.16,190.25,190.56,869.3
2025-03-24 08:00:00+00:00,190.56,194.11,190.56,193.41,972.4
2025-03-24 08:30:00+00:00,193.41,194.53,192.68,193.62,1782.7
2025-03-24 09:00:00+00:00,193.62,194.2,192.58,193.29,1936.2
2025-03-24 09:30:00+00:00,193.29,193.7,192.37,193.53,338.1
2025-03-24 10:00:00+00:00,193.53,193.88,193.0,193.86,1175.3
2025-03-24 10:30:00+00:00,193.86,194.21,193.14,193.26,522.1
2025-03-24 11:00:00+00:00,193.26,193.35,192.56,192.79,489.4
2025-03-24 11:30:00+00:00,192.79,193.65,192.4,193.35,581.7
2025-03-24 12:00:00+00:00,193.35,193.82,191.88,191.89,1926.6
2025-03-24 12:30:00+00:00,191.89,192.52,191.52,192.36,1048.5
2025-03-24 13:00:00+00:00,192.36,192.41,190.95,191.56,705.4
2025-03-24 13:30:00+00:00,191.56,192.79,190.76,191.49,1310.8
2025-03-24 14:00:00+00:00,191.49,194.27,191.3,192.62,1181.8
2025-03-24 14:30:00+00:00,192.62,192.68,191.07,191.23,642.3
2025-03-24 15:00:00+00:00,191.23,192.31,190.76,191.97,561.6
2025-03-24 15:30:00+00:00,191.97,193.18,191.57,192.79,641.6
2025-03-24 16:00:00+00:00,192.79,192.9,190.79,190.91,452.6
2025-03-24 16:30:00+00:00,190.91,191.47,190.39,191.2,465.0
2025-03-24 17:00:00+00:00,191.2,193.48,190.86,193.41,522.7
2025-03-24 17:30:00+00:00,193.41,193.43,192.39,192.88,403.8
2025-03-24 18:00:00+00:00,192.88,192.92,191.55,191.75,1053.7
2025-03-24 18:30:00+00:00,191.75,193.6,191.32,192.83,417.4
2025-03-24 19:00:00+00:00,192.83,193.04,191.87,192.16,269.7
2025-03-24 19:30:00+00:00,192.16,192.16,191.21,191.54,711.6
2025-03-24 20:00:00+00:00,191.54,192.68,191.54,191.9,358.5
2025-03-24 20:30:00+00:00,191.9,192.71,191.17,192.71,296.7
2025-03-24 21:00:00+00:00,192.71,192.81,192.01,192.72,108.4
2025-03-24 21:30:00+00:00,192.72,192.95,191.64,191.83,287.4
2025-03-24 22:00:00+00:00,191.83,192.04,190.41,190.94,357.8
2025-03-24 22:30:00+00:00,190.94,191.16,190.43,190.69,286.9
2025-03-24 23:00:00+00:00,190.69,190.97,189.1,189.32,1360.7
2025-03-24 23:30:00+00:00,189.32,190.82,188.87,190.64,1034.3
2025-03-25 00:00:00+00:00,190.64,192.43,189.82,191.5,624.2
2025-03-25 00:30:00+00:00,191.5,192.11,190.88,191.07,1721.3
2025-03-25 01:00:00+00:00,191.07,191.07,189.02,189.18,888.3
2025-03-25 01:30:00+00:00,189.18,189.58,188.26,188.9,3280.3
2025-03-25 02:00:00+00:00,188.9,189.2,188.3,189.05,1590.4
2025-03-25 02:30:00+00:00,189.05,189.08,188.06,188.15,425.5
2025-03-25 03:00:00+00:00,188.15,188.8,186.43,187.01,1691.7
2025-03-25 03:30:00+00:00,187.01,187.35,185.88,186.69,835.4
2025-03-25 04:00:00+00:00,186.69,187.8,186.39,186.85,1030.0
2025-03-25 04:30:00+00:00,186.85,186.99,186.05,186.64,655.0
2025-03-25 05:00:00+00:00,186.64,186.73,186.19,186.64,644.9
2025-03-25 05:30:00+00:00,186.64,187.61,186.37,187.1,942.1
2025-03-25 06:00:00+00:00,187.1,188.6,187.1,188.39,911.7
2025-04-10 22:00:00+00:00,131.64,132.46,131.24,131.86,577.6
2025-04-10 22:30:00+00:00,131.86,132.36,131.6,131.62,339.0
2025-04-10 23:00:00+00:00,131.62,131.74,130.92,131.25,445.0
2025-04-10 23:30:00+00:00,131.25,132.42,131.25,131.84,738.7
2025-04-11 00:00:00+00:00,131.84,132.65,131.51,132.28,767.0
2025-04-11 00:30:00+00:00,132.28,132.66,131.27,131.43,353.9
2025-04-11 01:00:00+00:00,131.43,133.42,131.32,133.21,1004.1
2025-04-11 01:30:00+00:00,133.21,135.18,133.05,135.0,1269.8
2025-04-11 02:00:00+00:00,135.0,136.17,134.07,136.04,2271.8
2025-04-11 02:30:00+00:00,136.04,136.39,134.69,134.75,1131.0
2025-04-11 03:00:00+00:00,134.75,135.42,134.24,134.63,859.0
2025-04-11 03:30:00+00:00,134.63,134.9,133.69,134.62,709.4
2025-04-11 04:00:00+00:00,134.62,135.83,134.27,135.13,985.2
2025-04-11 04:30:00+00:00,135.13,135.22,134.33,134.82,1074.7
2025-04-11 05:00:00+00:00,134.82,135.42,134.37,135.39,549.2
2025-04-11 05:30:00+00:00,135.39,135.66,134.68,135.36,219.8
2025-04-11 06:00:00+00:00,135.36,136.8,135.36,136.12,1193.6
2025-04-11 06:30:00+00:00,136.12,136.9,136.0,136.27,814.4
2025-04-11 07:00:00+00:00,136.27,136.46,135.41,135.41,285.9
2025-04-11 07:30:00+00:00,135.41,136.59,135.41,136.0,314.5
2025-04-11 08:00:00+00:00,136.0,137.38,134.55,134.92,1840.4
2025-04-11 08:30:00+00:00,134.92,135.59,134.34,134.83,255.7
2025-04-11 09:00:00+00:00,134.83,135.02,134.18,134.9,648.3
2025-04-11 09:30:00+00:00,134.9,135.89,134.9,135.41,690.5
2025-04-11 10:00:00+00:00,135.41,135.91,134.43,135.82,482.4
2025-04-11 10:30:00+00:00,135.82,137.14,135.11,135.38,1113.2
2025-04-11 11:00:00+00:00,135.38,136.21,134.81,134.93,1094.8
2025-04-11 11:30:00+00:00,134.93,135.12,134.42,134.69,678.5
2025-04-11 12:00:00+00:00,134.69,135.03,134.11,134.97,808.2
2025-04-11 12:30:00+00:00,134.97,135.9,134.21,134.61,1018.9
2025-04-11 13:00:00+00:00,134.61,134.73,133.58,134.49,962.7
2025-04-11 13:30:00+00:00,134.49,136.74,133.9,136.22,1426.2
2025-04-11 14:00:00+00:00,136.22,136.22,133.38,133.78,1985.1
2025-04-11 14:30:00+00:00,133.78,135.57,133.69,134.65,1266.0
2025-04-11 15:00:00+00:00,134.65,135.31,134.03,134.67,688.3
2025-04-11 15:30:00+00:00,134.67,135.81,134.58,135.26,463.8
2025-04-11 16:00:00+00:00,135.26,135.4,134.17,134.73,323.4
2025-04-11 16:30:00+00:00,134.73,136.54,134.73,135.66,343.2
2025-04-11 17:00:00+00:00,135.66,136.13,135.1,135.96,311.5
2025-04-11 17:30:00+00:00,135.96,138.21,135.7,137.19,1914.7
2025-04-11 18:00:00+00:00,137.19,137.88,136.95,137.69,675.2
2025-04-11 18:30:00+00:00,137.69,137.76,136.28,136.33,737.1
2025-04-11 19:00:00+00:00,136.33,137.42,136.33,136.73,480.6
2025-04-11 19:30:00+00:00,136.73,136.84,136.16,136.25,408.9
2025-04-11 20:00:00+00:00,136.25,136.76,135.83,136.72,482.2
2025-04-11 20:30:00+00:00,136.72,137.83,136.64,137.75,439.7
2025-04-11 21:00:00+00:00,137.75,139.34,137.65,137.84,688.5
2025-04-11 21:30:00+00:00,137.84,137.87,136.84,137.11,432.0
2025-04-11 22:00:00+00:00,137.11,137.34,136.19,136.46,561.2
2025-04-11 22:30:00+00:00,136.46,136.46,136.05,136.11,344.7
2025-04-11 23:00:00+00:00,136.11,136.23,135.36,135.45,540.8
2025-04-11 23:30:00+00:00,135.45,136.68,135.45,136.46,321.0
2025-04-12 00:00:00+00:00,136.46,136.74,135.56,136.0,415.1
2025-04-12 00:30:00+00:00,136.0,136.44,135.38,135.6,488.0
2025-04-12 01:00:00+00:00,135.6,135.98,134.98,135.25,209.9
2025-04-12 01:30:00+00:00,135.25,135.59,135.11,135.35,158.5
2025-04-12 02:00:00+00:00,135.35,135.53,134.79,135.2,403.5
2025-04-12 02:30:00+00:00,135.2,135.47,134.29,134.29,453.8
2025-04-12 03:00:00+00:00,134.29,134.62,134.02,134.33,252.6
2025-04-12 03:30:00+00:00,134.33,134.97,134.18,134.42,251.7
2025-04-12 04:00:00+00:00,134.42,134.7,133.73,134.62,271.7
2025-04-12 04:30:00+00:00,134.62,135.92,134.31,135.58,407.0
2025-04-12 05:00:00+00:00,135.58,136.25,135.4,135.99,467.8
2025-04-12 05:30:00+00:00,135.99,136.65,135.72,135.87,333.9
2025-04-12 06:00:00+00:00,135.87,137.05,135.71,136.65,414.3
2025-04-12 06:30:00+00:00,136.65,136.95,136.08,136.31,399.3
2025-04-12 07:00:00+00:00,136.31,136.99,136.15,136.82,104.3
2025-04-12 07:30:00+00:00,136.82,137.5,136.71,137.26,208.5
2025-04-12 08:00:00+00:00,137.26,139.77,137.14,139.28,2414.2
2025-04-12 08:30:00+00:00,139.28,139.47,138.58,138.87,598.2
2025-04-12 09:00:00+00:00,138.87,139.46,137.98,139.08,1326.0
2025-04-12 09:30:00+00:00,139.08,139.46,138.82,139.01,1263.7
2025-04-12 10:00:00+00:00,139.01,139.11,138.39,138.89,320.0
2025-04-12 10:30:00+00:00,138.89,138.95,138.18,138.34,567.5
2025-04-12 11:00:00+00:00,138.34,140.2,138.34,140.03,1007.3
2025-04-12 11:30:00+00:00,140.03,140.05,139.36,139.5,223.6
2025-04-12 12:00:00+00:00,139.5,140.58,139.24,140.51,385.3
2025-04-12 12:30:00+00:00,140.51,141.46,139.96,141.37,1173.2
2025-04-12 13:00:00+00:00,141.37,142.4,140.94,142.21,1978.8
2025-04-12 13:30:00+00:00,142.21,144.94,141.87,144.28,2805.9
2025-04-12 14:00:00+00:00,144.28,146.74,143.98,145.83,7294.0
2025-04-12 14:30:00+00:00,145.83,147.77,145.83,147.35,2204.5
2025-04-12 15:00:00+00:00,147.35,148.18,146.5,147.96,1414.0
2025-04-12 15:30:00+00:00,147.96,148.66,147.27,147.29,2686.3
2025-04-12 16:00:00+00:00,147.29,149.3,146.9,148.67,2802.1
2025-04-12 16:30:00+00:00,148.67,149.41,147.17,147.77,2396.4
2025-04-12 17:00:00+00:00,147.77,148.42,146.4,147.13,670.9
2025-04-12 17:30:00+00:00,147.13,148.08,146.93,147.03,630.4
2025-04-12 18:00:00+00:00,147.03,148.06,146.95,147.96,267.8
2025-04-12 18:30:00+00:00,147.96,149.35,147.86,149.16,544.1
2025-04-12 19:00:00+00:00,149.16,149.16,147.78,147.95,274.5
2025-04-12 19:30:00+00:00,147.95,148.25,147.38,148.23,211.3
2025-04-12 20:00:00+00:00,148.23,148.8,147.98,148.79,177.6
2025-04-12 20:30:00+00:00,148.79,149.89,148.46,148.73,662.8
2025-04-12 21:00:00+00:00,148.73,149.45,148.55,148.89,302.2
2025-04-12 21:30:00+00:00,148.89,149.62,148.72,149.12,207.3
2025-04-12 22:00:00+00:00,149.12,150.0,148.77,148.77,423.3
2025-04-12 22:30:00+00:00,148.77,148.94,148.39,148.44,877.6
2025-04-12 23:00:00+00:00,148.44,148.8,147.83,148.08,439.9
2025-04-12 23:30:00+00:00,148.08,148.32,147.54,147.99,470.3
2025-04-13 00:00:00+00:00,147.99,148.24,147.02,147.06,360.7
2025-04-13 00:30:00+00:00,147.06,147.45,146.34,146.99,931.4
2025-04-13 01:00:00+00:00,146.99,147.76,146.12,147.25,398.5
2025-04-13 01:30:00+00:00,147.25,147.69,144.76,145.0,1361.8
2025-04-13 02:00:00+00:00,145.0,145.45,144.53,144.82,520.7
2025-04-13 02:30:00+00:00,144.82,145.84,144.74,145.55,529.5
2025-04-13 03:00:00+00:00,145.55,145.94,145.17,145.26,648.3
2025-04-13 03:30:00+00:00,145.26,146.12,145.25,145.46,289.6
2025-04-13 04:00:00+00:00,145.46,145.48,143.82,144.32,1896.1
2025-04-13 04:30:00+00:00,144.32,144.46,143.49,143.85,599.3
2025-04-13 05:00:00+00:00,143.85,144.15,142.82,144.11,732.0
2025-04-13 05:30:00+00:00,144.11,144.31,143.16,143.33,538.5
2025-04-13 06:00:00+00:00,143.33,143.77,143.08,143.68,648.6
2025-04-13 06:30:00+00:00,143.68,144.34,143.64,143.69,419.5
2025-04-13 07:00:00+00:00,143.69,144.37,143.67,144.14,214.7
2025-04-13 07:30:00+00:00,144.14,144.23,143.24,143.4,388.6
2025-04-13 08:00:00+00:00,143.4,143.74,142.83,143.66,743.3
2025-04-13 08:30:00+00:00,143.66,144.26,143.37,144.13,665.7
2025-04-13 09:00:00+00:00,144.13,144.75,143.88,144.69,509.5
2025-04-13 09:30:00+00:00,144.69,145.82,144.39,145.77,1008.5
2025-04-13 10:00:00+00:00,145.77,145.91,144.03,144.05,545.2
2025-04-13 10:30:00+00:00,144.05,144.58,143.8,144.36,509.6
2025-04-13 11:00:00+00:00,144.36,144.39,142.63,143.31,1374.3
2025-04-13 11:30:00+00:00,143.31,143.36,142.45,143.12,2059.8
2025-04-13 12:00:00+00:00,143.12,143.97,142.72,142.91,654.2
2025-04-13 12:30:00+00:00,142.91,143.69,142.87,143.26,314.4
2025-04-13 13:00:00+00:00,143.26,143.65,141.91,142.04,1225.9
2025-04-13 13:30:00+00:00,142.04,142.39,139.9,140.27,1311.0
2025-04-13 14:00:00+00:00,140.27,141.13,140.04,140.58,702.6
2025-04-13 14:30:00+00:00,140.58,141.28,140.38,140.73,217.4
2025-04-13 15:00:00+00:00,140.73,140.88,139.97,140.18,423.0
2025-04-13 15:30:00+00:00,140.18,140.81,139.83,140.79,1013.4
2025-04-13 16:00:00+00:00,140.79,141.85,140.49,141.5,600.5
2025-04-13 16:30:00+00:00,141.5,141.9,141.15,141.68,202.5
2025-04-13 17:00:00+00:00,141.68,144.08,141.48,143.08,2044.2
2025-04-13 17:30:00+00:00,143.08,146.05,142.73,145.2,764.3
2025-04-13 18:00:00+00:00,145.2,145.99,143.99,143.99,371.3
2025-04-13 18:30:00+00:00,143.99,145.51,143.94,144.14,649.0
2025-04-13 19:00:00+00:00,144.14,144.28,142.7,142.8,672.5
2025-04-13 19:30:00+00:00,142.8,143.13,138.44,139.82,3702.6
2025-04-13 20:00:00+00:00,139.82,142.13,139.22,141.06,684.6
2025-04-13 20:30:00+00:00,141.06,141.16,138.68,139.07,508.6
2025-04-13 21:00:00+00:00,139.07,139.13,137.45,138.5,906.5
2025-04-13 21:30:00+00:00,138.5,138.93,136.56,138.24,749.5
2025-04-13 22:00:00+00:00,138.24,138.87,137.44,138.06,378.5
2025-04-13 22:30:00+00:00,138.06,138.35,137.03,137.89,156.9
2025-04-13 23:00:00+00:00,137.89,138.97,137.66,138.92,232.8
2025-04-13 23:30:00+00:00,138.92,139.52,138.1,139.02,183.9
2025-04-14 00:00:00+00:00,139.02,142.78,138.71,142.7,930.7
2025-04-14 00:30:00+00:00,142.7,142.74,140.75,141.03,329.4
2025-04-14 01:00:00+00:00,141.03,141.93,140.69,141.88,267.4
2025-04-14 01:30:00+00:00,141.88,142.21,140.6,141.09,360.7
2025-04-14 02:00:00+00:00,141.09,144.25,140.8,144.24,2040.1
2025-04-14 02:30:00+00:00,144.24,146.55,143.16,143.29,2630.0
2025-04-14 03:00:00+00:00,143.29,143.46,142.14,142.69,818.0
2025-04-14 03:30:00+00:00,142.69,143.15,141.62,141.9,712.8
2025-04-14 04:00:00+00:00,141.9,142.73,141.62,142.54,340.4
2025-04-14 04:30:00+00:00,142.54,143.86,142.34,142.91,722.3
2025-04-14 05:00:00+00:00,142.91,143.11,142.19,142.39,452.9
2025-04-14 05:30:00+00:00,142.39,142.56,140.78,141.17,1402.7
2025-04-14 06:00:00+00:00,141.17,141.33,140.29,140.73,959.0
2025-04-14 06:30:00+00:00,140.73,141.54,140.6,140.92,344.5
2025-04-14 07:00:00+00:00,140.92,141.47,139.82,141.47,614.5
2025-04-14 07:30:00+00:00,141.47,142.05,141.19,142.03,704.1
2025-04-14 08:00:00+00:00,142.03,142.51,141.41,142.4,660.8
2025-04-14 08:30:00+00:00,142.4,143.32,142.2,142.55,905.5
2025-04-14 09:00:00+00:00,142.55,143.44,141.69,141.97,571.2
2025-04-14 09:30:00+00:00,141.97,142.19,141.33,142.09,757.5
2025-04-14 10:00:00+00:00,142.09,144.17,141.96,144.06,581.5
2025-04-14 10:30:00+00:00,144.06,146.44,144.06,145.88,2577.2
2025-04-14 11:00:00+00:00,145.88,147.11,145.43,145.56,2323.9
2025-04-14 11:30:00+00:00,145.56,145.9,144.74,145.54,524.9
2025-04-14 12:00:00+00:00,145.54,145.83,144.43,145.14,558.0
2025-04-14 12:30:00+00:00,145.14,145.35,144.53,145.06,270.0
2025-04-14 13:00:00+00:00,145.06,145.97,144.7,144.94,1540.5
2025-04-14 13:30:00+00:00,144.94,145.16,142.57,143.16,2439.8
2025-04-14 14:00:00+00:00,143.16,144.34,142.98,144.34,478.1
2025-04-14 14:30:00+00:00,144.34,146.35,144.16,144.84,1137.0
2025-04-14 15:00:00+00:00,144.84,144.96,141.85,141.93,1904.6
2025-04-14 15:30:00+00:00,141.93,142.42,138.64,139.12,4262.4
2025-04-14 16:00:00+00:00,139.12,139.99,137.88,138.6,1770.0
2025-04-14 16:30:00+00:00,138.6,139.53,138.13,138.23,754.0
2025-04-14 17:00:00+00:00,138.23,139.57,138.01,139.27,1320.9
2025-04-14 17:30:00+00:00,139.27,140.5,138.62,140.38,337.2
2025-04-14 18:00:00+00:00,140.38,140.99,139.54,139.71,518.1
2025-04-14 18:30:00+00:00,139.71,140.28,139.34,140.25,884.1
2025-04-14 19:00:00+00:00,140.25,141.08,140.08,140.35,515.0
2025-04-14 19:30:00+00:00,140.35,140.76,139.44,139.63,248.1
2025-04-14 20:00:00+00:00,139.63,139.93,138.48,138.58,583.6
2025-04-14 20:30:00+00:00,138.58,139.23,138.13,138.95,237.6
2025-04-14 21:00:00+00:00,138.95,138.95,138.23,138.65,183.4
2025-04-14 21:30:00+00:00,138.65,138.74,137.26,138.17,886.2
2025-04-14 22:00:00+00:00,138.17,138.17,136.8,136.91,290.2
2025-04-14 22:30:00+00:00,136.91,137.75,136.89,137.2,178.6
2025-04-14 23:00:00+00:00,137.2,137.56,136.94,137.18,435.9
2025-04-14 23:30:00+00:00,137.18,137.55,136.81,137.55,236.7
2025-04-15 00:00:00+00:00,137.55,137.93,136.05,137.24,1477.9
2025-04-15 00:30:00+00:00,137.24,137.82,137.08,137.51,180.4
2025-04-15 01:00:00+00:00,137.51,137.68,136.14,137.53,637.3
2025-04-15 01:30:00+00:00,137.53,138.4,137.29,138.19,521.4
2025-05-01 17:30:00+00:00,175.09,175.27,173.78,175.09,1150.3
2025-05-01 18:00:00+00:00,175.09,175.41,173.99,174.39,287.1
2025-05-01 18:30:00+00:00,174.39,176.3,174.08,176.23,491.2
2025-05-01 19:00:00+00:00,176.23,176.23,174.91,175.67,232.7
2025-05-01 19:30:00+00:00,175.67,175.86,174.48,174.73,241.7
2025-05-01 20:00:00+00:00,174.73,175.41,173.82,174.87,1388.1
2025-05-01 20:30:00+00:00,174.87,175.08,173.9,174.17,776.2
2025-05-01 21:00:00+00:00,174.17,175.15,174.13,175.15,1985.5
2025-05-01 21:30:00+00:00,175.15,175.49,174.29,174.57,2042.1
2025-05-01 22:00:00+00:00,174.57,175.19,173.82,173.96,388.3
2025-05-01 22:30:00+00:00,173.96,173.96,172.8,172.99,524.2
2025-05-01 23:00:00+00:00,172.99,173.98,172.51,173.26,2611.3
2025-05-01 23:30:00+00:00,173.26,173.26,172.15,173.0,936.0
2025-05-02 00:00:00+00:00,173.0,173.57,172.23,173.49,556.7
2025-05-02 00:30:00+00:00,173.49,174.5,173.49,174.41,653.7
2025-05-02 01:00:00+00:00,174.41,174.78,173.93,174.53,1742.9
2025-05-02 01:30:00+00:00,174.53,174.98,174.0,174.71,505.9
2025-05-02 02:00:00+00:00,174.71,175.81,174.01,175.63,677.2
2025-05-02 02:30:00+00:00,175.63,175.84,175.11,175.21,388.7
2025-05-02 03:00:00+00:00,175.21,176.17,174.28,174.46,456.8
2025-05-02 03:30:00+00:00,174.46,174.77,174.16,174.25,229.5
2025-05-02 04:00:00+00:00,174.25,174.96,174.09,174.64,1153.0
2025-05-02 04:30:00+00:00,174.64,174.68,173.55,173.68,997.3
2025-05-02 05:00:00+00:00,173.68,174.78,173.59,174.42,939.0
2025-05-02 05:30:00+00:00,174.42,174.56,173.22,173.56,510.1
2025-05-02 06:00:00+00:00,173.56,174.28,173.15,173.89,483.0
2025-05-02 06:30:00+00:00,173.89,174.0,172.91,173.31,439.8
2025-05-02 07:00:00+00:00,173.31,173.35,172.17,172.93,948.6
2025-05-02 07:30:00+00:00,172.93,173.11,171.91,172.15,774.5
2025-05-02 08:00:00+00:00,172.15,173.13,171.91,172.93,1350.4
2025-05-02 08:30:00+00:00,172.93,173.8,172.72,173.8,673.4
2025-05-02 09:00:00+00:00,173.8,174.34,173.51,173.89,498.2
2025-05-02 09:30:00+00:00,173.89,173.94,173.07,173.08,370.4
2025-05-02 10:00:00+00:00,173.08,173.72,172.81,173.1,291.4
2025-05-02 10:30:00+00:00,173.1,173.74,172.39,172.65,362.2
2025-05-02 11:00:00+00:00,172.65,173.98,172.65,173.83,527.1
2025-05-02 11:30:00+00:00,173.83,173.93,172.6,172.6,394.8
2025-05-02 12:00:00+00:00,172.6,172.97,171.98,172.4,1178.7
2025-05-02 12:30:00+00:00,172.4,175.07,172.03,174.91,1787.8
2025-05-02 13:00:00+00:00,174.91,174.91,173.28,173.62,285.5
2025-05-02 13:30:00+00:00,173.62,174.15,172.78,173.14,812.1
2025-05-02 14:00:00+00:00,173.14,175.07,173.14,174.97,822.2
2025-05-02 14:30:00+00:00,174.97,176.06,174.63,175.58,945.0
2025-05-02 15:00:00+00:00,175.58,176.34,173.42,173.91,1311.4
2025-05-02 15:30:00+00:00,173.91,175.98,173.58,175.29,595.4
2025-05-02 16:00:00+00:00,175.29,179.16,175.29,178.25,2181.4
2025-05-02 16:30:00+00:00,178.25,178.93,176.64,177.2,1322.5
2025-05-02 17:00:00+00:00,177.2,177.2,175.84,176.28,969.4
2025-05-02 17:30:00+00:00,176.28,176.62,175.79,176.45,995.4
2025-05-02 18:00:00+00:00,176.45,177.64,176.32,176.87,1228.2
2025-05-02 18:30:00+00:00,176.87,177.3,175.66,176.06,315.3
2025-05-02 19:00:00+00:00,176.06,176.08,175.19,175.46,837.9
2025-05-02 19:30:00+00:00,175.46,175.46,173.8,174.46,639.0
2025-05-02 20:00:00+00:00,174.46,175.19,173.91,175.11,450.6
2025-05-02 20:30:00+00:00,175.11,175.45,175.03,175.37,193.3
2025-05-02 21:00:00+00:00,175.37,175.37,174.43,174.63,162.8
2025-05-02 21:30:00+00:00,174.63,174.88,173.16,173.84,199.8
2025-05-02 22:00:00+00:00,173.84,173.86,173.3,173.46,406.9
2025-05-02 22:30:00+00:00,173.46,173.73,173.21,173.56,158.6
2025-05-02 23:00:00+00:00,173.56,174.73,173.42,174.55,238.8
2025-05-02 23:30:00+00:00,174.55,175.29,174.41,174.62,198.7
2025-05-03 00:00:00+00:00,174.62,174.92,174.01,174.14,240.3
2025-05-03 00:30:00+00:00,174.14,174.3,173.36,173.73,225.3
2025-05-03 01:00:00+00:00,173.73,174.12,172.94,173.61,247.1
2025-05-03 01:30:00+00:00,173.61,173.61,172.9,173.33,225.8
2025-05-03 02:00:00+00:00,173.33,174.04,173.29,173.98,195.1
2025-05-03 02:30:00+00:00,173.98,174.3,173.5,174.09,395.1
2025-05-03 03:00:00+00:00,174.09,174.65,173.85,173.98,310.6
2025-05-03 03:30:00+00:00,173.98,174.08,173.47,173.47,71.0
2025-05-03 04:00:00+00:00,173.47,173.83,173.14,173.45,328.9
2025-05-03 04:30:00+00:00,173.45,174.19,173.21,174.12,178.0
2025-05-03 05:00:00+00:00,174.12,174.49,173.73,174.26,130.0
2025-05-03 05:30:00+00:00,174.26,174.53,173.55,173.55,90.2
2025-05-03 06:00:00+00:00,173.55,173.55,172.6,172.74,1060.5
2025-05-03 06:30:00+00:00,172.74,173.54,172.72,173.21,511.6
2025-05-03 07:00:00+00:00,173.21,173.68,172.73,173.15,481.8
2025-05-03 07:30:00+00:00,173.15,173.69,172.94,173.6,207.3
2025-05-03 08:00:00+00:00,173.6,174.46,173.3,174.1,413.3
2025-05-03 08:30:00+00:00,174.1,174.96,173.87,174.16,685.9
2025-05-03 09:00:00+00:00,174.16,175.02,173.95,174.62,456.9
2025-05-03 09:30:00+00:00,174.62,174.78,173.87,174.56,616.6
2025-05-03 10:00:00+00:00,174.56,174.68,173.43,174.19,632.8
2025-05-03 10:30:00+00:00,174.19,174.33,171.44,171.44,1160.9
2025-05-03 11:00:00+00:00,171.44,172.27,171.3,171.79,1230.7
2025-05-03 11:30:00+00:00,171.79,172.19,171.34,172.09,271.4
2025-05-03 12:00:00+00:00,172.09,173.46,172.07,173.46,390.3
2025-05-03 12:30:00+00:00,173.46,173.89,173.31,173.43,581.3
2025-05-03 13:00:00+00:00,173.43,173.94,173.23,173.83,521.3
2025-05-03 13:30:00+00:00,173.83,173.98,173.21,173.73,278.7
2025-05-03 14:00:00+00:00,173.73,174.42,173.48,174.02,545.0
2025-05-03 14:30:00+00:00,174.02,174.26,173.56,173.84,608.2
2025-05-03 15:00:00+00:00,173.84,174.62,173.25,173.43,1161.3
2025-05-03 15:30:00+00:00,173.43,173.64,172.67,172.91,400.4
2025-05-03 16:00:00+00:00,172.91,173.03,172.13,172.34,652.1
2025-05-03 16:30:00+00:00,172.34,172.34,170.71,171.59,1352.7
2025-05-03 17:00:00+00:00,171.59,171.66,169.57,170.64,5580.2
2025-05-03 17:30:00+00:00,170.64,171.69,169.84,171.69,1004.3
2025-05-03 18:00:00+00:00,171.69,173.05,171.58,172.35,1151.2
2025-05-03 18:30:00+00:00,172.35,172.39,170.66,171.09,1001.7
2025-05-03 19:00:00+00:00,171.09,173.14,170.84,173.14,888.1
2025-05-03 19:30:00+00:00,173.14,174.8,173.05,174.8,1055.0
2025-05-03 20:00:00+00:00,174.8,175.39,174.54,175.31,935.2
2025-05-03 20:30:00+00:00,175.31,178.06,174.86,176.74,3581.2
2025-05-03 21:00:00+00:00,176.74,178.96,175.63,178.91,4570.3
2025-05-03 21:30:00+00:00,178.91,181.01,178.91,180.57,4283.3
2025-05-03 22:00:00+00:00,180.57,180.57,178.65,179.68,1619.8
2025-05-03 22:30:00+00:00,179.68,180.52,178.81,179.15,1151.5
2025-05-03 23:00:00+00:00,179.15,179.16,177.05,177.05,1216.1
2025-05-03 23:30:00+00:00,177.05,178.24,176.38,177.97,2881.2
2025-05-04 00:00:00+00:00,177.97,178.59,177.57,177.68,655.2
2025-05-04 00:30:00+00:00,177.68,177.79,176.25,176.69,1581.4
2025-05-04 01:00:00+00:00,176.69,178.04,176.35,177.85,994.3
2025-05-04 01:30:00+00:00,177.85,177.92,175.1,176.6,2302.4
2025-05-04 02:00:00+00:00,176.6,178.6,176.6,178.12,1233.8
2025-05-04 02:30:00+00:00,178.12,178.27,175.67,176.39,552.4
2025-05-04 03:00:00+00:00,176.39,176.39,174.87,175.86,1300.9
2025-05-04 03:30:00+00:00,175.86,177.56,175.84,176.2,513.6
2025-05-04 04:00:00+00:00,176.2,177.52,176.05,176.8,896.6
2025-05-04 04:30:00+00:00,176.8,177.04,175.07,175.49,1152.4
2025-05-04 05:00:00+00:00,175.49,177.58,175.39,177.39,913.4
2025-05-04 05:30:00+00:00,177.39,178.71,176.83,178.24,815.6
2025-05-04 06:00:00+00:00,178.24,178.88,176.72,177.1,757.6
2025-05-04 06:30:00+00:00,177.1,178.69,176.73,178.13,1232.3
2025-05-04 07:00:00+00:00,178.13,178.45,177.45,177.75,213.2
2025-05-04 07:30:00+00:00,177.75,178.25,176.42,178.25,1101.7
2025-05-04 08:00:00+00:00,178.25,178.3,176.49,176.75,522.9
2025-05-04 08:30:00+00:00,176.75,176.87,175.59,175.72,1641.8
2025-05-04 09:00:00+00:00,175.72,175.92,174.84,175.14,4198.2
2025-05-04 09:30:00+00:00,175.14,176.22,174.88,175.46,1255.7
2025-05-04 10:00:00+00:00,175.46,176.25,174.89,175.53,462.9
2025-05-04 10:30:00+00:00,175.53,175.79,174.71,174.82,646.6
2025-05-04 11:00:00+00:00,174.82,176.57,174.39,175.93,1289.5
2025-05-04 11:30:00+00:00,175.93,176.08,174.2,174.55,854.6
2025-05-04 12:00:00+00:00,174.55,176.0,174.43,174.99,426.4
2025-05-04 12:30:00+00:00,174.99,175.27,174.33,174.34,240.8
2025-05-04 13:00:00+00:00,174.34,174.96,173.46,174.3,3129.3
2025-05-04 13:30:00+00:00,174.3,174.35,172.53,173.49,2303.2
2025-05-04 14:00:00+00:00,173.49,174.52,173.06,174.48,419.8
2025-05-04 14:30:00+00:00,174.48,175.02,174.28,174.35,553.3
2025-05-04 15:00:00+00:00,174.35,174.78,173.13,173.33,733.3
2025-05-04 15:30:00+00:00,173.33,173.71,172.73,173.68,1029.9
2025-05-04 16:00:00+00:00,173.68,174.35,172.36,173.19,1353.5
2025-05-04 16:30:00+00:00,173.19,173.3,171.5,172.04,2345.2
2025-05-04 17:00:00+00:00,172.04,172.81,171.38,171.56,1031.6
2025-05-04 17:30:00+00:00,171.56,172.72,171.11,172.07,1759.3
2025-05-04 18:00:00+00:00,172.07,172.9,171.84,172.35,216.2
2025-05-04 18:30:00+00:00,172.35,172.71,171.67,172.23,136.1
2025-05-04 19:00:00+00:00,172.23,173.06,171.94,172.86,491.4
2025-05-04 19:30:00+00:00,172.86,173.84,172.82,173.37,1048.0
2025-05-04 20:00:00+00:00,173.37,175.32,173.32,175.26,493.3
2025-05-04 20:30:00+00:00,175.26,175.47,174.83,175.36,578.9
2025-05-04 21:00:00+00:00,175.36,175.45,173.79,174.8,1537.9
2025-05-04 21:30:00+00:00,174.8,175.59,174.49,175.29,419.9
2025-05-04 22:00:00+00:00,175.29,175.31,173.62,173.78,536.9
2025-05-04 22:30:00+00:00,173.78,173.93,172.1,172.45,394.0
2025-05-04 23:00:00+00:00,172.45,172.58,171.18,171.42,513.2
2025-05-04 23:30:00+00:00,171.42,172.39,170.85,171.18,939.0
2025-05-05 00:00:00+00:00,171.18,172.93,170.74,172.93,932.9
2025-05-05 00:30:00+00:00,172.93,173.5,172.22,173.24,174.0
2025-05-05 01:00:00+00:00,173.24,173.57,172.47,172.47,387.1
2025-05-05 01:30:00+00:00,172.47,172.49,170.41,170.78,817.6
2025-05-05 02:00:00+00:00,170.78,172.94,169.68,172.74,1018.1
2025-05-05 02:30:00+00:00,172.74,174.64,172.74,174.49,541.6
2025-05-05 03:00:00+00:00,174.49,174.84,172.8,173.58,341.2
2025-05-05 03:30:00+00:00,173.58,174.62,173.54,173.79,227.6
2025-05-05 04:00:00+00:00,173.79,175.44,173.75,175.2,621.2
2025-05-05 04:30:00+00:00,175.2,176.69,175.16,176.54,1272.8
2025-05-05 05:00:00+00:00,176.54,176.72,174.98,176.48,598.8
2025-05-05 05:30:00+00:00,176.48,177.84,176.07,177.74,668.2
2025-05-05 06:00:00+00:00,177.74,178.29,177.12,178.01,1423.8
2025-05-05 06:30:00+00:00,178.01,179.23,177.56,177.88,902.5
2025-05-05 07:00:00+00:00,177.88,179.08,177.06,178.84,2328.5
2025-05-05 07:30:00+00:00,178.84,180.35,178.69,180.09,1705.9
2025-05-05 08:00:00+00:00,180.09,180.71,179.23,180.34,4964.5
2025-05-05 08:30:00+00:00,180.34,180.65,179.46,180.17,2480.4
2025-05-05 09:00:00+00:00,180.17,180.47,178.31,178.7,1127.4
2025-05-05 09:30:00+00:00,178.7,178.82,178.02,178.15,1140.9
2025-05-05 10:00:00+00:00,178.15,178.15,176.64,176.65,1241.3
2025-05-05 10:30:00+00:00,176.65,177.6,175.86,176.64,2132.9
2025-05-05 11:00:00+00:00,176.64,178.12,176.61,177.23,1170.1
2025-05-05 11:30:00+00:00,177.23,177.34,175.74,175.96,2962.7
2025-05-05 12:00:00+00:00,175.96,177.1,174.95,176.78,1228.9
2025-05-05 12:30:00+00:00,176.78,176.98,175.14,175.64,537.9
2025-05-05 13:00:00+00:00,175.64,176.13,174.78,174.78,1063.4
2025-05-05 13:30:00+00:00,174.78,175.86,173.56,175.81,1748.1
2025-05-05 14:00:00+00:00,175.81,177.29,174.8,176.25,1521.3
2025-05-05 14:30:00+00:00,176.25,176.4,174.58,176.13,670.1
2025-05-05 15:00:00+00:00,176.13,176.46,174.68,174.85,1293.0
2025-05-05 15:30:00+00:00,174.85,175.54,173.43,174.2,450.0
2025-05-05 16:00:00+00:00,174.2,178.38,174.18,177.7,1431.6
2025-05-05 16:30:00+00:00,177.7,178.36,177.41,177.79,1561.9
2025-05-05 17:00:00+00:00,177.79,178.5,176.78,178.15,5216.7
2025-05-05 17:30:00+00:00,178.15,178.84,177.86,178.42,1696.2
2025-05-05 18:00:00+00:00,178.42,178.62,177.97,178.51,611.4
2025-05-05 18:30:00+00:00,178.51,179.94,178.46,179.38,3065.6
2025-05-05 19:00:00+00:00,179.38,179.38,178.24,178.48,374.4
2025-05-05 19:30:00+00:00,178.48,178.5,177.36,177.57,3768.3
2025-05-05 20:00:00+00:00,177.57,177.67,176.48,176.54,528.9
2025-05-05 20:30:00+00:00,176.54,176.54,174.98,175.65,1161.4
2025-05-05 21:00:00+00:00,175.65,177.75,175.65,176.93,1004.2
2025-05-22 13:00:00+00:00,255.4,255.45,253.23,254.77,1552.8
2025-05-22 13:30:00+00:00,254.77,255.36,252.22,254.14,846.7
2025-05-22 14:00:00+00:00,254.14,256.48,253.94,256.23,724.1
2025-05-22 14:30:00+00:00,256.23,257.54,254.9,255.82,1831.0
2025-05-22 15:00:00+00:00,255.82,257.84,255.35,257.26,2188.5
2025-05-22 15:30:00+00:00,257.26,258.99,256.17,256.78,2225.1
2025-05-22 16:00:00+00:00,256.78,258.38,255.85,255.99,600.9
2025-05-22 16:30:00+00:00,255.99,256.93,254.37,254.54,4956.0
2025-05-22 17:00:00+00:00,254.54,257.63,254.3,256.47,1001.4
2025-05-22 17:30:00+00:00,256.47,257.45,256.15,257.25,344.2
2025-05-22 18:00:00+00:00,257.25,258.91,256.96,258.62,663.8
2025-05-22 18:30:00+00:00,258.62,259.28,257.36,258.12,605.1
2025-05-22 19:00:00+00:00,258.12,258.12,256.15,257.09,671.8
2025-05-22 19:30:00+00:00,257.09,257.16,255.21,256.2,663.5
2025-05-22 20:00:00+00:00,256.2,257.24,254.58,255.2,379.3
2025-05-22 20:30:00+00:00,255.2,256.94,254.58,256.76,272.9
2025-05-22 21:00:00+00:00,256.76,256.76,254.71,254.82,325.5
2025-05-22 21:30:00+00:00,254.82,255.86,254.33,255.86,277.6
2025-05-22 22:00:00+00:00,255.86,258.03,255.39,256.41,795.8
2025-05-22 22:30:00+00:00,256.41,257.22,254.14,254.52,291.5
2025-05-22 23:00:00+00:00,254.52,255.05,253.91,254.8,372.2
2025-05-22 23:30:00+00:00,254.8,257.49,254.72,256.99,1109.7
2025-05-23 00:00:00+00:00,256.99,258.16,255.43,255.83,2743.5
2025-05-23 00:30:00+00:00,255.83,256.43,254.73,255.56,967.3
2025-05-23 01:00:00+00:00,255.56,257.89,254.44,257.89,652.6
2025-05-23 01:30:00+00:00,257.89,259.13,257.45,257.66,2325.2
2025-05-23 02:00:00+00:00,257.66,263.05,257.27,262.94,4116.9
2025-05-23 02:30:00+00:00,262.94,264.35,259.1,260.5,3184.9
2025-05-23 03:00:00+00:00,260.5,262.78,260.44,260.73,1393.8
2025-05-23 03:30:00+00:00,260.73,264.31,260.7,262.67,794.4
2025-05-23 04:00:00+00:00,262.67,263.05,259.29,259.79,865.9
2025-05-23 04:30:00+00:00,259.79,259.91,256.57,259.18,1767.1
2025-05-23 05:00:00+00:00,259.18,260.05,256.9,257.25,821.3
2025-05-23 05:30:00+00:00,257.25,259.33,255.91,258.89,1159.0
2025-05-23 06:00:00+00:00,258.89,259.2,254.57,255.84,891.8
2025-05-23 06:30:00+00:00,255.84,256.51,253.93,254.97,1041.2
2025-05-23 07:00:00+00:00,254.97,257.44,254.97,256.66,611.3
2025-05-23 07:30:00+00:00,256.66,257.42,255.31,255.38,668.3
2025-05-23 08:00:00+00:00,255.38,256.35,254.73,255.37,428.6
2025-05-23 08:30:00+00:00,255.37,258.35,254.9,257.62,597.1
2025-05-23 09:00:00+00:00,257.62,260.07,257.21,257.92,1018.0
2025-05-23 09:30:00+00:00,257.92,260.72,257.92,260.29,839.4
2025-05-23 10:00:00+00:00,260.29,260.73,256.59,257.96,1023.0
2025-05-23 10:30:00+00:00,257.96,260.31,257.96,260.0,878.7
2025-05-23 11:00:00+00:00,260.0,260.15,257.3,258.95,595.1
2025-05-23 11:30:00+00:00,258.95,258.95,245.94,247.12,10140.9
2025-05-23 12:00:00+00:00,247.12,247.44,239.29,244.19,12594.9
2025-05-23 12:30:00+00:00,244.19,248.56,243.2,248.53,4191.0
2025-05-23 13:00:00+00:00,248.53,256.2,248.53,254.3,3559.1
2025-05-23 13:30:00+00:00,254.3,261.54,253.78,260.91,4538.7
2025-05-23 14:00:00+00:00,260.91,263.07,259.23,261.25,3417.5
2025-05-23 14:30:00+00:00,261.25,261.69,257.69,257.87,2106.5
2025-05-23 15:00:00+00:00,257.87,259.14,256.38,257.31,2687.9
2025-05-23 15:30:00+00:00,257.31,257.63,252.0,253.15,3826.4
2025-05-23 16:00:00+00:00,253.15,255.8,252.31,255.47,4431.8
2025-05-23 16:30:00+00:00,255.47,258.15,254.16,257.66,2288.3
2025-05-23 17:00:00+00:00,257.66,261.69,257.66,261.07,4467.7
2025-05-23 17:30:00+00:00,261.07,262.08,258.65,261.83,1226.3
2025-05-23 18:00:00+00:00,261.83,262.23,258.0,258.92,845.1
2025-05-23 18:30:00+00:00,258.92,260.38,258.21,259.13,1317.3
2025-05-23 19:00:00+00:00,259.13,262.06,258.94,261.59,934.4
2025-05-23 19:30:00+00:00,261.59,262.41,260.21,260.85,498.4
2025-05-23 20:00:00+00:00,260.85,261.02,258.64,259.3,1303.1
2025-05-23 20:30:00+00:00,259.3,259.3,256.19,256.71,2707.5
2025-05-23 21:00:00+00:00,256.71,260.21,256.35,260.1,1500.0
2025-05-23 21:30:00+00:00,260.1,260.66,257.56,258.58,1950.4
2025-05-23 22:00:00+00:00,258.58,262.12,258.31,260.43,2295.1
2025-05-23 22:30:00+00:00,260.43,261.08,257.18,258.29,763.2
2025-05-23 23:00:00+00:00,258.29,258.56,255.05,255.89,1688.9
2025-05-23 23:30:00+00:00,255.89,256.66,253.24,256.14,1343.0
2025-05-24 00:00:00+00:00,256.14,260.08,255.24,256.1,2696.9
2025-05-24 00:30:00+00:00,256.1,257.92,251.88,252.03,1597.4
2025-05-24 01:00:00+00:00,252.03,254.33,250.75,252.74,1604.1
2025-05-24 01:30:00+00:00,252.74,255.36,252.12,252.31,485.1
2025-05-24 02:00:00+00:00,252.31,255.3,250.9,254.15,1699.1
2025-05-24 02:30:00+00:00,254.15,255.14,253.0,253.2,488.2
2025-05-24 03:00:00+00:00,253.2,257.63,252.52,256.69,690.7
2025-05-24 03:30:00+00:00,256.69,256.69,254.0,254.49,659.0
2025-05-24 04:00:00+00:00,254.49,257.73,253.69,257.39,483.4
2025-05-24 04:30:00+00:00,257.39,262.05,257.02,261.41,1355.1
2025-05-24 05:00:00+00:00,261.41,262.16,258.93,260.43,922.5
2025-05-24 05:30:00+00:00,260.43,261.59,257.95,259.62,985.9
2025-05-24 06:00:00+00:00,259.62,260.67,257.56,258.4,415.5
2025-05-24 06:30:00+00:00,258.4,258.91,256.02,258.71,1796.7
2025-05-24 07:00:00+00:00,258.71,261.38,258.71,261.29,1342.2
2025-05-24 07:30:00+00:00,261.29,261.4,258.41,259.29,1059.7
2025-05-24 08:00:00+00:00,259.29,260.18,257.48,259.08,860.1
2025-05-24 08:30:00+00:00,259.08,260.88,258.65,258.94,1194.6
2025-05-24 09:00:00+00:00,258.94,261.69,258.28,260.3,1318.1
2025-05-24 09:30:00+00:00,260.3,261.8,260.27,260.66,614.0
2025-05-24 10:00:00+00:00,260.66,262.75,260.33,262.56,1464.4
2025-05-24 10:30:00+00:00,262.56,267.19,262.34,265.1,3835.0
2025-05-24 11:00:00+00:00,265.1,267.0,263.43,264.1,1998.8
2025-05-24 11:30:00+00:00,264.1,265.62,263.46,263.62,1176.6
2025-05-24 12:00:00+00:00,263.62,265.63,262.91,264.96,1009.0
2025-05-24 12:30:00+00:00,264.96,267.16,264.58,266.37,1477.4
2025-05-24 13:00:00+00:00,266.37,267.76,262.0,267.7,3492.6
2025-05-24 13:30:00+00:00,267.7,268.31,264.27,264.45,2775.1
2025-05-24 14:00:00+00:00,264.45,267.64,264.22,265.11,1883.5
2025-05-24 14:30:00+00:00,265.11,268.17,265.05,268.05,2609.4
2025-05-24 15:00:00+00:00,268.05,269.14,267.13,268.36,2273.4
2025-05-24 15:30:00+00:00,268.36,273.94,267.82,272.08,5503.4
2025-05-24 16:00:00+00:00,272.08,272.33,266.7,268.67,3513.7
2025-05-24 16:30:00+00:00,268.67,273.56,268.6,272.82,2960.9
2025-05-24 17:00:00+00:00,272.82,276.95,270.18,271.29,9209.6
2025-05-24 17:30:00+00:00,271.29,271.97,268.54,269.14,3865.5
2025-05-24 18:00:00+00:00,269.14,270.38,268.62,268.94,2622.8
2025-05-24 18:30:00+00:00,268.94,269.48,266.46,267.48,4448.6
2025-05-24 19:00:00+00:00,267.48,268.86,265.72,265.95,1416.1
2025-05-24 19:30:00+00:00,265.95,267.15,265.6,266.11,744.6
2025-05-24 20:00:00+00:00,266.11,266.14,264.09,264.23,2367.1
2025-05-24 20:30:00+00:00,264.23,264.75,263.01,263.06,590.2
2025-05-24 21:00:00+00:00,263.06,265.07,260.71,261.39,2212.0
2025-05-24 21:30:00+00:00,261.39,264.17,260.93,263.58,849.0
2025-05-24 22:00:00+00:00,263.58,265.48,261.19,262.11,1580.0
2025-05-24 22:30:00+00:00,262.11,262.26,260.03,260.62,942.0
2025-05-24 23:00:00+00:00,260.62,262.27,260.07,260.68,968.3
2025-05-24 23:30:00+00:00,260.68,262.09,260.52,261.85,852.3
2025-05-25 00:00:00+00:00,261.85,264.46,261.55,261.98,1846.0
2025-05-25 00:30:00+00:00,261.98,262.57,257.7,258.68,3307.6
2025-05-25 01:00:00+00:00,258.68,260.92,257.0,260.11,1967.8
2025-05-25 01:30:00+00:00,260.11,261.11,258.45,258.48,852.5
2025-05-25 02:00:00+00:00,258.48,258.57,256.5,257.44,1183.9
2025-05-25 02:30:00+00:00,257.44,263.46,257.12,263.22,1658.8
2025-05-25 03:00:00+00:00,263.22,266.33,263.07,266.16,2130.5
2025-05-25 03:30:00+00:00,266.16,270.75,266.16,269.5,4385.6
2025-05-25 04:00:00+00:00,269.5,269.55,264.4,265.05,1793.2
2025-05-25 04:30:00+00:00,265.05,267.33,264.67,266.03,1530.8
2025-05-25 05:00:00+00:00,266.03,267.06,265.28,266.93,1243.8
2025-05-25 05:30:00+00:00,266.93,270.7,264.94,270.66,2190.1
2025-05-25 06:00:00+00:00,270.66,270.84,267.58,268.51,1013.5
2025-05-25 06:30:00+00:00,268.51,270.39,268.14,269.32,1171.3
2025-05-25 07:00:00+00:00,269.32,269.41,265.72,266.29,1476.5
2025-05-25 07:30:00+00:00,266.29,267.21,265.18,266.54,808.2
2025-05-25 08:00:00+00:00,266.54,266.75,264.95,265.44,1419.5
2025-05-25 08:30:00+00:00,265.44,265.58,262.35,263.99,3521.9
2025-05-25 09:00:00+00:00,263.99,264.15,261.32,263.49,2997.6
2025-05-25 09:30:00+00:00,263.49,267.25,262.95,266.81,2931.6
2025-05-25 10:00:00+00:00,266.81,268.63,265.01,265.71,1832.7
2025-05-25 10:30:00+00:00,265.71,266.53,263.53,264.12,1060.9
2025-05-25 11:00:00+00:00,264.12,266.07,263.27,264.61,983.7
2025-05-25 11:30:00+00:00,264.61,264.77,262.78,264.64,1012.7
2025-05-25 12:00:00+00:00,264.64,265.35,262.97,264.19,2072.3
2025-05-25 12:30:00+00:00,264.19,266.2,263.18,265.99,1154.0
2025-05-25 13:00:00+00:00,265.99,266.56,264.18,264.58,1167.6
2025-05-25 13:30:00+00:00,264.58,266.07,264.1,264.18,1297.8
2025-05-25 14:00:00+00:00,264.18,265.16,263.52,264.71,849.4
2025-05-25 14:30:00+00:00,264.71,265.06,263.23,263.98,1482.3
2025-05-25 15:00:00+00:00,263.98,264.3,259.78,261.18,3130.8
2025-05-25 15:30:00+00:00,261.18,266.18,261.18,264.56,3005.7
2025-05-25 16:00:00+00:00,264.56,264.66,260.26,260.93,1025.9
2025-05-25 16:30:00+00:00,260.93,263.58,260.56,261.84,941.9
2025-05-25 17:00:00+00:00,261.84,262.89,261.75,262.17,470.6
2025-05-25 17:30:00+00:00,262.17,263.67,261.81,263.66,276.4
2025-05-25 18:00:00+00:00,263.66,266.0,262.85,265.31,815.2
2025-05-25 18:30:00+00:00,265.31,265.31,262.64,263.1,809.8
2025-05-25 19:00:00+00:00,263.1,264.52,262.86,264.5,985.3
2025-05-25 19:30:00+00:00,264.5,266.35,263.98,265.17,1138.8
2025-05-25 20:00:00+00:00,265.17,265.4,262.21,262.81,1336.6
2025-05-25 20:30:00+00:00,262.81,263.47,262.08,262.36,372.8
2025-05-25 21:00:00+00:00,262.36,265.89,262.04,263.98,866.6
2025-05-25 21:30:00+00:00,263.98,264.12,262.65,262.87,276.3
2025-05-25 22:00:00+00:00,262.87,266.22,262.56,264.34,1445.8
2025-05-25 22:30:00+00:00,264.34,269.6,264.34,268.79,1646.6
2025-05-25 23:00:00+00:00,268.79,269.76,264.6,265.56,1476.9
2025-05-25 23:30:00+00:00,265.56,269.29,264.98,269.2,1615.9
2025-05-26 00:00:00+00:00,269.2,271.99,268.92,271.22,2127.5
2025-05-26 00:30:00+00:00,271.22,275.27,270.6,275.08,2037.8
2025-05-26 01:00:00+00:00,275.08,276.21,270.59,271.63,5345.0
2025-05-26 01:30:00+00:00,271.63,274.4,269.85,270.13,1704.2
2025-05-26 02:00:00+00:00,270.13,272.11,269.25,271.35,698.3
2025-05-26 02:30:00+00:00,271.35,271.55,268.89,270.22,2555.4
2025-05-26 03:00:00+00:00,270.22,270.85,269.12,270.77,773.1
2025-05-26 03:30:00+00:00,270.77,271.3,269.77,270.28,794.0
2025-05-26 04:00:00+00:00,270.28,270.43,268.19,268.19,1263.0
2025-05-26 04:30:00+00:00,268.19,269.28,267.71,267.92,642.4
2025-05-26 05:00:00+00:00,267.92,268.18,266.86,267.18,1093.9
2025-05-26 05:30:00+00:00,267.18,267.91,266.24,267.81,1240.3
2025-05-26 06:00:00+00:00,267.81,269.1,266.81,268.32,608.8
2025-05-26 06:30:00+00:00,268.32,272.33,267.89,272.01,2048.5
2025-05-26 07:00:00+00:00,272.01,274.0,271.21,272.07,2442.0
2025-05-26 07:30:00+00:00,272.07,272.46,269.7,270.29,944.8
2025-05-26 08:00:00+00:00,270.29,270.6,268.06,268.45,735.6
2025-05-26 08:30:00+00:00,268.45,268.45,266.24,266.65,993.8
2025-05-26 09:00:00+00:00,266.65,267.9,265.75,267.21,879.6
2025-05-26 09:30:00+00:00,267.21,268.02,266.07,266.12,592.7
2025-05-26 10:00:00+00:00,266.12,266.21,264.95,265.6,1486.4
2025-05-26 10:30:00+00:00,265.6,265.98,262.09,263.54,2691.6
2025-05-26 11:00:00+00:00,263.54,263.54,261.91,262.24,1348.8
2025-05-26 11:30:00+00:00,262.24,264.54,262.24,263.92,1053.0
2025-05-26 12:00:00+00:00,263.92,264.39,263.0,263.69,447.4
2025-05-26 12:30:00+00:00,263.69,265.2,263.48,263.48,692.4
2025-05-26 13:00:00+00:00,263.48,263.85,261.93,262.82,799.1
2025-05-26 13:30:00+00:00,262.82,263.29,259.85,260.71,1492.6
2025-05-26 14:00:00+00:00,260.71,261.31,259.25,260.95,1863.2
2025-05-26 14:30:00+00:00,260.95,262.26,260.23,261.6,1404.8
2025-05-26 15:00:00+00:00,261.6,263.66,260.69,263.5,2747.7
2025-05-26 15:30:00+00:00,263.5,265.33,262.66,264.85,1894.4
2025-05-26 16:00:00+00:00,264.85,265.82,262.74,263.24,2015.4
2025-05-26 16:30:00+00:00,263.24,265.29,262.41,264.71,1010.7
2025-06-12 08:30:00+00:00,297.03,297.24,295.16,295.87,698.7
2025-06-12 09:00:00+00:00,295.87,296.48,294.24,295.52,1126.8
2025-06-12 09:30:00+00:00,295.52,295.92,293.93,294.25,690.5
2025-06-12 10:00:00+00:00,294.25,294.67,292.48,293.68,3823.4
2025-06-12 10:30:00+00:00,293.68,294.65,293.2,294.46,1092.2
2025-06-12 11:00:00+00:00,294.46,294.81,292.44,292.77,2464.4
2025-06-12 11:30:00+00:00,292.77,294.29,292.33,293.31,1803.9
2025-06-12 12:00:00+00:00,293.31,294.35,292.12,292.92,1950.2
2025-06-12 12:30:00+00:00,292.92,296.13,292.88,295.05,2437.5
2025-06-12 13:00:00+00:00,295.05,296.65,294.07,295.56,3334.0
2025-06-12 13:30:00+00:00,295.56,297.76,294.97,296.38,1829.7
2025-06-12 14:00:00+00:00,296.38,298.56,295.51,297.1,2171.8
2025-06-12 14:30:00+00:00,297.1,300.02,296.99,299.03,2465.8
2025-06-12 15:00:00+00:00,299.03,301.34,297.3,298.67,2013.2
2025-06-12 15:30:00+00:00,298.67,300.33,296.34,297.01,2211.2
2025-06-12 16:00:00+00:00,297.01,302.42,296.68,301.97,1969.0
2025-06-12 16:30:00+00:00,301.97,303.18,300.0,303.03,1350.7
2025-06-12 17:00:00+00:00,303.03,307.14,302.38,306.69,2189.4
2025-06-12 17:30:00+00:00,306.69,309.13,305.86,306.6,2729.4
2025-06-12 18:00:00+00:00,306.6,306.6,301.54,301.82,4204.1
2025-06-12 18:30:00+00:00,301.82,303.53,299.86,301.68,2998.0
2025-06-12 19:00:00+00:00,301.68,302.49,300.33,301.25,1007.6
2025-06-12 19:30:00+00:00,301.25,301.25,295.44,297.06,1690.7
2025-06-12 20:00:00+00:00,297.06,298.8,296.39,298.01,1419.8
2025-06-12 20:30:00+00:00,298.01,298.05,288.39,290.02,7683.5
2025-06-12 21:00:00+00:00,290.02,293.23,288.86,293.22,3958.4
2025-06-12 21:30:00+00:00,293.22,293.33,289.18,289.45,1381.5
2025-06-12 22:00:00+00:00,289.45,291.31,289.15,290.69,898.7
2025-06-12 22:30:00+00:00,290.69,291.35,288.69,290.11,716.6
2025-06-12 23:00:00+00:00,290.11,295.89,290.11,295.63,2600.8
2025-06-12 23:30:00+00:00,295.63,295.74,293.57,293.67,1600.7
2025-06-13 00:00:00+00:00,293.67,293.96,280.65,280.65,19417.4
2025-06-13 00:30:00+00:00,280.65,281.62,274.84,275.82,13819.6
2025-06-13 01:00:00+00:00,275.82,275.82,268.5,270.43,10906.7
2025-06-13 01:30:00+00:00,270.43,270.75,265.92,267.12,5564.8
2025-06-13 02:00:00+00:00,267.12,267.63,264.64,267.11,9714.4
2025-06-13 02:30:00+00:00,267.11,268.32,262.43,266.76,7004.4
2025-06-13 03:00:00+00:00,266.76,270.26,266.2,269.0,4350.2
2025-06-13 03:30:00+00:00,269.0,274.22,268.42,272.39,3057.4
2025-06-13 04:00:00+00:00,272.39,272.39,266.08,267.8,9245.9
2025-06-13 04:30:00+00:00,267.8,270.52,267.17,269.25,2490.3
2025-06-13 05:00:00+00:00,269.25,270.3,267.93,269.69,4139.7
2025-06-13 05:30:00+00:00,269.69,274.22,269.6,273.0,6780.1
2025-06-13 06:00:00+00:00,273.0,274.55,269.34,269.83,5173.6
2025-06-13 06:30:00+00:00,269.83,278.88,269.83,278.88,4685.3
2025-06-13 07:00:00+00:00,278.88,283.66,277.57,283.57,6275.1
2025-06-13 07:30:00+00:00,283.57,285.59,280.26,280.68,4427.7
2025-06-13 08:00:00+00:00,280.68,285.52,280.23,283.19,4485.6
2025-06-13 08:30:00+00:00,283.19,284.89,280.81,283.45,6696.0
2025-06-13 09:00:00+00:00,283.45,284.34,279.75,282.82,2681.4
2025-06-13 09:30:00+00:00,282.82,287.84,281.55,286.47,4920.7
2025-06-13 10:00:00+00:00,286.47,287.44,283.6,283.69,4865.3
2025-06-13 10:30:00+00:00,283.69,288.09,283.28,284.69,6943.1
2025-06-13 11:00:00+00:00,284.69,285.38,282.34,282.72,3878.9
2025-06-13 11:30:00+00:00,282.72,285.23,282.11,284.54,4210.8
2025-06-13 12:00:00+00:00,284.54,285.11,282.2,283.45,3000.8
2025-06-13 12:30:00+00:00,283.45,285.27,280.36,280.48,2156.8
2025-06-13 13:00:00+00:00,280.48,282.97,278.82,281.68,2770.8
2025-06-13 13:30:00+00:00,281.68,285.83,281.09,282.85,3699.4
2025-06-13 14:00:00+00:00,282.85,284.62,276.77,277.62,9118.3
2025-06-13 14:30:00+00:00,277.62,283.44,277.17,283.3,4044.2
2025-06-13 15:00:00+00:00,283.3,285.74,281.29,285.4,6932.6
2025-06-13 15:30:00+00:00,285.4,287.9,283.46,284.5,3853.6
2025-06-13 16:00:00+00:00,284.5,289.06,283.12,284.71,5991.4
2025-06-13 16:30:00+00:00,284.71,285.4,282.31,284.05,2726.4
2025-06-13 17:00:00+00:00,284.05,284.05,279.49,279.49,3931.7
2025-06-13 17:30:00+00:00,279.49,282.26,278.92,282.06,1974.4
2025-06-13 18:00:00+00:00,282.06,282.51,278.72,279.33,2193.5
2025-06-13 18:30:00+00:00,279.33,281.07,277.33,280.5,4629.9
2025-06-13 19:00:00+00:00,280.5,283.33,279.39,281.44,1787.9
2025-06-13 19:30:00+00:00,281.44,281.85,280.08,281.07,576.8
2025-06-13 20:00:00+00:00,281.07,281.25,278.28,280.06,1936.4
2025-06-13 20:30:00+00:00,280.06,282.69,279.72,281.88,928.3
2025-06-13 21:00:00+00:00,281.88,283.73,281.09,283.38,1332.7
2025-06-13 21:30:00+00:00,283.38,283.93,282.48,283.45,612.2
2025-06-13 22:00:00+00:00,283.45,285.84,283.45,285.62,3578.6
2025-06-13 22:30:00+00:00,285.62,288.25,285.61,288.14,700.0
2025-06-13 23:00:00+00:00,288.14,291.06,286.92,289.51,6789.7
2025-06-13 23:30:00+00:00,289.51,291.36,288.73,291.0,1567.6
2025-06-14 00:00:00+00:00,291.0,291.09,285.15,286.33,4188.1
2025-06-14 00:30:00+00:00,286.33,287.82,286.03,286.87,1428.5
2025-06-14 01:00:00+00:00,286.87,289.32,286.73,288.67,2012.9
2025-06-14 01:30:00+00:00,288.67,290.78,287.55,288.59,2639.9
2025-06-14 02:00:00+00:00,288.59,289.57,287.38,289.08,1799.7
2025-06-14 02:30:00+00:00,289.08,289.67,288.02,289.04,1053.6
2025-06-14 03:00:00+00:00,289.04,289.26,288.22,288.74,390.6
2025-06-14 03:30:00+00:00,288.74,289.09,286.53,286.61,849.4
2025-06-14 04:00:00+00:00,286.61,287.23,285.75,286.13,860.1
2025-06-14 04:30:00+00:00,286.13,286.99,285.77,286.29,514.7
2025-06-14 05:00:00+00:00,286.29,286.57,285.04,286.23,1530.3
2025-06-14 05:30:00+00:00,286.23,286.52,285.39,285.61,605.8
2025-06-14 06:00:00+00:00,285.61,286.94,285.41,285.47,1075.1
2025-06-14 06:30:00+00:00,285.47,285.96,283.74,283.76,888.1
2025-06-14 07:00:00+00:00,283.76,283.89,277.35,278.3,6280.9
2025-06-14 07:30:00+00:00,278.3,280.1,277.72,277.74,1734.3
2025-06-14 08:00:00+00:00,277.74,278.04,275.03,276.56,4073.5
2025-06-14 08:30:00+00:00,276.56,276.65,274.74,276.06,3413.7
2025-06-14 09:00:00+00:00,276.06,276.42,274.62,275.19,1526.8
2025-06-14 09:30:00+00:00,275.19,276.27,273.54,273.73,3525.4
2025-06-14 10:00:00+00:00,273.73,274.98,273.24,274.98,1241.1
2025-06-14 10:30:00+00:00,274.98,276.09,274.87,275.8,2305.0
2025-06-14 11:00:00+00:00,275.8,277.06,274.63,276.93,1676.7
2025-06-14 11:30:00+00:00,276.93,278.32,276.41,277.78,1427.7
2025-06-14 12:00:00+00:00,277.78,277.78,274.43,274.95,2441.7
2025-06-14 12:30:00+00:00,274.95,276.48,274.57,276.29,1034.9
2025-06-14 13:00:00+00:00,276.29,278.35,275.94,277.48,2484.8
2025-06-14 13:30:00+00:00,277.48,277.48,274.81,275.5,1684.0
2025-06-14 14:00:00+00:00,275.5,275.81,275.06,275.51,685.1
2025-06-14 14:30:00+00:00,275.51,275.91,274.19,274.72,905.1
2025-06-14 15:00:00+00:00,274.72,275.51,273.65,273.9,1299.0
2025-06-14 15:30:00+00:00,273.9,274.05,270.79,272.2,3814.0
2025-06-14 16:00:00+00:00,272.2,273.23,271.03,271.03,2193.2
2025-06-14 16:30:00+00:00,271.03,271.51,268.1,269.77,6801.6
2025-06-14 17:00:00+00:00,269.77,272.34,269.08,271.93,2932.2
2025-06-14 17:30:00+00:00,271.93,272.45,269.48,271.28,3931.2
2025-06-14 18:00:00+00:00,271.28,272.79,269.91,270.05,1439.8
2025-06-14 18:30:00+00:00,270.05,271.12,267.97,270.58,4274.9
2025-06-14 19:00:00+00:00,270.58,272.1,270.45,271.93,661.2
2025-06-14 19:30:00+00:00,271.93,274.22,271.84,272.62,1309.6
2025-06-14 20:00:00+00:00,272.62,273.65,271.3,272.4,1955.2
2025-06-14 20:30:00+00:00,272.4,273.85,271.98,273.17,915.8
2025-06-14 21:00:00+00:00,273.17,276.92,272.96,276.87,1448.4
2025-06-14 21:30:00+00:00,276.87,277.6,276.07,276.19,1444.0
2025-06-14 22:00:00+00:00,276.19,278.34,276.15,277.78,1269.3
2025-06-14 22:30:00+00:00,277.78,278.51,276.44,277.92,871.4
2025-06-14 23:00:00+00:00,277.92,278.61,276.93,277.43,560.4
2025-06-14 23:30:00+00:00,277.43,277.67,274.91,274.97,1099.0
2025-06-15 00:00:00+00:00,274.97,276.43,274.97,275.35,1794.4
2025-06-15 00:30:00+00:00,275.35,277.75,275.05,277.71,2012.4
2025-06-15 01:00:00+00:00,277.71,278.29,275.29,275.95,2348.3
2025-06-15 01:30:00+00:00,275.95,276.08,275.2,275.46,614.5
2025-06-15 02:00:00+00:00,275.46,276.42,275.46,275.77,548.3
2025-06-15 02:30:00+00:00,275.77,276.28,274.7,274.75,594.7
2025-06-15 03:00:00+00:00,274.75,275.16,274.23,274.85,802.6
2025-06-15 03:30:00+00:00,274.85,275.88,274.36,275.21,346.1
2025-06-15 04:00:00+00:00,275.21,276.85,275.1,276.8,792.8
2025-06-15 04:30:00+00:00,276.8,277.34,276.19,277.28,471.0
2025-06-15 05:00:00+00:00,277.28,277.28,274.72,275.13,908.4
2025-06-15 05:30:00+00:00,275.13,277.0,274.92,277.0,1407.6
2025-06-15 06:00:00+00:00,277.0,277.47,273.31,273.54,1501.5
2025-06-15 06:30:00+00:00,273.54,274.23,272.46,272.83,1150.8
2025-06-15 07:00:00+00:00,272.83,273.24,271.92,272.7,790.7
2025-06-15 07:30:00+00:00,272.7,273.26,271.71,272.86,1728.5
2025-06-15 08:00:00+00:00,272.86,273.61,272.03,272.48,844.0
2025-06-15 08:30:00+00:00,272.48,272.54,271.44,272.01,1852.6
2025-06-15 09:00:00+00:00,272.01,272.01,270.37,270.84,896.0
2025-06-15 09:30:00+00:00,270.84,272.27,270.29,271.42,1064.8
2025-06-15 10:00:00+00:00,271.42,274.6,271.42,273.82,2002.6
2025-06-15 10:30:00+00:00,273.82,275.34,273.34,275.06,965.3
2025-06-15 11:00:00+00:00,275.06,275.99,274.5,274.73,1030.7
2025-06-15 11:30:00+00:00,274.73,276.65,274.63,275.61,1418.9
2025-06-15 12:00:00+00:00,275.61,276.79,275.56,275.94,2508.3
2025-06-15 12:30:00+00:00,275.94,277.05,275.11,277.0,1697.3
2025-06-15 13:00:00+00:00,277.0,278.65,276.48,276.77,9458.4
2025-06-15 13:30:00+00:00,276.77,277.49,275.65,277.11,4265.3
2025-06-15 14:00:00+00:00,277.11,277.25,275.55,275.78,2280.4
2025-06-15 14:30:00+00:00,275.78,277.44,275.26,275.93,1533.0
2025-06-15 15:00:00+00:00,275.93,276.31,274.8,275.72,4061.6
2025-06-15 15:30:00+00:00,275.72,276.14,273.57,273.89,2467.1
2025-06-15 16:00:00+00:00,273.89,275.16,273.02,273.85,1130.0
2025-06-15 16:30:00+00:00,273.85,274.92,273.16,274.65,996.9
2025-06-15 17:00:00+00:00,274.65,274.72,273.3,273.62,453.9
2025-06-15 17:30:00+00:00,273.62,274.56,272.43,274.11,1010.4
2025-06-15 18:00:00+00:00,274.11,274.34,272.64,273.15,432.1
2025-06-15 18:30:00+00:00,273.15,273.91,272.58,272.8,516.8
2025-06-15 19:00:00+00:00,272.8,273.84,272.39,272.9,396.6
2025-06-15 19:30:00+00:00,272.9,273.42,271.42,272.86,1660.8
2025-06-15 20:00:00+00:00,272.86,272.88,268.71,268.9,1394.9
2025-06-15 20:30:00+00:00,268.9,269.57,266.24,267.95,3737.0
2025-06-15 21:00:00+00:00,267.95,268.75,266.56,268.7,847.7
2025-06-15 21:30:00+00:00,268.7,268.86,267.06,268.32,510.2
2025-06-15 22:00:00+00:00,268.32,272.21,267.78,271.8,1698.8
2025-06-15 22:30:00+00:00,271.8,272.67,270.58,271.85,733.1
2025-06-15 23:00:00+00:00,271.85,273.79,271.75,273.67,819.6
2025-06-15 23:30:00+00:00,273.67,275.07,273.29,274.84,436.0
2025-06-16 00:00:00+00:00,274.84,275.27,273.14,273.76,1653.1
2025-06-16 00:30:00+00:00,273.76,274.07,272.82,273.97,566.7
2025-06-16 01:00:00+00:00,273.97,274.4,271.74,272.45,1726.2
2025-06-16 01:30:00+00:00,272.45,276.96,271.69,276.56,2117.5
2025-06-16 02:00:00+00:00,276.56,280.35,276.56,278.94,6176.1
2025-06-16 02:30:00+00:00,278.94,279.23,276.96,278.7,2332.0
2025-06-16 03:00:00+00:00,278.7,280.13,277.03,280.04,2605.6
2025-06-16 03:30:00+00:00,280.04,280.05,277.48,277.66,2627.3
2025-06-16 04:00:00+00:00,277.66,279.58,277.14,278.17,2525.9
2025-06-16 04:30:00+00:00,278.17,278.77,277.34,277.99,1650.0
2025-06-16 05:00:00+00:00,277.99,280.3,277.33,280.26,1132.6
2025-06-16 05:30:00+00:00,280.26,289.59,280.02,283.84,12372.8
2025-06-16 06:00:00+00:00,283.84,286.91,282.89,286.75,1917.1
2025-06-16 06:30:00+00:00,286.75,288.76,286.19,286.66,1902.5
2025-06-16 07:00:00+00:00,286.66,290.98,286.66,289.93,5181.2
2025-06-16 07:30:00+00:00,289.93,291.65,287.92,289.25,6260.2
2025-06-16 08:00:00+00:00,289.25,291.31,287.12,287.28,1914.6
2025-06-16 08:30:00+00:00,287.28,288.28,286.6,287.18,1201.6
2025-06-16 09:00:00+00:00,287.18,287.72,285.41,285.63,2281.7
2025-06-16 09:30:00+00:00,285.63,287.41,285.2,287.21,1234.6
2025-06-16 10:00:00+00:00,287.21,289.3,287.0,288.64,1679.6
2025-06-16 10:30:00+00:00,288.64,289.2,284.29,285.49,3926.4
2025-06-16 11:00:00+00:00,285.49,285.49,281.71,282.17,3661.2
2025-06-16 11:30:00+00:00,282.17,287.09,281.86,285.47,2316.5
2025-06-16 12:00:00+00:00,285.47,285.6,283.42,284.5,1056.0
2025-07-03 04:00:00+00:00,272.99,274.94,272.61,274.57,2661.63513
2025-07-03 04:30:00+00:00,274.57,275.43,274.11,274.79,4202.07338
2025-07-03 05:00:00+00:00,274.79,279.12,274.73,278.87,8433.89843
2025-07-03 05:30:00+00:00,278.87,281.51,278.69,279.9,4802.72212
2025-07-03 06:00:00+00:00,279.9,281.48,279.12,281.32,5979.30407
2025-07-03 06:30:00+00:00,281.32,281.61,280.16,280.3,2592.6683
2025-07-03 07:00:00+00:00,280.3,281.54,279.56,281.49,2900.47282
2025-07-03 07:30:00+00:00,281.49,282.56,280.42,282.4,3917.94895
2025-07-03 08:00:00+00:00,282.4,283.15,281.66,282.0,8319.07483
2025-07-03 08:30:00+00:00,282.0,282.2,279.85,279.85,3489.02641
2025-07-03 09:00:00+00:00,279.85,281.46,279.63,280.8,2058.35531
2025-07-03 09:30:00+00:00,280.8,284.75,280.43,282.14,15164.43688
2025-07-03 10:00:00+00:00,282.14,282.52,278.27,279.15,16586.11239
2025-07-03 10:30:00+00:00,279.15,280.3,278.17,280.15,4825.57625
2025-07-03 11:00:00+00:00,280.15,280.82,279.21,279.5,3228.62904
2025-07-03 11:30:00+00:00,279.5,280.8,278.48,280.8,4337.45079
2025-07-03 12:00:00+00:00,280.8,283.0,280.38,282.98,10292.47107
2025-07-03 12:30:00+00:00,282.98,284.12,275.61,277.79,22155.88502
2025-07-03 13:00:00+00:00,277.79,279.21,277.51,278.0,4150.10033
2025-07-03 13:30:00+00:00,278.0,285.48,278.0,283.43,14515.25512
2025-07-03 14:00:00+00:00,283.43,284.67,281.74,282.98,7924.79977
2025-07-03 14:30:00+00:00,282.98,283.13,280.27,280.78,9901.11665
2025-07-03 15:00:00+00:00,280.78,281.01,277.66,277.66,5953.38429
2025-07-03 15:30:00+00:00,277.66,278.45,274.43,275.44,9184.16872
2025-07-03 16:00:00+00:00,275.44,277.76,275.26,276.32,7961.57523
2025-07-03 16:30:00+00:00,276.32,279.26,276.15,278.38,9489.20338
2025-07-03 17:00:00+00:00,278.38,280.51,278.29,278.66,3264.91165
2025-07-03 17:30:00+00:00,278.66,279.77,278.66,278.9,1104.79256
2025-07-03 18:00:00+00:00,278.9,279.72,277.81,279.42,1938.39295
2025-07-03 18:30:00+00:00,279.42,279.42,277.61,278.3,1300.29968
2025-07-03 19:00:00+00:00,278.3,280.09,278.13,279.68,1853.92624
2025-07-03 19:30:00+00:00,279.68,279.68,278.67,278.96,818.30144
2025-07-03 20:00:00+00:00,278.96,280.72,278.66,280.59,1661.33878
2025-07-03 20:30:00+00:00,280.59,280.92,279.84,280.66,2928.78779
2025-07-03 21:00:00+00:00,280.66,281.7,279.83,280.71,2786.90681
2025-07-03 21:30:00+00:00,280.71,281.4,280.07,280.89,681.99993
2025-07-03 22:00:00+00:00,280.89,281.09,280.3,280.5,439.13956
2025-07-03 22:30:00+00:00,280.5,280.82,279.92,280.06,841.66844
2025-07-03 23:00:00+00:00,280.06,280.56,278.94,278.97,1330.16105
2025-07-03 23:30:00+00:00,278.97,279.42,278.85,279.23,3008.32125
2025-07-04 00:00:00+00:00,279.23,280.52,279.09,280.26,1749.2519
2025-07-04 00:30:00+00:00,280.26,282.07,280.09,281.0,3935.71703
2025-07-04 01:00:00+00:00,281.0,282.77,280.53,282.14,2283.83886
2025-07-04 01:30:00+00:00,282.14,282.38,279.44,279.56,4608.54548
2025-07-04 02:00:00+00:00,279.56,279.7,278.73,278.81,6793.21346
2025-07-04 02:30:00+00:00,278.81,279.12,276.44,276.94,9107.28951
2025-07-04 03:00:00+00:00,276.94,278.23,276.31,277.88,2133.14267
2025-07-04 03:30:00+00:00,277.88,277.95,276.57,276.64,1494.16318
2025-07-04 04:00:00+00:00,276.64,277.36,275.73,276.32,1868.54923
2025-07-04 04:30:00+00:00,276.32,276.32,274.49,274.62,4996.09109
2025-07-04 05:00:00+00:00,274.62,276.14,274.57,276.14,3508.15711
2025-07-04 05:30:00+00:00,276.14,277.15,274.92,274.92,3186.49641
2025-07-04 06:00:00+00:00,274.92,275.12,272.79,273.28,4894.85899
2025-07-04 06:30:00+00:00,273.28,274.78,273.18,273.22,2439.16667
2025-07-04 07:00:00+00:00,273.22,274.38,271.0,271.48,8455.30033
2025-07-04 07:30:00+00:00,271.48,271.67,269.63,270.01,11875.89401
2025-07-04 08:00:00+00:00,270.01,270.8,267.92,270.64,7331.68684
2025-07-04 08:30:00+00:00,270.64,271.44,269.94,270.49,3454.74232
2025-07-04 09:00:00+00:00,270.49,271.9,270.31,271.82,35201.41942
2025-07-04 09:30:00+00:00,271.82,271.82,269.86,270.22,10686.1686
2025-07-04 10:00:00+00:00,270.22,271.14,269.26,269.62,1133.11705
2025-07-04 10:30:00+00:00,269.62,269.84,268.52,268.68,1709.65105
2025-07-04 11:00:00+00:00,268.68,270.05,268.56,269.91,3050.89899
2025-07-04 11:30:00+00:00,269.91,269.91,268.23,268.42,921.82736
2025-07-04 12:00:00+00:00,268.42,269.32,268.17,269.09,1411.10554
2025-07-04 12:30:00+00:00,269.09,269.09,267.34,267.88,2283.8102
2025-07-04 13:00:00+00:00,267.88,269.05,266.52,266.75,2288.26981
2025-07-04 13:30:00+00:00,266.75,267.46,265.14,265.25,8912.59664
2025-07-04 14:00:00+00:00,265.25,265.32,261.21,264.36,12918.39448
2025-07-04 14:30:00+00:00,264.36,264.61,262.69,262.88,8575.83114
2025-07-04 15:00:00+00:00,262.88,263.5,260.53,261.8,6816.09758
2025-07-04 15:30:00+00:00,261.8,262.7,261.19,261.8,11027.76361
2025-07-04 16:00:00+00:00,261.8,262.14,258.56,259.57,14764.54929
2025-07-04 16:30:00+00:00,259.57,261.64,258.4,261.63,4346.57932
2025-07-04 17:00:00+00:00,261.63,262.48,261.0,261.49,2669.70212
2025-07-04 17:30:00+00:00,261.49,262.99,261.14,262.87,2120.81757
2025-07-04 18:00:00+00:00,262.87,262.87,261.06,261.3,1853.40548
2025-07-04 18:30:00+00:00,261.3,262.48,261.3,261.87,1407.79042
2025-07-04 19:00:00+00:00,261.87,262.46,261.11,261.11,2735.35985
2025-07-04 19:30:00+00:00,261.11,261.82,261.11,261.48,1828.48204
2025-07-04 20:00:00+00:00,261.48,263.71,261.08,263.35,4715.11475
2025-07-04 20:30:00+00:00,263.35,263.99,262.64,262.89,2719.77341
2025-07-04 21:00:00+00:00,262.89,263.72,262.58,263.3,5028.37741
2025-07-04 21:30:00+00:00,263.3,263.69,262.32,263.44,2757.04557
2025-07-04 22:00:00+00:00,263.44,265.73,263.25,265.73,7570.02523
2025-07-04 22:30:00+00:00,265.73,267.61,265.73,267.59,5261.34401
2025-07-04 23:00:00+00:00,267.59,267.59,265.31,265.69,2199.5817
2025-07-04 23:30:00+00:00,265.69,266.24,265.21,265.61,1277.66045
2025-07-05 00:00:00+00:00,265.61,267.48,265.3,267.42,1673.33773
2025-07-05 00:30:00+00:00,267.42,267.48,266.63,267.1,672.33692
2025-07-05 01:00:00+00:00,267.1,267.1,265.55,265.81,1410.64279
2025-07-05 01:30:00+00:00,265.81,266.99,265.61,266.99,1357.03943
2025-07-05 02:00:00+00:00,266.99,267.04,265.8,265.81,3505.16928
2025-07-05 02:30:00+00:00,265.81,268.03,264.88,267.84,2969.35299
2025-07-05 03:00:00+00:00,267.84,269.42,267.71,269.27,1948.57535
2025-07-05 03:30:00+00:00,269.27,269.77,267.91,268.12,1651.41312
2025-07-05 04:00:00+00:00,268.12,268.75,267.1,268.75,1158.9535
2025-07-05 04:30:00+00:00,268.75,268.75,267.01,267.01,757.32673
2025-07-05 05:00:00+00:00,267.01,268.06,266.82,267.98,615.89776
2025-07-05 05:30:00+00:00,267.98,268.28,267.39,268.26,755.9103
2025-07-05 06:00:00+00:00,268.26,269.74,267.64,269.57,1040.34027
2025-07-05 06:30:00+00:00,269.57,270.35,268.95,270.32,2972.67746
2025-07-05 07:00:00+00:00,270.32,271.13,269.83,270.84,4143.0278
2025-07-05 07:30:00+00:00,270.84,271.08,269.85,270.24,1736.28953
2025-07-05 08:00:00+00:00,270.24,271.74,270.22,270.7,1812.7265
2025-07-05 08:30:00+00:00,270.7,270.74,269.4,270.5,3892.7398
2025-07-05 09:00:00+00:00,270.5,270.5,268.28,268.39,1878.58626
2025-07-05 09:30:00+00:00,268.39,270.43,268.02,270.04,1375.92314
2025-07-05 10:00:00+00:00,270.04,271.11,269.87,270.63,3453.40336
2025-07-05 10:30:00+00:00,270.63,271.68,270.17,271.03,1452.97288
2025-07-05 11:00:00+00:00,271.03,272.81,270.99,272.65,1778.57006
2025-07-05 11:30:00+00:00,272.65,275.4,272.65,273.34,24626.1598
2025-07-05 12:00:00+00:00,273.34,273.96,271.35,271.84,9752.13082
2025-07-05 12:30:00+00:00,271.84,273.23,270.99,272.9,6617.36875
2025-07-05 13:00:00+00:00,272.9,273.48,271.77,272.0,4355.70019
2025-07-05 13:30:00+00:00,272.0,272.0,270.66,270.78,5260.12559
2025-07-05 14:00:00+00:00,270.78,271.53,270.18,271.14,3844.91351
2025-07-05 14:30:00+00:00,271.14,271.64,270.43,271.49,1939.00002
2025-07-05 15:00:00+00:00,271.49,272.78,270.71,270.94,4377.23373
2025-07-05 15:30:00+00:00,270.94,271.53,269.71,269.87,5386.68963
2025-07-05 16:00:00+00:00,269.87,270.51,268.78,268.89,6013.82947
2025-07-05 16:30:00+00:00,268.89,269.02,267.66,268.85,6728.95292
2025-07-05 17:00:00+00:00,268.85,269.78,267.32,268.14,3748.94197
2025-07-05 17:30:00+00:00,268.14,269.57,267.5,268.87,1909.56916
2025-07-05 18:00:00+00:00,268.87,269.24,267.06,267.43,1528.24726
2025-07-05 18:30:00+00:00,267.43,267.99,267.02,267.36,1711.81464
2025-07-05 19:00:00+00:00,267.36,270.69,267.19,270.69,7619.78854
2025-07-05 19:30:00+00:00,270.69,271.94,270.34,271.19,2645.27241
2025-07-05 20:00:00+00:00,271.19,271.58,270.02,270.28,2132.85202
2025-07-05 20:30:00+00:00,270.28,272.65,270.14,272.65,1887.75715
2025-07-05 21:00:00+00:00,272.65,273.22,271.49,272.28,6124.7503
2025-07-05 21:30:00+00:00,272.28,274.51,272.28,274.3,1282.46179
2025-07-05 22:00:00+00:00,274.3,274.3,272.86,274.05,739.75823
2025-07-05 22:30:00+00:00,274.05,276.2,273.48,275.62,5220.06335
2025-07-05 23:00:00+00:00,275.62,276.5,274.65,274.93,7517.01592
2025-07-05 23:30:00+00:00,274.93,274.95,273.02,273.37,4001.84377
2025-07-06 00:00:00+00:00,273.37,273.63,272.18,272.86,8108.85453
2025-07-06 00:30:00+00:00,272.86,274.21,272.19,273.67,3510.46658
2025-07-06 01:00:00+00:00,273.67,273.69,271.92,271.92,4303.22392
2025-07-06 01:30:00+00:00,271.92,273.13,271.91,273.01,1280.40733
2025-07-06 02:00:00+00:00,273.01,273.45,272.41,272.72,1825.25324
2025-07-06 02:30:00+00:00,272.72,272.88,272.3,272.38,1577.56045
2025-07-06 03:00:00+00:00,272.38,272.76,271.78,271.78,1657.54305
2025-07-06 03:30:00+00:00,271.78,273.5,271.59,273.48,3118.19239
2025-07-06 04:00:00+00:00,273.48,273.95,272.28,272.39,1029.76194
2025-07-06 04:30:00+00:00,272.39,272.44,271.81,271.84,1304.61898
2025-07-06 05:00:00+00:00,271.84,272.21,271.54,272.05,1002.76577
2025-07-06 05:30:00+00:00,272.05,272.07,271.26,271.91,2833.67044
2025-07-06 06:00:00+00:00,271.91,273.63,271.76,272.79,4788.14106
2025-07-06 06:30:00+00:00,272.79,273.52,272.3,273.01,1656.29931
2025-07-06 07:00:00+00:00,273.01,273.12,271.7,272.02,1626.83145
2025-07-06 07:30:00+00:00,272.02,272.06,271.12,271.22,2330.5147
2025-07-06 08:00:00+00:00,271.22,271.32,269.93,270.12,9445.8794
2025-07-06 08:30:00+00:00,270.12,270.83,269.8,270.1,2902.49598
2025-07-06 09:00:00+00:00,270.1,270.9,269.81,270.84,1543.5253
2025-07-06 09:30:00+00:00,270.84,271.05,269.57,269.94,1516.82736
2025-07-06 10:00:00+00:00,269.94,271.59,269.75,271.49,5452.43062
2025-07-06 10:30:00+00:00,271.49,272.45,270.95,271.12,2328.19041
2025-07-06 11:00:00+00:00,271.12,271.47,270.63,271.35,1255.21187
2025-07-06 11:30:00+00:00,271.35,271.4,270.62,270.9,578.43928
2025-07-06 12:00:00+00:00,270.9,271.05,270.09,270.19,1176.63648
2025-07-06 12:30:00+00:00,270.19,272.33,270.19,272.33,2004.04915
2025-07-06 13:00:00+00:00,272.33,274.79,271.87,274.75,6066.57381
2025-07-06 13:30:00+00:00,274.75,278.63,274.63,276.81,21329.75346
2025-07-06 14:00:00+00:00,276.81,278.09,275.72,276.11,10079.0287
2025-07-06 14:30:00+00:00,276.11,278.22,276.06,277.57,7481.43064
2025-07-06 15:00:00+00:00,277.57,278.32,276.32,276.73,5340.82278
2025-07-06 15:30:00+00:00,276.73,277.2,274.8,275.77,4164.39097
2025-07-06 16:00:00+00:00,275.77,276.88,274.92,275.78,3525.53467
2025-07-06 16:30:00+00:00,275.78,276.26,274.7,275.83,1733.51812
2025-07-06 17:00:00+00:00,275.83,276.78,274.72,276.66,1798.81343
2025-07-06 17:30:00+00:00,276.66,277.16,276.1,276.34,5424.67586
2025-07-06 18:00:00+00:00,276.34,276.48,274.79,274.79,3558.61244
2025-07-06 18:30:00+00:00,274.79,275.35,273.22,274.4,3921.52995
2025-07-06 19:00:00+00:00,274.4,275.65,274.33,275.41,1212.03406
2025-07-06 19:30:00+00:00,275.41,276.4,274.52,276.4,789.60792
2025-07-06 20:00:00+00:00,276.4,278.37,276.33,278.03,2208.06767
2025-07-06 20:30:00+00:00,278.03,278.54,277.68,278.07,860.83586
2025-07-06 21:00:00+00:00,278.07,281.49,278.05,281.29,7936.17824
2025-07-06 21:30:00+00:00,281.29,290.26,281.26,287.86,21487.24045
2025-07-06 22:00:00+00:00,287.86,291.48,287.86,290.67,17887.93006
2025-07-06 22:30:00+00:00,290.67,290.7,287.18,287.53,8717.90699
2025-07-06 23:00:00+00:00,287.53,287.78,284.62,284.86,12224.6879
2025-07-06 23:30:00+00:00,284.86,287.45,284.32,287.39,10246.03262
2025-07-07 00:00:00+00:00,287.39,287.77,285.16,285.79,11541.57541
2025-07-07 00:30:00+00:00,285.79,286.92,285.51,286.35,2767.10345
2025-07-07 01:00:00+00:00,286.35,286.35,283.23,285.62,7833.35243
2025-07-07 01:30:00+00:00,285.62,287.13,285.37,285.55,4509.07111
2025-07-07 02:00:00+00:00,285.55,288.0,285.37,287.57,5453.39834
2025-07-07 02:30:00+00:00,287.57,287.57,286.01,286.9,6947.89253
2025-07-07 03:00:00+00:00,286.9,288.94,286.28,288.28,4429.53918
2025-07-07 03:30:00+00:00,288.28,288.53,286.98,287.13,3500.1658
2025-07-07 04:00:00+00:00,287.13,288.37,286.6,287.41,1521.9602
2025-07-07 04:30:00+00:00,287.41,288.86,286.88,288.02,3713.71691
2025-07-07 05:00:00+00:00,288.02,289.93,287.89,288.04,4313.86097
2025-07-07 05:30:00+00:00,288.04,288.23,286.88,287.89,8091.90237
2025-07-07 06:00:00+00:00,287.89,287.98,286.49,286.71,3607.40867
2025-07-07 06:30:00+00:00,286.71,287.06,285.39,285.92,5078.6159
2025-07-07 07:00:00+00:00,285.92,287.39,285.2,287.14,1802.88843
2025-07-07 07:30:00+00:00,287.14,287.48,286.37,287.14,1407.23068
2025-07-23 23:30:00+00:00,291.75,291.78,289.34,290.56,7910.4
2025-07-24 00:00:00+00:00,290.56,292.62,288.99,292.12,5886.0
2025-07-24 00:30:00+00:00,292.12,292.85,291.38,292.83,3909.4
2025-07-24 01:00:00+00:00,292.83,292.83,291.3,291.4,1902.0
2025-07-24 01:30:00+00:00,291.4,293.24,290.27,293.02,1880.6
2025-07-24 02:00:00+00:00,293.02,293.37,291.54,292.28,2259.6
2025-07-24 02:30:00+00:00,292.28,294.25,292.28,292.52,1513.4
2025-07-24 03:00:00+00:00,292.52,294.04,291.41,293.44,1523.2
2025-07-24 03:30:00+00:00,293.44,293.54,290.69,290.81,3078.4
2025-07-24 04:00:00+00:00,290.81,291.88,289.71,289.89,5257.8
2025-07-24 04:30:00+00:00,289.89,290.16,287.11,287.91,4713.6
2025-07-24 05:00:00+00:00,287.91,288.03,284.7,285.09,8680.0
2025-07-24 05:30:00+00:00,285.09,287.4,281.0,281.24,13736.2
2025-07-24 06:00:00+00:00,281.24,285.37,281.0,284.69,6764.2
2025-07-24 06:30:00+00:00,284.69,284.92,276.18,280.11,25446.6
2025-07-24 07:00:00+00:00,280.11,283.83,276.76,283.49,30543.8
2025-07-24 07:30:00+00:00,283.49,285.4,281.9,284.99,9869.2
2025-07-24 08:00:00+00:00,284.99,287.73,283.86,286.81,8595.0
2025-07-24 08:30:00+00:00,286.81,288.37,286.38,287.83,6779.0
2025-07-24 09:00:00+00:00,287.83,288.79,286.26,287.37,3406.8
2025-07-24 09:30:00+00:00,287.37,288.02,285.66,287.65,6965.2
2025-07-24 10:00:00+00:00,287.65,289.27,285.15,285.23,10319.0
2025-07-24 10:30:00+00:00,285.23,286.07,282.75,285.91,9656.6
2025-07-24 11:00:00+00:00,285.91,289.3,285.55,289.02,5390.2
2025-07-24 11:30:00+00:00,289.02,290.99,288.49,289.93,6477.4
2025-07-24 12:00:00+00:00,289.93,291.04,287.56,288.88,2923.2
2025-07-24 12:30:00+00:00,288.88,288.88,286.45,287.72,4642.0
2025-07-24 13:00:00+00:00,287.72,288.98,287.01,288.53,8253.8
2025-07-24 13:30:00+00:00,288.53,289.24,285.56,285.92,6219.8
2025-07-24 14:00:00+00:00,285.92,287.54,284.03,286.84,6456.8
2025-07-24 14:30:00+00:00,286.84,293.62,286.69,293.2,15058.4
2025-07-24 15:00:00+00:00,293.2,295.57,292.24,292.54,10615.8
2025-07-24 15:30:00+00:00,292.54,292.54,289.79,291.33,3792.6
2025-07-24 16:00:00+00:00,291.33,291.41,287.83,287.9,10499.0
2025-07-24 16:30:00+00:00,287.9,288.67,285.82,288.29,6271.4
2025-07-24 17:00:00+00:00,288.29,292.4,288.07,291.71,4152.0
2025-07-24 17:30:00+00:00,291.71,294.66,291.31,292.82,9789.2
2025-07-24 18:00:00+00:00,292.82,293.21,290.67,293.15,3238.4
2025-07-24 18:30:00+00:00,293.15,293.7,291.7,293.41,2863.6
2025-07-24 19:00:00+00:00,293.41,294.28,292.4,293.29,3375.8
2025-07-24 19:30:00+00:00,293.29,293.61,291.68,292.51,2206.6
2025-07-24 20:00:00+00:00,292.51,293.99,292.13,293.79,2560.6
2025-07-24 20:30:00+00:00,293.79,294.85,292.92,294.76,1643.4
2025-07-24 21:00:00+00:00,294.76,295.72,291.78,292.72,4473.6
2025-07-24 21:30:00+00:00,292.72,292.92,291.1,291.83,2424.4
2025-07-24 22:00:00+00:00,291.83,292.3,289.66,290.36,3812.8
2025-07-24 22:30:00+00:00,290.36,291.75,289.64,290.07,2697.6
2025-07-24 23:00:00+00:00,290.07,290.07,286.91,287.5,7086.8
2025-07-24 23:30:00+00:00,287.5,288.47,285.27,286.21,7593.0
2025-07-25 00:00:00+00:00,286.21,286.82,283.88,286.22,4808.2
2025-07-25 00:30:00+00:00,286.22,286.67,283.11,284.91,4004.0
2025-07-25 01:00:00+00:00,284.91,286.17,282.67,285.09,4691.0
2025-07-25 01:30:00+00:00,285.09,289.13,284.37,288.22,4742.6
2025-07-25 02:00:00+00:00,288.22,289.18,286.94,287.55,2977.2
2025-07-25 02:30:00+00:00,287.55,288.24,282.88,283.67,6719.8
2025-07-25 03:00:00+00:00,283.67,285.82,282.37,284.56,6647.6
2025-07-25 03:30:00+00:00,284.56,285.12,280.18,284.56,11283.6
2025-07-25 04:00:00+00:00,284.56,285.31,281.18,283.15,9582.4
2025-07-25 04:30:00+00:00,283.15,287.41,282.97,287.15,7556.6
2025-07-25 05:00:00+00:00,287.15,288.16,285.43,287.14,7448.4
2025-07-25 05:30:00+00:00,287.14,287.26,285.56,286.29,7938.8
2025-07-25 06:00:00+00:00,286.29,286.56,284.42,285.68,4297.0
2025-07-25 06:30:00+00:00,285.68,287.63,284.86,286.0,2325.0
2025-07-25 07:00:00+00:00,286.0,287.89,284.23,285.81,6413.4
2025-07-25 07:30:00+00:00,285.81,287.0,283.19,286.15,4745.6
2025-07-25 08:00:00+00:00,286.15,289.93,285.69,289.51,10440.4
2025-07-25 08:30:00+00:00,289.51,290.47,287.62,289.18,5163.6
2025-07-25 09:00:00+00:00,289.18,292.37,288.05,292.34,6911.6
2025-07-25 09:30:00+00:00,292.34,293.65,290.22,293.2,7380.6
2025-07-25 10:00:00+00:00,293.2,294.38,290.52,290.52,5130.4
2025-07-25 10:30:00+00:00,290.52,292.05,289.69,291.92,4639.4
2025-07-25 11:00:00+00:00,291.92,294.89,291.86,294.52,6075.4
2025-07-25 11:30:00+00:00,294.52,295.21,293.61,293.67,3130.8
2025-07-25 12:00:00+00:00,293.67,295.07,292.28,292.32,4643.6
2025-07-25 12:30:00+00:00,292.32,294.55,291.52,292.61,4922.0
2025-07-25 13:00:00+00:00,292.61,294.19,291.88,293.81,2251.0
2025-07-25 13:30:00+00:00,293.81,295.03,290.87,294.19,7331.6
2025-07-25 14:00:00+00:00,294.19,295.34,290.75,292.08,17364.6
2025-07-25 14:30:00+00:00,292.08,292.59,287.11,287.5,24414.2
2025-07-25 15:00:00+00:00,287.5,290.13,287.14,289.01,3590.6
2025-07-25 15:30:00+00:00,289.01,289.84,284.78,288.54,8792.2
2025-07-25 16:00:00+00:00,288.54,290.12,286.53,287.92,2037.2
2025-07-25 16:30:00+00:00,287.92,290.4,286.49,290.07,5430.8
2025-07-25 17:00:00+00:00,290.07,290.71,287.94,289.19,4118.8
2025-07-25 17:30:00+00:00,289.19,289.59,287.85,288.51,4253.0
2025-07-25 18:00:00+00:00,288.51,290.15,288.39,289.16,3227.6
2025-07-25 18:30:00+00:00,289.16,289.91,288.54,289.62,1182.6
2025-07-25 19:00:00+00:00,289.62,290.12,288.66,289.17,2054.8
2025-07-25 19:30:00+00:00,289.17,291.32,289.17,289.73,1950.6
2025-07-25 20:00:00+00:00,289.73,291.21,287.96,290.7,6388.4
2025-07-25 20:30:00+00:00,290.7,292.43,290.36,291.16,9235.2
2025-07-25 21:00:00+00:00,291.16,294.23,291.12,293.5,6499.6
2025-07-25 21:30:00+00:00,293.5,293.95,292.26,293.89,3233.6
2025-07-25 22:00:00+00:00,293.89,294.36,292.92,294.15,2219.8
2025-07-25 22:30:00+00:00,294.15,294.85,293.58,293.78,3381.6
2025-07-25 23:00:00+00:00,293.78,293.99,293.05,293.69,2162.8
2025-07-25 23:30:00+00:00,293.69,294.73,293.6,294.37,1863.4
2025-07-26 00:00:00+00:00,294.37,294.42,292.49,294.18,1779.6
2025-07-26 00:30:00+00:00,294.18,295.54,293.81,295.37,2741.0
2025-07-26 01:00:00+00:00,295.37,296.19,294.71,296.12,4740.4
2025-07-26 01:30:00+00:00,296.12,296.8,294.71,295.01,8175.0
2025-07-26 02:00:00+00:00,295.01,297.64,295.01,297.54,3199.2
2025-07-26 02:30:00+00:00,297.54,299.24,297.23,298.33,6603.6
2025-07-26 03:00:00+00:00,298.33,298.86,297.36,297.49,1913.0
2025-07-26 03:30:00+00:00,297.49,298.76,297.38,298.19,1745.0
2025-07-26 04:00:00+00:00,298.19,298.38,297.35,297.79,3565.0
2025-07-26 04:30:00+00:00,297.79,298.31,297.25,298.1,2467.8
2025-07-26 05:00:00+00:00,298.1,299.84,297.59,299.71,4733.0
2025-07-26 05:30:00+00:00,299.71,299.89,299.25,299.36,2034.2
2025-07-26 06:00:00+00:00,299.36,299.58,298.09,298.19,2159.2
2025-07-26 06:30:00+00:00,298.19,298.19,296.42,296.73,5594.0
2025-07-26 07:00:00+00:00,296.73,297.82,296.63,297.03,3262.8
2025-07-26 07:30:00+00:00,297.03,297.17,296.05,296.05,576.6
2025-07-26 08:00:00+00:00,296.05,297.66,296.05,297.54,3223.0
2025-07-26 08:30:00+00:00,297.54,298.61,296.99,297.95,3204.6
2025-07-26 09:00:00+00:00,297.95,298.55,296.78,296.92,4307.2
2025-07-26 09:30:00+00:00,296.92,297.49,296.74,297.18,1447.6
2025-07-26 10:00:00+00:00,297.18,297.61,296.48,297.42,1438.2
2025-07-26 10:30:00+00:00,297.42,299.23,297.3,298.01,5713.2
2025-07-26 11:00:00+00:00,298.01,298.6,297.4,297.66,1397.0
2025-07-26 11:30:00+00:00,297.66,298.06,296.26,296.56,1662.2
2025-07-26 12:00:00+00:00,296.56,296.72,295.32,296.01,2325.0
2025-07-26 12:30:00+00:00,296.01,296.92,295.54,296.57,1683.2
2025-07-26 13:00:00+00:00,296.57,297.48,295.89,297.16,1429.2
2025-07-26 13:30:00+00:00,297.16,298.21,296.91,296.95,1262.8
2025-07-26 14:00:00+00:00,296.95,297.81,295.8,295.9,2664.0
2025-07-26 14:30:00+00:00,295.9,296.33,294.34,294.41,9416.8
2025-07-26 15:00:00+00:00,294.41,295.3,293.41,294.0,6962.0
2025-07-26 15:30:00+00:00,294.0,295.19,293.7,295.05,4091.6
2025-07-26 16:00:00+00:00,295.05,295.92,293.89,295.08,4198.2
2025-07-26 16:30:00+00:00,295.08,295.76,293.78,294.52,1628.8
2025-07-26 17:00:00+00:00,294.52,295.1,293.62,294.96,1545.8
2025-07-26 17:30:00+00:00,294.96,294.96,293.72,294.07,1097.2
2025-07-26 18:00:00+00:00,294.07,295.92,293.3,295.82,2763.8
2025-07-26 18:30:00+00:00,295.82,296.59,295.34,296.04,2518.2
2025-07-26 19:00:00+00:00,296.04,297.43,295.95,297.07,1595.6
2025-07-26 19:30:00+00:00,297.07,297.86,296.78,297.57,1285.2
2025-07-26 20:00:00+00:00,297.57,297.57,296.22,296.22,1394.8
2025-07-26 20:30:00+00:00,296.22,296.89,296.09,296.64,380.0
2025-07-26 21:00:00+00:00,296.64,296.96,295.88,296.71,547.0
2025-07-26 21:30:00+00:00,296.71,297.48,296.56,297.32,842.4
2025-07-26 22:00:00+00:00,297.32,299.27,297.1,297.12,5130.4
2025-07-26 22:30:00+00:00,297.12,297.66,296.21,296.33,2903.4
2025-07-26 23:00:00+00:00,296.33,296.68,295.23,295.71,1445.2
2025-07-26 23:30:00+00:00,295.71,295.71,294.74,295.04,1133.6
2025-07-27 00:00:00+00:00,295.04,295.96,294.37,295.57,596.0
2025-07-27 00:30:00+00:00,295.57,296.11,294.86,295.93,1303.2
2025-07-27 01:00:00+00:00,295.93,298.16,295.44,297.77,1720.4
2025-07-27 01:30:00+00:00,297.77,298.32,296.27,296.45,2913.4
2025-07-27 02:00:00+00:00,296.45,297.77,296.04,296.61,2809.4
2025-07-27 02:30:00+00:00,296.61,297.58,295.71,296.99,2929.4
2025-07-27 03:00:00+00:00,296.99,297.45,295.97,296.56,4657.6
2025-07-27 03:30:00+00:00,296.56,296.75,296.09,296.15,1280.6
2025-07-27 04:00:00+00:00,296.15,296.8,295.34,296.66,1557.0
2025-07-27 04:30:00+00:00,296.66,297.48,296.44,297.16,1436.0
2025-07-27 05:00:00+00:00,297.16,299.38,296.96,299.08,6277.2
2025-07-27 05:30:00+00:00,299.08,299.5,297.86,298.27,5799.2
2025-07-27 06:00:00+00:00,298.27,298.54,297.24,297.43,2431.8
2025-07-27 06:30:00+00:00,297.43,297.88,296.03,296.51,2937.8
2025-07-27 07:00:00+00:00,296.51,297.01,295.83,296.55,1083.4
2025-07-27 07:30:00+00:00,296.55,296.71,295.41,296.04,3642.4
2025-07-27 08:00:00+00:00,296.04,296.48,295.36,295.47,7545.6
2025-07-27 08:30:00+00:00,295.47,297.11,294.63,296.71,7443.6
2025-07-27 09:00:00+00:00,296.71,296.71,295.59,295.63,2603.2
2025-07-27 09:30:00+00:00,295.63,296.07,294.09,294.75,3689.6
2025-07-27 10:00:00+00:00,294.75,296.0,294.62,295.16,4149.2
2025-07-27 10:30:00+00:00,295.16,299.0,295.04,298.51,8913.2
2025-07-27 11:00:00+00:00,298.51,298.92,297.6,297.78,2334.6
2025-07-27 11:30:00+00:00,297.78,297.95,295.7,296.27,4909.4
2025-07-27 12:00:00+00:00,296.27,297.48,295.8,296.12,3363.6
2025-07-27 12:30:00+00:00,296.12,297.16,294.92,297.15,2351.8
2025-07-27 13:00:00+00:00,297.15,298.17,296.27,296.55,4326.0
2025-07-27 13:30:00+00:00,296.55,296.88,295.42,295.94,2060.0
2025-07-27 14:00:00+00:00,295.94,297.47,295.69,296.62,1216.0
2025-07-27 14:30:00+00:00,296.62,296.83,294.95,296.22,1694.6
2025-07-27 15:00:00+00:00,296.22,296.61,294.6,296.01,1587.4
2025-07-27 15:30:00+00:00,296.01,297.23,295.93,297.22,1839.8
2025-07-27 16:00:00+00:00,297.22,299.21,297.22,299.18,3779.6
2025-07-27 16:30:00+00:00,299.18,300.57,297.07,297.83,8446.6
2025-07-27 17:00:00+00:00,297.83,299.09,296.86,298.92,3815.2
2025-07-27 17:30:00+00:00,298.92,300.47,298.2,300.24,2753.4
2025-07-27 18:00:00+00:00,300.24,300.67,298.97,300.35,8630.2
2025-07-27 18:30:00+00:00,300.35,301.95,299.69,300.73,11970.2
2025-07-27 19:00:00+00:00,300.73,301.24,298.8,299.72,6327.2
2025-07-27 19:30:00+00:00,299.72,299.99,297.87,298.4,14603.4
2025-07-27 20:00:00+00:00,298.4,300.14,298.4,299.58,3660.2
2025-07-27 20:30:00+00:00,299.58,299.71,297.76,297.88,2145.8
2025-07-27 21:00:00+00:00,297.88,299.72,297.6,299.65,1484.8
2025-07-27 21:30:00+00:00,299.65,300.89,299.1,300.8,817.4
2025-07-27 22:00:00+00:00,300.8,303.14,300.65,302.72,3770.0
2025-07-27 22:30:00+00:00,302.72,303.42,301.82,302.34,5084.0
2025-07-27 23:00:00+00:00,302.34,303.35,299.76,303.1,7529.2
2025-07-27 23:30:00+00:00,303.1,305.88,302.48,305.06,6801.4
2025-07-28 00:00:00+00:00,305.06,307.14,303.01,306.1,8798.6
2025-07-28 00:30:00+00:00,306.1,306.15,303.89,304.82,3208.8
2025-07-28 01:00:00+00:00,304.82,304.97,302.49,303.24,3434.8
2025-07-28 01:30:00+00:00,303.24,303.24,301.26,303.14,5827.8
2025-07-28 02:00:00+00:00,303.14,304.96,302.45,304.7,5998.2
2025-07-28 02:30:00+00:00,304.7,307.37,304.35,305.15,9251.0
2025-07-28 03:00:00+00:00,305.15,305.58,303.83,304.1,2202.0
2025-08-13 19:00:00+00:00,325.69,328.28,325.49,327.04,5187.8
2025-08-13 19:30:00+00:00,327.04,327.04,325.37,326.18,4594.0
2025-08-13 20:00:00+00:00,326.18,326.3,324.76,325.46,2642.6
2025-08-13 20:30:00+00:00,325.46,326.7,325.46,326.5,1999.8
2025-08-13 21:00:00+00:00,326.5,329.64,326.34,327.78,8446.2
2025-08-13 21:30:00+00:00,327.78,329.15,327.28,327.85,3315.0
2025-08-13 22:00:00+00:00,327.85,329.46,327.03,329.34,1856.0
2025-08-13 22:30:00+00:00,329.34,331.66,329.04,330.41,4191.6
2025-08-13 23:00:00+00:00,330.41,334.59,330.41,333.57,6865.6
2025-08-13 23:30:00+00:00,333.57,335.92,332.34,332.46,15740.0
2025-08-14 00:00:00+00:00,332.46,332.79,330.29,331.23,3373.2
2025-08-14 00:30:00+00:00,331.23,332.12,328.78,329.2,9128.4
2025-08-14 01:00:00+00:00,329.2,331.93,328.31,331.29,7152.2
2025-08-14 01:30:00+00:00,331.29,333.68,330.24,330.64,11243.2
2025-08-14 02:00:00+00:00,330.64,332.31,330.0,331.67,6459.0
2025-08-14 02:30:00+00:00,331.67,335.04,331.62,334.73,3853.0
2025-08-14 03:00:00+00:00,334.73,335.66,332.45,335.2,14066.2
2025-08-14 03:30:00+00:00,335.2,340.62,335.01,339.85,18979.4
2025-08-14 04:00:00+00:00,339.85,340.67,338.12,338.28,7471.4
2025-08-14 04:30:00+00:00,338.28,338.32,334.82,334.96,6250.8
2025-08-14 05:00:00+00:00,334.96,338.88,334.96,336.92,19953.6
2025-08-14 05:30:00+00:00,336.92,338.35,335.56,336.91,5117.2
2025-08-14 06:00:00+00:00,336.91,337.81,332.71,333.23,10247.0
2025-08-14 06:30:00+00:00,333.23,336.55,332.95,334.21,8523.0
2025-08-14 07:00:00+00:00,334.21,334.28,329.53,329.78,7213.6
2025-08-14 07:30:00+00:00,329.78,331.5,329.26,331.12,5080.6
2025-08-14 08:00:00+00:00,331.12,331.51,328.77,329.78,13598.2
2025-08-14 08:30:00+00:00,329.78,330.29,325.65,326.26,16245.8
2025-08-14 09:00:00+00:00,326.26,327.63,324.83,326.79,6415.0
2025-08-14 09:30:00+00:00,326.79,328.19,326.23,327.21,7317.15
2025-08-14 10:00:00+00:00,327.21,327.58,326.23,326.95,1000.2
2025-08-14 10:30:00+00:00,326.95,328.34,323.71,325.37,8779.35
2025-08-14 11:00:00+00:00,325.37,326.16,322.92,325.14,16380.45
2025-08-14 11:30:00+00:00,325.14,325.14,323.24,324.38,3314.85
2025-08-14 12:00:00+00:00,324.38,325.36,323.11,324.16,3343.35
2025-08-14 12:30:00+00:00,324.16,324.23,306.45,310.98,89847.3
2025-08-14 13:00:00+00:00,310.98,315.35,305.8,312.57,19687.95
2025-08-14 13:30:00+00:00,312.57,318.78,310.78,316.93,10933.05
2025-08-14 14:00:00+00:00,316.93,321.18,315.42,320.93,8467.8
2025-08-14 14:30:00+00:00,320.93,321.97,317.15,317.67,5207.1
2025-08-14 15:00:00+00:00,317.67,318.42,313.91,314.68,4779.75
2025-08-14 15:30:00+00:00,314.68,316.97,313.92,315.39,5217.9
2025-08-14 16:00:00+00:00,315.39,315.66,309.49,310.24,13422.15
2025-08-14 16:30:00+00:00,310.24,311.97,308.91,310.55,13903.95
2025-08-14 17:00:00+00:00,310.55,312.35,308.26,312.19,3537.0
2025-08-14 17:30:00+00:00,312.19,312.27,309.87,310.66,1934.4
2025-08-14 18:00:00+00:00,310.66,310.67,306.84,310.37,4231.65
2025-08-14 18:30:00+00:00,310.37,312.17,310.14,311.42,2903.4
2025-08-14 19:00:00+00:00,311.42,312.69,311.23,312.65,3367.5
2025-08-14 19:30:00+00:00,312.65,312.65,310.13,310.29,1204.65
2025-08-14 20:00:00+00:00,310.29,310.47,308.6,309.52,1686.9
2025-08-14 20:30:00+00:00,309.52,309.97,307.52,309.51,1804.05
2025-08-14 21:00:00+00:00,309.51,310.15,305.73,306.33,2334.6
2025-08-14 21:30:00+00:00,306.33,307.29,303.64,306.08,17284.05
2025-08-14 22:00:00+00:00,306.08,309.35,304.62,309.35,3624.75
2025-08-14 22:30:00+00:00,309.35,311.61,309.09,311.46,2951.7
2025-08-14 23:00:00+00:00,311.46,314.67,311.27,314.36,6718.5
2025-08-14 23:30:00+00:00,314.36,315.12,312.16,312.47,2163.9
2025-08-15 00:00:00+00:00,312.47,313.73,311.22,311.22,1332.15
2025-08-15 00:30:00+00:00,311.22,313.68,310.41,311.2,1896.15
2025-08-15 01:00:00+00:00,311.2,312.22,310.43,312.13,1332.0
2025-08-15 01:30:00+00:00,312.13,313.42,310.98,313.04,1013.55
2025-08-15 02:00:00+00:00,313.04,314.81,312.33,314.59,1531.17
2025-08-15 02:30:00+00:00,314.59,316.07,314.15,314.25,707.04
2025-08-15 03:00:00+00:00,314.25,315.81,313.38,315.68,1548.84
2025-08-15 03:30:00+00:00,315.68,316.85,315.3,316.35,1581.24
2025-08-15 04:00:00+00:00,316.35,317.72,314.24,314.57,3728.76
2025-08-15 04:30:00+00:00,314.57,314.85,312.57,313.16,4289.52
2025-08-15 05:00:00+00:00,313.16,313.52,311.26,312.12,646.08
2025-08-15 05:30:00+00:00,312.12,312.5,311.01,312.34,490.68
2025-08-15 06:00:00+00:00,312.34,313.9,311.54,313.51,1447.92
2025-08-15 06:30:00+00:00,313.51,315.0,312.6,312.64,3646.56
2025-08-15 07:00:00+00:00,312.64,313.0,311.43,312.36,5583.72
2025-08-15 07:30:00+00:00,312.36,312.86,309.71,310.96,4201.32
2025-08-15 08:00:00+00:00,310.96,312.58,310.29,312.32,1556.64
2025-08-15 08:30:00+00:00,312.32,313.14,311.11,312.12,1199.28
2025-08-15 09:00:00+00:00,312.12,312.77,310.47,310.72,941.64
2025-08-15 09:30:00+00:00,310.72,312.66,310.64,311.8,1672.2
2025-08-15 10:00:00+00:00,311.8,313.94,311.51,313.08,3440.88
2025-08-15 10:30:00+00:00,313.08,313.08,310.66,311.1,2718.96
2025-08-15 11:00:00+00:00,311.1,311.74,309.03,309.23,2179.2
2025-08-15 11:30:00+00:00,309.23,311.13,309.12,310.33,641.16
2025-08-15 12:00:00+00:00,310.33,311.6,308.65,309.59,2147.52
2025-08-15 12:30:00+00:00,309.59,313.32,308.13,310.64,6692.76
2025-08-15 13:00:00+00:00,310.64,310.9,309.14,310.73,3186.0
2025-08-15 13:30:00+00:00,310.73,311.1,306.5,306.8,5161.32
2025-08-15 14:00:00+00:00,306.8,308.82,304.33,304.42,5903.4
2025-08-15 14:30:00+00:00,304.42,304.61,300.05,300.05,8131.32
2025-08-15 15:00:00+00:00,300.05,300.52,296.5,296.68,4651.5
2025-08-15 15:30:00+00:00,296.68,297.74,294.38,295.3,18095.55
2025-08-15 16:00:00+00:00,295.3,297.12,293.65,296.46,11239.05
2025-08-15 16:30:00+00:00,296.46,298.48,296.13,297.61,2613.9
2025-08-15 17:00:00+00:00,297.61,299.38,295.32,298.19,6472.2
2025-08-15 17:30:00+00:00,298.19,298.49,295.96,297.0,4189.35
2025-08-15 18:00:00+00:00,297.0,298.08,296.33,297.19,921.9
2025-08-15 18:30:00+00:00,297.19,298.02,294.84,295.8,4627.8
2025-08-15 19:00:00+00:00,295.8,298.24,295.08,296.33,1666.65
2025-08-15 19:30:00+00:00,296.33,297.23,295.51,295.75,11665.8
2025-08-15 20:00:00+00:00,295.75,297.35,294.56,296.74,2055.75
2025-08-15 20:30:00+00:00,296.74,297.95,296.13,297.71,807.6
2025-08-15 21:00:00+00:00,297.71,298.58,295.93,297.39,1465.65
2025-08-15 21:30:00+00:00,297.39,298.37,296.93,298.33,2455.65
2025-08-15 22:00:00+00:00,298.33,298.67,296.98,298.12,1446.45
2025-08-15 22:30:00+00:00,298.12,302.08,297.76,302.03,3401.1
2025-08-15 23:00:00+00:00,302.03,302.76,297.93,299.57,7900.8
2025-08-15 23:30:00+00:00,299.57,300.09,298.73,300.04,805.65
2025-08-16 00:00:00+00:00,300.04,302.13,299.12,301.28,1487.55
2025-08-16 00:30:00+00:00,301.28,303.6,301.12,302.61,3228.9
2025-08-16 01:00:00+00:00,302.61,302.61,300.05,300.87,3075.9
2025-08-16 01:30:00+00:00,300.87,301.88,300.71,301.88,290.4
2025-08-16 02:00:00+00:00,301.88,302.25,300.59,301.93,323.85
2025-08-16 02:30:00+00:00,301.93,302.17,300.48,301.01,719.7
2025-08-16 03:00:00+00:00,301.01,301.78,300.38,300.45,451.05
2025-08-16 03:30:00+00:00,300.45,300.85,299.98,300.39,2715.75
2025-08-16 04:00:00+00:00,300.39,300.99,299.91,300.97,336.3
2025-08-16 04:30:00+00:00,300.97,301.61,300.41,301.58,690.75
2025-08-16 05:00:00+00:00,301.58,301.6,299.9,299.91,541.2
2025-08-16 05:30:00+00:00,299.91,300.09,298.98,299.12,857.4
2025-08-16 06:00:00+00:00,299.12,299.26,298.36,298.82,542.55
2025-08-16 06:30:00+00:00,298.82,299.02,297.87,298.45,851.55
2025-08-16 07:00:00+00:00,298.45,299.42,298.18,299.42,381.63
2025-08-16 07:30:00+00:00,299.42,300.41,298.67,298.97,6104.7
2025-08-16 08:00:00+00:00,298.97,299.46,297.82,297.82,5686.67
2025-08-16 08:30:00+00:00,297.82,298.62,295.68,295.68,6231.35
2025-08-16 09:00:00+00:00,295.68,296.84,295.16,295.25,2213.57
2025-08-16 09:30:00+00:00,295.25,295.55,291.96,292.05,8989.77
2025-08-16 10:00:00+00:00,292.05,293.2,291.69,292.78,5035.23
2025-08-16 10:30:00+00:00,292.78,292.91,291.59,291.99,1037.68
2025-08-16 11:00:00+00:00,291.99,293.48,291.63,291.82,1437.52
2025-08-16 11:30:00+00:00,291.82,292.71,291.33,291.42,1449.25
2025-08-16 12:00:00+00:00,291.42,291.88,290.17,291.13,1238.79
2025-08-16 12:30:00+00:00,291.13,292.99,291.13,292.89,1421.88
2025-08-16 13:00:00+00:00,292.89,294.31,292.8,293.33,2950.18
2025-08-16 13:30:00+00:00,293.33,293.79,290.24,290.64,8545.56
2025-08-16 14:00:00+00:00,290.64,292.08,290.31,291.67,4449.41
2025-08-16 14:30:00+00:00,291.67,293.28,290.54,293.17,2492.71
2025-08-16 15:00:00+00:00,293.17,294.38,292.37,293.97,3079.89
2025-08-16 15:30:00+00:00,293.97,294.23,292.53,293.5,2301.97
2025-08-16 16:00:00+00:00,293.5,295.87,293.18,295.3,2527.22
2025-08-16 16:30:00+00:00,295.3,295.35,293.36,294.91,793.73
2025-08-16 17:00:00+00:00,294.91,295.11,292.82,293.61,936.7
2025-08-16 17:30:00+00:00,293.61,294.14,293.14,293.63,730.15
2025-08-16 18:00:00+00:00,293.63,295.13,293.14,294.59,950.81
2025-08-16 18:30:00+00:00,294.59,295.31,293.95,294.99,859.86
2025-08-16 19:00:00+00:00,294.99,295.5,294.76,295.47,911.37
2025-08-16 19:30:00+00:00,295.47,296.72,295.24,295.24,2194.36
2025-08-16 20:00:00+00:00,295.24,297.01,294.55,296.32,677.28
2025-08-16 20:30:00+00:00,296.32,297.01,295.74,296.45,3169.31
2025-08-16 21:00:00+00:00,296.45,296.45,295.05,295.95,1039.55
2025-08-16 21:30:00+00:00,295.95,295.95,295.18,295.18,532.1
2025-08-16 22:00:00+00:00,295.18,295.65,294.6,295.04,556.75
2025-08-16 22:30:00+00:00,295.04,296.13,295.04,295.51,409.87
2025-08-16 23:00:00+00:00,295.51,295.84,294.41,294.47,600.78
2025-08-16 23:30:00+00:00,294.47,295.89,294.27,295.62,417.18
2025-08-17 00:00:00+00:00,295.62,295.64,294.56,294.69,716.38
2025-08-17 00:30:00+00:00,294.69,295.39,294.39,294.8,524.45
2025-08-17 01:00:00+00:00,294.8,295.22,294.03,295.0,775.71
2025-08-17 01:30:00+00:00,295.0,297.03,294.89,295.45,4227.73
2025-08-17 02:00:00+00:00,295.45,296.01,294.25,295.78,2125.17
2025-08-17 02:30:00+00:00,295.78,296.59,295.3,296.39,2916.18
2025-08-17 03:00:00+00:00,296.39,296.65,295.23,295.39,557.26
2025-08-17 03:30:00+00:00,295.39,298.17,295.22,297.84,2334.95
2025-08-17 04:00:00+00:00,297.84,299.32,297.63,299.23,2324.75
2025-08-17 04:30:00+00:00,299.23,302.0,299.23,301.61,4063.68
2025-08-17 05:00:00+00:00,301.61,301.95,300.65,301.22,1348.61
2025-08-17 05:30:00+00:00,301.22,301.26,299.26,299.33,957.61
2025-08-17 06:00:00+00:00,299.33,301.83,299.33,301.11,900.83
2025-08-17 06:30:00+00:00,301.11,301.62,300.67,301.18,882.13
2025-08-17 07:00:00+00:00,301.18,301.93,299.66,301.09,2079.44
2025-08-17 07:30:00+00:00,301.09,301.83,300.25,301.36,1497.7
2025-08-17 08:00:00+00:00,301.36,302.5,300.98,301.75,2488.46
2025-08-17 08:30:00+00:00,301.75,306.84,301.72,306.69,6447.93
2025-08-17 09:00:00+00:00,306.69,307.59,305.34,305.95,6495.7
2025-08-17 09:30:00+00:00,305.95,306.49,304.96,305.83,1404.2
2025-08-17 10:00:00+00:00,305.83,308.01,305.4,306.07,4426.46
2025-08-17 10:30:00+00:00,306.07,308.23,305.96,308.01,1526.6
2025-08-17 11:00:00+00:00,308.01,308.01,306.25,307.16,676.94
2025-08-17 11:30:00+00:00,307.16,309.35,306.92,309.2,5866.53
2025-08-17 12:00:00+00:00,309.2,309.29,305.55,306.53,10910.09
2025-08-17 12:30:00+00:00,306.53,306.61,304.81,305.11,5249.6
2025-08-17 13:00:00+00:00,305.11,305.26,303.33,303.96,3895.89
2025-08-17 13:30:00+00:00,303.96,305.36,303.62,304.03,1948.2
2025-08-17 14:00:00+00:00,304.03,305.86,303.38,305.8,2274.6
2025-08-17 14:30:00+00:00,305.8,308.82,305.33,308.3,3483.3
2025-08-17 15:00:00+00:00,308.3,308.68,306.83,307.9,5318.96
2025-08-17 15:30:00+00:00,307.9,310.52,307.87,310.29,3305.82
2025-08-17 16:00:00+00:00,310.29,310.79,307.44,308.89,6222.0
2025-08-17 16:30:00+00:00,308.89,309.07,305.5,306.21,3897.42
2025-08-17 17:00:00+00:00,306.21,306.94,304.94,305.8,1796.05
2025-08-17 17:30:00+00:00,305.8,306.69,304.9,305.37,3877.7
2025-08-17 18:00:00+00:00,305.37,305.58,304.25,304.5,2946.44
2025-08-17 18:30:00+00:00,304.5,304.69,299.72,302.35,18824.95
2025-08-17 19:00:00+00:00,302.35,303.67,301.76,303.13,4140.35
2025-08-17 19:30:00+00:00,303.13,303.35,301.05,301.31,3438.93
2025-08-17 20:00:00+00:00,301.31,302.42,301.17,302.25,1820.87
2025-08-17 20:30:00+00:00,302.25,302.8,300.96,301.11,628.49
2025-08-17 21:00:00+00:00,301.11,302.0,300.74,301.26,1363.74
2025-08-17 21:30:00+00:00,301.26,301.97,300.73,301.5,1401.82
2025-08-17 22:00:00+00:00,301.5,303.98,301.08,303.98,2727.82
2025-08-17 22:30:00+00:00,303.98,305.79,303.95,304.76,1183.54
2025-09-03 14:30:00+00:00,325.52,328.58,325.52,327.36,9723.4
2025-09-03 15:00:00+00:00,327.36,327.67,324.52,324.75,2931.8
2025-09-03 15:30:00+00:00,324.75,326.05,324.53,325.26,4064.2
2025-09-03 16:00:00+00:00,325.26,326.24,324.65,325.58,1869.4
2025-09-03 16:30:00+00:00,325.58,325.84,324.09,325.27,2022.6
2025-09-03 17:00:00+00:00,325.27,328.04,325.25,327.46,2418.0
2025-09-03 17:30:00+00:00,327.46,327.83,325.65,325.65,1752.8
2025-09-03 18:00:00+00:00,325.65,325.92,324.9,325.88,2795.6
2025-09-03 18:30:00+00:00,325.88,326.03,324.68,325.95,1601.8
2025-09-03 19:00:00+00:00,325.95,326.88,324.88,326.8,2182.2
2025-09-03 19:30:00+00:00,326.8,328.79,326.66,327.67,10966.4
2025-09-03 20:00:00+00:00,327.67,328.4,326.53,327.32,8103.4
2025-09-03 20:30:00+00:00,327.32,328.36,326.75,327.35,4776.8
2025-09-03 21:00:00+00:00,327.35,327.78,326.92,327.78,1515.0
2025-09-03 21:30:00+00:00,327.78,327.92,326.26,326.67,1511.2
2025-09-03 22:00:00+00:00,326.67,328.39,326.47,327.97,2451.8
2025-09-03 22:30:00+00:00,327.97,328.73,327.58,328.53,941.8
2025-09-03 23:00:00+00:00,328.53,328.71,327.88,328.25,597.8
2025-09-03 23:30:00+00:00,328.25,328.35,327.61,327.69,898.6
2025-09-04 00:00:00+00:00,327.69,330.62,327.41,329.59,5771.0
2025-09-04 00:30:00+00:00,329.59,331.64,325.67,325.75,29544.4
2025-09-04 01:00:00+00:00,325.75,326.27,324.35,326.06,5254.4
2025-09-04 01:30:00+00:00,326.06,326.75,325.75,326.75,1570.6
2025-09-04 02:00:00+00:00,326.75,327.11,325.73,325.86,2157.0
2025-09-04 02:30:00+00:00,325.86,326.25,324.24,324.33,5134.2
2025-09-04 03:00:00+00:00,324.33,325.97,323.45,324.4,3820.2
2025-09-04 03:30:00+00:00,324.4,324.68,323.26,324.18,2112.8
2025-09-04 04:00:00+00:00,324.18,324.56,321.98,322.3,6890.6
2025-09-04 04:30:00+00:00,322.3,322.76,321.67,321.89,2340.2
2025-09-04 05:00:00+00:00,321.89,321.89,320.51,320.89,4119.6
2025-09-04 05:30:00+00:00,320.89,321.36,319.92,321.23,2759.2
2025-09-04 06:00:00+00:00,321.23,321.47,319.46,320.39,8236.0
2025-09-04 06:30:00+00:00,320.39,320.39,318.2,318.68,3284.4
2025-09-04 07:00:00+00:00,318.68,320.43,318.24,318.36,2419.6
2025-09-04 07:30:00+00:00,318.36,318.94,317.5,317.64,3187.4
2025-09-04 08:00:00+00:00,317.64,319.62,317.57,318.91,4425.6
2025-09-04 08:30:00+00:00,318.91,319.2,317.49,317.57,960.6
2025-09-04 09:00:00+00:00,317.57,319.84,317.57,319.55,3287.2
2025-09-04 09:30:00+00:00,319.55,321.88,319.4,321.88,4102.8
2025-09-04 10:00:00+00:00,321.88,324.25,321.61,323.13,7471.8
2025-09-04 10:30:00+00:00,323.13,324.49,322.87,323.03,2836.4
2025-09-04 11:00:00+00:00,323.03,324.56,322.05,322.78,3665.2
2025-09-04 11:30:00+00:00,322.78,323.78,321.84,322.08,3211.6
2025-09-04 12:00:00+00:00,322.08,323.7,321.24,323.42,6610.2
2025-09-04 12:30:00+00:00,323.42,324.87,320.98,324.83,5169.2
2025-09-04 13:00:00+00:00,324.83,324.83,322.21,322.88,1996.6
2025-09-04 13:30:00+00:00,322.88,323.53,319.79,320.54,7132.8
2025-09-04 14:00:00+00:00,320.54,320.82,317.04,319.49,16113.4
2025-09-04 14:30:00+00:00,319.49,320.84,316.72,316.89,18712.6
2025-09-04 15:00:00+00:00,316.89,317.05,312.48,312.52,25712.0
2025-09-04 15:30:00+00:00,312.52,312.62,308.37,308.66,15092.2
2025-09-04 16:00:00+00:00,308.66,310.33,307.78,308.2,5954.2
2025-09-04 16:30:00+00:00,308.2,308.89,308.06,308.31,3464.2
2025-09-04 17:00:00+00:00,308.31,309.93,307.26,309.59,18493.8
2025-09-04 17:30:00+00:00,309.59,309.75,308.3,308.94,3133.6
2025-09-04 18:00:00+00:00,308.94,310.04,308.01,308.1,2327.8
2025-09-04 18:30:00+00:00,308.1,309.62,307.57,307.92,2411.4
2025-09-04 19:00:00+00:00,307.92,308.88,307.51,307.75,2002.2
2025-09-04 19:30:00+00:00,307.75,307.9,305.78,306.92,8392.6
2025-09-04 20:00:00+00:00,306.92,309.61,306.38,309.33,4401.2
2025-09-04 20:30:00+00:00,309.33,309.41,308.0,308.26,1319.8
2025-09-04 21:00:00+00:00,308.26,308.89,307.39,308.41,2456.8
2025-09-04 21:30:00+00:00,308.41,310.08,308.28,309.9,1468.4
2025-09-04 22:00:00+00:00,309.9,310.28,308.78,309.48,2335.6
2025-09-04 22:30:00+00:00,309.48,310.91,309.12,309.89,2432.0
2025-09-04 23:00:00+00:00,309.89,310.36,308.5,308.64,1829.0
2025-09-04 23:30:00+00:00,308.64,308.64,306.27,306.38,5961.0
2025-09-05 00:00:00+00:00,306.38,307.48,305.95,306.58,3178.0
2025-09-05 00:30:00+00:00,306.58,307.25,305.69,305.72,6002.6
2025-09-05 01:00:00+00:00,305.72,306.92,305.47,306.75,1935.0
2025-09-05 01:30:00+00:00,306.75,308.13,306.32,307.41,4410.2
2025-09-05 02:00:00+00:00,307.41,308.48,305.66,306.89,7099.8
2025-09-05 02:30:00+00:00,306.89,308.07,306.24,307.92,3042.8
2025-09-05 03:00:00+00:00,307.92,308.11,306.6,307.14,2563.6
2025-09-05 03:30:00+00:00,307.14,308.83,306.67,308.72,1582.6
2025-09-05 04:00:00+00:00,308.72,308.93,307.04,307.42,1752.0
2025-09-05 04:30:00+00:00,307.42,308.81,307.31,308.32,1959.2
2025-09-05 05:00:00+00:00,308.32,308.7,307.69,308.4,1912.0
2025-09-05 05:30:00+00:00,308.4,308.85,307.7,308.57,2090.8
2025-09-05 06:00:00+00:00,308.57,308.89,307.34,307.51,4050.8
2025-09-05 06:30:00+00:00,307.51,308.23,307.31,307.98,1141.6
2025-09-05 07:00:00+00:00,307.98,311.68,307.93,311.18,11740.2
2025-09-05 07:30:00+00:00,311.18,312.17,310.39,311.21,17803.6
2025-09-05 08:00:00+00:00,311.21,311.27,307.74,308.34,12824.8
2025-09-05 08:30:00+00:00,308.34,310.46,308.24,309.8,9110.6
2025-09-05 09:00:00+00:00,309.8,310.89,308.94,309.36,5431.4
2025-09-05 09:30:00+00:00,309.36,310.88,309.13,310.31,1484.4
2025-09-05 10:00:00+00:00,310.31,310.61,309.77,309.81,1721.2
2025-09-05 10:30:00+00:00,309.81,310.26,309.81,309.96,2662.4
2025-09-05 11:00:00+00:00,309.96,310.57,309.88,310.09,3482.2
2025-09-05 11:30:00+00:00,310.09,310.68,310.0,310.3,3006.8
2025-09-05 12:00:00+00:00,310.3,311.07,309.22,311.03,3478.2
2025-09-05 12:30:00+00:00,311.03,313.52,307.67,312.28,53221.6
2025-09-05 13:00:00+00:00,312.28,313.16,310.34,311.67,7448.4
2025-09-05 13:30:00+00:00,311.67,312.69,310.66,311.07,6411.6
2025-09-05 14:00:00+00:00,311.07,311.09,301.91,302.5,35391.6
2025-09-05 14:30:00+00:00,302.5,302.68,298.07,299.54,25101.8
2025-09-05 15:00:00+00:00,299.54,302.9,298.48,301.69,10016.4
2025-09-05 15:30:00+00:00,301.69,303.06,300.61,301.56,4379.8
2025-09-05 16:00:00+00:00,301.56,302.85,300.91,302.29,2190.4
2025-09-05 16:30:00+00:00,302.29,303.68,302.27,302.62,2009.6
2025-09-05 17:00:00+00:00,302.62,302.69,301.56,302.21,1465.0
2025-09-05 17:30:00+00:00,302.21,303.1,301.08,303.08,2119.8
2025-09-05 18:00:00+00:00,303.08,303.32,301.89,302.98,1309.6
2025-09-05 18:30:00+00:00,302.98,304.48,302.82,304.36,2941.4
2025-09-05 19:00:00+00:00,304.36,305.11,303.57,304.74,3050.6
2025-09-05 19:30:00+00:00,304.74,305.16,303.49,305.16,1366.4
2025-09-05 20:00:00+00:00,305.16,305.64,304.08,304.97,1796.6
2025-09-05 20:30:00+00:00,304.97,306.91,304.97,306.91,3179.4
2025-09-05 21:00:00+00:00,306.91,307.02,303.2,304.29,7025.4
2025-09-05 21:30:00+00:00,304.29,305.14,302.38,302.51,5868.2
2025-09-05 22:00:00+00:00,302.51,302.82,301.9,302.45,1865.8
2025-09-05 22:30:00+00:00,302.45,303.77,302.32,303.53,2393.8
2025-09-05 23:00:00+00:00,303.53,304.05,302.14,302.42,2125.0
2025-09-05 23:30:00+00:00,302.42,302.58,301.92,302.12,3150.8
2025-09-06 00:00:00+00:00,302.12,303.33,301.63,302.87,1831.2
2025-09-06 00:30:00+00:00,302.87,304.56,302.86,303.07,4183.0
2025-09-06 01:00:00+00:00,303.07,303.15,302.32,302.46,1456.2
2025-09-06 01:30:00+00:00,302.46,303.53,302.38,302.55,880.6
2025-09-06 02:00:00+00:00,302.55,302.91,301.83,302.15,499.8
2025-09-06 02:30:00+00:00,302.15,302.62,301.66,302.02,1322.0
2025-09-06 03:00:00+00:00,302.02,302.35,301.38,302.08,1705.4
2025-09-06 03:30:00+00:00,302.08,302.55,301.82,302.2,846.6
2025-09-06 04:00:00+00:00,302.2,302.22,300.86,301.01,2578.4
2025-09-06 04:30:00+00:00,301.01,301.36,300.47,300.62,1740.8
2025-09-06 05:00:00+00:00,300.62,300.82,299.86,300.04,2211.2
2025-09-06 05:30:00+00:00,300.04,301.82,299.68,301.82,5080.0
2025-09-06 06:00:00+00:00,301.82,302.06,301.21,301.45,1295.0
2025-09-06 06:30:00+00:00,301.45,301.54,301.05,301.52,884.4
2025-09-06 07:00:00+00:00,301.52,302.58,301.3,302.55,1733.0
2025-09-06 07:30:00+00:00,302.55,302.73,301.68,302.09,5016.6
2025-09-06 08:00:00+00:00,302.09,302.2,301.46,301.7,888.0
2025-09-06 08:30:00+00:00,301.7,302.1,301.53,301.82,2017.4
2025-09-06 09:00:00+00:00,301.82,301.82,300.52,300.52,2270.0
2025-09-06 09:30:00+00:00,300.52,300.55,299.88,299.88,1569.4
2025-09-06 10:00:00+00:00,299.88,300.25,299.26,299.78,1803.2
2025-09-06 10:30:00+00:00,299.78,300.69,299.59,300.07,2038.2
2025-09-06 11:00:00+00:00,300.07,300.15,298.88,299.37,4071.0
2025-09-06 11:30:00+00:00,299.37,299.37,298.79,299.14,2638.2
2025-09-06 12:00:00+00:00,299.14,299.7,298.91,299.23,1835.4
2025-09-06 12:30:00+00:00,299.23,299.77,299.23,299.43,762.4
2025-09-06 13:00:00+00:00,299.43,299.88,299.33,299.88,2550.2
2025-09-06 13:30:00+00:00,299.88,300.63,299.45,300.59,1579.6
2025-09-06 14:00:00+00:00,300.59,301.19,300.4,301.13,1572.4
2025-09-06 14:30:00+00:00,301.13,301.25,300.79,301.19,660.2
2025-09-06 15:00:00+00:00,301.19,301.34,299.25,299.55,4691.0
2025-09-06 15:30:00+00:00,299.55,300.14,298.45,298.81,4956.4
2025-09-06 16:00:00+00:00,298.81,300.35,298.52,300.02,7244.4
2025-09-06 16:30:00+00:00,300.02,301.38,299.95,300.84,2735.8
2025-09-06 17:00:00+00:00,300.84,301.12,299.19,299.35,5312.8
2025-09-06 17:30:00+00:00,299.35,299.85,299.04,299.83,1714.8
2025-09-06 18:00:00+00:00,299.83,300.43,299.51,300.35,1427.4
2025-09-06 18:30:00+00:00,300.35,300.35,299.31,299.5,906.4
2025-09-06 19:00:00+00:00,299.5,299.7,298.69,298.69,1370.6
2025-09-06 19:30:00+00:00,298.69,298.79,297.24,297.51,9735.4
2025-09-06 20:00:00+00:00,297.51,298.44,297.51,298.4,1367.2
2025-09-06 20:30:00+00:00,298.4,298.73,297.93,298.56,797.8
2025-09-06 21:00:00+00:00,298.56,298.56,297.77,298.08,1081.4
2025-09-06 21:30:00+00:00,298.08,298.97,298.0,298.97,980.0
2025-09-06 22:00:00+00:00,298.97,299.52,298.68,298.81,1327.4
2025-09-06 22:30:00+00:00,298.81,298.96,298.24,298.39,780.0
2025-09-06 23:00:00+00:00,298.39,298.76,297.61,298.54,3548.2
2025-09-06 23:30:00+00:00,298.54,298.68,298.07,298.28,359.4
2025-09-07 00:00:00+00:00,298.28,299.17,298.19,298.89,708.8
2025-09-07 00:30:00+00:00,298.89,300.34,298.51,299.98,3052.2
2025-09-07 01:00:00+00:00,299.98,300.73,299.63,300.68,2140.4
2025-09-07 01:30:00+00:00,300.68,301.22,300.35,300.86,3950.0
2025-09-07 02:00:00+00:00,300.86,300.86,300.16,300.62,1495.4
2025-09-07 02:30:00+00:00,300.62,300.73,299.89,300.54,4326.4
2025-09-07 03:00:00+00:00,300.54,301.77,300.28,301.44,3117.2
2025-09-07 03:30:00+00:00,301.44,301.57,300.57,301.31,2527.0
2025-09-07 04:00:00+00:00,301.31,302.32,301.3,302.01,2977.4
2025-09-07 04:30:00+00:00,302.01,302.16,301.61,301.98,2614.0
2025-09-07 05:00:00+00:00,301.98,302.61,301.82,302.59,3450.2
2025-09-07 05:30:00+00:00,302.59,302.6,301.61,302.22,3306.6
2025-09-07 06:00:00+00:00,302.22,302.48,301.57,301.62,374.4
2025-09-07 06:30:00+00:00,301.62,302.26,301.31,301.66,1497.6
2025-09-07 07:00:00+00:00,301.66,301.93,301.09,301.85,2327.6
2025-09-07 07:30:00+00:00,301.85,302.37,301.25,301.51,1723.2
2025-09-07 08:00:00+00:00,301.51,303.34,301.35,303.07,3104.2
2025-09-07 08:30:00+00:00,303.07,303.36,302.09,302.18,1840.8
2025-09-07 09:00:00+00:00,302.18,302.34,300.97,301.01,1914.6
2025-09-07 09:30:00+00:00,301.01,301.06,299.99,300.5,2150.8
2025-09-07 10:00:00+00:00,300.5,301.03,300.49,300.96,562.6
2025-09-07 10:30:00+00:00,300.96,301.48,300.92,301.26,852.2
2025-09-07 11:00:00+00:00,301.26,301.51,301.08,301.36,586.4
2025-09-07 11:30:00+00:00,301.36,302.52,301.31,302.46,1412.8
2025-09-07 12:00:00+00:00,302.46,302.53,300.81,300.91,1014.4
2025-09-07 12:30:00+00:00,300.91,300.95,299.5,299.98,9200.6
2025-09-07 13:00:00+00:00,299.98,300.59,299.35,300.29,4054.0
2025-09-07 13:30:00+00:00,300.29,301.25,299.98,300.17,3658.6
2025-09-07 14:00:00+00:00,300.17,300.94,299.2,300.23,3955.6
2025-09-07 14:30:00+00:00,300.23,300.88,299.62,300.3,2301.6
2025-09-07 15:00:00+00:00,300.3,300.31,299.5,299.73,3616.4
2025-09-07 15:30:00+00:00,299.73,300.68,298.9,299.74,14296.6
2025-09-07 16:00:00+00:00,299.74,300.26,299.2,299.58,2114.2
2025-09-07 16:30:00+00:00,299.58,299.72,298.93,299.29,1845.6
2025-09-07 17:00:00+00:00,299.29,299.84,298.41,298.49,2551.6
2025-09-07 17:30:00+00:00,298.49,299.75,298.2,299.03,1416.2
2025-09-07 18:00:00+00:00,299.03,299.74,298.87,298.97,1360.2
2025-09-24 10:00:00+00:00,277.18,277.79,276.41,276.52,3052.53185
2025-09-24 10:30:00+00:00,276.52,279.5,276.27,279.0,23580.4966
2025-09-24 11:00:00+00:00,279.0,279.53,277.66,279.2,9049.16531
2025-09-24 11:30:00+00:00,279.2,279.66,278.16,279.12,2071.11912
2025-09-24 12:00:00+00:00,279.12,280.39,278.66,280.04,4788.68842
2025-09-24 12:30:00+00:00,280.04,280.59,279.52,279.76,2898.24307
2025-09-24 13:00:00+00:00,279.76,280.64,279.66,279.99,2218.82644
2025-09-24 13:30:00+00:00,279.99,280.4,277.41,277.54,5934.09987
2025-09-24 14:00:00+00:00,277.54,279.01,277.54,278.43,1716.33006
2025-09-24 14:30:00+00:00,278.43,281.17,278.06,279.76,2970.15997
2025-09-24 15:00:00+00:00,279.76,280.1,278.54,279.22,8342.59304
2025-09-24 15:30:00+00:00,279.22,279.51,277.62,277.84,2477.50339
2025-09-24 16:00:00+00:00,277.84,279.06,277.22,279.0,4204.99855
2025-09-24 16:30:00+00:00,279.0,279.2,278.33,278.69,1433.88057
2025-09-24 17:00:00+00:00,278.69,278.83,277.82,278.13,1048.08188
2025-09-24 17:30:00+00:00,278.13,279.52,278.01,278.92,1381.60472
2025-09-24 18:00:00+00:00,278.92,279.24,278.25,279.15,614.52018
2025-09-24 18:30:00+00:00,279.15,279.71,278.72,279.5,2951.08989
2025-09-24 19:00:00+00:00,279.5,279.66,278.26,278.27,782.16767
2025-09-24 19:30:00+00:00,278.27,278.91,277.64,278.48,1264.82033
2025-09-24 20:00:00+00:00,278.48,278.9,278.15,278.52,1011.31522
2025-09-24 20:30:00+00:00,278.52,279.1,277.68,278.74,2217.55673
2025-09-24 21:00:00+00:00,278.74,278.74,277.69,277.99,2105.4606
2025-09-24 21:30:00+00:00,277.99,278.06,276.03,276.45,1978.80645
2025-09-24 22:00:00+00:00,276.45,278.15,276.43,277.95,1663.95909
2025-09-24 22:30:00+00:00,277.95,278.44,277.63,277.96,1115.1066
2025-09-24 23:00:00+00:00,277.96,278.74,277.74,277.9,610.90432
2025-09-24 23:30:00+00:00,277.9,278.54,277.36,278.05,1930.1763
2025-09-25 00:00:00+00:00,278.05,279.22,276.88,277.13,2429.33896
2025-09-25 00:30:00+00:00,277.13,278.09,275.79,276.2,3610.88602
2025-09-25 01:00:00+00:00,276.2,277.17,275.17,275.84,4664.56312
2025-09-25 01:30:00+00:00,275.84,275.84,273.17,274.08,6471.24581
2025-09-25 02:00:00+00:00,274.08,275.71,271.94,273.35,4441.06491
2025-09-25 02:30:00+00:00,273.35,276.61,273.28,275.19,6459.49097
2025-09-25 03:00:00+00:00,275.19,275.19,270.36,270.61,3262.76406
2025-09-25 03:30:00+00:00,270.61,271.49,269.71,270.89,10183.80184
2025-09-25 04:00:00+00:00,270.89,271.94,267.79,269.56,10768.55934
2025-09-25 04:30:00+00:00,269.56,269.56,265.09,266.56,15117.90708
2025-09-25 05:00:00+00:00,266.56,269.2,265.1,269.1,6317.47691
2025-09-25 05:30:00+00:00,269.1,269.31,267.66,268.87,1872.9852
2025-09-25 06:00:00+00:00,268.87,269.16,266.2,266.9,4126.43548
2025-09-25 06:30:00+00:00,266.9,267.6,265.62,265.73,1563.64177
2025-09-25 07:00:00+00:00,265.73,267.95,265.44,267.43,3318.558
2025-09-25 07:30:00+00:00,267.43,268.4,266.07,266.37,2468.49403
2025-09-25 08:00:00+00:00,266.37,268.54,266.37,268.54,2326.2494
2025-09-25 08:30:00+00:00,268.54,268.55,266.41,267.55,2562.95343
2025-09-25 09:00:00+00:00,267.55,271.14,267.09,270.42,4679.84832
2025-09-25 09:30:00+00:00,270.42,271.7,268.67,268.87,5977.73415
2025-09-25 10:00:00+00:00,268.87,270.33,268.33,269.36,2494.79269
2025-09-25 10:30:00+00:00,269.36,269.5,267.1,267.19,1631.80589
2025-09-25 11:00:00+00:00,267.19,267.73,265.87,266.63,6077.93644
2025-09-25 11:30:00+00:00,266.63,267.09,265.08,265.19,5618.89342
2025-09-25 12:00:00+00:00,265.19,265.95,260.44,260.95,22862.28608
2025-09-25 12:30:00+00:00,260.95,266.54,259.78,264.64,17672.70206
2025-09-25 13:00:00+00:00,264.64,267.92,262.65,267.56,6037.35239
2025-09-25 13:30:00+00:00,267.56,267.81,263.8,265.67,6450.8668
2025-09-25 14:00:00+00:00,265.67,269.84,265.67,268.84,8343.04746
2025-09-25 14:30:00+00:00,268.84,269.95,267.95,268.26,2704.94913
2025-09-25 15:00:00+00:00,268.26,268.46,266.08,266.71,2058.64527
2025-09-25 15:30:00+00:00,266.71,269.04,266.63,268.37,1576.16381
2025-09-25 16:00:00+00:00,268.37,268.78,264.63,264.8,2814.13153
2025-09-25 16:30:00+00:00,264.8,265.76,262.35,262.97,4245.59453
2025-09-25 17:00:00+00:00,262.97,263.23,259.15,261.29,17358.69846
2025-09-25 17:30:00+00:00,261.29,261.66,256.0,257.28,42432.24598
2025-09-25 18:00:00+00:00,257.28,262.18,255.57,261.45,21969.61458
2025-09-25 18:30:00+00:00,261.45,264.7,260.83,264.63,6144.50242
2025-09-25 19:00:00+00:00,264.63,266.46,263.86,265.94,13224.82687
2025-09-25 19:30:00+00:00,265.94,266.28,263.17,263.29,2180.94621
2025-09-25 20:00:00+00:00,263.29,263.45,261.51,261.8,2222.90103
2025-09-25 20:30:00+00:00,261.8,261.88,260.12,260.12,6496.9489
2025-09-25 21:00:00+00:00,260.12,263.01,259.81,261.29,6652.34241
2025-09-25 21:30:00+00:00,261.29,262.55,259.33,262.32,3594.62075
2025-09-25 22:00:00+00:00,262.32,263.83,261.36,261.77,1960.42268
2025-09-25 22:30:00+00:00,261.77,261.77,259.71,260.5,1678.739
2025-09-25 23:00:00+00:00,260.5,262.11,259.86,260.5,4466.20375
2025-09-25 23:30:00+00:00,260.5,260.51,257.48,260.0,8250.99563
2025-09-26 00:00:00+00:00,260.0,262.99,260.0,262.48,1931.15208
2025-09-26 00:30:00+00:00,262.48,264.46,259.46,264.04,2915.48253
2025-09-26 01:00:00+00:00,264.04,265.61,263.24,264.2,3648.47333
2025-09-26 01:30:00+00:00,264.2,265.51,263.65,265.04,3240.26729
2025-09-26 02:00:00+00:00,265.04,266.16,263.79,264.82,2238.92853
2025-09-26 02:30:00+00:00,264.82,267.21,264.43,266.65,4858.98348
2025-09-26 03:00:00+00:00,266.65,267.24,264.7,265.59,1999.34538
2025-09-26 03:30:00+00:00,265.59,266.24,264.85,266.02,1868.45391
2025-09-26 04:00:00+00:00,266.02,266.31,263.15,263.24,2731.46418
2025-09-26 04:30:00+00:00,263.24,263.24,261.7,262.33,1378.46695
2025-09-26 05:00:00+00:00,262.33,264.47,262.13,263.83,1610.08987
2025-09-26 05:30:00+00:00,263.83,263.86,260.42,260.74,16068.55732
2025-09-26 06:00:00+00:00,260.74,263.0,260.07,262.03,4591.77293
2025-09-26 06:30:00+00:00,262.03,263.19,260.24,260.38,6550.20225
2025-09-26 07:00:00+00:00,260.38,262.85,260.38,261.53,2516.38536
2025-09-26 07:30:00+00:00,261.53,261.74,259.83,261.65,1837.48059
2025-09-26 08:00:00+00:00,261.65,262.5,260.33,260.93,2155.80669
2025-09-26 08:30:00+00:00,260.93,261.35,259.23,259.47,2627.37547
2025-09-26 09:00:00+00:00,259.47,262.03,259.04,261.31,6989.0141
2025-09-26 09:30:00+00:00,261.31,261.52,259.13,260.17,1659.65042
2025-09-26 10:00:00+00:00,260.17,260.42,257.25,257.8,6542.52036
2025-09-26 10:30:00+00:00,257.8,258.92,257.08,257.67,1583.42633
2025-09-26 11:00:00+00:00,257.67,257.9,256.14,257.12,4365.26427
2025-09-26 11:30:00+00:00,257.12,259.32,257.08,258.81,1101.75953
2025-09-26 12:00:00+00:00,258.81,259.01,256.54,258.77,1648.34808
2025-09-26 12:30:00+00:00,258.77,263.65,257.41,261.93,26312.5761
2025-09-26 13:00:00+00:00,261.93,262.14,260.09,260.39,2767.8538
2025-09-26 13:30:00+00:00,260.39,265.13,259.79,264.62,9085.85277
2025-09-26 14:00:00+00:00,264.62,265.05,262.38,263.27,5713.421
2025-09-26 14:30:00+00:00,263.27,264.51,262.15,262.91,7726.78122
2025-09-26 15:00:00+00:00,262.91,265.42,262.9,264.92,7361.66285
2025-09-26 15:30:00+00:00,264.92,265.59,264.52,265.05,2136.28998
2025-09-26 16:00:00+00:00,265.05,268.62,264.75,267.21,6554.43855
2025-09-26 16:30:00+00:00,267.21,268.75,266.86,268.65,2200.02843
2025-09-26 17:00:00+00:00,268.65,271.59,267.75,271.42,6773.20929
2025-09-26 17:30:00+00:00,271.42,271.47,269.74,270.68,2533.05303
2025-09-26 18:00:00+00:00,270.68,272.52,270.49,272.2,2726.3533
2025-09-26 18:30:00+00:00,272.2,272.29,270.7,271.48,1796.63032
2025-09-26 19:00:00+00:00,271.48,271.52,269.54,269.57,2220.29047
2025-09-26 19:30:00+00:00,269.57,269.9,268.58,269.42,3087.30939
2025-09-26 20:00:00+00:00,269.42,269.77,268.51,269.13,1170.30428
2025-09-26 20:30:00+00:00,269.13,269.33,268.56,268.85,955.74779
2025-09-26 21:00:00+00:00,268.85,270.33,268.47,270.33,1763.70349
2025-09-26 21:30:00+00:00,270.33,270.63,269.75,270.58,1136.80302
2025-09-26 22:00:00+00:00,270.58,271.17,270.37,270.38,1365.18085
2025-09-26 22:30:00+00:00,270.38,270.8,269.64,269.64,4820.80532
2025-09-26 23:00:00+00:00,269.64,270.16,269.05,270.05,937.95097
2025-09-26 23:30:00+00:00,270.05,270.8,269.97,270.6,1208.6607
2025-09-27 00:00:00+00:00,270.6,270.83,270.18,270.78,783.64293
2025-09-27 00:30:00+00:00,270.78,271.27,270.16,271.27,515.21133
2025-09-27 01:00:00+00:00,271.27,271.32,270.03,270.46,881.06758
2025-09-27 01:30:00+00:00,270.46,270.82,270.16,270.72,491.5929
2025-09-27 02:00:00+00:00,270.72,270.85,270.2,270.42,705.70374
2025-09-27 02:30:00+00:00,270.42,270.97,270.22,270.27,342.43839
2025-09-27 03:00:00+00:00,270.27,271.79,270.16,271.74,1144.23715
2025-09-27 03:30:00+00:00,271.74,272.09,270.51,270.58,926.16279
2025-09-27 04:00:00+00:00,270.58,270.77,270.23,270.57,698.73707
2025-09-27 04:30:00+00:00,270.57,270.57,269.58,269.88,227.80295
2025-09-27 05:00:00+00:00,269.88,269.88,268.99,269.06,549.02621
2025-09-27 05:30:00+00:00,269.06,269.54,268.94,269.19,1148.54041
2025-09-27 06:00:00+00:00,269.19,269.83,269.1,269.65,632.09506
2025-09-27 06:30:00+00:00,269.65,270.31,269.6,270.31,320.94097
2025-09-27 07:00:00+00:00,270.31,271.13,270.31,270.37,1267.30835
2025-09-27 07:30:00+00:00,270.37,270.56,269.99,270.16,986.49658
2025-09-27 08:00:00+00:00,270.16,270.25,268.59,269.23,3624.33996
2025-09-27 08:30:00+00:00,269.23,269.23,267.47,267.57,1314.74389
2025-09-27 09:00:00+00:00,267.57,267.93,266.52,266.79,1504.22498
2025-09-27 09:30:00+00:00,266.79,268.88,266.75,268.33,2380.70328
2025-09-27 10:00:00+00:00,268.33,268.57,267.53,267.78,399.24236
2025-09-27 10:30:00+00:00,267.78,269.54,267.78,268.97,963.83317
2025-09-27 11:00:00+00:00,268.97,268.97,268.33,268.69,333.71531
2025-09-27 11:30:00+00:00,268.69,268.81,268.04,268.06,2545.07965
2025-09-27 12:00:00+00:00,268.06,268.18,267.19,267.26,930.75703
2025-09-27 12:30:00+00:00,267.26,269.36,267.26,268.87,1476.1433
2025-09-27 13:00:00+00:00,268.87,268.93,267.54,267.93,1349.60847
2025-09-27 13:30:00+00:00,267.93,268.25,267.6,267.73,391.63087
2025-09-27 14:00:00+00:00,267.73,268.58,267.59,268.35,1339.70964
2025-09-27 14:30:00+00:00,268.35,268.56,267.46,267.73,586.10786
2025-09-27 15:00:00+00:00,267.73,267.73,266.22,267.2,1683.72744
2025-09-27 15:30:00+00:00,267.2,268.29,266.83,268.01,1470.76226
2025-09-27 16:00:00+00:00,268.01,268.07,266.63,266.91,979.87978
2025-09-27 16:30:00+00:00,266.91,267.2,266.02,266.62,1717.74612
2025-09-27 17:00:00+00:00,266.62,266.73,265.38,265.88,5346.5571
2025-09-27 17:30:00+00:00,265.88,266.78,265.74,266.58,1238.24586
2025-09-27 18:00:00+00:00,266.58,266.88,265.92,266.2,982.07801
2025-09-27 18:30:00+00:00,266.2,266.3,265.42,265.99,930.75456
2025-09-27 19:00:00+00:00,265.99,266.53,265.52,266.39,575.68016
2025-09-27 19:30:00+00:00,266.39,266.39,265.67,266.17,356.2623
2025-09-27 20:00:00+00:00,266.17,266.74,266.13,266.42,310.74889
2025-09-27 20:30:00+00:00,266.42,266.96,266.06,266.23,1375.50715
2025-09-27 21:00:00+00:00,266.23,266.63,266.13,266.63,368.36255
2025-09-27 21:30:00+00:00,266.63,267.53,266.63,267.48,346.08484
2025-09-27 22:00:00+00:00,267.48,268.8,267.26,268.79,754.40595
2025-09-27 22:30:00+00:00,268.79,268.82,266.94,267.21,658.76907
2025-09-27 23:00:00+00:00,267.21,267.7,266.51,266.65,719.92409
2025-09-27 23:30:00+00:00,266.65,266.86,266.19,266.29,385.17137
2025-09-28 00:00:00+00:00,266.29,267.08,265.2,266.84,1612.39311
2025-09-28 00:30:00+00:00,266.84,266.91,265.79,266.0,1452.66033
2025-09-28 01:00:00+00:00,266.0,266.18,265.33,265.63,1021.55893
2025-09-28 01:30:00+00:00,265.63,265.66,264.49,264.79,1862.50411
2025-09-28 02:00:00+00:00,264.79,265.91,264.75,265.58,1152.85613
2025-09-28 02:30:00+00:00,265.58,265.92,265.0,265.73,487.45889
2025-09-28 03:00:00+00:00,265.73,266.4,265.64,265.89,977.11136
2025-09-28 03:30:00+00:00,265.89,266.15,265.11,266.07,459.70609
2025-09-28 04:00:00+00:00,266.07,266.34,265.62,265.62,541.00626
2025-09-28 04:30:00+00:00,265.62,266.57,265.58,266.49,3632.95054
2025-09-28 05:00:00+00:00,266.49,267.22,266.13,267.22,377.53703
2025-09-28 05:30:00+00:00,267.22,267.3,266.08,266.18,420.97032
2025-09-28 06:00:00+00:00,266.18,266.5,264.81,264.81,4730.39581
2025-09-28 06:30:00+00:00,264.81,265.59,264.48,265.34,4986.15879
2025-09-28 07:00:00+00:00,265.34,266.67,265.25,266.35,1398.47888
2025-09-28 07:30:00+00:00,266.35,266.64,266.23,266.5,735.64001
2025-09-28 08:00:00+00:00,266.5,266.75,264.87,264.89,1221.17064
2025-09-28 08:30:00+00:00,264.89,265.43,264.4,264.47,1606.13924
2025-09-28 09:00:00+00:00,264.47,264.83,263.47,263.98,3744.84788
2025-09-28 09:30:00+00:00,263.98,264.67,263.75,263.8,940.67974
2025-09-28 10:00:00+00:00,263.8,263.8,262.65,262.78,3169.63262
2025-09-28 10:30:00+00:00,262.78,263.4,262.68,263.06,1121.19017
2025-09-28 11:00:00+00:00,263.06,263.06,261.0,261.21,8245.29794
2025-09-28 11:30:00+00:00,261.21,262.59,260.98,262.44,4951.23417
2025-09-28 12:00:00+00:00,262.44,262.51,261.54,261.68,821.93523
2025-09-28 12:30:00+00:00,261.68,261.89,260.87,261.61,2635.47835
2025-09-28 13:00:00+00:00,261.61,264.13,261.55,263.75,2332.47441
2025-09-28 13:30:00+00:00,263.75,265.39,263.75,265.23,1488.22884
2025-10-15 05:30:00+00:00,255.38,255.71,254.33,255.05,5139.10303
2025-10-15 06:00:00+00:00,255.05,255.28,252.61,253.42,2245.96813
2025-10-15 06:30:00+00:00,253.42,256.34,252.88,255.2,3149.63607
2025-10-15 07:00:00+00:00,255.2,256.52,254.35,255.69,3020.23937
2025-10-15 07:30:00+00:00,255.69,256.85,255.0,256.51,2970.18409
2025-10-15 08:00:00+00:00,256.51,259.07,256.26,259.04,7071.4827
2025-10-15 08:30:00+00:00,259.04,262.49,258.34,258.65,9222.31656
2025-10-15 09:00:00+00:00,258.65,258.92,256.19,256.29,3638.30171
2025-10-15 09:30:00+00:00,256.29,257.12,255.3,256.37,1040.91758
2025-10-15 10:00:00+00:00,256.37,256.76,254.61,255.2,3149.91342
2025-10-15 10:30:00+00:00,255.2,255.39,254.06,254.27,1874.28117
2025-10-15 11:00:00+00:00,254.27,254.62,251.84,253.64,4988.04564
2025-10-15 11:30:00+00:00,253.64,254.9,253.32,253.43,1805.52114
2025-10-15 12:00:00+00:00,253.43,254.16,250.36,250.95,7517.46357
2025-10-15 12:30:00+00:00,250.95,251.45,249.27,250.88,10163.2524
2025-10-15 13:00:00+00:00,250.88,250.88,248.75,249.29,2384.67995
2025-10-15 13:30:00+00:00,249.29,251.85,244.57,248.2,27928.51508
2025-10-15 14:00:00+00:00,248.2,251.65,248.2,249.36,6632.10064
2025-10-15 14:30:00+00:00,249.36,249.44,244.37,245.77,5547.35291
2025-10-15 15:00:00+00:00,245.77,246.89,244.18,245.24,5071.07665
2025-10-15 15:30:00+00:00,245.24,245.57,241.81,243.0,4887.74422
2025-10-15 16:00:00+00:00,243.0,244.8,242.05,244.36,3950.64106
2025-10-15 16:30:00+00:00,244.36,244.84,243.0,243.0,1681.33763
2025-10-15 17:00:00+00:00,243.0,243.07,239.64,239.95,10260.40121
2025-10-15 17:30:00+00:00,239.95,242.14,238.89,241.78,4227.10346
2025-10-15 18:00:00+00:00,241.78,242.4,240.4,241.58,4403.44174
2025-10-15 18:30:00+00:00,241.58,243.08,240.68,242.91,2482.20424
2025-10-15 19:00:00+00:00,242.91,242.91,240.96,242.32,2400.55074
2025-10-15 19:30:00+00:00,242.32,242.46,240.0,240.77,1655.85535
2025-10-15 20:00:00+00:00,240.77,241.72,239.4,239.67,1167.13321
2025-10-15 20:30:00+00:00,239.67,241.4,236.48,239.61,16637.92273
2025-10-15 21:00:00+00:00,239.61,241.14,237.77,240.74,3485.61556
2025-10-15 21:30:00+00:00,240.74,241.72,238.51,239.25,1656.13069
2025-10-15 22:00:00+00:00,239.25,241.55,239.25,240.67,1213.38494
2025-10-15 22:30:00+00:00,240.67,241.69,239.97,240.47,661.29114
2025-10-15 23:00:00+00:00,240.47,242.21,240.34,241.49,991.65461
2025-10-15 23:30:00+00:00,241.49,242.53,241.49,242.02,1800.1352
2025-10-16 00:00:00+00:00,242.02,242.32,240.34,241.06,1344.29479
2025-10-16 00:30:00+00:00,241.06,241.46,240.2,240.52,677.70386
2025-10-16 01:00:00+00:00,240.52,243.14,240.34,242.08,1499.44736
2025-10-16 01:30:00+00:00,242.08,243.45,241.67,243.1,2070.64656
2025-10-16 02:00:00+00:00,243.1,243.87,242.1,242.65,1237.06129
2025-10-16 02:30:00+00:00,242.65,242.97,241.62,242.82,538.72557
2025-10-16 03:00:00+00:00,242.82,242.92,240.46,241.38,14449.34082
2025-10-16 03:30:00+00:00,241.38,241.38,239.6,239.66,2979.76085
2025-10-16 04:00:00+00:00,239.66,241.24,239.61,241.24,546.61937
2025-10-16 04:30:00+00:00,241.24,241.4,238.17,239.07,4139.37527
2025-10-16 05:00:00+00:00,239.07,240.17,238.6,239.73,1627.3527
2025-10-16 05:30:00+00:00,239.73,241.62,238.72,240.03,3021.94882
2025-10-16 06:00:00+00:00,240.03,241.43,239.99,241.37,736.51165
2025-10-16 06:30:00+00:00,241.37,242.97,241.36,242.48,863.5404
2025-10-16 07:00:00+00:00,242.48,242.63,240.18,240.25,1197.93402
2025-10-16 07:30:00+00:00,240.25,241.37,240.05,241.07,1513.58286
2025-10-16 08:00:00+00:00,241.07,241.21,239.92,240.01,1137.70954
2025-10-16 08:30:00+00:00,240.01,240.45,238.9,239.58,760.90479
2025-10-16 09:00:00+00:00,239.58,241.26,239.06,239.89,1840.53416
2025-10-16 09:30:00+00:00,239.89,243.97,233.2,242.22,40089.16479
2025-10-16 10:00:00+00:00,242.22,245.62,242.19,243.13,6744.56987
2025-10-16 10:30:00+00:00,243.13,244.28,243.13,243.59,1709.17191
2025-10-16 11:00:00+00:00,243.59,244.53,243.07,243.32,3290.38827
2025-10-16 11:30:00+00:00,243.32,244.16,242.6,244.16,1502.48427
2025-10-16 12:00:00+00:00,244.16,246.17,242.85,243.02,2398.35307
2025-10-16 12:30:00+00:00,243.02,244.9,242.97,243.52,12507.27715
2025-10-16 13:00:00+00:00,243.52,244.15,242.41,243.27,1642.39293
2025-10-16 13:30:00+00:00,243.27,244.89,241.35,242.29,5009.10449
2025-10-16 14:00:00+00:00,242.29,242.45,238.48,239.6,9275.58625
2025-10-16 14:30:00+00:00,239.6,244.1,239.6,241.09,5000.86795
2025-10-16 15:00:00+00:00,241.09,241.6,238.37,238.82,2524.73219
2025-10-16 15:30:00+00:00,238.82,239.71,234.69,235.78,9002.25181
2025-10-16 16:00:00+00:00,235.78,237.28,232.75,235.01,11761.49377
2025-10-16 16:30:00+00:00,235.01,239.91,233.41,239.63,6585.36893
2025-10-16 17:00:00+00:00,239.63,239.63,236.92,239.01,3401.73734
2025-10-16 17:30:00+00:00,239.01,239.42,236.08,236.38,2076.3869
2025-10-16 18:00:00+00:00,236.38,236.65,233.52,234.16,3798.06954
2025-10-16 18:30:00+00:00,234.16,237.11,233.94,236.25,8145.21249
2025-10-16 19:00:00+00:00,236.25,236.55,231.52,232.86,7552.34102
2025-10-16 19:30:00+00:00,232.86,234.17,230.29,232.36,8470.4598
2025-10-16 20:00:00+00:00,232.36,233.38,230.46,231.24,3381.26833
2025-10-16 20:30:00+00:00,231.24,231.56,227.87,228.68,9108.64437
2025-10-16 21:00:00+00:00,228.68,229.8,227.94,228.69,2911.60947
2025-10-16 21:30:00+00:00,228.69,229.6,228.45,228.99,1053.40664
2025-10-16 22:00:00+00:00,228.99,229.42,225.3,225.41,6170.63053
2025-10-16 22:30:00+00:00,225.41,225.58,222.44,222.44,5242.28495
2025-10-16 23:00:00+00:00,222.44,225.36,222.44,224.09,5497.41507
2025-10-16 23:30:00+00:00,224.09,224.09,222.59,223.05,2394.24634
2025-10-17 00:00:00+00:00,223.05,224.69,222.34,222.79,8499.80558
2025-10-17 00:30:00+00:00,222.79,225.87,222.12,225.67,8632.69241
2025-10-17 01:00:00+00:00,225.67,227.32,224.46,226.15,16254.96421
2025-10-17 01:30:00+00:00,226.15,226.58,224.39,225.19,3728.19383
2025-10-17 02:00:00+00:00,225.19,226.13,223.65,223.68,1352.61379
2025-10-17 02:30:00+00:00,223.68,224.72,222.72,223.74,1928.14513
2025-10-17 03:00:00+00:00,223.74,224.78,222.99,223.0,2555.45153
2025-10-17 03:30:00+00:00,223.0,223.18,221.88,222.73,3801.11502
2025-10-17 04:00:00+00:00,222.73,222.93,221.79,222.01,933.8724
2025-10-17 04:30:00+00:00,222.01,222.87,220.93,221.69,2854.24672
2025-10-17 05:00:00+00:00,221.69,222.41,220.89,222.28,3986.01168
2025-10-17 05:30:00+00:00,222.28,222.96,220.2,220.81,3637.46063
2025-10-17 06:00:00+00:00,220.81,221.72,218.68,219.08,4123.342
2025-10-17 06:30:00+00:00,219.08,219.27,214.98,215.49,19099.55081
2025-10-17 07:00:00+00:00,215.49,216.18,211.08,211.78,13522.43024
2025-10-17 07:30:00+00:00,211.78,212.22,208.12,208.49,22975.6242
2025-10-17 08:00:00+00:00,208.49,209.03,203.2,205.01,19496.94344
2025-10-17 08:30:00+00:00,205.01,206.46,202.55,204.64,12277.5024
2025-10-17 09:00:00+00:00,204.64,206.82,204.17,206.53,9160.44659
2025-10-17 09:30:00+00:00,206.53,210.71,206.45,207.32,10222.28715
2025-10-17 10:00:00+00:00,207.32,208.75,204.04,204.92,10714.9431
2025-10-17 10:30:00+00:00,204.92,207.51,204.64,206.87,8220.6521
2025-10-17 11:00:00+00:00,206.87,212.91,206.61,211.36,10492.65
2025-10-17 11:30:00+00:00,211.36,211.59,209.09,209.97,2559.0
2025-10-17 12:00:00+00:00,209.97,211.38,209.66,209.81,2880.15
2025-10-17 12:30:00+00:00,209.81,210.34,207.3,207.57,3802.8
2025-10-17 13:00:00+00:00,207.57,208.92,206.27,207.34,5433.45
2025-10-17 13:30:00+00:00,207.34,209.47,204.25,206.6,11592.9
2025-10-17 14:00:00+00:00,206.6,207.22,202.12,202.48,5916.45
2025-10-17 14:30:00+00:00,202.48,205.17,200.09,202.89,9872.7
2025-10-17 15:00:00+00:00,202.89,204.6,201.69,203.47,1908.45
2025-10-17 15:30:00+00:00,203.47,205.84,200.9,205.6,5948.25
2025-10-17 16:00:00+00:00,205.6,208.7,204.35,204.93,6298.2
2025-10-17 16:30:00+00:00,204.93,205.56,201.72,202.06,2538.6
2025-10-17 17:00:00+00:00,202.06,203.09,201.31,201.39,1731.15
2025-10-17 17:30:00+00:00,201.39,204.78,201.23,204.43,2920.05
2025-10-17 18:00:00+00:00,204.43,206.41,204.27,205.52,5257.65
2025-10-17 18:30:00+00:00,205.52,206.42,202.6,203.59,7709.4
2025-10-17 19:00:00+00:00,203.59,204.48,203.12,203.58,961.8
2025-10-17 19:30:00+00:00,203.58,203.58,201.83,202.87,1131.75
2025-10-17 20:00:00+00:00,202.87,206.25,202.45,205.93,5087.4
2025-10-17 20:30:00+00:00,205.93,207.25,205.38,206.65,3562.2
2025-10-17 21:00:00+00:00,206.65,209.52,206.21,208.86,9909.6
2025-10-17 21:30:00+00:00,208.86,209.67,208.02,209.14,1972.05
2025-10-17 22:00:00+00:00,209.14,209.47,207.95,208.65,1143.45
2025-10-17 22:30:00+00:00,208.65,208.68,206.79,207.46,2316.75
2025-10-17 23:00:00+00:00,207.46,207.48,205.74,205.75,697.05
2025-10-17 23:30:00+00:00,205.75,206.51,205.55,206.46,2353.35
2025-10-18 00:00:00+00:00,206.46,207.18,205.3,207.08,1324.8
2025-10-18 00:30:00+00:00,207.08,207.54,205.7,205.86,497.25
2025-10-18 01:00:00+00:00,205.86,208.44,205.85,208.36,1792.8
2025-10-18 01:30:00+00:00,208.36,208.41,207.24,208.26,1779.6
2025-10-18 02:00:00+00:00,208.26,209.44,207.56,209.03,1669.5
2025-10-18 02:30:00+00:00,209.03,209.44,207.29,208.08,3432.0
2025-10-18 03:00:00+00:00,208.08,209.37,208.08,209.3,589.8
2025-10-18 03:30:00+00:00,209.3,210.63,209.3,210.25,1697.4
2025-10-18 04:00:00+00:00,210.25,210.43,208.24,208.97,1523.55
2025-10-18 04:30:00+00:00,208.97,208.97,207.3,207.53,1893.9
2025-10-18 05:00:00+00:00,207.53,208.41,207.49,207.7,382.35
2025-10-18 05:30:00+00:00,207.7,209.2,207.36,208.7,609.75
2025-10-18 06:00:00+00:00,208.7,209.76,208.09,208.25,683.55
2025-10-18 06:30:00+00:00,208.25,208.75,207.36,207.87,4034.25
2025-10-18 07:00:00+00:00,207.87,211.32,207.7,209.69,3738.6
2025-10-18 07:30:00+00:00,209.69,210.14,207.99,208.47,1772.1
2025-10-18 08:00:00+00:00,208.47,209.48,208.26,208.67,934.95
2025-10-18 08:30:00+00:00,208.67,208.87,208.2,208.43,751.8
2025-10-18 09:00:00+00:00,208.43,209.71,207.94,209.42,523.65
2025-10-18 09:30:00+00:00,209.42,209.76,208.37,209.49,784.4
2025-10-18 10:00:00+00:00,209.49,209.62,208.47,209.18,543.9
2025-10-18 10:30:00+00:00,209.18,209.76,208.53,209.18,574.5
2025-10-18 11:00:00+00:00,209.18,210.05,208.75,208.93,344.0
2025-10-18 11:30:00+00:00,208.93,210.22,208.79,210.15,456.1
2025-10-18 12:00:00+00:00,210.15,210.84,208.89,208.99,1795.7
2025-10-18 12:30:00+00:00,208.99,209.0,208.19,208.58,287.1
2025-10-18 13:00:00+00:00,208.58,208.88,207.4,208.16,1433.9
2025-10-18 13:30:00+00:00,208.16,208.96,207.52,208.16,939.8
2025-10-18 14:00:00+00:00,208.16,208.87,206.89,208.46,1055.2
2025-10-18 14:30:00+00:00,208.46,210.37,208.41,209.87,1782.1
2025-10-18 15:00:00+00:00,209.87,210.43,209.2,209.27,405.1
2025-10-18 15:30:00+00:00,209.27,209.68,208.08,209.44,555.7
2025-10-18 16:00:00+00:00,209.44,210.17,208.2,208.51,754.6
2025-10-18 16:30:00+00:00,208.51,209.92,207.77,209.76,2646.5
2025-10-18 17:00:00+00:00,209.76,211.31,208.55,211.07,946.5
2025-10-18 17:30:00+00:00,211.07,211.88,210.03,211.6,2665.0
2025-10-18 18:00:00+00:00,211.6,212.3,211.33,211.73,908.7
2025-10-18 18:30:00+00:00,211.73,213.45,211.72,212.97,563.3
2025-10-18 19:00:00+00:00,212.97,213.91,212.68,213.64,568.0
2025-10-18 19:30:00+00:00,213.64,215.46,213.39,215.4,1016.2
2025-10-18 20:00:00+00:00,215.4,216.4,214.7,216.08,2425.9
2025-10-18 20:30:00+00:00,216.08,216.84,215.39,215.8,1449.8
2025-10-18 21:00:00+00:00,215.8,216.04,213.89,215.54,2684.2
2025-10-18 21:30:00+00:00,215.54,216.02,214.81,215.49,985.8
2025-10-18 22:00:00+00:00,215.49,216.18,214.83,215.69,860.0
2025-10-18 22:30:00+00:00,215.69,216.57,215.15,215.24,2484.1
2025-10-18 23:00:00+00:00,215.24,215.39,214.08,214.61,1031.6
2025-10-18 23:30:00+00:00,214.61,214.94,214.27,214.8,693.3
2025-10-19 00:00:00+00:00,214.8,215.06,213.88,213.92,746.8
2025-10-19 00:30:00+00:00,213.92,213.94,212.38,213.17,7761.3
2025-10-19 01:00:00+00:00,213.17,213.9,212.64,213.48,730.7
2025-10-19 01:30:00+00:00,213.48,213.59,213.0,213.25,262.5
2025-10-19 02:00:00+00:00,213.25,213.85,212.85,212.97,781.1
2025-10-19 02:30:00+00:00,212.97,213.35,212.41,213.01,647.6
2025-10-19 03:00:00+00:00,213.01,214.87,212.95,214.84,1468.8
2025-10-19 03:30:00+00:00,214.84,216.64,214.84,216.64,1935.0
2025-10-19 04:00:00+00:00,216.64,217.56,216.15,216.97,1279.2
2025-10-19 04:30:00+00:00,216.97,217.06,215.84,216.04,551.7
2025-10-19 05:00:00+00:00,216.04,217.66,215.94,217.2,459.8
2025-10-19 05:30:00+00:00,217.2,217.52,215.24,215.42,637.6
2025-10-19 06:00:00+00:00,215.42,216.53,214.95,215.19,1597.8
2025-10-19 06:30:00+00:00,215.19,215.29,214.21,214.65,1122.6
2025-10-19 07:00:00+00:00,214.65,215.1,214.36,214.51,831.6
2025-10-19 07:30:00+00:00,214.51,215.14,213.7,214.53,1361.4
2025-10-19 08:00:00+00:00,214.53,217.87,212.84,214.39,9434.5
2025-10-19 08:30:00+00:00,214.39,214.44,212.39,212.78,1303.0
2025-10-19 09:00:00+00:00,212.78,213.12,211.53,211.7,1644.5
2025-11-05 01:00:00+00:00,186.26,186.39,180.78,181.31,1669.6
2025-11-05 01:30:00+00:00,181.31,187.22,180.62,186.3,5199.2
2025-11-05 02:00:00+00:00,186.3,197.46,186.3,194.75,21650.6
2025-11-05 02:30:00+00:00,194.75,198.88,194.71,198.84,3223.7
2025-11-05 03:00:00+00:00,198.84,199.9,196.73,197.31,3189.1
2025-11-05 03:30:00+00:00,197.31,198.78,196.82,198.44,1283.1
2025-11-05 04:00:00+00:00,198.44,198.78,197.63,197.69,1498.8
2025-11-05 04:30:00+00:00,197.69,200.29,197.41,198.83,1226.6
2025-11-05 05:00:00+00:00,198.83,201.44,198.83,201.36,2172.7
2025-11-05 05:30:00+00:00,201.36,201.85,199.52,200.14,953.8
2025-11-05 06:00:00+00:00,200.14,200.26,197.86,198.11,1631.8
2025-11-05 06:30:00+00:00,198.11,198.55,196.71,198.0,1243.3
2025-11-05 07:00:00+00:00,198.0,198.0,196.19,196.99,850.7
2025-11-05 07:30:00+00:00,196.99,198.62,196.51,197.98,1259.1
2025-11-05 08:00:00+00:00,197.98,198.06,194.84,195.54,2366.4
2025-11-05 08:30:00+00:00,195.54,197.09,193.73,195.67,9808.1
2025-11-05 09:00:00+00:00,195.67,197.97,195.55,197.4,1224.6
2025-11-05 09:30:00+00:00,197.4,198.05,196.39,197.5,1412.2
2025-11-05 10:00:00+00:00,197.5,197.79,196.16,197.16,917.8
2025-11-05 10:30:00+00:00,197.16,197.24,194.86,194.99,791.4
2025-11-05 11:00:00+00:00,194.99,197.7,194.88,197.1,1124.6
2025-11-05 11:30:00+00:00,197.1,198.42,197.1,198.02,735.5
2025-11-05 12:00:00+00:00,198.02,199.6,197.01,199.26,880.0
2025-11-05 12:30:00+00:00,199.26,199.26,197.64,198.49,643.3
2025-11-05 13:00:00+00:00,198.49,198.72,197.23,197.23,1060.1
2025-11-05 13:30:00+00:00,197.23,199.36,196.5,198.31,1472.0
2025-11-05 14:00:00+00:00,198.31,198.99,196.41,196.5,901.5
2025-11-05 14:30:00+00:00,196.5,198.75,195.06,198.19,2234.2
2025-11-05 15:00:00+00:00,198.19,198.92,197.28,198.06,1526.0
2025-11-05 15:30:00+00:00,198.06,199.95,197.75,199.8,1676.3
2025-11-05 16:00:00+00:00,199.8,200.25,198.85,199.93,1184.6
2025-11-05 16:30:00+00:00,199.93,202.47,199.83,202.37,2662.1
2025-11-05 17:00:00+00:00,202.37,204.81,201.78,203.82,5534.0
2025-11-05 17:30:00+00:00,203.82,204.6,202.88,203.76,1174.0
2025-11-05 18:00:00+00:00,203.76,204.11,203.04,204.04,1064.3
2025-11-05 18:30:00+00:00,204.04,205.11,203.69,204.16,2820.7
2025-11-05 19:00:00+00:00,204.16,204.16,202.24,203.28,3487.2
2025-11-05 19:30:00+00:00,203.28,204.31,202.74,203.21,1210.8
2025-11-05 20:00:00+00:00,203.21,204.77,203.17,203.37,474.0
2025-11-05 20:30:00+00:00,203.37,203.99,202.82,203.75,707.3
2025-11-05 21:00:00+00:00,203.75,203.75,202.19,202.43,647.5
2025-11-05 21:30:00+00:00,202.43,203.08,201.42,202.44,1508.7
2025-11-05 22:00:00+00:00,202.44,202.93,202.08,202.39,483.5
2025-11-05 22:30:00+00:00,202.39,203.27,202.33,203.15,701.3
2025-11-05 23:00:00+00:00,203.15,203.22,202.01,202.62,636.6
2025-11-05 23:30:00+00:00,202.62,202.63,201.6,201.85,487.7
2025-11-06 00:00:00+00:00,201.85,201.99,200.53,201.6,1089.2
2025-11-06 00:30:00+00:00,201.6,201.94,200.89,201.5,917.2
2025-11-06 01:00:00+00:00,201.5,201.5,198.66,198.9,1813.1
2025-11-06 01:30:00+00:00,198.9,202.39,198.9,202.2,1688.6
2025-11-06 02:00:00+00:00,202.2,202.42,200.39,200.94,553.0
2025-11-06 02:30:00+00:00,200.94,203.91,200.81,203.22,1676.5
2025-11-06 03:00:00+00:00,203.22,204.9,203.1,204.17,1192.3
2025-11-06 03:30:00+00:00,204.17,205.08,204.12,204.43,646.1
2025-11-06 04:00:00+00:00,204.43,205.01,204.12,204.47,493.7
2025-11-06 04:30:00+00:00,204.47,205.76,203.91,204.14,610.6
2025-11-06 05:00:00+00:00,204.14,204.14,201.07,201.21,931.1
2025-11-06 05:30:00+00:00,201.21,201.27,198.66,199.18,5283.3
2025-11-06 06:00:00+00:00,199.18,200.05,199.02,199.61,1106.1
2025-11-06 06:30:00+00:00,199.61,199.88,198.85,199.63,642.0
2025-11-06 07:00:00+00:00,199.63,200.76,198.34,200.33,1543.0
2025-11-06 07:30:00+00:00,200.33,200.33,198.89,199.58,797.7
2025-11-06 08:00:00+00:00,199.58,201.21,199.35,200.86,812.5
2025-11-06 08:30:00+00:00,200.86,201.24,200.11,200.96,2001.3
2025-11-06 09:00:00+00:00,200.96,201.82,200.18,200.88,1246.2
2025-11-06 09:30:00+00:00,200.88,201.39,199.86,199.97,370.7
2025-11-06 10:00:00+00:00,199.97,200.81,198.75,200.57,1238.3
2025-11-06 10:30:00+00:00,200.57,201.61,199.89,200.27,771.3
2025-11-06 11:00:00+00:00,200.27,200.4,199.19,200.23,541.6
2025-11-06 11:30:00+00:00,200.23,200.64,199.68,200.22,511.6
2025-11-06 12:00:00+00:00,200.22,200.5,198.43,198.8,1049.7
2025-11-06 12:30:00+00:00,198.8,199.41,197.68,197.76,2652.6
2025-11-06 13:00:00+00:00,197.76,201.13,197.65,200.8,1615.0
2025-11-06 13:30:00+00:00,200.8,202.06,200.04,200.11,810.3
2025-11-06 14:00:00+00:00,200.11,200.89,197.75,198.28,1435.8
2025-11-06 14:30:00+00:00,198.28,198.54,195.97,196.28,2503.2
2025-11-06 15:00:00+00:00,196.28,199.51,195.64,197.68,2456.2
2025-11-06 15:30:00+00:00,197.68,197.82,194.28,195.04,3629.4
2025-11-06 16:00:00+00:00,195.04,196.92,194.43,195.41,3247.0
2025-11-06 16:30:00+00:00,195.41,195.58,192.72,195.05,3496.2
2025-11-06 17:00:00+00:00,195.05,196.25,193.99,196.15,1878.8
2025-11-06 17:30:00+00:00,196.15,197.99,195.52,197.58,1942.5
2025-11-06 18:00:00+00:00,197.58,197.64,195.46,196.69,1823.9
2025-11-06 18:30:00+00:00,196.69,200.29,196.69,198.15,2514.2
2025-11-06 19:00:00+00:00,198.15,199.32,197.62,198.45,754.7
2025-11-06 19:30:00+00:00,198.45,199.37,197.3,198.8,650.4
2025-11-06 20:00:00+00:00,198.8,199.43,197.71,197.78,1141.9
2025-11-06 20:30:00+00:00,197.78,198.17,196.59,197.64,1218.2
2025-11-06 21:00:00+00:00,197.64,197.88,196.24,197.65,1321.3
2025-11-06 21:30:00+00:00,197.65,198.65,197.28,197.64,847.6
2025-11-06 22:00:00+00:00,197.64,198.21,196.44,197.14,664.1
2025-11-06 22:30:00+00:00,197.14,198.28,196.2,198.0,936.6
2025-11-06 23:00:00+00:00,198.0,198.0,195.6,196.37,855.4
2025-11-06 23:30:00+00:00,196.37,197.12,195.7,197.11,525.5
2025-11-07 00:00:00+00:00,197.11,198.89,196.89,197.25,1150.6
2025-11-07 00:30:00+00:00,197.25,199.71,197.12,199.24,1516.7
2025-11-07 01:00:00+00:00,199.24,199.5,196.98,198.67,1516.2
2025-11-07 01:30:00+00:00,198.67,198.67,195.84,198.1,1334.0
2025-11-07 02:00:00+00:00,198.1,198.31,196.24,196.61,979.9
2025-11-07 02:30:00+00:00,196.61,200.4,196.59,200.17,1245.3
2025-11-07 03:00:00+00:00,200.17,201.47,198.8,199.1,2531.1
2025-11-07 03:30:00+00:00,199.1,199.34,198.52,198.68,683.8
2025-11-07 04:00:00+00:00,198.68,199.08,197.46,198.85,656.1
2025-11-07 04:30:00+00:00,198.85,198.85,196.93,198.49,350.4
2025-11-07 05:00:00+00:00,198.49,200.18,198.3,199.88,361.1
2025-11-07 05:30:00+00:00,199.88,200.95,199.48,200.64,707.2
2025-11-07 06:00:00+00:00,200.64,201.15,199.98,200.41,656.2
2025-11-07 06:30:00+00:00,200.41,200.48,199.92,200.04,231.1
2025-11-07 07:00:00+00:00,200.04,200.89,199.85,200.5,826.8
2025-11-07 07:30:00+00:00,200.5,202.38,199.88,202.38,675.7
2025-11-07 08:00:00+00:00,202.38,203.0,201.66,201.66,667.2
2025-11-07 08:30:00+00:00,201.66,201.78,200.13,200.73,832.9
2025-11-07 09:00:00+00:00,200.73,201.3,198.87,199.08,705.0
2025-11-07 09:30:00+00:00,199.08,199.74,198.29,199.39,815.9
2025-11-07 10:00:00+00:00,199.39,200.4,197.43,198.1,834.0
2025-11-07 10:30:00+00:00,198.1,198.57,196.55,197.28,689.0
2025-11-07 11:00:00+00:00,197.28,197.37,194.01,194.01,5537.4
2025-11-07 11:30:00+00:00,194.01,195.64,193.52,193.52,3124.1
2025-11-07 12:00:00+00:00,193.52,194.49,191.48,191.84,1839.3
2025-11-07 12:30:00+00:00,191.84,191.91,189.94,191.47,2567.2
2025-11-07 13:00:00+00:00,191.47,192.21,189.91,191.42,1074.6
2025-11-07 13:30:00+00:00,191.42,193.47,191.22,192.16,1090.5
2025-11-07 14:00:00+00:00,192.16,193.1,191.14,192.42,989.6
2025-11-07 14:30:00+00:00,192.42,197.51,189.74,196.4,5614.4
2025-11-07 15:00:00+00:00,196.4,199.35,194.6,198.56,3211.9
2025-11-07 15:30:00+00:00,198.56,199.98,197.0,198.59,1358.8
2025-11-07 16:00:00+00:00,198.59,202.47,197.47,202.17,3613.5
2025-11-07 16:30:00+00:00,202.17,204.36,200.42,203.1,3674.6
2025-11-07 17:00:00+00:00,203.1,207.2,202.15,206.96,4896.8
2025-11-07 17:30:00+00:00,206.96,208.31,205.98,207.87,1818.7
2025-11-07 18:00:00+00:00,207.87,209.46,207.2,209.25,2477.5
2025-11-07 18:30:00+00:00,209.25,210.26,208.22,209.16,1328.4
2025-11-07 19:00:00+00:00,209.16,210.25,208.08,208.7,655.1
2025-11-07 19:30:00+00:00,208.7,210.89,208.56,210.34,1435.1
2025-11-07 20:00:00+00:00,210.34,210.95,208.86,209.96,847.4
2025-11-07 20:30:00+00:00,209.96,211.18,209.82,210.84,645.0
2025-11-07 21:00:00+00:00,210.84,212.49,210.49,211.31,1065.8
2025-11-07 21:30:00+00:00,211.31,211.92,211.02,211.76,304.2
2025-11-07 22:00:00+00:00,211.76,211.91,209.85,210.33,2015.7
2025-11-07 22:30:00+00:00,210.33,210.39,209.34,209.53,403.4
2025-11-07 23:00:00+00:00,209.53,209.75,207.62,207.77,1051.4
2025-11-07 23:30:00+00:00,207.77,208.71,207.24,207.9,969.0
2025-11-08 00:00:00+00:00,207.9,210.0,207.28,207.42,5844.8
2025-11-08 00:30:00+00:00,207.42,209.1,206.04,206.14,2385.7
2025-11-08 01:00:00+00:00,206.14,209.27,206.1,208.73,803.3
2025-11-08 01:30:00+00:00,208.73,209.52,208.02,209.1,502.4
2025-11-08 02:00:00+00:00,209.1,210.68,208.7,210.01,990.3
2025-11-08 02:30:00+00:00,210.01,210.95,208.56,208.74,557.1
2025-11-08 03:00:00+00:00,208.74,209.42,208.26,209.39,581.7
2025-11-08 03:30:00+00:00,209.39,209.43,207.18,207.2,660.6
2025-11-08 04:00:00+00:00,207.2,208.51,207.2,207.31,629.2
2025-11-08 04:30:00+00:00,207.31,209.3,207.29,207.34,710.0
2025-11-08 05:00:00+00:00,207.34,207.96,206.07,206.64,771.8
2025-11-08 05:30:00+00:00,206.64,206.76,203.69,204.32,4883.8
2025-11-08 06:00:00+00:00,204.32,204.63,202.96,204.15,1811.5
2025-11-08 06:30:00+00:00,204.15,206.13,204.0,205.53,593.9
2025-11-08 07:00:00+00:00,205.53,205.71,203.36,204.36,1260.3
2025-11-08 07:30:00+00:00,204.36,206.09,204.18,205.92,236.2
2025-11-08 08:00:00+00:00,205.92,206.55,204.53,206.29,1046.9
2025-11-08 08:30:00+00:00,206.29,207.65,206.04,206.15,1446.6
2025-11-08 09:00:00+00:00,206.15,206.64,204.95,206.57,685.5
2025-11-08 09:30:00+00:00,206.57,207.09,204.79,205.04,481.1
2025-11-08 10:00:00+00:00,205.04,206.44,204.92,206.36,297.6
2025-11-08 10:30:00+00:00,206.36,206.6,205.28,206.36,259.8
2025-11-08 11:00:00+00:00,206.36,207.0,205.8,207.0,750.4
2025-11-08 11:30:00+00:00,207.0,207.05,204.49,205.31,467.0
2025-11-08 12:00:00+00:00,205.31,205.61,203.84,205.3,751.5
2025-11-08 12:30:00+00:00,205.3,205.47,204.31,205.2,814.0
2025-11-08 13:00:00+00:00,205.2,205.36,203.26,203.88,3133.6
2025-11-08 13:30:00+00:00,203.88,203.88,201.48,201.66,1981.5
2025-11-08 14:00:00+00:00,201.66,202.16,199.52,200.59,3753.2
2025-11-08 14:30:00+00:00,200.59,202.73,200.52,201.72,1585.7
2025-11-08 15:00:00+00:00,201.72,202.2,199.45,200.23,1347.0
2025-11-08 15:30:00+00:00,200.23,200.42,198.64,199.36,607.1
2025-11-08 16:00:00+00:00,199.36,200.34,198.29,199.36,871.0
2025-11-08 16:30:00+00:00,199.36,209.16,198.66,199.88,72122.3
2025-11-08 17:00:00+00:00,199.88,201.32,198.96,200.06,4048.2
2025-11-08 17:30:00+00:00,200.06,201.44,200.06,201.31,579.2
2025-11-08 18:00:00+00:00,201.31,201.78,200.14,200.74,991.3
2025-11-08 18:30:00+00:00,200.74,202.28,200.4,201.84,694.1
2025-11-08 19:00:00+00:00,201.84,202.12,199.08,199.6,795.6
2025-11-08 19:30:00+00:00,199.6,201.15,199.28,201.15,558.2
2025-11-08 20:00:00+00:00,201.15,201.47,200.16,200.67,627.6
2025-11-08 20:30:00+00:00,200.67,201.4,200.3,200.96,222.8
2025-11-08 21:00:00+00:00,200.96,201.44,200.8,201.35,149.4
2025-11-08 21:30:00+00:00,201.35,202.27,201.2,201.95,254.4
2025-11-08 22:00:00+00:00,201.95,202.83,201.8,202.83,688.0
2025-11-08 22:30:00+00:00,202.83,203.34,202.33,203.15,600.5
2025-11-08 23:00:00+00:00,203.15,203.34,202.7,202.84,403.1
2025-11-08 23:30:00+00:00,202.84,203.11,202.24,202.6,529.1
2025-11-09 00:00:00+00:00,202.6,202.71,200.51,201.11,1203.5
2025-11-09 00:30:00+00:00,201.11,201.96,200.44,200.71,599.8
2025-11-09 01:00:00+00:00,200.71,202.14,200.67,201.32,842.5
2025-11-09 01:30:00+00:00,201.32,201.81,200.09,201.78,572.0
2025-11-09 02:00:00+00:00,201.78,201.78,200.68,200.72,369.3
2025-11-09 02:30:00+00:00,200.72,200.72,197.35,197.99,5094.1
2025-11-09 03:00:00+00:00,197.99,198.33,196.5,197.13,1444.2
2025-11-09 03:30:00+00:00,197.13,198.0,196.56,197.37,601.6
2025-11-09 04:00:00+00:00,197.37,198.91,197.25,198.5,547.7
2025-11-09 04:30:00+00:00,198.5,198.54,196.85,197.51,3506.7
2025-11-25 20:30:00+00:00,177.52,178.73,177.42,177.81,544.8
2025-11-25 21:00:00+00:00,177.81,178.2,177.41,177.58,243.9
2025-11-25 21:30:00+00:00,177.58,178.05,177.0,177.3,285.6
2025-11-25 22:00:00+00:00,177.3,177.55,175.56,177.28,1467.9
2025-11-25 22:30:00+00:00,177.28,180.31,177.12,179.82,1164.4
2025-11-25 23:00:00+00:00,179.82,181.36,179.31,180.09,2078.8
2025-11-25 23:30:00+00:00,180.09,180.22,178.68,178.88,919.5
2025-11-26 00:00:00+00:00,178.88,179.96,178.4,179.28,1066.3
2025-11-26 00:30:00+00:00,179.28,179.84,178.88,178.98,620.6
2025-11-26 01:00:00+00:00,178.98,179.44,178.53,179.37,324.7
2025-11-26 01:30:00+00:00,179.37,180.79,179.16,180.08,960.3
2025-11-26 02:00:00+00:00,180.08,180.16,179.17,179.21,366.1
2025-11-26 02:30:00+00:00,179.21,179.47,178.73,178.79,518.9
2025-11-26 03:00:00+00:00,178.79,179.01,178.32,178.84,494.1
2025-11-26 03:30:00+00:00,178.84,178.84,176.57,176.84,1505.5
2025-11-26 04:00:00+00:00,176.84,177.67,176.44,177.51,864.2
2025-11-26 04:30:00+00:00,177.51,177.78,177.24,177.36,318.9
2025-11-26 05:00:00+00:00,177.36,178.1,176.99,177.3,1007.9
2025-11-26 05:30:00+00:00,177.3,178.05,177.3,177.68,1024.8
2025-11-26 06:00:00+00:00,177.68,178.39,177.28,177.61,688.3
2025-11-26 06:30:00+00:00,177.61,178.82,177.48,178.51,409.9
2025-11-26 07:00:00+00:00,178.51,178.91,178.16,178.64,331.5
2025-11-26 07:30:00+00:00,178.64,178.68,178.01,178.52,1152.4
2025-11-26 08:00:00+00:00,178.52,178.52,176.92,176.92,1316.9
2025-11-26 08:30:00+00:00,176.92,177.24,176.42,176.44,2177.4
2025-11-26 09:00:00+00:00,176.44,176.76,176.07,176.48,1031.0
2025-11-26 09:30:00+00:00,176.48,176.71,175.94,176.28,930.0
2025-11-26 10:00:00+00:00,176.28,176.96,175.72,176.24,919.5
2025-11-26 10:30:00+00:00,176.24,176.73,175.45,176.73,599.1
2025-11-26 11:00:00+00:00,176.73,177.23,176.24,176.8,529.5
2025-11-26 11:30:00+00:00,176.8,177.07,176.36,176.54,467.3
2025-11-26 12:00:00+00:00,176.54,176.79,174.75,175.47,1329.3
2025-11-26 12:30:00+00:00,175.47,176.0,175.06,175.6,419.8
2025-11-26 13:00:00+00:00,175.6,176.37,175.44,176.29,636.2
2025-11-26 13:30:00+00:00,176.29,178.1,175.85,178.01,1468.9
2025-11-26 14:00:00+00:00,178.01,178.01,176.96,177.56,1015.9
2025-11-26 14:30:00+00:00,177.56,178.8,176.04,176.47,2764.9
2025-11-26 15:00:00+00:00,176.47,178.25,176.39,178.07,1086.6
2025-11-26 15:30:00+00:00,178.07,178.23,176.21,177.56,1314.6
2025-11-26 16:00:00+00:00,177.56,179.86,177.53,179.43,1985.5
2025-11-26 16:30:00+00:00,179.43,180.55,179.03,179.36,1803.2
2025-11-26 17:00:00+00:00,179.36,181.64,178.29,181.44,1635.6
2025-11-26 17:30:00+00:00,181.44,183.89,180.79,183.45,4385.2
2025-11-26 18:00:00+00:00,183.45,186.75,183.33,186.6,5180.3
2025-11-26 18:30:00+00:00,186.6,188.68,186.23,188.58,1957.4
2025-11-26 19:00:00+00:00,188.58,188.58,186.6,187.4,2340.2
2025-11-26 19:30:00+00:00,187.4,187.84,186.72,187.5,670.4
2025-11-26 20:00:00+00:00,187.5,187.5,185.46,186.24,1298.8
2025-11-26 20:30:00+00:00,186.24,186.28,185.04,185.67,1048.7
2025-11-26 21:00:00+00:00,185.67,186.7,184.65,186.42,1946.4
2025-11-26 21:30:00+00:00,186.42,187.99,186.14,186.6,1506.4
2025-11-26 22:00:00+00:00,186.6,187.2,185.72,186.06,343.7
2025-11-26 22:30:00+00:00,186.06,186.48,185.56,185.93,441.6
2025-11-26 23:00:00+00:00,185.93,186.2,184.82,185.4,4555.5
2025-11-26 23:30:00+00:00,185.4,185.98,185.4,185.71,370.6
2025-11-27 00:00:00+00:00,185.71,185.76,184.97,185.0,1105.7
2025-11-27 00:30:00+00:00,185.0,186.55,184.89,185.62,939.0
2025-11-27 01:00:00+00:00,185.62,186.68,184.91,185.56,838.8
2025-11-27 01:30:00+00:00,185.56,186.91,185.12,186.74,736.8
2025-11-27 02:00:00+00:00,186.74,187.68,186.15,187.68,904.6
2025-11-27 02:30:00+00:00,187.68,187.73,185.42,185.84,953.0
2025-11-27 03:00:00+00:00,185.84,186.44,185.56,185.85,251.9
2025-11-27 03:30:00+00:00,185.85,185.92,185.47,185.49,473.4
2025-11-27 04:00:00+00:00,185.49,186.9,185.38,186.53,1306.1
2025-11-27 04:30:00+00:00,186.53,187.1,186.45,186.64,449.2
2025-11-27 05:00:00+00:00,186.64,186.96,186.32,186.39,485.6
2025-11-27 05:30:00+00:00,186.39,186.39,185.1,185.32,932.5
2025-11-27 06:00:00+00:00,185.32,186.52,185.32,186.5,756.1
2025-11-27 06:30:00+00:00,186.5,186.87,186.25,186.46,645.1
2025-11-27 07:00:00+00:00,186.46,186.47,186.1,186.4,177.6
2025-11-27 07:30:00+00:00,186.4,186.4,185.61,185.84,205.2
2025-11-27 08:00:00+00:00,185.84,185.84,183.41,183.51,3661.4
2025-11-27 08:30:00+00:00,183.51,183.51,182.83,183.24,867.6
2025-11-27 09:00:00+00:00,183.24,183.92,182.96,183.24,981.4
2025-11-27 09:30:00+00:00,183.24,184.06,182.16,182.19,746.6
2025-11-27 10:00:00+00:00,182.19,182.7,181.89,182.54,1076.3
2025-11-27 10:30:00+00:00,182.54,183.45,182.24,183.34,413.4
2025-11-27 11:00:00+00:00,183.34,183.43,182.83,183.0,398.4
2025-11-27 11:30:00+00:00,183.0,183.51,182.86,183.01,338.3
2025-11-27 12:00:00+00:00,183.01,183.47,182.46,182.78,862.8
2025-11-27 12:30:00+00:00,182.78,183.0,181.92,182.08,793.0
2025-11-27 13:00:00+00:00,182.08,183.54,182.04,183.29,770.6
2025-11-27 13:30:00+00:00,183.29,183.45,182.76,183.02,616.5
2025-11-27 14:00:00+00:00,183.02,183.82,182.8,183.78,576.1
2025-11-27 14:30:00+00:00,183.78,183.9,183.01,183.57,1301.8
2025-11-27 15:00:00+00:00,183.57,185.11,183.48,184.81,1480.2
2025-11-27 15:30:00+00:00,184.81,185.47,184.36,185.18,1801.1
2025-11-27 16:00:00+00:00,185.18,186.52,184.81,185.92,2402.3
2025-11-27 16:30:00+00:00,185.92,186.53,185.61,186.23,1210.7
2025-11-27 17:00:00+00:00,186.23,186.7,185.86,185.98,1185.1
2025-11-27 17:30:00+00:00,185.98,186.47,185.8,186.35,982.8
2025-11-27 18:00:00+00:00,186.35,186.7,186.08,186.09,1028.6
2025-11-27 18:30:00+00:00,186.09,187.65,186.01,187.61,1032.4
2025-11-27 19:00:00+00:00,187.61,187.65,186.98,187.05,582.7
2025-11-27 19:30:00+00:00,187.05,187.24,186.61,186.71,546.0
2025-11-27 20:00:00+00:00,186.71,187.38,186.64,187.11,662.6
2025-11-27 20:30:00+00:00,187.11,187.21,186.73,186.8,396.9
2025-11-27 21:00:00+00:00,186.8,187.84,186.32,187.37,813.9
2025-11-27 21:30:00+00:00,187.37,187.62,186.86,187.1,459.3
2025-11-27 22:00:00+00:00,187.1,187.28,186.79,187.08,240.0
2025-11-27 22:30:00+00:00,187.08,187.2,185.39,185.91,867.6
2025-11-27 23:00:00+00:00,185.91,186.65,185.84,186.05,272.7
2025-11-27 23:30:00+00:00,186.05,186.29,185.55,185.75,234.8
2025-11-28 00:00:00+00:00,185.75,186.2,185.4,185.64,416.2
2025-11-28 00:30:00+00:00,185.64,186.07,184.64,184.73,697.7
2025-11-28 01:00:00+00:00,184.73,185.06,183.72,184.08,832.3
2025-11-28 01:30:00+00:00,184.08,184.16,182.44,182.52,2124.8
2025-11-28 02:00:00+00:00,182.52,183.44,182.41,182.51,745.5
2025-11-28 02:30:00+00:00,182.51,183.92,182.47,183.66,723.2
2025-11-28 03:00:00+00:00,183.66,184.75,183.5,184.37,1155.5
2025-11-28 03:30:00+00:00,184.37,186.36,184.28,186.36,628.4
2025-11-28 04:00:00+00:00,186.36,187.05,186.01,186.12,841.4
2025-11-28 04:30:00+00:00,186.12,186.13,185.54,185.68,702.4
2025-11-28 05:00:00+00:00,185.68,186.61,185.56,186.4,407.3
2025-11-28 05:30:00+00:00,186.4,186.96,186.0,186.03,1723.9
2025-11-28 06:00:00+00:00,186.03,186.03,184.9,184.93,906.3
2025-11-28 06:30:00+00:00,184.93,185.16,184.54,184.89,438.9
2025-11-28 07:00:00+00:00,184.89,185.99,184.8,185.77,1194.5
2025-11-28 07:30:00+00:00,185.77,185.79,184.7,184.88,936.7
2025-11-28 08:00:00+00:00,184.88,186.44,184.85,186.25,589.9
2025-11-28 08:30:00+00:00,186.25,189.22,185.92,189.03,3382.0
2025-11-28 09:00:00+00:00,189.03,189.22,187.21,187.33,1668.0
2025-11-28 09:30:00+00:00,187.33,187.52,186.55,187.52,630.6
2025-11-28 10:00:00+00:00,187.52,187.52,186.45,186.77,1081.2
2025-11-28 10:30:00+00:00,186.77,188.18,186.72,187.86,579.3
2025-11-28 11:00:00+00:00,187.86,187.9,184.81,185.99,1938.0
2025-11-28 11:30:00+00:00,185.99,186.02,185.34,185.53,505.5
2025-11-28 12:00:00+00:00,185.53,186.15,185.2,185.36,460.2
2025-11-28 12:30:00+00:00,185.36,185.68,185.11,185.4,572.5
2025-11-28 13:00:00+00:00,185.4,185.48,184.51,185.26,609.9
2025-11-28 13:30:00+00:00,185.26,187.72,185.02,186.74,3846.5
2025-11-28 14:00:00+00:00,186.74,187.69,186.03,187.29,1664.4
2025-11-28 14:30:00+00:00,187.29,187.63,184.81,185.84,2774.3
2025-11-28 15:00:00+00:00,185.84,186.98,185.14,186.77,1020.7
2025-11-28 15:30:00+00:00,186.77,187.33,185.43,185.92,1489.5
2025-11-28 16:00:00+00:00,185.92,185.92,183.31,183.52,2784.6
2025-11-28 16:30:00+00:00,183.52,184.36,182.86,182.86,1866.0
2025-11-28 17:00:00+00:00,182.86,183.65,182.13,182.88,2670.7
2025-11-28 17:30:00+00:00,182.88,184.06,182.53,183.48,1819.9
2025-11-28 18:00:00+00:00,183.48,184.82,182.58,184.44,1423.6
2025-11-28 18:30:00+00:00,184.44,184.72,183.92,184.65,950.8
2025-11-28 19:00:00+00:00,184.65,186.65,184.63,186.52,994.7
2025-11-28 19:30:00+00:00,186.52,186.58,186.01,186.31,476.9
2025-11-28 20:00:00+00:00,186.31,186.83,185.4,186.65,472.3
2025-11-28 20:30:00+00:00,186.65,186.82,186.16,186.52,287.0
2025-11-28 21:00:00+00:00,186.52,186.67,185.72,185.83,348.9
2025-11-28 21:30:00+00:00,185.83,186.14,185.31,185.33,858.0
2025-11-28 22:00:00+00:00,185.33,185.68,184.76,185.12,935.0
2025-11-28 22:30:00+00:00,185.12,186.31,185.03,186.16,443.4
2025-11-28 23:00:00+00:00,186.16,186.29,185.65,186.21,223.1
2025-11-28 23:30:00+00:00,186.21,186.21,185.2,185.2,183.0
2025-11-29 00:00:00+00:00,185.2,186.2,185.08,186.17,418.2
2025-11-29 00:30:00+00:00,186.17,186.23,185.32,185.53,185.0
2025-11-29 01:00:00+00:00,185.53,186.32,185.44,185.72,223.5
2025-11-29 01:30:00+00:00,185.72,185.72,184.94,185.43,250.3
2025-11-29 02:00:00+00:00,185.43,185.78,185.02,185.47,257.2
2025-11-29 02:30:00+00:00,185.47,185.72,184.63,184.9,687.0
2025-11-29 03:00:00+00:00,184.9,185.16,184.6,184.64,336.8
2025-11-29 03:30:00+00:00,184.64,184.67,183.75,183.98,372.4
2025-11-29 04:00:00+00:00,183.98,184.52,183.69,184.45,281.8
2025-11-29 04:30:00+00:00,184.45,185.79,184.35,185.7,447.3
2025-11-29 05:00:00+00:00,185.7,185.7,184.89,185.68,405.0
2025-11-29 05:30:00+00:00,185.68,186.55,185.67,185.77,443.9
2025-11-29 06:00:00+00:00,185.77,185.95,183.92,184.35,1098.1
2025-11-29 06:30:00+00:00,184.35,184.35,182.92,183.37,1881.1
2025-11-29 07:00:00+00:00,183.37,184.25,183.32,183.64,1298.6
2025-11-29 07:30:00+00:00,183.64,184.07,183.04,183.84,902.9
2025-11-29 08:00:00+00:00,183.84,184.2,183.15,183.9,1278.1
2025-11-29 08:30:00+00:00,183.9,184.44,183.7,183.7,276.4
2025-11-29 09:00:00+00:00,183.7,184.04,183.35,183.4,294.4
2025-11-29 09:30:00+00:00,183.4,183.4,183.02,183.19,419.7
2025-11-29 10:00:00+00:00,183.19,183.72,182.43,183.56,566.6
2025-11-29 10:30:00+00:00,183.56,183.84,183.36,183.36,178.7
2025-11-29 11:00:00+00:00,183.36,183.56,183.1,183.48,192.1
2025-11-29 11:30:00+00:00,183.48,184.26,183.36,183.98,652.2
2025-11-29 12:00:00+00:00,183.98,184.4,182.85,182.85,832.2
2025-11-29 12:30:00+00:00,182.85,183.26,182.65,182.76,570.9
2025-11-29 13:00:00+00:00,182.76,183.44,182.68,183.44,334.9
2025-11-29 13:30:00+00:00,183.44,183.56,182.91,183.28,406.2
2025-11-29 14:00:00+00:00,183.28,183.28,182.21,182.9,1127.7
2025-11-29 14:30:00+00:00,182.9,183.2,182.48,182.75,324.6
2025-11-29 15:00:00+00:00,182.75,184.73,182.75,183.9,1092.1
2025-11-29 15:30:00+00:00,183.9,184.0,183.41,183.75,374.1
2025-11-29 16:00:00+00:00,183.75,183.77,182.76,182.88,638.6
2025-11-29 16:30:00+00:00,182.88,183.62,182.62,183.56,521.0
2025-11-29 17:00:00+00:00,183.56,183.66,182.88,182.88,487.1
2025-11-29 17:30:00+00:00,182.88,182.88,181.47,181.83,5127.4
2025-11-29 18:00:00+00:00,181.83,182.12,180.77,181.76,3064.5
2025-11-29 18:30:00+00:00,181.76,182.4,181.34,182.28,1741.4
2025-11-29 19:00:00+00:00,182.28,182.63,182.12,182.56,274.3
2025-11-29 19:30:00+00:00,182.56,182.94,182.2,182.94,312.0
2025-11-29 20:00:00+00:00,182.94,183.02,182.18,182.38,347.0
2025-11-29 20:30:00+00:00,182.38,183.58,182.21,183.32,249.3
2025-11-29 21:00:00+00:00,183.32,183.41,182.19,182.59,288.4
2025-11-29 21:30:00+00:00,182.59,182.72,182.41,182.6,171.5
2025-11-29 22:00:00+00:00,182.6,182.6,181.89,181.92,372.8
2025-11-29 22:30:00+00:00,181.92,182.08,181.6,181.6,167.6
2025-11-29 23:00:00+00:00,181.6,182.59,181.4,182.01,298.9
2025-11-29 23:30:00+00:00,182.01,182.42,181.96,181.99,315.9
2025-11-30 00:00:00+00:00,181.99,182.91,181.9,182.52,345.2
2025-12-06 14:00:00+00:00,185.3,187.87,184.78,186.32,4696.8
2025-12-06 14:30:00+00:00,186.32,187.63,186.11,187.3,1153.2
2025-12-06 15:00:00+00:00,187.3,187.51,186.08,186.08,915.6
2025-12-06 15:30:00+00:00,186.08,187.83,186.08,187.15,2590.2
2025-12-06 16:00:00+00:00,187.15,190.71,187.11,190.46,2662.0
2025-12-06 16:30:00+00:00,190.46,191.41,189.34,189.7,1658.2
2025-12-06 17:00:00+00:00,189.7,189.78,188.83,189.02,907.7
2025-12-06 17:30:00+00:00,189.02,189.15,188.15,188.56,819.1
2025-12-06 18:00:00+00:00,188.56,188.98,188.06,188.81,641.5
2025-12-06 18:30:00+00:00,188.81,188.84,187.48,187.55,1673.5
2025-12-06 19:00:00+00:00,187.55,187.7,186.57,187.51,3775.9
2025-12-06 19:30:00+00:00,187.51,187.54,186.48,187.02,2074.1
2025-12-06 20:00:00+00:00,187.02,187.63,186.76,187.36,365.7
2025-12-06 20:30:00+00:00,187.36,188.34,187.25,188.32,502.1
2025-12-06 21:00:00+00:00,188.32,189.03,187.87,188.12,2599.2
2025-12-06 21:30:00+00:00,188.12,188.59,187.85,188.01,490.8
2025-12-06 22:00:00+00:00,188.01,188.15,186.83,186.98,2072.7
2025-12-06 22:30:00+00:00,186.98,187.23,186.49,187.03,1666.3
2025-12-06 23:00:00+00:00,187.03,187.35,186.38,186.45,1347.5
2025-12-06 23:30:00+00:00,186.45,187.45,186.39,187.45,1466.5
2025-12-07 00:00:00+00:00,187.45,188.18,187.09,187.75,711.9
2025-12-07 00:30:00+00:00,187.75,188.63,187.59,188.44,366.5
2025-12-07 01:00:00+00:00,188.44,188.66,187.96,188.33,571.2
2025-12-07 01:30:00+00:00,188.33,190.68,188.14,189.79,6503.7
2025-12-07 02:00:00+00:00,189.79,190.91,189.6,190.27,2431.2
2025-12-07 02:30:00+00:00,190.27,190.69,189.96,190.27,634.2
2025-12-07 03:00:00+00:00,190.27,190.31,189.3,189.36,739.7
2025-12-07 03:30:00+00:00,189.36,189.97,189.24,189.97,711.1
2025-12-07 04:00:00+00:00,189.97,190.08,187.78,187.87,4857.4
2025-12-07 04:30:00+00:00,187.87,188.08,187.47,187.63,1151.6
2025-12-07 05:00:00+00:00,187.63,188.97,187.63,188.77,2272.8
2025-12-07 05:30:00+00:00,188.77,189.45,188.59,188.64,1236.4
2025-12-07 06:00:00+00:00,188.64,189.11,188.49,189.1,1435.5
2025-12-07 06:30:00+00:00,189.1,189.16,188.78,189.1,641.8
2025-12-07 07:00:00+00:00,189.1,189.63,188.72,189.0,1496.0
2025-12-07 07:30:00+00:00,189.0,189.63,188.49,189.47,894.3
2025-12-07 08:00:00+00:00,189.47,189.64,188.77,189.4,477.5
2025-12-07 08:30:00+00:00,189.4,190.24,189.15,189.3,1567.8
2025-12-07 09:00:00+00:00,189.3,189.69,187.82,188.05,607.4
2025-12-07 09:30:00+00:00,188.05,188.41,187.7,188.17,702.3
2025-12-07 10:00:00+00:00,188.17,188.36,187.72,187.79,463.4
2025-12-07 10:30:00+00:00,187.79,189.94,187.21,188.5,2606.7
2025-12-07 11:00:00+00:00,188.5,189.34,188.5,188.85,528.4
2025-12-07 11:30:00+00:00,188.85,189.26,188.53,188.55,966.6
2025-12-07 12:00:00+00:00,188.55,188.92,188.17,188.38,386.6
2025-12-07 12:30:00+00:00,188.38,189.4,188.21,189.15,459.9
2025-12-07 13:00:00+00:00,189.15,189.8,188.07,188.61,1765.9
2025-12-07 13:30:00+00:00,188.61,188.82,187.72,188.19,1153.0
2025-12-07 14:00:00+00:00,188.19,188.5,182.83,183.96,19176.0
2025-12-07 14:30:00+00:00,183.96,184.43,181.87,182.11,7499.6
2025-12-07 15:00:00+00:00,182.11,184.91,181.78,183.49,5737.7
2025-12-07 15:30:00+00:00,183.49,188.3,183.49,188.06,6078.1
2025-12-07 16:00:00+00:00,188.06,188.06,185.23,185.85,3946.0
2025-12-07 16:30:00+00:00,185.85,187.31,185.15,187.18,1669.8
2025-12-07 17:00:00+00:00,187.18,191.53,186.19,190.89,9063.5
2025-12-07 17:30:00+00:00,190.89,192.77,190.44,191.15,4950.3
2025-12-07 18:00:00+00:00,191.15,193.72,191.15,193.3,2977.2
2025-12-07 18:30:00+00:00,193.3,193.95,192.49,193.09,2158.9
2025-12-07 19:00:00+00:00,193.09,194.27,192.4,193.83,1478.0
2025-12-07 19:30:00+00:00,193.83,194.88,193.41,193.61,1642.9
2025-12-07 20:00:00+00:00,193.61,194.08,192.87,193.93,1030.3
2025-12-07 20:30:00+00:00,193.93,194.05,193.34,194.03,404.3
2025-12-07 21:00:00+00:00,194.03,194.03,191.76,191.78,2046.8
2025-12-07 21:30:00+00:00,191.78,192.49,188.01,189.3,5858.3
2025-12-07 22:00:00+00:00,189.3,189.3,184.29,186.28,9697.4
2025-12-07 22:30:00+00:00,186.28,188.11,185.0,185.87,7432.3
2025-12-07 23:00:00+00:00,185.87,187.09,184.9,186.98,2960.6
2025-12-07 23:30:00+00:00,186.98,187.7,185.8,187.39,1220.6
2025-12-08 00:00:00+00:00,187.39,187.54,185.78,186.9,3233.1
2025-12-08 00:30:00+00:00,186.9,188.8,186.55,188.45,1015.1
2025-12-08 01:00:00+00:00,188.45,191.05,188.12,190.64,5588.4
2025-12-08 01:30:00+00:00,190.64,192.59,189.7,189.7,2144.1
2025-12-08 02:00:00+00:00,189.7,190.46,189.51,189.95,935.8
2025-12-08 02:30:00+00:00,189.95,190.66,189.24,190.4,623.3
2025-12-08 03:00:00+00:00,190.4,190.68,189.79,190.27,310.7
2025-12-08 03:30:00+00:00,190.27,190.29,189.13,189.94,721.4
2025-12-08 04:00:00+00:00,189.94,191.23,189.94,190.91,403.5
2025-12-08 04:30:00+00:00,190.91,192.56,190.91,191.97,544.3
2025-12-08 05:00:00+00:00,191.97,192.04,191.01,192.01,614.3
2025-12-08 05:30:00+00:00,192.01,192.45,191.35,191.62,921.7
2025-12-08 06:00:00+00:00,191.62,193.12,191.39,192.59,1904.6
2025-12-08 06:30:00+00:00,192.59,193.33,192.33,192.33,953.5
2025-12-08 07:00:00+00:00,192.33,192.98,191.29,192.97,1578.4
2025-12-08 07:30:00+00:00,192.97,193.28,192.75,192.99,684.2
2025-12-08 08:00:00+00:00,192.99,193.27,192.4,192.51,494.9
2025-12-08 08:30:00+00:00,192.51,193.79,192.1,193.39,849.9
2025-12-08 09:00:00+00:00,193.39,195.83,193.32,194.74,4434.4
2025-12-08 09:30:00+00:00,194.74,195.41,194.52,194.86,999.2
2025-12-08 10:00:00+00:00,194.86,195.49,194.62,194.62,638.2
2025-12-08 10:30:00+00:00,194.62,195.63,194.51,195.42,1298.9
2025-12-08 11:00:00+00:00,195.42,195.97,194.88,195.4,483.9
2025-12-08 11:30:00+00:00,195.4,197.28,195.25,197.17,1092.9
2025-12-08 12:00:00+00:00,197.17,197.28,196.03,196.47,1068.4
2025-12-08 12:30:00+00:00,196.47,196.72,194.51,195.17,1784.2
2025-12-08 13:00:00+00:00,195.17,196.9,194.9,195.21,1062.3
2025-12-08 13:30:00+00:00,195.21,196.69,194.63,195.89,923.1
2025-12-08 14:00:00+00:00,195.89,197.57,195.88,197.13,1511.8
2025-12-08 14:30:00+00:00,197.13,199.95,195.65,197.88,8313.6
2025-12-08 15:00:00+00:00,197.88,199.02,193.91,195.03,9270.9
2025-12-08 15:30:00+00:00,195.03,195.76,192.21,192.65,12455.8
2025-12-08 16:00:00+00:00,192.65,193.21,191.4,192.99,3550.0
2025-12-08 16:30:00+00:00,192.99,193.87,190.0,190.17,2681.3
2025-12-08 17:00:00+00:00,190.17,192.27,190.04,190.86,1738.3
2025-12-08 17:30:00+00:00,190.86,191.9,189.55,191.56,1992.1
2025-12-08 18:00:00+00:00,191.56,192.7,191.12,191.33,1013.7
2025-12-08 18:30:00+00:00,191.33,191.96,189.28,190.31,1576.1
2025-12-08 19:00:00+00:00,190.31,191.31,190.07,191.18,1740.5
2025-12-08 19:30:00+00:00,191.18,192.37,190.99,191.26,823.2
2025-12-08 20:00:00+00:00,191.26,192.53,190.89,191.12,649.4
2025-12-08 20:30:00+00:00,191.12,192.45,190.66,192.2,896.5
2025-12-08 21:00:00+00:00,192.2,192.86,191.76,192.48,1667.0
2025-12-08 21:30:00+00:00,192.48,194.2,192.48,193.53,2050.8
2025-12-08 22:00:00+00:00,193.53,193.69,192.04,192.59,969.7
2025-12-08 22:30:00+00:00,192.59,192.61,191.37,191.81,667.8
2025-12-08 23:00:00+00:00,191.81,192.64,191.04,191.54,734.7
2025-12-08 23:30:00+00:00,191.54,191.86,191.31,191.34,496.7
2025-12-09 00:00:00+00:00,191.34,192.47,191.23,191.76,423.7
2025-12-09 00:30:00+00:00,191.76,191.76,190.27,190.81,671.3
2025-12-09 01:00:00+00:00,190.81,191.07,190.07,190.29,729.9
2025-12-09 01:30:00+00:00,190.29,191.13,190.18,191.01,822.5
2025-12-09 02:00:00+00:00,191.01,191.88,189.13,189.65,11277.6
2025-12-09 02:30:00+00:00,189.65,191.0,189.5,189.59,3480.1
2025-12-09 03:00:00+00:00,189.59,189.99,188.55,188.85,2387.8
2025-12-09 03:30:00+00:00,188.85,190.53,188.75,190.26,1547.5
2025-12-09 04:00:00+00:00,190.26,190.48,189.65,190.05,419.1
2025-12-09 04:30:00+00:00,190.05,190.06,188.29,188.45,1724.2
2025-12-09 05:00:00+00:00,188.45,188.6,187.67,188.23,1618.2
2025-12-09 05:30:00+00:00,188.23,189.42,188.05,188.19,1400.6
2025-12-09 06:00:00+00:00,188.19,188.69,187.54,187.69,798.1
2025-12-09 06:30:00+00:00,187.69,188.47,187.39,188.24,666.8
2025-12-09 07:00:00+00:00,188.24,189.45,188.08,189.11,679.5
2025-12-09 07:30:00+00:00,189.11,190.32,188.81,190.07,989.1
2025-12-09 08:00:00+00:00,190.07,190.34,189.24,189.24,657.9
2025-12-09 08:30:00+00:00,189.24,189.81,188.9,189.42,624.8
2025-12-09 09:00:00+00:00,189.42,189.42,188.89,189.02,681.0
2025-12-09 09:30:00+00:00,189.02,189.12,187.83,188.08,1152.3
2025-12-09 10:00:00+00:00,188.08,188.56,187.83,188.39,809.5
2025-12-09 10:30:00+00:00,188.39,188.6,187.07,187.96,1266.9
2025-12-09 11:00:00+00:00,187.96,188.22,187.68,187.95,633.1
2025-12-09 11:30:00+00:00,187.95,188.81,187.79,188.69,568.5
2025-12-09 12:00:00+00:00,188.69,190.07,188.24,189.62,1509.1
2025-12-09 12:30:00+00:00,189.62,190.2,189.22,189.76,1278.9
2025-12-09 13:00:00+00:00,189.76,190.51,189.43,190.24,1460.1
2025-12-09 13:30:00+00:00,190.24,190.45,187.34,187.61,1697.6
2025-12-09 14:00:00+00:00,187.61,188.44,187.09,188.23,2919.7
2025-12-09 14:30:00+00:00,188.23,188.99,187.53,188.64,2300.4
2025-12-09 15:00:00+00:00,188.64,192.06,187.36,189.97,9027.7
2025-12-09 15:30:00+00:00,189.97,197.15,189.81,196.21,10005.3
2025-12-09 16:00:00+00:00,196.21,200.37,196.21,199.72,14446.8
2025-12-09 16:30:00+00:00,199.72,204.8,199.63,204.56,7826.2
2025-12-09 17:00:00+00:00,204.56,206.23,203.09,204.75,9979.1
2025-12-09 17:30:00+00:00,204.75,205.28,203.01,205.03,3446.8
2025-12-09 18:00:00+00:00,205.03,205.79,204.26,205.25,3906.3
2025-12-09 18:30:00+00:00,205.25,205.31,203.45,204.21,1397.8
2025-12-09 19:00:00+00:00,204.21,204.48,203.08,204.46,1324.7
2025-12-09 19:30:00+00:00,204.46,205.77,203.78,204.85,2229.6
2025-12-09 20:00:00+00:00,204.85,205.09,200.91,202.25,2806.4
2025-12-09 20:30:00+00:00,202.25,204.0,201.08,203.21,2803.3
2025-12-09 21:00:00+00:00,203.21,205.09,202.9,204.87,2607.8
2025-12-09 21:30:00+00:00,204.87,205.09,201.23,201.82,4707.9
2025-12-09 22:00:00+00:00,201.82,204.22,201.57,203.76,2014.2
2025-12-09 22:30:00+00:00,203.76,206.21,203.38,205.11,2104.0
2025-12-09 23:00:00+00:00,205.11,205.62,203.38,204.1,1774.0
2025-12-09 23:30:00+00:00,204.1,204.19,202.23,202.23,674.6
2025-12-10 00:00:00+00:00,202.23,203.41,201.3,201.69,1022.4
2025-12-10 00:30:00+00:00,201.69,202.23,200.01,200.11,2193.3
2025-12-10 01:00:00+00:00,200.11,200.94,199.42,199.92,2085.2
2025-12-10 01:30:00+00:00,199.92,199.92,198.66,199.38,1029.1
2025-12-10 02:00:00+00:00,199.38,200.18,198.33,199.9,1824.0
2025-12-10 02:30:00+00:00,199.9,200.19,198.83,200.18,554.8
2025-12-10 03:00:00+00:00,200.18,200.97,199.87,200.38,461.4
2025-12-10 03:30:00+00:00,200.38,201.09,200.25,200.4,270.1
2025-12-10 04:00:00+00:00,200.4,200.73,199.36,199.62,369.7
2025-12-10 04:30:00+00:00,199.62,200.45,199.42,200.07,710.2
2025-12-10 05:00:00+00:00,200.07,201.2,199.62,199.68,1715.5
2025-12-10 05:30:00+00:00,199.68,199.84,199.37,199.54,531.3
2025-12-10 06:00:00+00:00,199.54,199.76,199.0,199.34,675.6
2025-12-10 06:30:00+00:00,199.34,199.55,198.88,199.44,393.7
2025-12-10 07:00:00+00:00,199.44,199.49,198.69,198.89,382.6
2025-12-10 07:30:00+00:00,198.89,200.2,198.63,200.07,311.3
2025-12-10 08:00:00+00:00,200.07,200.61,199.11,200.07,1333.5
2025-12-10 08:30:00+00:00,200.07,200.43,199.16,199.25,602.5
2025-12-10 09:00:00+00:00,199.25,199.3,197.89,198.09,692.1
2025-12-10 09:30:00+00:00,198.09,200.06,198.09,199.95,717.1
2025-12-10 10:00:00+00:00,199.95,202.47,198.16,198.26,3734.6
2025-12-10 10:30:00+00:00,198.26,198.5,197.24,197.33,1213.5
2025-12-10 11:00:00+00:00,197.33,197.64,196.83,197.22,1275.0
2025-12-10 11:30:00+00:00,197.22,197.48,196.17,197.46,1469.6
2025-12-10 12:00:00+00:00,197.46,197.86,196.73,197.38,908.5
2025-12-10 12:30:00+00:00,197.38,199.61,197.28,199.09,962.9
2025-12-10 13:00:00+00:00,199.09,199.6,198.41,199.21,1209.3
2025-12-10 13:30:00+00:00,199.21,199.4,198.01,198.32,627.8
2025-12-10 14:00:00+00:00,198.32,198.72,197.58,197.88,471.6
2025-12-10 14:30:00+00:00,197.88,198.52,196.66,197.6,1515.4
2025-12-10 15:00:00+00:00,197.6,199.82,197.35,197.97,1595.7
2025-12-10 15:30:00+00:00,197.97,198.42,196.85,198.05,1067.5
2025-12-10 16:00:00+00:00,198.05,201.07,197.51,200.88,1800.7
2025-12-10 16:30:00+00:00,200.88,201.48,199.35,199.44,776.0
2025-12-10 17:00:00+00:00,199.44,201.59,199.26,200.76,859.1
2025-12-10 17:30:00+00:00,200.76,200.76,199.75,200.42,830.8
2025-12-10 18:00:00+00:00,200.42,200.94,199.72,200.49,602.6
2025-12-10 18:30:00+00:00,200.49,204.48,200.28,201.56,5537.0
2025-12-10 19:00:00+00:00,201.56,205.45,199.29,201.28,12450.3
2025-12-10 19:30:00+00:00,201.28,204.52,200.55,202.65,7325.9
2025-12-10 20:00:00+00:00,202.65,207.1,201.57,204.05,13690.6
2025-12-10 20:30:00+00:00,204.05,204.83,199.28,199.79,4980.9
2025-12-10 21:00:00+00:00,199.79,200.98,198.35,199.86,2662.3
2025-12-10 21:30:00+00:00,199.86,199.98,197.96,198.04,1027.4
2025-12-10 22:00:00+00:00,198.04,199.12,196.21,197.5,2444.9
2025-12-10 22:30:00+00:00,197.5,199.48,197.13,198.71,1125.9
2025-12-10 23:00:00+00:00,198.71,199.18,197.43,197.43,1043.2
2025-12-10 23:30:00+00:00,197.43,197.55,196.6,196.77,593.9
2025-12-11 00:00:00+00:00,196.77,197.23,196.47,196.68,545.1
2025-12-11 00:30:00+00:00,196.68,196.68,193.16,193.85,2688.2
2025-12-11 01:00:00+00:00,193.85,193.99,191.56,193.04,5409.1
2025-12-11 01:30:00+00:00,193.04,193.94,191.5,191.52,705.7
2025-12-11 02:00:00+00:00,191.52,191.63,189.83,190.49,2578.7
2025-12-11 02:30:00+00:00,190.49,191.16,189.85,190.02,1927.9
2025-12-11 03:00:00+00:00,190.02,190.04,187.97,188.14,3564.4
2025-12-11 03:30:00+00:00,188.14,188.24,187.26,187.57,2221.0
2025-12-11 04:00:00+00:00,187.57,189.1,186.83,188.69,3062.4
2025-12-11 04:30:00+00:00,188.69,190.99,188.57,190.78,1470.5
2025-12-11 05:00:00+00:00,190.78,190.99,189.74,190.94,900.8
2025-12-11 05:30:00+00:00,190.94,191.63,190.79,191.53,2898.6
2025-12-11 06:00:00+00:00,191.53,191.53,189.82,190.05,2170.9
2025-12-11 06:30:00+00:00,190.05,191.39,189.96,190.2,855.2
2025-12-11 07:00:00+00:00,190.2,190.42,189.53,189.66,1850.1
2025-12-11 07:30:00+00:00,189.66,190.0,189.19,189.51,579.2
2025-12-11 08:00:00+00:00,189.51,189.51,188.58,188.69,1045.6
2025-12-11 08:30:00+00:00,188.69,189.27,188.08,188.99,1493.4
2025-12-11 09:00:00+00:00,188.99,190.19,188.89,190.16,952.2
2025-12-11 09:30:00+00:00,190.16,190.43,188.7,188.98,775.5
2025-12-11 10:00:00+00:00,188.98,189.31,188.4,188.67,1248.7
2025-12-11 10:30:00+00:00,188.67,189.85,188.4,189.75,350.5
2025-12-11 11:00:00+00:00,189.75,190.37,189.48,190.2,701.8
2025-12-11 11:30:00+00:00,190.2,190.66,190.1,190.18,250.1
2025-12-11 12:00:00+00:00,190.18,190.6,189.62,190.24,339.9
2025-12-11 12:30:00+00:00,190.24,191.17,189.64,189.71,493.4
2025-12-11 13:00:00+00:00,189.71,191.69,189.46,191.21,1630.6
2025-12-11 13:30:00+00:00,191.21,192.02,190.84,191.62,1173.5
2025-12-11 14:00:00+00:00,191.62,192.26,190.83,190.84,1779.5
2025-12-11 14:30:00+00:00,190.84,191.36,188.38,189.05,5157.1
2025-12-11 15:00:00+00:00,189.05,192.95,188.61,191.67,2152.9
2025-12-11 15:30:00+00:00,191.67,191.75,189.93,190.78,991.8
2025-12-11 16:00:00+00:00,190.78,191.29,189.31,190.81,1210.5
2025-12-11 16:30:00+00:00,190.81,193.12,189.98,191.1,1653.4
2025-12-11 17:00:00+00:00,191.1,192.49,190.57,191.91,1042.4
2025-12-11 17:30:00+00:00,191.91,192.58,191.16,191.29,1055.4
2025-12-11 18:00:00+00:00,191.29,193.02,190.95,192.24,900.9
2025-12-11 18:30:00+00:00,192.24,194.92,191.87,193.35,3032.9
2025-12-11 19:00:00+00:00,193.35,194.46,192.75,194.28,2007.7
2025-12-11 19:30:00+00:00,194.28,195.86,193.43,193.69,3281.8
2025-12-11 20:00:00+00:00,193.69,195.89,193.61,194.73,2708.8
2025-12-11 20:30:00+00:00,194.73,196.63,194.63,196.33,3577.8
2025-12-11 21:00:00+00:00,196.33,200.1,196.0,200.05,5381.5
2025-12-11 21:30:00+00:00,200.05,201.75,199.67,200.93,7127.4
2025-12-11 22:00:00+00:00,200.93,202.46,200.12,200.95,3042.9
2025-12-11 22:30:00+00:00,200.95,202.14,200.46,201.31,1044.1
2025-12-11 23:00:00+00:00,201.31,201.9,199.91,201.34,1587.9
2025-12-11 23:30:00+00:00,201.34,203.17,201.24,202.4,1783.5
2025-12-12 00:00:00+00:00,202.4,205.74,202.26,204.89,5638.1
2025-12-12 00:30:00+00:00,204.89,205.48,200.86,201.02,2698.3
2025-12-12 01:00:00+00:00,201.02,204.1,201.02,203.25,1104.9
2025-12-12 01:30:00+00:00,203.25,204.47,203.03,203.7,893.2
2025-12-12 02:00:00+00:00,203.7,204.54,202.93,203.65,2049.1
2025-12-12 02:30:00+00:00,203.65,205.92,203.04,205.56,4558.5
2025-12-12 03:00:00+00:00,205.56,206.75,203.5,203.5,4671.4
2025-12-12 03:30:00+00:00,203.5,205.69,203.29,204.28,3765.4
2025-12-12 04:00:00+00:00,204.28,204.36,203.41,203.55,1958.6
2025-12-12 04:30:00+00:00,203.55,203.69,202.41,202.98,1882.9
2025-12-12 05:00:00+00:00,202.98,203.89,202.57,202.78,5832.2
2025-12-12 05:30:00+00:00,202.78,204.56,202.15,204.02,2877.7
2025-12-12 06:00:00+00:00,204.02,206.0,204.02,205.69,6053.2
2025-12-12 06:30:00+00:00,205.69,206.09,204.95,205.0,1413.8
2025-12-12 07:00:00+00:00,205.0,205.45,204.64,205.0,1812.0
2025-12-12 07:30:00+00:00,205.0,205.87,203.88,204.32,1378.1
2025-12-12 08:00:00+00:00,204.32,204.69,203.76,203.92,711.0
2025-12-12 08:30:00+00:00,203.92,204.67,203.2,204.41,4086.0
2025-12-12 09:00:00+00:00,204.41,205.29,203.77,203.78,3865.8
2025-12-12 09:30:00+00:00,203.78,205.71,203.67,205.47,2559.6
2025-12-12 10:00:00+00:00,205.47,206.65,205.26,206.09,3967.1
2025-12-12 10:30:00+00:00,206.09,206.36,205.64,205.96,768.3
2025-12-12 11:00:00+00:00,205.96,206.04,204.91,205.19,657.0
2025-12-12 11:30:00+00:00,205.19,205.84,204.65,205.84,662.8
2025-12-12 12:00:00+00:00,205.84,205.84,204.48,204.51,1049.5
2025-12-12 12:30:00+00:00,204.51,205.05,203.42,204.07,2024.3
2025-12-12 13:00:00+00:00,204.07,204.46,203.32,203.49,1041.3
2025-12-12 13:30:00+00:00,203.49,204.93,203.3,204.53,1102.0
2025-12-12 14:00:00+00:00,204.53,204.69,203.1,203.15,921.4
2025-12-12 14:30:00+00:00,203.15,204.99,202.33,203.36,4266.9
2025-12-12 15:00:00+00:00,203.36,203.36,198.1,198.39,16168.8
2025-12-12 15:30:00+00:00,198.39,198.96,191.73,192.76,19196.8
2025-12-12 16:00:00+00:00,192.76,193.6,190.28,192.78,9085.6
2025-12-12 16:30:00+00:00,192.78,192.78,189.18,190.68,6120.0
2025-12-12 17:00:00+00:00,190.68,193.58,190.12,190.38,3516.3
2025-12-12 17:30:00+00:00,190.38,192.09,190.25,190.87,3727.3
2025-12-12 18:00:00+00:00,190.87,193.54,190.51,192.88,1971.2
2025-12-12 18:30:00+00:00,192.88,194.11,192.38,192.46,1130.4
2025-12-12 19:00:00+00:00,192.46,192.75,190.64,190.99,1763.6
2025-12-12 19:30:00+00:00,190.99,191.31,190.18,191.21,818.6
2025-12-12 20:00:00+00:00,191.21,192.03,190.68,190.82,1361.4
2025-12-12 20:30:00+00:00,190.82,191.69,190.45,191.2,1119.8
2025-12-12 21:00:00+00:00,191.2,191.33,190.23,190.88,602.7
2025-12-12 21:30:00+00:00,190.88,191.35,190.72,190.87,412.8
2025-12-12 22:00:00+00:00,190.87,192.67,190.87,192.04,908.5
2025-12-12 22:30:00+00:00,192.04,192.5,191.59,192.0,390.0
2025-12-12 23:00:00+00:00,192.0,192.73,191.81,191.81,682.0
2025-12-12 23:30:00+00:00,191.81,191.83,191.16,191.23,597.2
2025-12-13 00:00:00+00:00,191.23,193.07,191.2,192.76,599.4
2025-12-13 00:30:00+00:00,192.76,193.53,192.63,193.41,383.4
2025-12-13 01:00:00+00:00,193.41,194.4,193.39,194.26,933.5
2025-12-13 01:30:00+00:00,194.26,194.26,192.79,193.47,495.3
2025-12-13 02:00:00+00:00,193.47,194.58,193.45,194.55,818.9
2025-12-13 02:30:00+00:00,194.55,194.82,193.91,194.22,735.9
2025-12-13 03:00:00+00:00,194.22,194.38,193.63,193.92,1015.9
2025-12-13 03:30:00+00:00,193.92,194.35,193.3,194.19,318.2
2025-12-13 04:00:00+00:00,194.19,194.86,193.94,194.54,419.0
2025-12-13 04:30:00+00:00,194.54,194.76,194.17,194.56,423.4
2025-12-13 05:00:00+00:00,194.56,194.93,194.48,194.56,265.5
2025-12-13 05:30:00+00:00,194.56,195.24,194.56,195.14,539.8
2025-12-13 06:00:00+00:00,195.14,195.16,193.28,193.28,1291.1
2025-12-13 06:30:00+00:00,193.28,194.52,193.21,194.41,235.7
2025-12-13 07:00:00+00:00,194.41,195.0,194.19,195.0,424.1
2025-12-13 07:30:00+00:00,195.0,195.54,194.63,195.54,310.3
2025-12-13 08:00:00+00:00,195.54,199.22,195.54,198.68,1520.3
2025-12-13 08:30:00+00:00,198.68,199.42,198.14,198.67,1947.1
2025-12-13 09:00:00+00:00,198.67,200.15,198.49,199.92,11465.9
2025-12-13 09:30:00+00:00,199.92,202.18,199.9,202.02,4843.0
2025-12-13 10:00:00+00:00,202.02,202.75,201.15,201.38,3131.3
2025-12-13 10:30:00+00:00,201.38,201.57,200.12,200.42,1997.4
2025-12-13 11:00:00+00:00,200.42,200.56,199.49,199.49,1905.1
2025-12-13 11:30:00+00:00,199.49,199.8,198.48,199.07,2434.3
2025-12-13 12:00:00+00:00,199.07,200.14,197.93,197.96,2347.8
2025-12-13 12:30:00+00:00,197.96,198.54,197.68,198.29,999.8
2025-12-13 13:00:00+00:00,198.29,198.93,197.42,197.49,2166.4
2025-12-13 13:30:00+00:00,197.49,198.18,197.14,197.85,1079.2
2025-12-13 14:00:00+00:00,197.85,199.26,197.41,197.71,1911.9
2025-12-13 14:30:00+00:00,197.71,199.64,197.7,199.47,1138.7
2025-12-13 15:00:00+00:00,199.47,199.94,198.85,199.18,1148.0
2025-12-13 15:30:00+00:00,199.18,199.32,198.04,198.48,841.1
2025-12-13 16:00:00+00:00,198.48,199.26,197.97,198.01,830.5
2025-12-13 16:30:00+00:00,198.01,198.01,197.23,197.61,1148.4
2025-12-13 17:00:00+00:00,197.61,197.63,196.33,196.47,1240.3
2025-12-13 17:30:00+00:00,196.47,196.93,196.27,196.76,373.3
2025-12-13 18:00:00+00:00,196.76,197.41,196.63,196.9,538.7
2025-12-13 18:30:00+00:00,196.9,197.12,196.64,197.07,340.9
2025-12-13 19:00:00+00:00,197.07,198.16,197.02,197.73,1749.4
2025-12-13 19:30:00+00:00,197.73,198.55,197.7,197.99,519.1
2025-12-13 20:00:00+00:00,197.99,198.15,196.67,196.85,613.3
2025-12-13 20:30:00+00:00,196.85,197.15,196.75,197.05,956.3
2025-12-13 21:00:00+00:00,197.05,197.3,196.55,197.17,1062.4
2025-12-13 21:30:00+00:00,197.17,197.35,195.54,197.05,2050.5
2025-12-13 22:00:00+00:00,197.05,197.76,196.52,197.54,1269.4
2025-12-13 22:30:00+00:00,197.54,198.09,196.93,196.94,457.5
2025-12-13 23:00:00+00:00,196.94,197.77,196.75,197.29,1715.3
2025-12-13 23:30:00+00:00,197.29,197.86,197.29,197.57,205.9
2025-12-14 00:00:00+00:00,197.57,197.63,196.9,197.35,450.2
2025-12-14 00:30:00+00:00,197.35,198.01,197.3,197.4,2065.2
2025-12-14 01:00:00+00:00,197.4,197.58,197.11,197.35,614.3
2025-12-14 01:30:00+00:00,197.35,197.39,196.24,196.49,347.7
2025-12-14 02:00:00+00:00,196.49,197.47,196.49,197.42,246.0
2025-12-14 02:30:00+00:00,197.42,198.05,197.1,197.38,970.2
2025-12-14 03:00:00+00:00,197.38,197.45,196.67,196.77,374.3
2025-12-14 03:30:00+00:00,196.77,196.77,195.91,195.98,621.6
2025-12-14 04:00:00+00:00,195.98,196.08,195.14,195.33,1616.9
2025-12-14 04:30:00+00:00,195.33,195.35,194.19,194.58,1282.4
2025-12-14 05:00:00+00:00,194.58,194.61,193.32,193.71,762.6
2025-12-14 05:30:00+00:00,193.71,194.4,193.49,193.96,1720.6
2025-12-14 06:00:00+00:00,193.96,194.02,193.29,193.6,1596.6
2025-12-14 06:30:00+00:00,193.6,194.23,193.2,193.94,705.7
2025-12-14 07:00:00+00:00,193.94,194.15,193.73,194.09,480.8
2025-12-14 07:30:00+00:00,194.09,194.85,193.86,194.64,1143.4
2025-12-14 08:00:00+00:00,194.64,195.4,194.51,195.14,1919.6
2025-12-14 08:30:00+00:00,195.14,195.81,194.5,194.69,3405.4
2025-12-14 09:00:00+00:00,194.69,194.72,193.76,193.87,1746.0
2025-12-14 09:30:00+00:00,193.87,194.67,193.62,194.55,1224.7
2025-12-14 10:00:00+00:00,194.55,195.21,193.57,194.94,1069.6
2025-12-14 10:30:00+00:00,194.94,195.03,194.33,194.72,241.8
2025-12-14 11:00:00+00:00,194.72,194.72,193.5,193.76,938.0
2025-12-14 11:30:00+00:00,193.76,194.0,191.14,193.57,5830.2
2025-12-14 12:00:00+00:00,193.57,194.16,192.5,193.26,907.9
2025-12-14 12:30:00+00:00,193.26,194.91,193.26,194.29,805.4
2025-12-14 13:00:00+00:00,194.29,194.3,193.16,193.62,2398.2
2025-12-14 13:30:00+00:00,193.62,194.19,193.37,194.15,571.1
2025-12-14 14:00:00+00:00,194.15,194.69,193.45,193.56,975.9
2025-12-14 14:30:00+00:00,193.56,193.56,191.72,192.32,1446.0
2025-12-14 15:00:00+00:00,192.32,192.47,190.91,191.27,1357.5
2025-12-14 15:30:00+00:00,191.27,192.14,190.93,191.35,1383.0
2025-12-14 16:00:00+00:00,191.35,192.58,190.92,192.06,1517.7
2025-12-14 16:30:00+00:00,192.06,192.39,191.37,192.29,801.8
2025-12-14 17:00:00+00:00,192.29,192.67,190.59,190.67,1421.9
2025-12-14 17:30:00+00:00,190.67,190.95,190.11,190.38,1007.3
2025-12-14 18:00:00+00:00,190.38,191.88,190.22,190.27,879.9
2025-12-14 18:30:00+00:00,190.27,191.24,190.21,191.09,730.5
2025-12-14 19:00:00+00:00,191.09,191.09,189.66,190.22,2094.8
2025-12-14 19:30:00+00:00,190.22,190.32,189.41,189.99,686.4
2025-12-14 20:00:00+00:00,189.99,191.0,188.96,190.51,3257.6
2025-12-14 20:30:00+00:00,190.51,190.78,189.72,189.72,539.0
2025-12-14 21:00:00+00:00,189.72,190.02,189.14,189.52,716.3
2025-12-14 21:30:00+00:00,189.52,189.52,188.12,188.45,1463.8
2025-12-14 22:00:00+00:00,188.45,189.64,188.45,188.77,746.5
2025-12-14 22:30:00+00:00,188.77,188.77,187.7,188.61,1456.8
2025-12-14 23:00:00+00:00,188.61,189.69,187.85,188.35,1504.5
2025-12-14 23:30:00+00:00,188.35,188.86,185.69,188.51,8480.4
2025-12-15 00:00:00+00:00,188.51,190.24,187.88,189.86,2398.9
2025-12-15 00:30:00+00:00,189.86,190.42,188.84,190.35,854.9
2025-12-15 01:00:00+00:00,190.35,190.95,189.91,190.63,1736.7
2025-12-15 01:30:00+00:00,190.63,193.66,190.54,193.16,2390.9
2025-12-15 02:00:00+00:00,193.16,196.17,193.16,194.88,2947.5
2025-12-15 02:30:00+00:00,194.88,194.93,192.87,193.08,3126.2
2025-12-15 03:00:00+00:00,193.08,194.18,192.74,193.91,713.9
2025-12-15 03:30:00+00:00,193.91,194.16,192.94,193.06,833.0
2025-12-15 04:00:00+00:00,193.06,193.73,192.1,192.25,901.6
2025-12-15 04:30:00+00:00,192.25,194.85,192.18,194.48,1692.9
2025-12-15 05:00:00+00:00,194.48,195.0,194.19,194.95,1540.5
2025-12-15 05:30:00+00:00,194.95,194.95,194.19,194.46,1490.0
2025-12-15 06:00:00+00:00,194.46,194.48,193.43,194.22,1746.1
2025-12-15 06:30:00+00:00,194.22,196.58,193.98,195.94,2005.3
2025-12-15 07:00:00+00:00,195.94,196.35,194.4,194.58,2368.7
2025-12-15 07:30:00+00:00,194.58,194.83,193.94,194.68,1295.3
2025-12-15 08:00:00+00:00,194.68,194.91,193.73,194.48,1623.1
2025-12-15 08:30:00+00:00,194.48,194.97,194.1,194.43,704.1
2025-12-15 09:00:00+00:00,194.43,194.54,193.81,194.12,1460.5
2025-12-15 09:30:00+00:00,194.12,195.09,193.76,194.7,994.8
2025-12-15 10:00:00+00:00,194.7,195.88,194.41,195.51,1305.4
2025-12-15 10:30:00+00:00,195.51,196.22,194.71,194.79,773.5
2025-12-15 11:00:00+00:00,194.79,195.38,194.59,195.37,998.0
2025-12-15 11:30:00+00:00,195.37,195.66,194.11,195.42,788.1
2025-12-15 12:00:00+00:00,195.42,195.53,194.37,195.11,1430.3
2025-12-15 12:30:00+00:00,195.11,195.7,195.04,195.42,684.4
2025-12-15 13:00:00+00:00,195.42,195.51,193.75,193.89,1703.9
2025-12-15 13:30:00+00:00,193.89,194.26,192.85,193.09,2321.6
2025-12-15 14:00:00+00:00,193.09,195.63,192.87,194.23,2687.0
2025-12-15 14:30:00+00:00,194.23,195.87,188.72,189.99,9391.0
2025-12-15 15:00:00+00:00,189.99,190.56,182.9,184.12,19560.9
2025-12-15 15:30:00+00:00,184.12,185.95,182.76,184.48,8970.6
2025-12-15 16:00:00+00:00,184.48,184.92,183.35,184.44,2249.1
2025-12-15 16:30:00+00:00,184.44,184.57,181.37,182.8,6565.5
2025-12-15 17:00:00+00:00,182.8,183.5,182.37,182.7,2688.3
2025-12-15 17:30:00+00:00,182.7,182.71,179.92,180.33,5690.2
2025-12-15 18:00:00+00:00,180.33,181.91,179.14,180.98,10399.7
2025-12-15 18:30:00+00:00,180.98,182.88,179.26,182.68,4275.8
2025-12-15 19:00:00+00:00,182.68,184.95,182.55,184.3,2761.5
2025-12-15 19:30:00+00:00,184.3,184.76,182.91,183.28,978.5
2025-12-15 20:00:00+00:00,183.28,183.29,180.91,181.7,3076.7
2025-12-15 20:30:00+00:00,181.7,183.61,181.49,182.02,1441.4
2025-12-15 21:00:00+00:00,182.02,182.75,181.6,182.38,2903.9
2025-12-15 21:30:00+00:00,182.38,186.09,182.05,185.94,4945.9
2025-12-15 22:00:00+00:00,185.94,186.12,184.71,185.88,1159.9
2025-12-15 22:30:00+00:00,185.88,186.66,185.17,186.66,1952.5
2025-12-15 23:00:00+00:00,186.66,193.54,186.66,193.13,7392.8
2025-12-15 23:30:00+00:00,193.13,195.36,191.94,192.77,6959.7
2025-12-16 00:00:00+00:00,192.77,193.12,191.58,191.79,2420.8
2025-12-16 00:30:00+00:00,191.79,191.79,189.67,189.82,2140.2
2025-12-16 01:00:00+00:00,189.82,191.01,189.42,189.52,1593.6
2025-12-16 01:30:00+00:00,189.52,191.04,188.96,190.99,1471.8
2025-12-16 02:00:00+00:00,190.99,191.8,188.74,191.62,11720.4
2025-12-16 02:30:00+00:00,191.62,191.82,189.52,189.66,1938.5
2025-12-16 03:00:00+00:00,189.66,190.26,188.19,188.88,2651.4
2025-12-16 03:30:00+00:00,188.88,188.99,186.16,186.83,3648.0
2025-12-16 04:00:00+00:00,186.83,187.07,185.09,185.18,2478.6
2025-12-16 04:30:00+00:00,185.18,186.86,182.94,186.81,3815.0
2025-12-16 05:00:00+00:00,186.81,187.57,186.29,186.38,2021.2
2025-12-16 05:30:00+00:00,186.38,187.81,186.09,187.09,871.2
2025-12-16 06:00:00+00:00,187.09,187.85,186.85,187.65,1596.5
2025-12-16 06:30:00+00:00,187.65,188.42,187.44,188.09,551.6
2025-12-16 07:00:00+00:00,188.09,188.59,186.47,186.82,789.0
2025-12-16 07:30:00+00:00,186.82,187.4,185.99,186.71,1602.6
2025-12-16 08:00:00+00:00,186.71,187.44,185.99,186.35,753.7
2025-12-16 08:30:00+00:00,186.35,187.23,185.7,186.52,1108.8
2025-12-16 09:00:00+00:00,186.52,186.52,185.51,185.83,408.7
2025-12-16 09:30:00+00:00,185.83,186.32,185.22,185.59,513.7
2025-12-16 10:00:00+00:00,185.59,186.39,185.27,185.77,571.9
2025-12-16 10:30:00+00:00,185.77,189.66,185.72,188.21,3697.5
2025-12-16 11:00:00+00:00,188.21,188.24,186.86,187.83,2539.4
2025-12-16 11:30:00+00:00,187.83,188.28,187.08,188.03,2231.8
2025-12-16 12:00:00+00:00,188.03,188.2,187.65,187.96,1321.5
2025-12-16 12:30:00+00:00,187.96,188.1,186.95,187.53,2404.6
2025-12-16 13:00:00+00:00,187.53,189.79,187.19,189.54,1277.5
2025-12-16 13:30:00+00:00,189.54,191.06,184.85,184.95,9919.6
2025-12-16 14:00:00+00:00,184.95,187.37,183.92,186.47,3919.0
2025-12-16 14:30:00+00:00,186.47,188.5,185.5,187.1,9966.2
2025-12-16 15:00:00+00:00,187.1,187.45,185.22,186.08,2773.3
2025-12-16 15:30:00+00:00,186.08,190.3,185.91,189.33,2825.5
2025-12-16 16:00:00+00:00,189.33,191.53,186.89,188.3,23581.0
2025-12-16 16:30:00+00:00,188.3,188.4,186.46,187.1,1604.3
2025-12-16 17:00:00+00:00,187.1,188.19,185.75,185.99,1683.8
2025-12-16 17:30:00+00:00,185.99,186.76,185.25,185.37,2644.3
2025-12-16 18:00:00+00:00,185.37,186.37,185.01,185.4,2064.3
2025-12-16 18:30:00+00:00,185.4,188.52,185.4,186.89,3969.0
2025-12-16 19:00:00+00:00,186.89,186.89,184.76,185.1,2876.9
2025-12-16 19:30:00+00:00,185.1,185.87,184.8,185.27,1161.8
2025-12-16 20:00:00+00:00,185.27,185.96,184.94,185.16,1133.4
2025-12-16 20:30:00+00:00,185.16,186.29,185.08,185.27,1683.0
2025-12-16 21:00:00+00:00,185.27,185.73,184.47,185.36,1115.5
2025-12-16 21:30:00+00:00,185.36,186.44,185.36,185.82,2229.8
2025-12-16 22:00:00+00:00,185.82,186.24,185.01,185.73,844.1
2025-12-16 22:30:00+00:00,185.73,185.94,185.41,185.44,562.6
2025-12-16 23:00:00+00:00,185.44,185.44,184.59,185.01,1915.1
2025-12-16 23:30:00+00:00,185.01,186.16,184.77,186.05,487.3
2025-12-17 00:00:00+00:00,186.05,186.07,185.27,185.58,1179.3
2025-12-17 00:30:00+00:00,185.58,185.82,184.97,185.78,550.2
2025-12-17 01:00:00+00:00,185.78,187.96,185.78,186.53,918.4
2025-12-17 01:30:00+00:00,186.53,186.75,185.36,185.78,590.7
2025-12-17 02:00:00+00:00,185.78,186.37,185.01,185.84,633.2
2025-12-17 02:30:00+00:00,185.84,187.03,185.49,186.91,823.9
2025-12-17 03:00:00+00:00,186.91,187.36,186.58,186.87,560.7
2025-12-17 03:30:00+00:00,186.87,186.98,185.69,186.31,827.6
2025-12-17 04:00:00+00:00,186.31,186.38,184.87,185.24,411.9
2025-12-17 04:30:00+00:00,185.24,185.4,184.12,184.4,1902.8
2025-12-17 05:00:00+00:00,184.4,184.82,183.1,183.92,3724.5
2025-12-17 05:30:00+00:00,183.92,184.6,183.2,184.16,907.5
2025-12-17 06:00:00+00:00,184.16,186.09,184.08,185.41,3654.1
2025-12-17 06:30:00+00:00,185.41,185.66,184.69,184.93,448.1
2025-12-17 07:00:00+00:00,184.93,185.62,184.7,185.54,414.6
2025-12-17 07:30:00+00:00,185.54,186.38,185.17,185.23,786.3
2025-12-17 08:00:00+00:00,185.23,185.23,184.18,184.48,1176.2
2025-12-17 08:30:00+00:00,184.48,184.95,183.94,184.04,774.4
2025-12-17 09:00:00+00:00,184.04,184.75,183.37,183.74,8958.9
2025-12-17 09:30:00+00:00,183.74,183.98,183.39,183.4,629.4
2025-12-17 10:00:00+00:00,183.4,184.17,182.69,183.39,2691.5
2025-12-17 10:30:00+00:00,183.39,183.91,183.01,183.3,869.9
2025-12-17 11:00:00+00:00,183.3,184.21,183.04,183.71,998.2
2025-12-17 11:30:00+00:00,183.71,184.6,183.53,184.07,804.4
2025-12-17 12:00:00+00:00,184.07,184.55,183.41,183.77,1179.1
2025-12-17 12:30:00+00:00,183.77,184.2,183.25,183.74,615.3
2025-12-17 13:00:00+00:00,183.74,184.83,183.48,183.97,1461.8
2025-12-17 13:30:00+00:00,183.97,186.45,183.8,185.76,6640.1
2025-12-17 14:00:00+00:00,185.76,186.48,185.4,185.63,1390.5
2025-12-17 14:30:00+00:00,185.63,189.51,181.71,189.34,12997.3
2025-12-17 15:00:00+00:00,189.34,192.7,188.42,190.38,7886.7
2025-12-17 15:30:00+00:00,190.38,190.97,182.58,182.91,9628.2
2025-12-17 16:00:00+00:00,182.91,184.55,178.5,178.78,9529.6
2025-12-17 16:30:00+00:00,178.78,181.35,178.15,181.34,4651.6
2025-12-17 17:00:00+00:00,181.34,182.05,178.76,180.24,2592.3
2025-12-17 17:30:00+00:00,180.24,180.61,178.2,178.65,1525.6
2025-12-17 18:00:00+00:00,178.65,180.92,178.65,179.9,2757.7
2025-12-17 18:30:00+00:00,179.9,180.22,177.55,178.21,1875.3
2025-12-17 19:00:00+00:00,178.21,178.61,176.66,177.46,3877.0
2025-12-17 19:30:00+00:00,177.46,179.99,176.64,179.99,2031.1
2025-12-17 20:00:00+00:00,179.99,181.28,178.98,181.11,1215.1
2025-12-17 20:30:00+00:00,181.11,181.14,178.84,179.2,1565.0
2025-12-17 21:00:00+00:00,179.2,179.94,178.72,178.75,263.4
2025-12-17 21:30:00+00:00,178.75,179.04,177.86,178.1,1862.6
2025-12-17 22:00:00+00:00,178.1,180.01,177.52,179.51,2304.8
2025-12-17 22:30:00+00:00,179.51,179.85,178.6,179.48,332.3
2025-12-17 23:00:00+00:00,179.48,179.5,178.84,179.18,244.5
2025-12-17 23:30:00+00:00,179.18,179.92,178.99,179.92,407.6
2025-12-18 00:00:00+00:00,179.92,180.09,178.75,178.92,552.1
2025-12-18 00:30:00+00:00,178.92,179.06,178.32,178.89,717.7
2025-12-18 01:00:00+00:00,178.89,178.89,177.29,177.65,708.5
2025-12-18 01:30:00+00:00,177.65,178.56,177.37,178.2,1166.6
2025-12-18 02:00:00+00:00,178.2,180.07,177.52,178.33,1068.9
2025-12-18 02:30:00+00:00,178.33,179.62,178.24,179.09,648.4
2025-12-18 03:00:00+00:00,179.09,179.2,177.57,177.57,903.2
2025-12-18 03:30:00+00:00,177.57,178.04,177.22,177.92,636.5
2025-12-18 04:00:00+00:00,177.92,179.01,177.9,178.12,421.8
2025-12-18 04:30:00+00:00,178.12,178.79,178.12,178.64,272.6
2025-12-18 05:00:00+00:00,178.64,178.95,176.81,177.05,1235.8
2025-12-18 05:30:00+00:00,177.05,177.62,176.11,176.34,2200.6
2025-12-18 06:00:00+00:00,176.34,176.75,175.85,176.42,1105.0
2025-12-18 06:30:00+00:00,176.42,177.16,176.11,176.97,1333.4
2025-12-18 07:00:00+00:00,176.97,177.95,176.71,177.7,2099.2
2025-12-18 07:30:00+00:00,177.7,177.8,176.82,177.0,539.1
2025-12-18 08:00:00+00:00,177.0,179.96,176.9,179.96,1312.5
2025-12-18 08:30:00+00:00,179.96,180.42,178.38,178.43,2935.2
2025-12-18 09:00:00+00:00,178.43,178.43,177.48,178.0,652.6
2025-12-18 09:30:00+00:00,178.0,178.92,177.69,178.71,485.0
2025-12-18 10:00:00+00:00,178.71,179.11,178.07,178.98,570.0
2025-12-18 10:30:00+00:00,178.98,179.47,178.3,178.7,605.0
2025-12-18 11:00:00+00:00,178.7,178.7,176.65,176.96,2220.2
2025-12-18 11:30:00+00:00,176.96,177.28,176.55,176.82,1464.4
2025-12-18 12:00:00+00:00,176.82,177.15,176.06,176.56,1961.9
2025-12-18 12:30:00+00:00,176.56,178.33,176.56,177.66,1959.6
2025-12-18 13:00:00+00:00,177.66,180.62,177.61,179.09,3344.9
2025-12-18 13:30:00+00:00,179.09,183.6,179.09,183.13,11720.8
2025-12-18 14:00:00+00:00,183.13,184.66,180.37,182.6,4533.0
2025-12-18 14:30:00+00:00,182.6,184.18,179.42,181.47,5796.1
2025-12-18 15:00:00+00:00,181.47,183.5,180.09,183.5,3086.1
2025-12-18 15:30:00+00:00,183.5,185.08,182.53,183.03,3847.8
2025-12-18 16:00:00+00:00,183.03,183.03,180.39,180.73,3124.0
2025-12-18 16:30:00+00:00,180.73,181.93,180.41,181.12,1329.6
2025-12-18 17:00:00+00:00,181.12,181.17,171.24,173.19,19686.7
2025-12-18 17:30:00+00:00,173.19,175.67,172.27,174.55,2797.6
2025-12-18 18:00:00+00:00,174.55,176.63,174.16,174.42,2311.8
2025-12-18 18:30:00+00:00,174.42,174.99,172.7,173.3,1487.4
2025-12-18 19:00:00+00:00,173.3,173.63,171.81,172.78,2847.9
2025-12-18 19:30:00+00:00,172.78,173.46,169.31,169.83,4789.3
2025-12-18 20:00:00+00:00,169.83,172.19,169.73,171.03,1930.4
2025-12-18 20:30:00+00:00,171.03,171.62,170.49,170.57,1530.3
2025-12-18 21:00:00+00:00,170.57,173.54,170.57,173.45,1906.5
2025-12-18 21:30:00+00:00,173.45,174.47,172.54,174.35,963.1
2025-12-18 22:00:00+00:00,174.35,174.7,173.71,174.64,1285.2
2025-12-18 22:30:00+00:00,174.64,174.99,174.09,174.09,559.1
2025-12-18 23:00:00+00:00,174.09,174.36,173.61,173.76,606.0
2025-12-18 23:30:00+00:00,173.76,174.07,173.19,173.43,777.4
2025-12-19 00:00:00+00:00,173.43,174.31,173.09,173.34,751.7
2025-12-19 00:30:00+00:00,173.34,174.35,172.87,174.33,610.9
2025-12-19 01:00:00+00:00,174.33,174.33,172.64,172.73,1123.1
2025-12-19 01:30:00+00:00,172.73,173.21,171.94,172.93,1115.0
2025-12-19 02:00:00+00:00,172.93,172.93,171.74,172.79,1165.2
2025-12-19 02:30:00+00:00,172.79,173.58,172.18,173.5,1954.5
2025-12-19 03:00:00+00:00,173.5,178.62,173.47,178.57,6418.2
2025-12-19 03:30:00+00:00,178.57,179.63,176.73,178.31,5478.2
2025-12-19 04:00:00+00:00,178.31,179.73,178.3,179.19,3491.5
2025-12-19 04:30:00+00:00,179.19,179.83,179.03,179.77,1216.9
2025-12-19 05:00:00+00:00,179.77,179.78,178.41,178.57,763.0
2025-12-19 05:30:00+00:00,178.57,179.2,178.4,178.47,462.2
2025-12-19 06:00:00+00:00,178.47,178.74,177.7,178.74,1418.1
2025-12-19 06:30:00+00:00,178.74,180.31,178.46,180.26,978.4
2025-12-19 07:00:00+00:00,180.26,183.5,180.26,182.71,6202.7
2025-12-19 07:30:00+00:00,182.71,182.87,181.67,181.93,969.6
2025-12-19 08:00:00+00:00,181.93,182.2,180.69,180.8,1228.7
2025-12-19 08:30:00+00:00,180.8,182.65,180.69,182.3,1051.4
2025-12-19 09:00:00+00:00,182.3,182.3,181.08,181.46,394.9
2025-12-19 09:30:00+00:00,181.46,181.6,180.89,181.16,619.0
2025-12-19 10:00:00+00:00,181.16,181.64,180.34,180.42,1315.6
2025-12-19 10:30:00+00:00,180.42,181.0,180.31,180.71,726.0
2025-12-19 11:00:00+00:00,180.71,182.22,180.5,181.8,1878.7
2025-12-19 11:30:00+00:00,181.8,182.09,181.3,181.41,809.0
2025-12-19 12:00:00+00:00,181.41,182.19,180.99,181.73,731.4
2025-12-19 12:30:00+00:00,181.73,181.79,180.94,181.26,650.1
2025-12-19 13:00:00+00:00,181.26,182.13,181.26,182.11,529.9
2025-12-19 13:30:00+00:00,182.11,182.32,181.4,182.12,615.3
2025-12-19 14:00:00+00:00,182.12,183.06,181.14,181.7,1257.1
2025-12-19 14:30:00+00:00,181.7,184.1,180.77,182.96,6499.3
2025-12-19 15:00:00+00:00,182.96,185.97,182.04,182.58,4718.1
2025-12-19 15:30:00+00:00,182.58,183.74,181.81,183.09,1727.3
2025-12-19 16:00:00+00:00,183.09,185.45,182.81,185.18,1093.7
2025-12-19 16:30:00+00:00,185.18,186.83,183.7,183.81,1677.2
2025-12-19 17:00:00+00:00,183.81,185.94,183.8,185.04,1678.1
2025-12-19 17:30:00+00:00,185.04,185.23,181.69,181.7,3406.3
2025-12-19 18:00:00+00:00,181.7,183.62,181.61,183.04,1420.1
2025-12-19 18:30:00+00:00,183.04,183.32,181.84,182.82,960.9
2025-12-19 19:00:00+00:00,182.82,185.1,182.82,184.56,3054.0
2025-12-19 19:30:00+00:00,184.56,186.05,184.35,185.24,4368.3
2025-12-19 20:00:00+00:00,185.24,186.54,184.77,186.15,1322.4
2025-12-19 20:30:00+00:00,186.15,187.41,185.95,187.06,1805.2
2025-12-19 21:00:00+00:00,187.06,187.06,184.54,184.86,495.6
2025-12-19 21:30:00+00:00,184.86,184.89,182.98,183.06,1183.2
2025-12-19 22:00:00+00:00,183.06,184.28,183.03,184.13,1717.9
2025-12-19 22:30:00+00:00,184.13,184.24,183.68,183.84,820.1
2025-12-19 23:00:00+00:00,183.84,183.84,181.82,182.24,2584.1
2025-12-19 23:30:00+00:00,182.24,182.24,181.27,181.55,772.1
2025-12-20 00:00:00+00:00,181.55,182.33,180.84,182.19,1578.2
2025-12-20 00:30:00+00:00,182.19,182.32,181.16,181.24,401.2
2025-12-20 01:00:00+00:00,181.24,181.4,180.63,180.75,383.8
2025-12-20 01:30:00+00:00,180.75,180.76,180.16,180.46,392.9
2025-12-20 02:00:00+00:00,180.46,180.72,180.09,180.35,1041.3
2025-12-20 02:30:00+00:00,180.35,181.09,180.28,180.61,528.2
2025-12-20 03:00:00+00:00,180.61,181.66,180.35,181.65,260.0
2025-12-20 03:30:00+00:00,181.65,182.29,181.31,181.38,1084.7
2025-12-20 04:00:00+00:00,181.38,182.02,181.2,181.91,1233.1
2025-12-20 04:30:00+00:00,181.91,181.99,181.27,181.55,610.5
2025-12-20 05:00:00+00:00,181.55,182.32,181.51,182.13,770.2
2025-12-20 05:30:00+00:00,182.13,182.63,181.27,181.46,453.8
2025-12-20 06:00:00+00:00,181.46,182.05,181.46,181.88,391.7
2025-12-20 06:30:00+00:00,181.88,181.94,181.6,181.89,250.2
2025-12-20 07:00:00+00:00,181.89,182.3,181.64,182.26,938.0
2025-12-20 07:30:00+00:00,182.26,182.35,181.79,182.22,651.3
2025-12-20 08:00:00+00:00,182.22,183.11,182.22,182.98,483.4
2025-12-20 08:30:00+00:00,182.98,183.19,182.14,182.43,675.9
2025-12-20 09:00:00+00:00,182.43,182.69,181.95,182.48,566.6
2025-12-20 09:30:00+00:00,182.48,182.7,181.64,181.76,918.1
2025-12-20 10:00:00+00:00,181.76,181.76,180.86,181.05,703.3
2025-12-20 10:30:00+00:00,181.05,181.23,180.75,181.04,486.3
2025-12-20 11:00:00+00:00,181.04,181.84,180.85,181.63,468.6
2025-12-20 11:30:00+00:00,181.63,182.16,181.63,182.08,287.9
2025-12-20 12:00:00+00:00,182.08,182.27,181.71,181.76,553.8
2025-12-20 12:30:00+00:00,181.76,181.76,181.2,181.34,736.4
2025-12-20 13:00:00+00:00,181.34,181.8,180.19,180.56,2159.1
2025-12-20 13:30:00+00:00,180.56,181.04,180.41,180.93,738.6
2025-12-20 14:00:00+00:00,180.93,180.94,180.03,180.79,858.5
2025-12-20 14:30:00+00:00,180.79,182.33,180.73,181.99,1527.9
2025-12-20 15:00:00+00:00,181.99,182.18,181.26,181.3,639.9
2025-12-20 15:30:00+00:00,181.3,182.15,181.28,182.06,186.0
2025-12-20 16:00:00+00:00,182.06,182.32,181.53,181.58,270.9
2025-12-20 16:30:00+00:00,181.58,181.73,181.33,181.69,360.4
2025-12-20 17:00:00+00:00,181.69,182.27,181.66,182.01,236.4
2025-12-20 17:30:00+00:00,182.01,182.19,181.15,181.31,1207.7
2025-12-20 18:00:00+00:00,181.31,181.61,180.91,180.99,1972.3
2025-12-20 18:30:00+00:00,180.99,181.45,180.79,181.14,402.5
2025-12-20 19:00:00+00:00,181.14,181.53,180.89,181.22,259.4
2025-12-20 19:30:00+00:00,181.22,181.27,180.94,181.1,94.3
2025-12-20 20:00:00+00:00,181.1,181.33,180.85,180.95,233.8
2025-12-20 20:30:00+00:00,180.95,181.32,180.82,181.18,151.2
2025-12-20 21:00:00+00:00,181.18,181.47,180.88,180.95,196.9
2025-12-20 21:30:00+00:00,180.95,181.17,180.53,180.59,253.2
2025-12-20 22:00:00+00:00,180.59,180.72,180.09,180.13,315.4
2025-12-20 22:30:00+00:00,180.13,180.6,180.05,180.36,585.9
2025-12-20 23:00:00+00:00,180.36,180.5,179.82,180.22,972.5
2025-12-20 23:30:00+00:00,180.22,180.26,179.61,179.79,608.9
2025-12-21 00:00:00+00:00,179.79,179.98,179.24,179.39,1120.2
2025-12-21 00:30:00+00:00,179.39,179.53,178.82,178.85,1123.5
2025-12-21 01:00:00+00:00,178.85,178.85,177.52,177.65,938.5
2025-12-21 01:30:00+00:00,177.65,177.82,176.73,177.38,2647.9
2025-12-21 02:00:00+00:00,177.38,177.87,176.72,177.23,887.2
2025-12-21 02:30:00+00:00,177.23,177.42,176.62,177.07,617.8
2025-12-21 03:00:00+00:00,177.07,178.33,176.99,178.12,571.2
2025-12-21 03:30:00+00:00,178.12,178.31,177.82,177.92,208.3
2025-12-21 04:00:00+00:00,177.92,178.24,177.77,178.13,541.8
2025-12-21 04:30:00+00:00,178.13,178.17,177.46,177.57,215.0
2025-12-21 05:00:00+00:00,177.57,178.51,177.56,177.82,588.7
2025-12-21 05:30:00+00:00,177.82,177.92,177.3,177.32,190.3
2025-12-21 06:00:00+00:00,177.32,177.73,177.26,177.39,314.3
2025-12-21 06:30:00+00:00,177.39,177.62,177.1,177.31,320.0
2025-12-21 07:00:00+00:00,177.31,177.48,177.05,177.36,163.8
2025-12-21 07:30:00+00:00,177.36,177.67,177.17,177.58,563.0
2025-12-21 08:00:00+00:00,177.58,177.58,177.11,177.54,311.5
2025-12-21 08:30:00+00:00,177.54,178.66,177.38,177.92,1857.0
2025-12-21 09:00:00+00:00,177.92,178.63,177.59,178.27,726.7
2025-12-21 09:30:00+00:00,178.27,179.93,178.14,179.31,2468.7
2025-12-21 10:00:00+00:00,179.31,179.83,178.74,179.0,688.2
2025-12-21 10:30:00+00:00,179.0,179.03,177.88,178.18,627.9
2025-12-21 11:00:00+00:00,178.18,178.59,177.7,178.49,1467.5
2025-12-21 11:30:00+00:00,178.49,178.73,177.9,177.95,308.6
2025-12-21 12:00:00+00:00,177.95,178.55,177.77,178.21,631.1
2025-12-21 12:30:00+00:00,178.21,178.43,176.38,176.91,1529.4
2025-12-21 13:00:00+00:00,176.91,177.15,174.45,174.54,5022.5
2025-12-21 13:30:00+00:00,174.54,174.89,173.1,173.5,2717.4
2025-12-21 14:00:00+00:00,173.5,175.06,173.2,174.2,2228.7
2025-12-21 14:30:00+00:00,174.2,174.78,173.78,174.78,389.6
2025-12-21 15:00:00+00:00,174.78,174.78,173.97,174.63,495.1
2025-12-21 15:30:00+00:00,174.63,175.66,174.03,175.21,991.1
2025-12-21 16:00:00+00:00,175.21,176.54,174.93,176.17,1124.9
2025-12-21 16:30:00+00:00,176.17,176.79,175.97,176.73,303.7
2025-12-21 17:00:00+00:00,176.73,177.09,176.32,176.48,464.6
2025-12-21 17:30:00+00:00,176.48,176.64,176.01,176.13,606.0
2025-12-21 18:00:00+00:00,176.13,176.13,175.11,175.74,795.4
2025-12-21 18:30:00+00:00,175.74,176.2,175.62,176.12,359.7
2025-12-21 19:00:00+00:00,176.12,176.55,176.01,176.38,154.2
2025-12-21 19:30:00+00:00,176.38,176.99,175.67,176.53,1029.0
2025-12-21 20:00:00+00:00,176.53,176.69,175.77,175.81,336.2
2025-12-21 20:30:00+00:00,175.81,176.27,175.76,176.19,119.8
2025-12-21 21:00:00+00:00,176.19,176.72,175.72,176.35,591.4
2025-12-21 21:30:00+00:00,176.35,176.46,165.91,166.89,14844.5
2025-12-21 22:00:00+00:00,166.89,167.77,159.64,161.2,13224.5
2025-12-21 22:30:00+00:00,161.2,162.2,156.16,158.97,16317.4
2025-12-21 23:00:00+00:00,158.97,166.52,158.97,163.93,23449.4
2025-12-21 23:30:00+00:00,163.93,165.6,163.01,165.06,2701.6
2025-12-22 00:00:00+00:00,165.06,166.48,161.96,162.73,8640.3
2025-12-22 00:30:00+00:00,162.73,163.38,160.93,160.93,3180.0
2025-12-22 01:00:00+00:00,160.93,163.67,160.55,162.46,3719.7
2025-12-22 01:30:00+00:00,162.46,164.91,162.46,162.98,1385.8
2025-12-22 02:00:00+00:00,162.98,162.98,160.53,161.52,4667.6
2025-12-22 02:30:00+00:00,161.52,162.5,161.39,162.09,1265.0
2025-12-22 03:00:00+00:00,162.09,162.64,161.09,162.35,1837.8
2025-12-22 03:30:00+00:00,162.35,162.66,161.89,162.47,742.3
2025-12-22 04:00:00+00:00,162.47,162.74,161.92,162.44,1019.2
2025-12-22 04:30:00+00:00,162.44,162.44,160.75,160.98,2456.6
2025-12-22 05:00:00+00:00,160.98,161.34,159.74,160.1,2575.0
2025-12-22 05:30:00+00:00,160.1,160.8,159.21,160.28,2856.6
2025-12-22 06:00:00+00:00,160.28,161.11,159.7,160.46,1005.0
2025-12-22 06:30:00+00:00,160.46,161.04,160.04,160.3,3359.5
2025-12-22 07:00:00+00:00,160.3,161.76,159.94,161.53,1602.9
2025-12-22 07:30:00+00:00,161.53,161.59,160.34,160.51,2746.6
2025-12-22 08:00:00+00:00,160.51,162.97,160.37,162.67,2744.9
2025-12-22 08:30:00+00:00,162.67,162.82,159.35,159.39,2650.5
2025-12-22 09:00:00+00:00,159.39,160.59,159.08,160.37,1052.0
2025-12-22 09:30:00+00:00,160.37,161.1,158.4,159.91,3259.4
2025-12-22 10:00:00+00:00,159.91,159.98,159.01,159.62,3436.4
2025-12-22 10:30:00+00:00,159.62,159.92,158.45,158.66,1757.5
2025-12-22 11:00:00+00:00,158.66,159.37,158.0,158.98,2191.1
2025-12-22 11:30:00+00:00,158.98,160.02,158.86,159.05,3429.2
2025-12-22 12:00:00+00:00,159.05,159.29,157.45,157.99,5271.9
2025-12-22 12:30:00+00:00,157.99,159.02,156.33,158.84,7117.3
2025-12-22 13:00:00+00:00,158.84,158.93,155.35,156.33,7432.3
2025-12-22 13:30:00+00:00,156.33,156.41,154.68,155.77,6042.5
2025-12-22 14:00:00+00:00,155.77,157.88,155.77,156.88,6076.6
2025-12-22 14:30:00+00:00,156.88,158.29,155.68,156.97,11945.2
2025-12-22 15:00:00+00:00,156.97,157.87,153.98,155.26,7932.5
2025-12-22 15:30:00+00:00,155.26,155.4,153.35,154.21,8461.1
2025-12-22 16:00:00+00:00,154.21,155.69,154.01,155.62,4251.5
2025-12-22 16:30:00+00:00,155.62,155.64,153.56,154.04,7378.4
2025-12-22 17:00:00+00:00,154.04,158.3,153.4,158.3,8936.6
2025-12-22 17:30:00+00:00,158.3,158.45,156.42,156.68,8121.3
2025-12-22 18:00:00+00:00,156.68,158.3,156.23,156.98,3492.6
2025-12-22 18:30:00+00:00,156.98,157.14,155.43,155.65,4033.2
2025-12-22 19:00:00+00:00,155.65,155.67,154.04,154.36,6099.7
2025-12-22 19:30:00+00:00,154.36,154.56,152.28,153.21,14194.3
2025-12-22 20:00:00+00:00,153.21,153.82,150.76,151.03,14656.8
2025-12-22 20:30:00+00:00,151.03,151.8,149.39,150.08,11203.6
2025-12-22 21:00:00+00:00,150.08,150.23,148.29,149.73,9285.7
2025-12-22 21:30:00+00:00,149.73,150.09,148.08,148.6,4025.2
2025-12-22 22:00:00+00:00,148.6,149.4,148.38,149.36,3791.7
2025-12-22 22:30:00+00:00,149.36,150.56,148.98,150.13,3364.5
2025-12-22 23:00:00+00:00,150.13,150.2,149.32,150.04,1964.5
2025-12-22 23:30:00+00:00,150.04,150.67,149.51,150.6,3270.5
2025-12-23 00:00:00+00:00,150.6,150.6,149.11,149.18,3933.6
2025-12-23 00:30:00+00:00,149.18,149.85,148.38,149.18,5289.8
2025-12-23 01:00:00+00:00,149.18,150.57,148.89,150.25,3309.0
2025-12-23 01:30:00+00:00,150.25,152.39,150.25,151.38,5783.5
2025-12-23 02:00:00+00:00,151.38,153.56,149.77,152.75,8819.6
2025-12-23 02:30:00+00:00,152.75,152.99,150.43,151.75,3116.3
2025-12-23 03:00:00+00:00,151.75,152.4,151.0,151.15,2502.3
2025-12-23 03:30:00+00:00,151.15,152.65,150.84,152.28,2712.0
2025-12-23 04:00:00+00:00,152.28,155.53,152.17,153.83,7478.5
2025-12-23 04:30:00+00:00,153.83,154.26,152.32,152.32,2058.8
2025-12-23 05:00:00+00:00,152.32,153.05,151.67,152.67,1741.4
2025-12-23 05:30:00+00:00,152.67,153.72,151.7,153.29,3869.3
2025-12-23 06:00:00+00:00,153.29,153.32,151.93,152.27,2403.7
2025-12-23 06:30:00+00:00,152.27,154.82,151.69,153.98,2749.8
2025-12-23 07:00:00+00:00,153.98,154.35,153.17,153.76,2198.1
2025-12-23 07:30:00+00:00,153.76,153.78,152.54,152.55,1805.2
2025-12-23 08:00:00+00:00,152.55,153.22,152.19,152.22,1628.0
2025-12-23 08:30:00+00:00,152.22,152.65,151.78,152.11,2560.6
2025-12-23 09:00:00+00:00,152.11,152.55,151.37,151.94,1574.4
2025-12-23 09:30:00+00:00,151.94,152.21,151.1,151.33,1733.5
2025-12-23 10:00:00+00:00,151.33,151.58,150.79,151.07,1728.4
2025-12-23 10:30:00+00:00,151.07,151.83,150.85,151.3,1301.9
2025-12-23 11:00:00+00:00,151.3,151.99,151.04,151.14,949.5
2025-12-23 11:30:00+00:00,151.14,151.76,150.91,151.16,1169.0
2025-12-23 12:00:00+00:00,151.16,151.25,147.5,149.16,14681.6
2025-12-23 12:30:00+00:00,149.16,149.76,148.86,149.24,3342.2
2025-12-23 13:00:00+00:00,149.24,150.78,149.13,150.59,3809.3
2025-12-23 13:30:00+00:00,150.59,150.69,149.0,149.76,3671.1
2025-12-23 14:00:00+00:00,149.76,150.69,149.61,150.19,1497.2
2025-12-23 14:30:00+00:00,150.19,151.54,149.74,150.93,3913.3
2025-12-23 15:00:00+00:00,150.93,153.01,149.76,151.37,10318.0
2025-12-23 15:30:00+00:00,151.37,151.49,149.95,150.2,1894.8
2025-12-23 16:00:00+00:00,150.2,151.69,150.04,150.84,3005.9
2025-12-23 16:30:00+00:00,150.84,151.6,150.18,151.16,637.6
2025-12-23 17:00:00+00:00,151.16,151.58,150.52,150.53,1068.4
2025-12-23 17:30:00+00:00,150.53,151.16,149.2,149.31,1417.4
2025-12-23 18:00:00+00:00,149.31,151.08,149.22,150.49,1904.5
2025-12-23 18:30:00+00:00,150.49,151.31,150.38,150.83,1646.9
2025-12-23 19:00:00+00:00,150.83,151.11,149.89,150.04,1770.1
2025-12-23 19:30:00+00:00,150.04,151.05,150.03,150.8,1383.8
2025-12-23 20:00:00+00:00,150.8,151.32,150.58,150.99,1131.0
2025-12-23 20:30:00+00:00,150.99,152.4,150.76,151.4,2456.0
2025-12-23 21:00:00+00:00,151.4,151.5,150.34,150.49,1607.7
2025-12-23 21:30:00+00:00,150.49,150.91,150.04,150.91,1157.0
2025-12-23 22:00:00+00:00,150.91,151.0,150.2,150.63,568.3
2025-12-23 22:30:00+00:00,150.63,151.0,150.12,150.44,373.1
2025-12-23 23:00:00+00:00,150.44,150.97,150.03,150.93,1269.1
2025-12-23 23:30:00+00:00,150.93,151.04,150.22,150.79,584.1
2025-12-24 00:00:00+00:00,150.79,151.19,150.14,151.06,1883.9
2025-12-24 00:30:00+00:00,151.06,151.42,150.85,151.36,952.8
2025-12-24 01:00:00+00:00,151.36,151.76,150.72,150.73,2452.2
2025-12-24 01:30:00+00:00,150.73,151.1,150.18,150.49,2518.7
2025-12-24 02:00:00+00:00,150.49,150.61,149.69,150.02,1709.1
2025-12-24 02:30:00+00:00,150.02,150.19,148.9,149.52,3830.0
2025-12-24 03:00:00+00:00,149.52,149.94,149.13,149.41,1666.5
2025-12-24 03:30:00+00:00,149.41,150.36,149.32,149.85,454.4
2025-12-24 04:00:00+00:00,149.85,150.14,148.96,149.25,2568.9
2025-12-24 04:30:00+00:00,149.25,149.68,148.76,148.96,2883.4
2025-12-24 05:00:00+00:00,148.96,149.58,148.82,149.14,1647.4
2025-12-24 05:30:00+00:00,149.14,149.24,148.21,148.81,2344.6
2025-12-24 06:00:00+00:00,148.81,149.12,148.42,148.65,948.5
2025-12-24 06:30:00+00:00,148.65,148.67,147.71,147.96,3562.3
2025-12-24 07:00:00+00:00,147.96,148.15,147.53,147.7,4007.9
2025-12-24 07:30:00+00:00,147.7,148.6,147.22,147.43,3239.8
2025-12-24 08:00:00+00:00,147.43,147.95,146.32,146.97,8501.2
2025-12-24 08:30:00+00:00,146.97,147.05,146.44,146.83,2085.9
2025-12-24 09:00:00+00:00,146.83,147.77,146.78,147.1,4195.4
2025-12-24 09:30:00+00:00,147.1,147.87,146.97,147.78,4421.9
2025-12-24 10:00:00+00:00,147.78,148.98,147.69,148.77,2790.8
2025-12-24 10:30:00+00:00,148.77,149.18,148.52,148.86,4511.9
2025-12-24 11:00:00+00:00,148.86,149.46,148.37,148.61,1650.2
2025-12-24 11:30:00+00:00,148.61,149.07,148.44,149.01,960.8
2025-12-24 12:00:00+00:00,149.01,149.49,148.87,148.93,3906.8
2025-12-24 12:30:00+00:00,148.93,149.2,148.25,148.4,2999.1
2025-12-24 13:00:00+00:00,148.4,148.69,148.15,148.69,1952.5
2025-12-24 13:30:00+00:00,148.69,149.42,148.62,149.39,2605.0
2025-12-24 14:00:00+00:00,149.39,149.69,149.06,149.31,1816.4
2025-12-24 14:30:00+00:00,149.31,149.55,147.75,148.47,4896.0
2025-12-24 15:00:00+00:00,148.47,148.88,147.37,147.58,2203.2
2025-12-24 15:30:00+00:00,147.58,148.57,147.55,148.25,2057.3
2025-12-24 16:00:00+00:00,148.25,149.22,148.09,148.19,2196.1
2025-12-24 16:30:00+00:00,148.19,149.96,148.19,149.02,3193.2
2025-12-24 17:00:00+00:00,149.02,149.4,148.48,149.04,817.1
2025-12-24 17:30:00+00:00,149.04,149.34,147.8,148.07,2311.2
2025-12-24 18:00:00+00:00,148.07,148.22,147.6,148.17,1009.6
2025-12-24 18:30:00+00:00,148.17,148.35,147.92,148.02,188.3
2025-12-24 19:00:00+00:00,148.02,148.38,147.8,148.26,2937.0
2025-12-24 19:30:00+00:00,148.26,148.32,147.89,148.23,224.9
2025-12-24 20:00:00+00:00,148.23,148.38,147.84,147.9,879.6
2025-12-24 20:30:00+00:00,147.9,148.06,147.49,147.53,766.6
2025-12-24 21:00:00+00:00,147.53,147.96,147.52,147.89,488.0
2025-12-24 21:30:00+00:00,147.89,147.9,147.56,147.79,790.8
2025-12-24 22:00:00+00:00,147.79,148.96,147.64,148.77,2794.2
2025-12-24 22:30:00+00:00,148.77,149.56,148.72,149.24,609.7
2025-12-24 23:00:00+00:00,149.24,149.37,147.39,147.62,1473.3
2025-12-24 23:30:00+00:00,147.62,148.71,147.51,148.66,666.6
2025-12-25 00:00:00+00:00,148.66,148.76,147.99,148.59,760.6
2025-12-25 00:30:00+00:00,148.59,149.26,148.5,148.64,423.2
2025-12-25 01:00:00+00:00,148.64,149.69,148.64,149.37,311.6
2025-12-25 01:30:00+00:00,149.37,149.89,149.17,149.43,644.2
2025-12-25 02:00:00+00:00,149.43,150.4,149.08,150.2,1395.9
2025-12-25 02:30:00+00:00,150.2,151.39,150.19,150.75,3122.4
2025-12-25 03:00:00+00:00,150.75,150.94,150.05,150.27,1073.5
2025-12-25 03:30:00+00:00,150.27,150.68,149.79,150.46,1873.1
2025-12-25 04:00:00+00:00,150.46,150.69,150.07,150.07,634.2
2025-12-25 04:30:00+00:00,150.07,150.29,149.85,150.24,384.9
2025-12-25 05:00:00+00:00,150.24,150.73,149.91,150.21,482.8
2025-12-25 05:30:00+00:00,150.21,150.58,150.09,150.49,432.7
2025-12-25 06:00:00+00:00,150.49,150.49,149.98,150.19,942.2
2025-12-25 06:30:00+00:00,150.19,150.92,150.16,150.82,1077.6
2025-12-25 07:00:00+00:00,150.82,150.82,150.12,150.37,508.4
2025-12-25 07:30:00+00:00,150.37,150.55,150.03,150.45,1613.8
2025-12-25 08:00:00+00:00,150.45,151.01,149.41,149.91,1707.6
2025-12-25 08:30:00+00:00,149.91,150.81,149.84,150.74,894.0
2025-12-25 09:00:00+00:00,150.74,151.62,150.62,150.73,1614.2
2025-12-25 09:30:00+00:00,150.73,151.71,150.72,151.16,1596.8
2025-12-25 10:00:00+00:00,151.16,151.22,149.9,150.16,1409.0
2025-12-25 10:30:00+00:00,150.16,150.41,149.73,149.92,974.5
2025-12-25 11:00:00+00:00,149.92,150.31,149.77,150.03,434.0
2025-12-25 11:30:00+00:00,150.03,150.13,149.65,149.91,314.0
2025-12-25 12:00:00+00:00,149.91,151.02,149.85,151.02,2700.9
2025-12-25 12:30:00+00:00,151.02,151.78,150.92,151.47,737.6
2025-12-25 13:00:00+00:00,151.47,152.06,151.42,151.84,2002.1
2025-12-25 13:30:00+00:00,151.84,152.95,151.6,152.9,2357.6
2025-12-25 14:00:00+00:00,152.9,153.1,151.27,151.64,2598.4
2025-12-25 14:30:00+00:00,151.64,152.66,151.54,152.1,1689.5
2025-12-25 15:00:00+00:00,152.1,152.62,151.31,152.22,1563.3
2025-12-25 15:30:00+00:00,152.22,153.74,151.7,153.49,2476.7
2025-12-25 16:00:00+00:00,153.49,154.44,153.14,154.13,1634.5
2025-12-25 16:30:00+00:00,154.13,154.22,152.24,152.34,1882.1
2025-12-25 17:00:00+00:00,152.34,152.79,152.04,152.4,895.6
2025-12-25 17:30:00+00:00,152.4,152.96,152.16,152.76,584.6
2025-12-25 18:00:00+00:00,152.76,153.24,152.67,152.7,650.8
2025-12-25 18:30:00+00:00,152.7,152.97,152.28,152.55,674.9
2025-12-25 19:00:00+00:00,152.55,152.56,152.13,152.41,472.2
2025-12-25 19:30:00+00:00,152.41,153.1,152.19,152.67,572.5
2025-12-25 20:00:00+00:00,152.67,152.83,152.04,152.24,3097.1
2025-12-25 20:30:00+00:00,152.24,152.46,151.73,151.91,2004.2
2025-12-25 21:00:00+00:00,151.91,152.52,151.88,152.49,1022.9
2025-12-25 21:30:00+00:00,152.49,152.72,152.04,152.14,418.9
2025-12-25 22:00:00+00:00,152.14,152.66,151.92,152.34,1566.2
2025-12-25 22:30:00+00:00,152.34,152.44,148.98,150.19,5091.2
2025-12-25 23:00:00+00:00,150.19,150.57,149.64,149.67,1351.9
2025-12-25 23:30:00+00:00,149.67,149.67,148.14,149.01,5656.6
2025-12-26 00:00:00+00:00,149.01,149.92,148.46,149.14,2886.2
2025-12-26 00:30:00+00:00,149.14,149.31,148.47,149.23,1141.6
2025-12-26 01:00:00+00:00,149.23,150.35,149.1,150.21,1611.7
2025-12-26 01:30:00+00:00,150.21,150.45,149.84,149.95,998.1
2025-12-26 02:00:00+00:00,149.95,153.82,149.9,153.01,4203.5
2025-12-26 02:30:00+00:00,153.01,153.86,152.29,152.73,3652.3
2025-12-26 03:00:00+00:00,152.73,153.36,152.05,152.21,1201.7
2025-12-26 03:30:00+00:00,152.21,152.42,151.95,152.3,669.9
2025-12-26 04:00:00+00:00,152.3,152.3,151.32,151.99,1295.7
2025-12-26 04:30:00+00:00,151.99,153.04,151.99,152.63,909.5
2025-12-26 05:00:00+00:00,152.63,152.63,152.28,152.48,312.6
2025-12-26 05:30:00+00:00,152.48,153.0,152.47,152.97,347.5
2025-12-26 06:00:00+00:00,152.97,154.0,152.94,153.79,1359.3
2025-12-26 06:30:00+00:00,153.79,153.99,153.38,153.7,1774.8
2025-12-26 07:00:00+00:00,153.7,154.39,153.59,154.03,767.3
2025-12-26 07:30:00+00:00,154.03,154.03,152.13,152.59,1834.9
2025-12-26 08:00:00+00:00,152.59,153.52,152.54,153.04,882.8
2025-12-26 08:30:00+00:00,153.04,153.26,152.5,153.26,343.2
2025-12-26 09:00:00+00:00,153.26,153.47,152.94,153.4,676.6
2025-12-26 09:30:00+00:00,153.4,154.55,153.29,154.21,2124.2
2025-12-26 10:00:00+00:00,154.21,154.49,153.88,154.49,385.4
2025-12-26 10:30:00+00:00,154.49,154.94,154.11,154.42,2899.0
2025-12-26 11:00:00+00:00,154.42,154.43,153.37,153.45,563.1
2025-12-26 11:30:00+00:00,153.45,154.04,153.45,153.94,567.3
2025-12-26 12:00:00+00:00,153.94,154.35,153.86,154.27,164.8
2025-12-26 12:30:00+00:00,154.27,154.95,154.2,154.42,2298.4
2025-12-26 13:00:00+00:00,154.42,156.56,154.35,156.11,4408.2
2025-12-26 13:30:00+00:00,156.11,157.2,155.73,156.23,5619.0
2025-12-26 14:00:00+00:00,156.23,156.43,155.89,156.22,2493.1
2025-12-26 14:30:00+00:00,156.22,156.27,152.92,153.59,7091.6
2025-12-26 15:00:00+00:00,153.59,153.72,151.76,153.45,5283.1
2025-12-26 15:30:00+00:00,153.45,154.73,153.0,154.61,2018.9
2025-12-26 16:00:00+00:00,154.61,156.56,154.33,155.27,8613.0
2025-12-26 16:30:00+00:00,155.27,155.5,154.06,154.29,958.8
2025-12-26 17:00:00+00:00,154.29,155.4,154.1,154.93,1173.0
2025-12-26 17:30:00+00:00,154.93,155.22,154.27,154.57,528.3
2025-12-26 18:00:00+00:00,154.57,155.29,154.46,154.77,1159.2
2025-12-26 18:30:00+00:00,154.77,155.3,154.48,154.48,697.6
2025-12-26 19:00:00+00:00,154.48,154.83,154.21,154.58,474.1
2025-12-26 19:30:00+00:00,154.58,155.12,154.37,155.08,759.2
2025-12-26 20:00:00+00:00,155.08,155.23,154.33,154.75,669.4
2025-12-26 20:30:00+00:00,154.75,154.95,154.47,154.53,297.1
2025-12-26 21:00:00+00:00,154.53,154.79,153.74,153.8,662.4
2025-12-26 21:30:00+00:00,153.8,153.8,153.33,153.41,1935.6
2025-12-26 22:00:00+00:00,153.41,154.04,153.2,153.26,1036.2
2025-12-26 22:30:00+00:00,153.26,154.15,153.2,154.15,624.8
2025-12-26 23:00:00+00:00,154.15,154.15,153.64,153.99,657.1
2025-12-26 23:30:00+00:00,153.99,154.48,153.64,154.22,1689.8
2025-12-27 00:00:00+00:00,154.22,154.5,153.77,154.02,1525.2
2025-12-27 00:30:00+00:00,154.02,154.72,153.9,154.5,705.0
2025-12-27 01:00:00+00:00,154.5,154.71,154.11,154.62,262.2
2025-12-27 01:30:00+00:00,154.62,155.09,154.29,154.89,307.8
2025-12-27 02:00:00+00:00,154.89,155.12,154.5,155.12,319.1
2025-12-27 02:30:00+00:00,155.12,155.38,154.98,155.03,848.6
2025-12-27 03:00:00+00:00,155.03,155.43,154.69,155.21,774.1
2025-12-27 03:30:00+00:00,155.21,156.08,155.18,155.87,841.3
2025-12-27 04:00:00+00:00,155.87,155.95,154.84,155.0,495.3
2025-12-27 04:30:00+00:00,155.0,155.17,154.63,154.71,612.8
2025-12-27 05:00:00+00:00,154.71,155.49,154.59,155.42,618.8
2025-12-27 05:30:00+00:00,155.42,155.76,155.39,155.76,131.2
2025-12-27 06:00:00+00:00,155.76,155.88,155.46,155.8,264.8
2025-12-27 06:30:00+00:00,155.8,156.05,155.7,155.87,283.4
2025-12-27 07:00:00+00:00,155.87,156.2,155.69,156.2,488.4
2025-12-27 07:30:00+00:00,156.2,156.73,156.2,156.59,716.1
2025-12-27 08:00:00+00:00,156.59,156.94,156.5,156.84,488.7
2025-12-27 08:30:00+00:00,156.84,156.97,156.48,156.69,335.3
2025-12-27 09:00:00+00:00,156.69,157.05,156.08,156.2,1034.1
2025-12-27 09:30:00+00:00,156.2,157.05,156.2,156.92,576.6
2025-12-27 10:00:00+00:00,156.92,157.03,156.12,156.12,1740.0
2025-12-27 10:30:00+00:00,156.12,156.57,155.69,156.24,1058.2
2025-12-27 11:00:00+00:00,156.24,156.46,155.93,156.39,239.3
2025-12-27 11:30:00+00:00,156.39,156.98,156.39,156.68,3102.5
2025-12-27 12:00:00+00:00,156.68,156.95,155.88,156.12,3532.1
2025-12-27 12:30:00+00:00,156.12,156.62,156.11,156.38,1137.8
2025-12-27 13:00:00+00:00,156.38,156.46,155.46,155.63,1323.9
2025-12-27 13:30:00+00:00,155.63,155.88,155.41,155.63,281.0
2025-12-27 14:00:00+00:00,155.63,155.79,155.33,155.59,849.7
2025-12-27 14:30:00+00:00,155.59,156.42,155.59,155.98,2876.1
2025-12-27 15:00:00+00:00,155.98,156.54,155.8,156.52,915.8
2025-12-27 15:30:00+00:00,156.52,156.62,156.36,156.5,421.8
2025-12-27 16:00:00+00:00,156.5,156.6,155.78,155.86,1034.9
2025-12-27 16:30:00+00:00,155.86,156.02,155.26,155.5,1158.9
2025-12-27 17:00:00+00:00,155.5,155.78,155.34,155.6,532.1
2025-12-27 17:30:00+00:00,155.6,155.71,155.42,155.63,185.2
2025-12-27 18:00:00+00:00,155.63,155.67,155.14,155.43,454.2
2025-12-27 18:30:00+00:00,155.43,155.92,155.41,155.91,1158.8
2025-12-27 19:00:00+00:00,155.91,156.38,155.86,156.03,442.0
2025-12-27 19:30:00+00:00,156.03,156.24,155.79,156.02,766.8
2025-12-27 20:00:00+00:00,156.02,156.44,155.88,155.98,770.5
2025-12-27 20:30:00+00:00,155.98,156.16,155.78,155.94,685.6
2025-12-27 21:00:00+00:00,155.94,156.43,155.85,156.32,205.7
2025-12-27 21:30:00+00:00,156.32,156.47,156.15,156.34,1009.6
2025-12-27 22:00:00+00:00,156.34,157.53,156.32,156.72,2893.7
2025-12-27 22:30:00+00:00,156.72,156.73,155.95,156.14,1160.0
2025-12-27 23:00:00+00:00,156.14,156.47,156.0,156.14,341.9
2025-12-27 23:30:00+00:00,156.14,157.36,156.04,156.95,2542.1
2025-12-28 00:00:00+00:00,156.95,157.19,156.12,156.12,503.5
2025-12-28 00:30:00+00:00,156.12,156.43,156.03,156.24,867.7
2025-12-28 01:00:00+00:00,156.24,156.47,155.73,155.79,1205.0
2025-12-28 01:30:00+00:00,155.79,156.01,155.55,155.64,742.2
2025-12-28 02:00:00+00:00,155.64,156.25,155.44,156.14,669.7
2025-12-28 02:30:00+00:00,156.14,156.4,155.8,155.95,261.0
2025-12-28 03:00:00+00:00,155.95,155.96,155.51,155.65,849.2
2025-12-28 03:30:00+00:00,155.65,156.14,155.62,156.01,191.3
2025-12-28 04:00:00+00:00,156.01,156.02,155.73,155.75,351.1
2025-12-28 04:30:00+00:00,155.75,155.78,155.11,155.33,1022.2
2025-12-28 05:00:00+00:00,155.33,155.33,154.45,154.5,4969.0
2025-12-28 05:30:00+00:00,154.5,154.83,154.31,154.4,2120.0
2025-12-28 06:00:00+00:00,154.4,155.18,153.88,154.88,7531.4
2025-12-28 06:30:00+00:00,154.88,155.65,154.88,155.56,1322.0
2025-12-28 07:00:00+00:00,155.56,155.71,154.97,155.22,1402.3
2025-12-28 07:30:00+00:00,155.22,155.38,155.04,155.22,189.9
2025-12-28 08:00:00+00:00,155.22,155.27,154.95,155.2,428.7
2025-12-28 08:30:00+00:00,155.2,155.41,154.69,154.78,697.6
2025-12-28 09:00:00+00:00,154.78,155.15,154.42,155.02,883.7
2025-12-28 09:30:00+00:00,155.02,155.02,154.34,154.71,1079.9
2025-12-28 10:00:00+00:00,154.71,155.33,154.65,155.23,649.5
2025-12-28 10:30:00+00:00,155.23,156.08,155.17,155.7,2406.7
2025-12-28 11:00:00+00:00,155.7,155.82,155.12,155.3,1610.0
2025-12-28 11:30:00+00:00,155.3,155.3,154.76,154.96,926.2
2025-12-28 12:00:00+00:00,154.96,155.04,154.53,154.63,564.7
2025-12-28 12:30:00+00:00,154.63,154.73,154.22,154.48,873.7
2025-12-28 13:00:00+00:00,154.48,154.8,154.32,154.59,289.8
2025-12-28 13:30:00+00:00,154.59,155.22,154.58,155.02,284.8
2025-12-28 14:00:00+00:00,155.02,155.6,155.0,155.47,350.2
2025-12-28 14:30:00+00:00,155.47,155.84,155.15,155.52,1859.5
2025-12-28 15:00:00+00:00,155.52,155.83,155.2,155.3,545.2
2025-12-28 15:30:00+00:00,155.3,155.33,154.74,154.75,429.3
2025-12-28 16:00:00+00:00,154.75,155.27,154.5,154.55,840.1
2025-12-28 16:30:00+00:00,154.55,155.0,154.49,154.87,2373.0
2025-12-28 17:00:00+00:00,154.87,155.18,154.79,154.83,353.6
2025-12-28 17:30:00+00:00,154.83,154.83,154.3,154.33,533.0
2025-12-28 18:00:00+00:00,154.33,154.49,153.08,153.98,7229.4
2025-12-28 18:30:00+00:00,153.98,154.19,153.4,153.55,1401.3
2025-12-28 19:00:00+00:00,153.55,154.03,153.22,153.28,882.5
2025-12-28 19:30:00+00:00,153.28,153.52,153.08,153.17,820.8
2025-12-28 20:00:00+00:00,153.17,153.4,152.71,153.15,1232.2
2025-12-28 20:30:00+00:00,153.15,153.8,152.83,152.83,475.1
2025-12-28 21:00:00+00:00,152.83,153.2,152.59,152.94,1554.7
2025-12-28 21:30:00+00:00,152.94,153.27,152.76,153.04,1774.3
2025-12-28 22:00:00+00:00,153.04,153.5,153.0,153.43,1627.0
2025-12-28 22:30:00+00:00,153.43,154.16,153.19,153.68,402.5
2025-12-28 23:00:00+00:00,153.68,153.92,152.62,152.96,1249.2
2025-12-28 23:30:00+00:00,152.96,153.79,152.62,153.54,737.9
2025-12-29 00:00:00+00:00,153.54,154.01,152.76,153.99,885.5
2025-12-29 00:30:00+00:00,153.99,154.99,153.99,154.31,2223.4
2025-12-29 01:00:00+00:00,154.31,154.49,153.29,153.73,754.1
2025-12-29 01:30:00+00:00,153.73,155.5,153.59,154.68,2569.1
2025-12-29 02:00:00+00:00,154.68,156.27,154.68,155.41,2871.3
2025-12-29 02:30:00+00:00,155.41,155.82,155.06,155.57,875.4
2025-12-29 03:00:00+00:00,155.57,156.37,155.33,155.98,1140.1
2025-12-29 03:30:00+00:00,155.98,157.69,155.86,157.33,3337.4
2025-12-29 04:00:00+00:00,157.33,159.1,156.92,157.42,6771.2
2025-12-29 04:30:00+00:00,157.42,157.98,156.96,157.21,2888.6
2025-12-29 05:00:00+00:00,157.21,157.61,156.65,156.8,5797.2
2025-12-29 05:30:00+00:00,156.8,157.76,156.62,157.13,1504.1
2025-12-29 06:00:00+00:00,157.13,157.19,156.02,156.08,1172.9
2025-12-29 06:30:00+00:00,156.08,156.38,155.58,155.78,602.0
2025-12-29 07:00:00+00:00,155.78,156.13,154.41,154.54,2334.7
2025-12-29 07:30:00+00:00,154.54,155.25,153.51,153.93,5094.8
2025-12-29 08:00:00+00:00,153.93,154.12,152.61,153.26,3903.6
2025-12-29 08:30:00+00:00,153.26,153.26,152.0,152.44,5761.2
2025-12-29 09:00:00+00:00,152.44,152.82,151.56,152.34,3043.1
2025-12-29 09:30:00+00:00,152.34,152.44,150.71,151.84,12101.6
2025-12-29 10:00:00+00:00,151.84,152.7,151.68,152.26,3426.7
2025-12-29 10:30:00+00:00,152.26,152.72,152.07,152.36,612.2
2025-12-29 11:00:00+00:00,152.36,152.5,151.91,152.18,1369.6
2025-12-29 11:30:00+00:00,152.18,152.25,151.81,151.85,1588.5
2025-12-29 12:00:00+00:00,151.85,152.07,149.71,151.04,10056.7
2025-12-29 12:30:00+00:00,151.04,151.4,150.81,151.3,1562.3
2025-12-29 13:00:00+00:00,151.3,151.58,150.68,150.78,851.4
2025-12-29 13:30:00+00:00,150.78,151.02,150.14,150.18,1181.3
2025-12-29 14:00:00+00:00,150.18,151.05,149.73,151.01,1823.3
2025-12-29 14:30:00+00:00,151.01,152.29,150.43,150.69,6224.3
2025-12-29 15:00:00+00:00,150.69,151.63,150.39,151.1,1973.1
2025-12-29 15:30:00+00:00,151.1,151.67,150.75,151.07,1974.7
2025-12-29 16:00:00+00:00,151.07,151.54,150.3,150.66,669.6
2025-12-29 16:30:00+00:00,150.66,151.12,150.49,150.67,477.3
2025-12-29 17:00:00+00:00,150.67,151.44,150.31,150.63,954.0
2025-12-29 17:30:00+00:00,150.63,151.33,150.12,151.1,1629.7
2025-12-29 18:00:00+00:00,151.1,151.26,150.16,150.2,770.6
2025-12-29 18:30:00+00:00,150.2,150.39,149.19,149.58,4577.9
2025-12-29 19:00:00+00:00,149.58,150.57,149.21,150.02,2598.9
2025-12-29 19:30:00+00:00,150.02,150.22,149.46,149.56,786.7
2025-12-29 20:00:00+00:00,149.56,149.71,149.01,149.27,1918.7
2025-12-29 20:30:00+00:00,149.27,149.43,148.53,148.71,3650.5
2025-12-29 21:00:00+00:00,148.71,149.4,148.64,149.18,1016.2
2025-12-29 21:30:00+00:00,149.18,149.67,149.12,149.67,275.4
2025-12-29 22:00:00+00:00,149.67,149.98,149.36,149.52,1031.6
2025-12-29 22:30:00+00:00,149.52,149.82,149.39,149.58,381.0
2025-12-29 23:00:00+00:00,149.58,149.96,149.24,149.32,834.1
2025-12-29 23:30:00+00:00,149.32,149.46,149.11,149.4,269.4
2025-12-30 00:00:00+00:00,149.4,149.98,149.26,149.66,299.2
2025-12-30 00:30:00+00:00,149.66,150.07,149.18,149.9,981.8
2025-12-30 01:00:00+00:00,149.9,150.38,149.58,150.04,901.2
2025-12-30 01:30:00+00:00,150.04,150.58,149.99,150.35,1173.1
2025-12-30 02:00:00+00:00,150.35,150.72,150.01,150.21,340.8
2025-12-30 02:30:00+00:00,150.21,150.32,149.46,149.7,770.7
2025-12-30 03:00:00+00:00,149.7,150.45,149.24,150.37,575.2
2025-12-30 03:30:00+00:00,150.37,151.17,150.22,151.02,756.4
2025-12-30 04:00:00+00:00,151.02,151.9,151.01,151.83,889.4
2025-12-30 04:30:00+00:00,151.83,151.88,150.85,150.89,953.0
2025-12-30 05:00:00+00:00,150.89,151.14,150.26,150.28,696.6
2025-12-30 05:30:00+00:00,150.28,150.33,149.97,150.25,563.3
2025-12-30 06:00:00+00:00,150.25,150.66,149.99,150.12,384.4
2025-12-30 06:30:00+00:00,150.12,150.83,150.11,150.52,448.0
2025-12-30 07:00:00+00:00,150.52,151.13,150.44,150.59,788.9
2025-12-30 07:30:00+00:00,150.59,150.92,150.38,150.92,464.5
2025-12-30 08:00:00+00:00,150.92,152.44,150.82,151.32,6953.5
2025-12-30 08:30:00+00:00,151.32,151.61,150.8,150.97,2036.7
2025-12-30 09:00:00+00:00,150.97,150.97,150.27,150.57,1083.7
2025-12-30 09:30:00+00:00,150.57,151.38,150.52,151.19,980.4
2025-12-30 10:00:00+00:00,151.19,151.26,150.83,150.93,358.1
2025-12-30 10:30:00+00:00,150.93,150.93,150.21,150.35,789.3
2025-12-30 11:00:00+00:00,150.35,150.65,149.68,150.0,2406.4
2025-12-30 11:30:00+00:00,150.0,150.25,149.58,149.91,607.2
2025-12-30 12:00:00+00:00,149.91,150.66,149.87,150.46,1950.2
2025-12-30 12:30:00+00:00,150.46,150.63,150.18,150.4,334.8
2025-12-30 13:00:00+00:00,150.4,150.93,150.25,150.77,384.9
2025-12-30 13:30:00+00:00,150.77,150.84,150.38,150.7,265.6
2025-12-30 14:00:00+00:00,150.7,150.88,149.55,150.11,2675.2
2025-12-30 14:30:00+00:00,150.11,151.81,149.79,151.35,3434.6
2025-12-30 15:00:00+00:00,151.35,151.63,150.08,150.62,1244.0
2025-12-30 15:30:00+00:00,150.62,150.85,150.14,150.77,1221.6
2025-12-30 16:00:00+00:00,150.77,151.6,150.36,151.1,1726.7
2025-12-30 16:30:00+00:00,151.1,151.22,150.01,150.7,1024.6
2025-12-30 17:00:00+00:00,150.7,151.03,150.54,150.81,541.8
2025-12-30 17:30:00+00:00,150.81,151.07,150.01,150.5,928.6
2025-12-30 18:00:00+00:00,150.5,150.68,150.17,150.31,393.4
2025-12-30 18:30:00+00:00,150.31,150.38,149.81,150.12,372.6
2025-12-30 19:00:00+00:00,150.12,150.25,149.03,150.21,1845.9
2025-12-30 19:30:00+00:00,150.21,150.44,149.96,150.16,980.1
2025-12-30 20:00:00+00:00,150.16,150.25,149.87,149.99,431.6
2025-12-30 20:30:00+00:00,149.99,150.03,149.58,149.61,430.6
2025-12-30 21:00:00+00:00,149.61,149.87,149.08,149.2,3992.3
2025-12-30 21:30:00+00:00,149.2,149.42,149.19,149.34,1035.6
2025-12-30 22:00:00+00:00,149.34,150.03,149.34,149.57,1877.3
2025-12-30 22:30:00+00:00,149.57,149.64,148.95,149.24,386.5
2025-12-30 23:00:00+00:00,149.24,149.53,149.14,149.47,703.8
2025-12-30 23:30:00+00:00,149.47,149.58,149.34,149.44,231.1
2025-12-31 00:00:00+00:00,149.44,149.44,148.72,149.26,2096.8
2025-12-31 00:30:00+00:00,149.26,149.26,148.74,148.79,963.2
2025-12-31 01:00:00+00:00,148.79,149.84,148.68,149.57,965.8
2025-12-31 01:30:00+00:00,149.57,149.91,149.46,149.65,605.0
2025-12-31 02:00:00+00:00,149.65,150.0,149.4,149.97,527.8
2025-12-31 02:30:00+00:00,149.97,150.2,149.57,149.97,853.7
2025-12-31 03:00:00+00:00,149.97,150.14,149.1,149.25,367.1
2025-12-31 03:30:00+00:00,149.25,149.46,149.05,149.46,171.8
2025-12-31 04:00:00+00:00,149.46,149.79,149.14,149.52,688.7
2025-12-31 04:30:00+00:00,149.52,149.88,149.47,149.5,472.5
2025-12-31 05:00:00+00:00,149.5,150.02,149.5,150.02,695.6
2025-12-31 05:30:00+00:00,150.02,150.19,149.92,150.14,1168.3
2025-12-31 06:00:00+00:00,150.14,150.95,149.94,150.26,2158.0
2025-12-31 06:30:00+00:00,150.26,150.46,149.99,150.41,734.6
2025-12-31 07:00:00+00:00,150.41,150.75,150.26,150.65,886.4
2025-12-31 07:30:00+00:00,150.65,150.81,150.14,150.14,1105.8
2025-12-31 08:00:00+00:00,150.14,150.64,150.08,150.21,774.3
2025-12-31 08:30:00+00:00,150.21,150.24,149.12,149.43,831.0
2025-12-31 09:00:00+00:00,149.43,149.77,149.38,149.41,289.6
2025-12-31 09:30:00+00:00,149.41,149.8,149.26,149.68,420.1
2025-12-31 10:00:00+00:00,149.68,149.74,149.14,149.18,345.2
2025-12-31 10:30:00+00:00,149.18,149.28,149.09,149.23,207.4
2025-12-31 11:00:00+00:00,149.23,149.64,149.11,149.63,249.6
2025-12-31 11:30:00+00:00,149.63,149.84,149.43,149.65,1637.4
2025-12-31 12:00:00+00:00,149.65,149.65,149.16,149.18,774.5
2025-12-31 12:30:00+00:00,149.18,149.41,148.43,148.74,1610.3
2025-12-31 13:00:00+00:00,148.74,149.11,148.42,149.02,1654.7
2025-12-31 13:30:00+00:00,149.02,149.64,148.86,149.43,1176.9
2025-12-31 14:00:00+00:00,149.43,150.34,148.88,148.88,863.2
2025-12-31 14:30:00+00:00,148.88,148.96,147.38,148.92,9851.1
2025-12-31 15:00:00+00:00,148.92,148.92,147.32,147.48,2590.2
2025-12-31 15:30:00+00:00,147.48,147.83,146.81,147.39,3963.3
2025-12-31 16:00:00+00:00,147.39,148.07,147.19,147.38,1824.5
2025-12-31 16:30:00+00:00,147.38,147.38,143.79,145.93,20744.2
2025-12-31 17:00:00+00:00,145.93,145.97,145.22,145.25,2215.6
2025-12-31 17:30:00+00:00,145.25,145.4,144.69,145.01,2234.6
2025-12-31 18:00:00+00:00,145.01,145.67,144.56,145.47,1066.5
2025-12-31 18:30:00+00:00,145.47,145.67,144.72,144.72,615.0
2025-12-31 19:00:00+00:00,144.72,144.92,144.41,144.65,512.0
2025-12-31 19:30:00+00:00,144.65,145.04,144.25,144.38,2642.8
2025-12-31 20:00:00+00:00,144.38,144.59,143.64,144.33,3923.4
2025-12-31 20:30:00+00:00,144.33,145.7,144.21,145.5,1786.8
2025-12-31 21:00:00+00:00,145.5,146.5,145.5,146.28,2914.6
2025-12-31 21:30:00+00:00,146.28,147.22,146.28,147.04,2199.3
2025-12-31 22:00:00+00:00,147.04,147.04,146.37,146.58,1226.9
2025-12-31 22:30:00+00:00,146.58,146.58,145.94,146.02,1142.0
2025-12-31 23:00:00+00:00,146.02,146.44,145.85,146.4,558.5
2025-12-31 23:30:00+00:00,146.4,146.68,145.81,146.01,1628.8
2026-01-01 00:00:00+00:00,146.01,146.58,146.01,146.45,696.2
2026-01-01 00:30:00+00:00,146.45,146.68,146.28,146.46,959.9
2026-01-01 01:00:00+00:00,146.46,146.57,145.9,145.9,314.2
2026-01-01 01:30:00+00:00,145.9,146.48,145.9,146.12,223.6
2026-01-01 02:00:00+00:00,146.12,146.22,145.82,145.89,261.2
2026-01-01 02:30:00+00:00,145.89,146.11,145.85,145.87,324.6
2026-01-01 03:00:00+00:00,145.87,146.03,145.55,145.88,1563.6
2026-01-01 03:30:00+00:00,145.88,146.34,145.81,146.09,396.0
2026-01-01 04:00:00+00:00,146.09,146.15,145.73,145.97,267.5
2026-01-01 04:30:00+00:00,145.97,146.03,145.36,145.75,1538.1
2026-01-01 05:00:00+00:00,145.75,146.6,145.75,146.56,258.8
2026-01-01 05:30:00+00:00,146.56,146.61,145.81,145.98,5415.8
2026-01-01 06:00:00+00:00,145.98,146.51,145.98,146.45,796.9
2026-01-01 06:30:00+00:00,146.45,146.57,146.32,146.36,490.7
2026-01-01 07:00:00+00:00,146.36,146.54,145.99,145.99,211.3
2026-01-01 07:30:00+00:00,145.99,146.17,145.8,145.94,1315.0
2026-01-01 08:00:00+00:00,145.94,146.34,145.92,146.21,259.2
2026-01-01 08:30:00+00:00,146.21,146.39,145.64,146.07,620.5
2026-01-01 09:00:00+00:00,146.07,146.23,145.96,145.97,462.9
2026-01-01 09:30:00+00:00,145.97,146.25,145.83,145.97,459.8
2026-01-01 10:00:00+00:00,145.97,146.08,145.83,145.86,576.8
2026-01-01 10:30:00+00:00,145.86,145.9,145.69,145.84,883.1
2026-01-01 11:00:00+00:00,145.84,146.3,145.79,146.06,647.2
2026-01-01 11:30:00+00:00,146.06,146.27,145.97,146.24,349.6
2026-01-01 12:00:00+00:00,146.24,146.24,145.28,145.42,1495.5
2026-01-01 12:30:00+00:00,145.42,145.42,145.0,145.11,1814.3
2026-01-01 13:00:00+00:00,145.11,145.47,144.99,145.25,669.2
2026-01-01 13:30:00+00:00,145.25,145.73,145.16,145.37,444.2
2026-01-01 14:00:00+00:00,145.37,145.57,145.19,145.26,930.0
2026-01-01 14:30:00+00:00,145.26,145.81,145.05,145.52,475.0
2026-01-01 15:00:00+00:00,145.52,145.68,145.21,145.41,336.0
2026-01-01 15:30:00+00:00,145.41,146.92,145.39,146.39,1486.3
2026-01-01 16:00:00+00:00,146.39,146.71,146.14,146.69,1910.2
2026-01-01 16:30:00+00:00,146.69,146.85,146.28,146.69,488.1
2026-01-01 17:00:00+00:00,146.69,147.33,146.56,147.21,2874.9
2026-01-01 17:30:00+00:00,147.21,147.87,147.06,147.3,2005.3
2026-01-01 18:00:00+00:00,147.3,147.84,147.16,147.24,1402.2
2026-01-01 18:30:00+00:00,147.24,147.6,147.19,147.57,1202.8
2026-01-01 19:00:00+00:00,147.57,147.64,147.4,147.61,544.8
2026-01-01 19:30:00+00:00,147.61,148.62,147.61,148.48,2253.8
2026-01-01 20:00:00+00:00,148.48,149.03,148.35,148.4,1942.1
2026-01-01 20:30:00+00:00,148.4,148.42,147.25,147.37,3320.9
2026-01-01 21:00:00+00:00,147.37,147.96,147.18,147.77,653.7
2026-01-01 21:30:00+00:00,147.77,148.05,147.57,148.01,282.2
2026-01-01 22:00:00+00:00,148.01,148.78,148.01,148.6,538.0
2026-01-01 22:30:00+00:00,148.6,149.27,148.13,149.16,857.2
2026-01-01 23:00:00+00:00,149.16,149.46,148.81,149.29,1164.6
2026-01-01 23:30:00+00:00,149.29,149.34,148.61,148.81,1563.5
2026-01-02 00:00:00+00:00,148.81,149.24,148.63,149.05,509.3
2026-01-02 00:30:00+00:00,149.05,149.27,148.35,149.18,736.5
2026-01-02 01:00:00+00:00,149.18,149.56,148.63,148.63,1527.1
2026-01-02 01:30:00+00:00,148.63,148.69,148.26,148.63,493.9
2026-01-02 02:00:00+00:00,148.63,148.63,147.82,147.82,519.0
2026-01-02 02:30:00+00:00,147.82,149.24,147.82,149.03,618.4
2026-01-02 03:00:00+00:00,149.03,150.15,148.93,150.05,1363.6
2026-01-02 03:30:00+00:00,150.05,151.2,150.04,150.69,3596.1
2026-01-02 04:00:00+00:00,150.69,151.01,150.04,150.12,1027.5
2026-01-02 04:30:00+00:00,150.12,151.04,149.96,150.52,427.8
2026-01-02 05:00:00+00:00,150.52,150.66,149.49,149.54,1099.5
2026-01-02 05:30:00+00:00,149.54,150.32,149.49,150.19,1122.0
2026-01-02 06:00:00+00:00,150.19,150.69,150.19,150.5,701.5
2026-01-02 06:30:00+00:00,150.5,151.09,150.37,150.42,687.5
2026-01-02 07:00:00+00:00,150.42,150.56,149.27,149.78,1816.5
2026-01-02 07:30:00+00:00,149.78,149.78,149.24,149.45,659.1
2026-01-02 08:00:00+00:00,149.45,150.6,149.42,150.16,791.3
2026-01-02 08:30:00+00:00,150.16,150.32,149.83,150.32,662.7
2026-01-02 09:00:00+00:00,150.32,151.31,150.15,151.0,1699.0
2026-01-02 09:30:00+00:00,151.0,152.9,150.94,151.96,4105.7
2026-01-02 10:00:00+00:00,151.96,152.99,151.72,151.72,2615.7
2026-01-02 10:30:00+00:00,151.72,152.17,151.67,151.67,619.8
2026-01-02 11:00:00+00:00,151.67,151.72,150.62,151.03,3472.7
2026-01-02 11:30:00+00:00,151.03,151.14,150.05,150.57,2211.0
2026-01-02 12:00:00+00:00,150.57,150.78,150.32,150.42,488.4
2026-01-02 12:30:00+00:00,150.42,152.33,150.38,151.76,1805.7
2026-01-02 13:00:00+00:00,151.76,152.41,151.49,152.16,787.9
2026-01-02 13:30:00+00:00,152.16,152.33,151.79,151.86,559.8
2026-01-02 14:00:00+00:00,151.86,152.3,150.16,151.18,2600.2
2026-01-02 14:30:00+00:00,151.18,153.97,149.84,152.96,6312.8
2026-01-02 15:00:00+00:00,152.96,153.73,152.3,153.36,3901.0
2026-01-02 15:30:00+00:00,153.36,155.03,153.02,153.99,2176.2
2026-01-02 16:00:00+00:00,153.99,155.61,153.03,154.99,4785.3
2026-01-02 16:30:00+00:00,154.99,157.03,154.99,156.18,6714.8
2026-01-02 17:00:00+00:00,156.18,157.21,156.05,156.1,3238.3
2026-01-02 17:30:00+00:00,156.1,156.21,155.29,155.93,1142.2
2026-01-02 18:00:00+00:00,155.93,156.72,155.55,156.38,1934.0
2026-01-02 18:30:00+00:00,156.38,156.47,154.66,155.4,908.3
2026-01-02 19:00:00+00:00,155.4,156.67,155.25,156.41,798.8
2026-01-02 19:30:00+00:00,156.41,156.8,156.24,156.72,425.5
2026-01-02 20:00:00+00:00,156.72,162.23,156.51,161.56,21925.2
2026-01-02 20:30:00+00:00,161.56,161.73,159.38,160.22,3867.7
2026-01-02 21:00:00+00:00,160.22,163.44,160.21,163.39,4289.7
2026-01-02 21:30:00+00:00,163.39,165.26,162.96,164.83,4937.1
2026-01-02 22:00:00+00:00,164.83,165.8,163.95,165.38,3951.9
2026-01-02 22:30:00+00:00,165.38,165.47,163.64,164.52,2788.5
2026-01-02 23:00:00+00:00,164.52,165.55,164.42,164.73,2318.9
2026-01-02 23:30:00+00:00,164.73,165.06,164.66,165.03,1157.3
2026-01-03 00:00:00+00:00,165.03,165.79,164.61,165.79,1656.0
2026-01-03 00:30:00+00:00,165.79,165.79,164.75,164.84,1347.8
2026-01-03 01:00:00+00:00,164.84,165.1,164.56,164.85,1144.7
2026-01-03 01:30:00+00:00,164.85,165.91,164.85,165.0,1471.8
2026-01-03 02:00:00+00:00,165.0,165.0,163.75,164.99,4836.8
2026-01-03 02:30:00+00:00,164.99,165.41,164.76,164.91,1032.2
2026-01-03 03:00:00+00:00,164.91,165.47,164.79,164.99,1050.2
2026-01-03 03:30:00+00:00,164.99,165.89,164.81,164.95,913.6
2026-01-03 04:00:00+00:00,164.95,165.4,164.76,165.05,778.1
2026-01-03 04:30:00+00:00,165.05,165.07,164.43,164.83,868.0
2026-01-03 05:00:00+00:00,164.83,165.8,164.82,165.0,842.6
2026-01-03 05:30:00+00:00,165.0,165.53,164.45,165.52,1587.5
2026-01-03 06:00:00+00:00,165.52,167.69,165.42,166.35,6777.0
2026-01-03 06:30:00+00:00,166.35,166.66,164.09,164.18,3108.6
2026-01-03 07:00:00+00:00,164.18,164.44,161.15,161.21,5867.4
2026-01-03 07:30:00+00:00,161.21,162.73,160.85,161.68,2838.5
2026-01-03 08:00:00+00:00,161.68,162.22,161.04,161.76,1424.9
2026-01-03 08:30:00+00:00,161.76,162.18,161.3,161.35,617.2
2026-01-03 09:00:00+00:00,161.35,161.71,160.88,161.65,1418.0
2026-01-03 09:30:00+00:00,161.65,162.16,161.32,161.5,1109.8
2026-01-03 10:00:00+00:00,161.5,161.66,159.41,159.99,6561.9
2026-01-03 10:30:00+00:00,159.99,160.94,159.99,160.36,2220.7
2026-01-03 11:00:00+00:00,160.36,160.36,158.87,159.18,3681.9
2026-01-03 11:30:00+00:00,159.18,159.38,158.1,158.39,1680.0
2026-01-03 12:00:00+00:00,158.39,158.92,157.71,158.91,2341.3
2026-01-03 12:30:00+00:00,158.91,159.6,158.57,159.5,1660.8
2026-01-03 13:00:00+00:00,159.5,160.29,159.37,160.02,2136.9
2026-01-03 13:30:00+00:00,160.02,160.3,159.86,160.21,444.9
2026-01-03 14:00:00+00:00,160.21,160.55,159.82,160.22,1504.2
2026-01-03 14:30:00+00:00,160.22,160.37,159.67,160.02,1171.7
2026-01-03 15:00:00+00:00,160.02,160.03,159.26,159.72,1261.8
2026-01-03 15:30:00+00:00,159.72,160.17,159.58,159.73,510.8
2026-01-03 16:00:00+00:00,159.73,160.42,159.59,160.37,3051.3
2026-01-03 16:30:00+00:00,160.37,161.03,160.25,160.51,1273.5
2026-01-03 17:00:00+00:00,160.51,160.51,159.7,160.15,671.5
2026-01-03 17:30:00+00:00,160.15,160.54,160.09,160.36,582.8
2026-01-03 18:00:00+00:00,160.36,160.76,159.73,160.69,465.2
2026-01-03 18:30:00+00:00,160.69,160.82,160.32,160.44,266.4
2026-01-03 19:00:00+00:00,160.44,160.5,160.18,160.49,161.6
2026-01-03 19:30:00+00:00,160.49,160.57,160.25,160.45,343.8
2026-01-03 20:00:00+00:00,160.45,160.52,159.29,160.39,1645.3
2026-01-03 20:30:00+00:00,160.39,161.6,160.33,161.09,1334.7
2026-01-03 21:00:00+00:00,161.09,161.57,160.9,161.43,381.5
2026-01-03 21:30:00+00:00,161.43,161.93,161.0,161.41,732.9
2026-01-03 22:00:00+00:00,161.41,162.25,161.25,161.81,1686.2
2026-01-03 22:30:00+00:00,161.81,162.45,161.6,162.27,732.2
2026-01-03 23:00:00+00:00,162.27,162.82,161.97,162.81,697.7
2026-01-03 23:30:00+00:00,162.81,163.04,162.61,163.03,739.7
2026-01-04 00:00:00+00:00,163.03,164.4,162.46,163.46,3693.6
2026-01-04 00:30:00+00:00,163.46,164.75,163.44,164.29,1850.3
2026-01-04 01:00:00+00:00,164.29,164.37,163.37,163.57,3300.7
2026-01-04 01:30:00+00:00,163.57,164.18,163.26,164.12,849.9
2026-01-04 02:00:00+00:00,164.12,164.23,163.69,164.04,248.9
2026-01-04 02:30:00+00:00,164.04,164.33,163.27,163.66,1163.0
2026-01-04 03:00:00+00:00,163.66,164.6,163.61,163.86,649.2
2026-01-04 03:30:00+00:00,163.86,164.48,163.71,164.3,3135.4
2026-01-04 04:00:00+00:00,164.3,164.84,164.01,164.23,729.7
2026-01-04 04:30:00+00:00,164.23,164.6,163.58,163.7,445.5
2026-01-04 05:00:00+00:00,163.7,163.73,163.13,163.24,316.0
2026-01-04 05:30:00+00:00,163.24,163.34,162.69,163.05,1511.8
2026-01-04 06:00:00+00:00,163.05,163.54,162.4,162.45,2048.6
2026-01-04 06:30:00+00:00,162.45,162.65,161.26,161.48,3052.9
2026-01-04 07:00:00+00:00,161.48,161.96,161.27,161.54,956.1
2026-01-04 07:30:00+00:00,161.54,161.7,161.01,161.45,2550.9
2026-01-04 08:00:00+00:00,161.45,161.55,160.62,161.05,1679.2
2026-01-04 08:30:00+00:00,161.05,162.19,161.01,161.95,1865.2
2026-01-04 09:00:00+00:00,161.95,162.72,161.35,161.94,1708.8
2026-01-04 09:30:00+00:00,161.94,163.43,161.94,162.98,988.2
2026-01-04 10:00:00+00:00,162.98,163.13,162.42,162.48,479.9
2026-01-04 10:30:00+00:00,162.48,163.05,162.38,162.84,318.9
2026-01-04 11:00:00+00:00,162.84,163.51,162.33,163.38,2616.6
2026-01-04 11:30:00+00:00,163.38,164.22,163.38,163.99,909.6
2026-01-04 12:00:00+00:00,163.99,165.59,163.83,165.47,3271.2
2026-01-04 12:30:00+00:00,165.47,165.88,164.74,164.85,2641.9
2026-01-04 13:00:00+00:00,164.85,164.85,163.28,164.25,2517.0
2026-01-04 13:30:00+00:00,164.25,164.7,164.0,164.59,403.4
2026-01-04 14:00:00+00:00,164.59,165.06,164.45,164.84,1617.6
2026-01-04 14:30:00+00:00,164.84,165.38,164.47,165.38,991.1
2026-01-04 15:00:00+00:00,165.38,166.08,165.35,165.36,1700.0
2026-01-04 15:30:00+00:00,165.36,165.42,163.19,164.6,4024.5
2026-01-04 16:00:00+00:00,164.6,165.9,164.45,165.37,1067.6
2026-01-04 16:30:00+00:00,165.37,165.83,165.11,165.61,546.4
2026-01-04 17:00:00+00:00,165.61,166.03,164.86,164.93,1190.6
2026-01-04 17:30:00+00:00,164.93,165.39,164.53,165.07,281.7
2026-01-04 18:00:00+00:00,165.07,165.08,163.75,163.95,963.7
2026-01-04 18:30:00+00:00,163.95,163.98,163.19,163.49,535.2
2026-01-04 19:00:00+00:00,163.49,163.49,161.76,162.6,3147.4
2026-01-04 19:30:00+00:00,162.6,163.0,162.22,162.47,1080.9
2026-01-04 20:00:00+00:00,162.47,163.4,162.25,163.3,595.9
2026-01-04 20:30:00+00:00,163.3,163.45,162.94,163.4,942.4
2026-01-04 21:00:00+00:00,163.4,165.17,163.21,164.74,3740.4
2026-01-04 21:30:00+00:00,164.74,164.74,163.01,164.02,3674.3
2026-01-04 22:00:00+00:00,164.02,164.57,163.86,164.19,1266.6
2026-01-04 22:30:00+00:00,164.19,164.31,163.46,164.01,986.4
2026-01-04 23:00:00+00:00,164.01,165.02,163.48,163.66,2635.3
2026-01-04 23:30:00+00:00,163.66,164.18,163.43,164.16,616.0
2026-01-05 00:00:00+00:00,164.16,165.36,163.75,164.09,1506.2
2026-01-05 00:30:00+00:00,164.09,165.73,163.51,165.08,1304.8
2026-01-05 01:00:00+00:00,165.08,166.62,164.78,166.33,1920.4
2026-01-05 01:30:00+00:00,166.33,167.75,166.11,166.66,2641.5
2026-01-05 02:00:00+00:00,166.66,167.54,165.66,165.66,1411.5
2026-01-05 02:30:00+00:00,165.66,167.03,165.66,166.85,591.4
2026-01-05 03:00:00+00:00,166.85,166.9,165.3,165.46,984.1
2026-01-05 03:30:00+00:00,165.46,166.25,165.46,165.7,665.8
2026-01-05 04:00:00+00:00,165.7,165.92,162.85,163.05,5749.2
2026-01-05 04:30:00+00:00,163.05,163.38,162.13,163.29,2218.4
2026-01-05 05:00:00+00:00,163.29,164.11,162.96,163.94,1120.0
2026-01-05 05:30:00+00:00,163.94,164.08,162.47,162.54,1551.7
2026-01-05 06:00:00+00:00,162.54,163.27,162.31,162.31,3004.7
2026-01-05 06:30:00+00:00,162.31,163.61,161.64,163.4,1598.7
2026-01-05 07:00:00+00:00,163.4,164.37,163.14,164.37,1070.0
2026-01-05 07:30:00+00:00,164.37,164.66,164.24,164.46,452.9
2026-01-05 08:00:00+00:00,164.46,165.45,164.38,164.8,1297.3
2026-01-05 08:30:00+00:00,164.8,165.04,163.78,163.99,1615.1
2026-01-05 09:00:00+00:00,163.99,164.15,162.62,163.23,2991.3
2026-01-05 09:30:00+00:00,163.23,164.16,163.05,163.47,1040.1
2026-01-05 10:00:00+00:00,163.47,165.29,163.47,164.73,1510.9
2026-01-05 10:30:00+00:00,164.73,165.61,163.45,165.31,1451.0
2026-01-05 11:00:00+00:00,165.31,165.77,164.47,165.29,1719.1
2026-01-05 11:30:00+00:00,165.29,166.5,165.2,166.05,2798.9
2026-01-05 12:00:00+00:00,166.05,166.38,164.75,164.83,1572.0
2026-01-05 12:30:00+00:00,164.83,164.87,163.54,164.87,1192.4
2026-01-05 13:00:00+00:00,164.87,165.35,164.36,164.59,2130.1
2026-01-05 13:30:00+00:00,164.59,165.04,163.57,164.97,1293.7
2026-01-05 14:00:00+00:00,164.97,166.14,164.77,165.95,3919.7
2026-01-05 14:30:00+00:00,165.95,167.36,164.56,166.57,3661.6
2026-01-05 15:00:00+00:00,166.57,167.61,165.48,166.97,4826.9
2026-01-05 15:30:00+00:00,166.97,169.96,166.78,169.17,6175.2
2026-01-05 16:00:00+00:00,169.17,170.21,168.1,169.56,5932.3
2026-01-05 16:30:00+00:00,169.56,170.85,169.02,170.4,2275.3
2026-01-05 17:00:00+00:00,170.4,171.35,168.26,169.07,5349.6
2026-01-05 17:30:00+00:00,169.07,172.07,168.83,171.38,5507.1
2026-01-05 18:00:00+00:00,171.38,173.22,170.74,172.63,4874.0
2026-01-05 18:30:00+00:00,172.63,174.37,172.14,174.3,4393.4
2026-01-05 19:00:00+00:00,174.3,174.61,173.31,173.86,4330.8
2026-01-05 19:30:00+00:00,173.86,174.2,172.67,173.35,2923.9
2026-01-05 20:00:00+00:00,173.35,175.09,173.16,174.66,2480.3
2026-01-05 20:30:00+00:00,174.66,174.66,171.16,171.83,9787.0
2026-01-05 21:00:00+00:00,171.83,172.3,169.93,170.26,2235.4
2026-01-05 21:30:00+00:00,170.26,171.29,169.76,171.21,2083.6
2026-01-05 22:00:00+00:00,171.21,171.68,170.15,171.55,1285.6
2026-01-05 22:30:00+00:00,171.55,173.39,171.54,172.65,5114.0
2026-01-05 23:00:00+00:00,172.65,172.85,171.0,171.22,1462.4
2026-01-05 23:30:00+00:00,171.22,171.56,170.39,170.83,14436.5
2026-01-06 00:00:00+00:00,170.83,172.24,170.61,172.24,2053.7
2026-01-06 00:30:00+00:00,172.24,172.41,170.56,172.32,1078.2
2026-01-06 01:00:00+00:00,172.32,173.78,172.01,173.65,2604.6
2026-01-06 01:30:00+00:00,173.65,173.76,171.71,172.04,717.1
2026-01-06 02:00:00+00:00,172.04,172.94,171.81,172.76,806.9
2026-01-06 02:30:00+00:00,172.76,172.78,171.56,172.37,4760.5
2026-01-06 03:00:00+00:00,172.37,172.65,172.03,172.65,257.9
2026-01-06 03:30:00+00:00,172.65,173.48,172.65,173.12,908.9
2026-01-06 04:00:00+00:00,173.12,173.98,172.95,173.0,854.5
2026-01-06 04:30:00+00:00,173.0,173.85,172.99,173.49,406.6
2026-01-06 05:00:00+00:00,173.49,174.21,173.21,173.73,1770.4
2026-01-06 05:30:00+00:00,173.73,174.33,172.63,172.83,3870.2
2026-01-06 06:00:00+00:00,172.83,173.22,171.77,172.73,7213.7
2026-01-06 06:30:00+00:00,172.73,174.59,172.68,173.61,3924.7
2026-01-06 07:00:00+00:00,173.61,173.71,172.14,172.37,1129.4
2026-01-06 07:30:00+00:00,172.37,172.61,170.91,171.62,3578.8
2026-01-06 08:00:00+00:00,171.62,172.88,171.45,171.97,1763.4
2026-01-06 08:30:00+00:00,171.97,172.42,171.79,171.96,459.1
2026-01-06 09:00:00+00:00,171.96,173.18,171.74,173.12,577.5
2026-01-06 09:30:00+00:00,173.12,173.69,172.93,173.63,336.9
2026-01-06 10:00:00+00:00,173.63,174.66,172.35,173.39,5274.4
2026-01-06 10:30:00+00:00,173.39,174.34,173.36,174.01,860.6
2026-01-06 11:00:00+00:00,174.01,174.67,173.39,173.58,2265.4
2026-01-06 11:30:00+00:00,173.58,174.61,173.5,174.61,1091.8
2026-01-06 12:00:00+00:00,174.61,175.43,174.38,175.19,2101.0
2026-01-06 12:30:00+00:00,175.19,175.4,174.53,174.7,2041.6
2026-01-06 13:00:00+00:00,174.7,174.8,174.07,174.48,871.7
2026-01-06 13:30:00+00:00,174.48,174.71,174.42,174.63,55.9
