timestamp,open,high,low,close,volume
2023-02-26 16:00:00+00:00,0.36224,0.36777,0.3586,0.36705,2851522.0
2023-02-26 20:00:00+00:00,0.36705,0.37008,0.36488,0.36874,2375464.0
2023-02-27 00:00:00+00:00,0.36874,0.36893,0.3655,0.3663,2082528.0
2023-02-27 04:00:00+00:00,0.3663,0.36665,0.3617,0.36267,2264381.0
2023-02-27 08:00:00+00:00,0.36267,0.36353,0.35936,0.36301,2665688.0
2023-02-27 12:00:00+00:00,0.36301,0.36967,0.361,0.36588,4871569.0
2023-02-27 16:00:00+00:00,0.36588,0.36658,0.35714,0.3599,3731545.0
2023-02-27 20:00:00+00:00,0.3599,0.36497,0.35777,0.36445,2741632.0
2023-02-28 00:00:00+00:00,0.36445,0.36765,0.36226,0.36641,2755690.0
2023-02-28 04:00:00+00:00,0.36641,0.36688,0.35977,0.35986,1827884.0
2023-02-28 08:00:00+00:00,0.35986,0.36319,0.35869,0.36226,2022872.0
2023-02-28 12:00:00+00:00,0.36226,0.36427,0.36006,0.36261,3012233.0
2023-02-28 16:00:00+00:00,0.36261,0.36369,0.35413,0.35429,3721828.0
2023-02-28 20:00:00+00:00,0.35429,0.35511,0.34812,0.35144,6688615.0
2023-03-01 00:00:00+00:00,0.35144,0.35847,0.34898,0.35748,3593246.0
2023-03-01 04:00:00+00:00,0.35748,0.36335,0.35643,0.36027,2808190.0
2023-03-01 08:00:00+00:00,0.36027,0.36381,0.35916,0.36303,5244651.0
2023-03-01 12:00:00+00:00,0.36303,0.36432,0.35991,0.36135,4109821.0
2023-03-01 16:00:00+00:00,0.36135,0.36199,0.35548,0.3565,4502349.0
2023-03-01 20:00:00+00:00,0.3565,0.3605,0.3555,0.36001,2781786.0
2023-03-02 00:00:00+00:00,0.36001,0.36109,0.35336,0.35558,4544097.0
2023-03-02 04:00:00+00:00,0.35558,0.35735,0.35348,0.35498,3317630.0
2023-03-02 08:00:00+00:00,0.35498,0.35524,0.34865,0.35138,4343035.0
2023-03-02 12:00:00+00:00,0.35138,0.35224,0.34633,0.34784,4910551.0
2023-03-02 16:00:00+00:00,0.34784,0.35032,0.34397,0.34981,5976809.0
2023-03-02 20:00:00+00:00,0.34981,0.35138,0.34847,0.35005,4727563.0
2023-03-03 00:00:00+00:00,0.35005,0.3506,0.31855,0.3301,26451950.0
2023-03-03 04:00:00+00:00,0.3301,0.33746,0.32962,0.3369,2095487.0
2023-03-03 08:00:00+00:00,0.3369,0.33966,0.33666,0.33867,3170965.0
2023-03-03 12:00:00+00:00,0.33867,0.34059,0.33538,0.33703,5962680.0
2023-03-03 16:00:00+00:00,0.33703,0.34151,0.33651,0.33921,3469909.0
2023-03-03 20:00:00+00:00,0.33921,0.34326,0.33704,0.34278,3007803.0
2023-03-04 00:00:00+00:00,0.34278,0.34476,0.34038,0.34097,1940103.0
2023-03-04 04:00:00+00:00,0.34097,0.342,0.33888,0.3414,1551223.0
2023-03-04 08:00:00+00:00,0.3414,0.3421,0.34028,0.34157,1508420.0
2023-03-04 12:00:00+00:00,0.34157,0.34226,0.33935,0.33977,1923411.0
2023-03-04 16:00:00+00:00,0.33977,0.34026,0.33505,0.33553,3327769.0
2023-03-04 20:00:00+00:00,0.33553,0.33659,0.32975,0.33654,5707228.0
2023-03-05 00:00:00+00:00,0.33654,0.34275,0.33461,0.33969,7358871.0
2023-03-05 04:00:00+00:00,0.33969,0.34127,0.33841,0.33863,4808250.0
2023-03-05 08:00:00+00:00,0.33863,0.33956,0.33665,0.33817,4385609.0
2023-03-05 12:00:00+00:00,0.33817,0.34079,0.33787,0.33837,2212626.0
2023-03-05 16:00:00+00:00,0.33837,0.33871,0.33545,0.33659,1891954.0
2023-03-05 20:00:00+00:00,0.33659,0.34013,0.33431,0.33653,2358802.0
2023-03-06 00:00:00+00:00,0.33653,0.33833,0.33025,0.33509,7607850.0
2023-03-06 04:00:00+00:00,0.33509,0.33597,0.33198,0.33279,3060539.0
2023-03-06 08:00:00+00:00,0.33279,0.33457,0.33038,0.33093,3183619.0
2023-03-06 12:00:00+00:00,0.33093,0.33626,0.32866,0.33561,3690957.0
2023-03-06 16:00:00+00:00,0.33561,0.33677,0.33094,0.33151,2344640.0
2023-03-06 20:00:00+00:00,0.33151,0.33197,0.32893,0.3303,2171617.0
2023-03-07 00:00:00+00:00,0.3303,0.3345,0.3275,0.33274,5082199.0
2023-03-07 04:00:00+00:00,0.33274,0.33323,0.33047,0.33054,3121404.0
2023-03-07 08:00:00+00:00,0.33054,0.33156,0.32533,0.32573,6665598.0
2023-03-07 12:00:00+00:00,0.32573,0.32886,0.32037,0.3274,13293289.0
2023-03-07 16:00:00+00:00,0.3274,0.33268,0.32432,0.33051,6510001.0
2023-03-07 20:00:00+00:00,0.33051,0.3315,0.32474,0.33027,8588442.0
2023-03-08 00:00:00+00:00,0.33027,0.33245,0.32644,0.32821,3650274.0
2023-03-08 04:00:00+00:00,0.32821,0.32926,0.3215,0.32235,8642993.0
2023-03-08 08:00:00+00:00,0.32235,0.32542,0.32111,0.32424,3587331.0
2023-03-08 12:00:00+00:00,0.32424,0.32578,0.31624,0.32505,12069380.0
2023-03-08 16:00:00+00:00,0.32505,0.32676,0.31889,0.32175,4438478.0
2023-03-08 20:00:00+00:00,0.32175,0.32494,0.31277,0.31721,9285220.0
2023-03-09 00:00:00+00:00,0.31721,0.31918,0.31457,0.31896,6025337.0
2023-03-09 04:00:00+00:00,0.31896,0.31958,0.31529,0.31622,2362275.0
2023-03-09 08:00:00+00:00,0.31622,0.3176,0.31282,0.31729,5514356.0
2023-03-09 12:00:00+00:00,0.31729,0.32208,0.31443,0.31812,6042151.0
2023-03-09 16:00:00+00:00,0.31812,0.31969,0.30719,0.30945,11231163.0
2023-03-09 20:00:00+00:00,0.30945,0.31027,0.30062,0.30977,12570669.0
2023-03-10 00:00:00+00:00,0.30977,0.31002,0.3033,0.30817,5968174.0
2023-03-10 04:00:00+00:00,0.30817,0.30892,0.30413,0.3063,4594542.0
2023-03-10 08:00:00+00:00,0.3063,0.30759,0.29718,0.30382,13696382.0
2023-03-10 12:00:00+00:00,0.30382,0.31793,0.30146,0.31317,12585867.0
2023-03-10 16:00:00+00:00,0.31317,0.31728,0.30812,0.31089,3891957.0
2023-03-10 20:00:00+00:00,0.31089,0.31753,0.30901,0.31476,4513498.0
2023-03-11 00:00:00+00:00,0.31476,0.32254,0.31445,0.31632,3702891.0
2023-03-11 04:00:00+00:00,0.31632,0.31832,0.30681,0.30801,5105952.0
2023-03-11 08:00:00+00:00,0.30801,0.31274,0.305,0.30747,4504287.0
2023-03-11 12:00:00+00:00,0.30747,0.30786,0.30268,0.30268,4744244.0
2023-03-11 16:00:00+00:00,0.30268,0.30634,0.30149,0.30355,3491020.0
2023-03-11 20:00:00+00:00,0.30355,0.30659,0.30126,0.30506,2135743.0
2023-03-12 00:00:00+00:00,0.30506,0.30585,0.30148,0.30511,2066610.0
2023-03-12 04:00:00+00:00,0.30511,0.30782,0.3013,0.30237,2034228.0
2023-03-12 08:00:00+00:00,0.30237,0.30664,0.30191,0.30621,2215965.0
2023-03-12 12:00:00+00:00,0.30621,0.30747,0.30173,0.30271,4311162.0
2023-03-12 16:00:00+00:00,0.30271,0.31805,0.3021,0.3123,6600239.0
2023-03-12 20:00:00+00:00,0.3123,0.33104,0.31209,0.32972,7185984.0
2023-03-13 00:00:00+00:00,0.32972,0.34195,0.32865,0.33678,6487306.0
2023-03-13 04:00:00+00:00,0.33678,0.34156,0.33553,0.33923,3146818.0
2023-03-13 08:00:00+00:00,0.33923,0.3395,0.32887,0.33108,5092094.0
2023-03-13 12:00:00+00:00,0.33108,0.35085,0.32724,0.34543,9460985.0
2023-03-13 16:00:00+00:00,0.34543,0.34854,0.34122,0.34234,3703244.0
2023-03-13 20:00:00+00:00,0.34234,0.34646,0.33968,0.34305,3925363.0
2023-03-14 00:00:00+00:00,0.34305,0.34499,0.34108,0.3443,1896051.0
2023-03-14 04:00:00+00:00,0.3443,0.34779,0.33871,0.33998,3513921.0
2023-03-14 08:00:00+00:00,0.33998,0.3428,0.33657,0.34142,3152769.0
2023-03-14 12:00:00+00:00,0.34142,0.36728,0.33944,0.36398,14844105.0
2023-03-14 16:00:00+00:00,0.36398,0.3647,0.34412,0.35051,9118244.0
2023-03-14 20:00:00+00:00,0.35051,0.35147,0.33652,0.34305,7894106.0
2023-03-15 00:00:00+00:00,0.34305,0.3461,0.33912,0.3433,4395951.0
2023-03-15 04:00:00+00:00,0.3433,0.34662,0.34045,0.34395,2644202.0
2023-03-15 08:00:00+00:00,0.34395,0.3441,0.33212,0.33706,10299272.0
2023-03-15 12:00:00+00:00,0.33706,0.34054,0.3243,0.32695,22785032.0
2023-03-15 16:00:00+00:00,0.32695,0.32892,0.31599,0.32688,14322330.0
2023-03-15 20:00:00+00:00,0.32688,0.32865,0.32108,0.32419,3596420.0
2023-03-16 00:00:00+00:00,0.32419,0.32626,0.31658,0.32365,4900026.0
2023-03-16 04:00:00+00:00,0.32365,0.3281,0.31975,0.32699,4880896.0
2023-03-16 08:00:00+00:00,0.32699,0.32891,0.32168,0.32702,7361487.0
2023-03-16 12:00:00+00:00,0.32702,0.32747,0.31857,0.32632,6749247.0
2023-03-16 16:00:00+00:00,0.32632,0.3285,0.32129,0.32569,3873191.0
2023-03-16 20:00:00+00:00,0.32569,0.32577,0.31924,0.32457,9475776.0
2023-03-17 00:00:00+00:00,0.32457,0.3316,0.321,0.33058,4350830.0
2023-03-17 04:00:00+00:00,0.33058,0.33509,0.32835,0.33254,6713267.0
2023-03-17 08:00:00+00:00,0.33254,0.34648,0.33161,0.34596,11678918.0
2023-03-17 12:00:00+00:00,0.34596,0.34625,0.3308,0.33448,10396459.0
2023-03-17 16:00:00+00:00,0.33448,0.34198,0.3326,0.33991,6421216.0
2023-03-17 20:00:00+00:00,0.33991,0.35023,0.33585,0.34947,6694674.0
2023-03-18 00:00:00+00:00,0.34947,0.35742,0.34406,0.35208,6671745.0
2023-03-18 04:00:00+00:00,0.35208,0.35312,0.34973,0.35133,1443630.0
2023-03-18 08:00:00+00:00,0.35133,0.35597,0.34579,0.35491,4397000.0
2023-03-18 12:00:00+00:00,0.35491,0.35658,0.34239,0.34484,5533419.0
2023-03-18 16:00:00+00:00,0.34484,0.34749,0.33457,0.34345,7027649.0
2023-03-18 20:00:00+00:00,0.34345,0.34626,0.33505,0.33707,5124001.0
2023-03-19 00:00:00+00:00,0.33707,0.34409,0.3366,0.34333,1834107.0
2023-03-19 04:00:00+00:00,0.34333,0.34441,0.33696,0.33922,2531609.0
2023-03-19 08:00:00+00:00,0.33922,0.34381,0.33759,0.34303,4126860.0
2023-03-19 12:00:00+00:00,0.34303,0.34972,0.34156,0.34566,6587052.0
2023-03-19 16:00:00+00:00,0.34566,0.35237,0.34477,0.34915,3794430.0
2023-03-19 20:00:00+00:00,0.34915,0.35038,0.34267,0.34461,5512426.0
2023-03-20 00:00:00+00:00,0.34461,0.34577,0.33638,0.33749,4110890.0
2023-03-20 04:00:00+00:00,0.33749,0.34406,0.3339,0.34332,4687560.0
2023-03-20 08:00:00+00:00,0.34332,0.34577,0.34122,0.34293,4560338.0
2023-03-20 12:00:00+00:00,0.34293,0.3437,0.33813,0.33888,5977462.0
2023-03-20 16:00:00+00:00,0.33888,0.34042,0.33099,0.33309,5085684.0
2023-03-20 20:00:00+00:00,0.33309,0.33637,0.33015,0.33208,2433394.0
2023-03-21 00:00:00+00:00,0.33208,0.33924,0.33118,0.33891,4229524.0
2023-03-21 04:00:00+00:00,0.33891,0.34317,0.32892,0.33192,4445047.0
2023-03-21 08:00:00+00:00,0.33192,0.34052,0.33066,0.33868,6759075.0
2023-03-21 12:00:00+00:00,0.33868,0.35479,0.3382,0.35047,14222792.0
2023-03-21 16:00:00+00:00,0.35047,0.36384,0.34917,0.36213,11477009.0
2023-03-21 20:00:00+00:00,0.36213,0.38629,0.36213,0.36951,36951213.0
2023-03-22 00:00:00+00:00,0.36951,0.37758,0.3645,0.37218,14151642.0
2023-03-22 04:00:00+00:00,0.37218,0.38658,0.37211,0.37373,18980088.0
2023-03-22 08:00:00+00:00,0.37373,0.37596,0.36654,0.36952,9802118.0
2023-03-22 12:00:00+00:00,0.36952,0.38455,0.36873,0.37712,17312782.0
2023-03-22 16:00:00+00:00,0.37712,0.38132,0.3485,0.35001,26136670.0
2023-03-22 20:00:00+00:00,0.35001,0.36208,0.34907,0.35928,12359652.0
2023-03-23 00:00:00+00:00,0.35928,0.36247,0.3536,0.35544,3435370.0
2023-03-23 04:00:00+00:00,0.35544,0.37031,0.355,0.36985,6451413.0
2023-03-23 08:00:00+00:00,0.36985,0.37448,0.36866,0.37232,10567828.0
2023-03-23 12:00:00+00:00,0.37232,0.38519,0.36573,0.37897,12427026.0
2023-03-23 16:00:00+00:00,0.37897,0.38086,0.3688,0.37465,5712965.0
2023-03-23 20:00:00+00:00,0.37465,0.37465,0.36701,0.37175,4570034.0
2023-03-24 00:00:00+00:00,0.37175,0.37246,0.3641,0.36553,7405134.0
2023-03-24 04:00:00+00:00,0.36553,0.36817,0.36329,0.36718,4590885.0
2023-03-24 08:00:00+00:00,0.36718,0.36786,0.35546,0.35817,9943879.0
2023-03-24 12:00:00+00:00,0.35817,0.36325,0.35623,0.36238,5511612.0
2023-03-24 16:00:00+00:00,0.36238,0.36448,0.35745,0.36311,3840702.0
2023-03-24 20:00:00+00:00,0.36311,0.36331,0.355,0.3593,3830077.0
2023-03-25 00:00:00+00:00,0.3593,0.361,0.3582,0.35932,1716343.0
2023-03-25 04:00:00+00:00,0.35932,0.3627,0.35704,0.36107,2512980.0
2023-03-25 08:00:00+00:00,0.36107,0.36187,0.35801,0.35901,1847295.0
2023-03-25 12:00:00+00:00,0.35901,0.3606,0.35213,0.35926,6665188.0
2023-03-25 16:00:00+00:00,0.35926,0.36062,0.34829,0.34925,7252288.0
2023-03-25 20:00:00+00:00,0.34925,0.35322,0.34844,0.35113,3540546.0
2023-03-26 00:00:00+00:00,0.35113,0.35553,0.34863,0.35407,1822360.0
2023-03-26 04:00:00+00:00,0.35407,0.35765,0.35356,0.35518,2274141.0
2023-03-26 08:00:00+00:00,0.35518,0.35898,0.35457,0.35779,4989796.0
2023-03-26 12:00:00+00:00,0.35779,0.36113,0.3545,0.35539,4624634.0
2023-03-26 16:00:00+00:00,0.35539,0.35601,0.35131,0.35476,5223895.0
2023-03-26 20:00:00+00:00,0.35476,0.35685,0.35104,0.35542,2478881.0
2023-03-27 00:00:00+00:00,0.35542,0.35672,0.34821,0.35189,4122414.0
2023-03-27 04:00:00+00:00,0.35189,0.35251,0.34569,0.34851,11586353.0
2023-03-27 08:00:00+00:00,0.34851,0.35284,0.34675,0.35247,7737369.0
2023-03-27 12:00:00+00:00,0.35247,0.35624,0.33618,0.34281,21950919.0
2023-03-27 16:00:00+00:00,0.34281,0.34563,0.33927,0.3398,8118639.0
2023-03-27 20:00:00+00:00,0.3398,0.34549,0.33846,0.34499,2272221.0
2023-03-28 00:00:00+00:00,0.34499,0.3488,0.34244,0.34567,6968634.0
2023-03-28 04:00:00+00:00,0.34567,0.35207,0.34484,0.34851,5138612.0
2023-03-28 08:00:00+00:00,0.34851,0.35346,0.34476,0.35151,17305332.0
2023-03-28 12:00:00+00:00,0.35151,0.36034,0.35018,0.35799,17031766.0
2023-03-28 16:00:00+00:00,0.35799,0.36408,0.35414,0.36239,9280937.0
2023-03-28 20:00:00+00:00,0.36239,0.37006,0.35887,0.36779,10162057.0
2023-03-29 00:00:00+00:00,0.36779,0.37806,0.36645,0.37697,7491033.0
2023-03-29 04:00:00+00:00,0.37697,0.3817,0.37494,0.38072,8017477.0
2023-03-29 08:00:00+00:00,0.38072,0.3898,0.38072,0.38895,11894616.0
2023-03-29 12:00:00+00:00,0.38895,0.38997,0.37799,0.38436,13242282.0
2023-03-29 16:00:00+00:00,0.38436,0.38798,0.3802,0.38589,7705442.0
2023-03-29 20:00:00+00:00,0.38589,0.38666,0.38004,0.38105,3201493.0
2023-03-30 00:00:00+00:00,0.38105,0.38743,0.37159,0.38012,12973414.0
2023-03-30 04:00:00+00:00,0.38012,0.38015,0.37486,0.37997,5960905.0
2023-03-30 08:00:00+00:00,0.37997,0.38198,0.37416,0.38194,6364252.0
2023-03-30 12:00:00+00:00,0.38194,0.38282,0.37453,0.37613,14333850.0
2023-03-30 16:00:00+00:00,0.37613,0.37724,0.36946,0.37646,10843588.0
2023-03-30 20:00:00+00:00,0.37646,0.37849,0.37435,0.37589,8994565.0
2023-03-31 00:00:00+00:00,0.37589,0.37978,0.37402,0.3779,4093019.0
2023-03-31 04:00:00+00:00,0.3779,0.38448,0.37499,0.38414,8033838.0
2023-03-31 08:00:00+00:00,0.38414,0.39771,0.38033,0.39326,16718066.0
2023-03-31 12:00:00+00:00,0.39326,0.408,0.39116,0.40609,28184726.0
2023-03-31 16:00:00+00:00,0.40609,0.40889,0.4001,0.40191,10298579.0
2023-03-31 20:00:00+00:00,0.40191,0.40487,0.39796,0.3984,8561745.0
2023-05-27 12:00:00+00:00,0.36316,0.3642,0.36028,0.36342,1767996.0
2023-05-27 16:00:00+00:00,0.36342,0.36471,0.36205,0.36449,804674.0
2023-05-27 20:00:00+00:00,0.36449,0.3671,0.3644,0.3663,1773072.0
2023-05-28 00:00:00+00:00,0.3663,0.37404,0.36577,0.37234,3746177.0
2023-05-28 04:00:00+00:00,0.37234,0.37384,0.37158,0.37327,1596494.0
2023-05-28 08:00:00+00:00,0.37327,0.37834,0.3665,0.37524,7534395.0
2023-05-28 12:00:00+00:00,0.37524,0.37913,0.37435,0.3757,4717555.0
2023-05-28 16:00:00+00:00,0.3757,0.37886,0.37494,0.3768,2142903.0
2023-05-28 20:00:00+00:00,0.3768,0.38449,0.37633,0.38239,4685785.0
2023-05-29 00:00:00+00:00,0.38239,0.38594,0.37953,0.37961,2833209.0
2023-05-29 04:00:00+00:00,0.37961,0.38107,0.37816,0.37887,1414852.0
2023-05-29 08:00:00+00:00,0.37887,0.3798,0.37756,0.37939,1632857.0
2023-05-29 12:00:00+00:00,0.37939,0.38074,0.37541,0.3775,10013386.0
2023-05-29 16:00:00+00:00,0.3775,0.38032,0.37558,0.37831,2301581.0
2023-05-29 20:00:00+00:00,0.37831,0.37955,0.37685,0.37859,2109525.0
2023-05-30 00:00:00+00:00,0.37859,0.38278,0.37762,0.38098,1636247.0
2023-05-30 04:00:00+00:00,0.38098,0.38156,0.37838,0.37928,2368991.0
2023-05-30 08:00:00+00:00,0.37928,0.38308,0.37876,0.38162,2241753.0
2023-05-30 12:00:00+00:00,0.38162,0.38164,0.37455,0.3764,5869910.0
2023-05-30 16:00:00+00:00,0.3764,0.37916,0.37533,0.37852,1535424.0
2023-05-30 20:00:00+00:00,0.37852,0.37883,0.37612,0.37753,1180756.0
2023-05-31 00:00:00+00:00,0.37753,0.38046,0.37571,0.37898,1939684.0
2023-05-31 04:00:00+00:00,0.37898,0.38018,0.37189,0.37532,4703352.0
2023-05-31 08:00:00+00:00,0.37532,0.37578,0.37244,0.37319,2308121.0
2023-05-31 12:00:00+00:00,0.37319,0.37532,0.37066,0.37182,2400199.0
2023-05-31 16:00:00+00:00,0.37182,0.37552,0.3701,0.37549,6337927.0
2023-05-31 20:00:00+00:00,0.37549,0.3769,0.37312,0.37419,1709777.0
2023-06-01 00:00:00+00:00,0.37419,0.37557,0.36266,0.36491,4753405.0
2023-06-01 04:00:00+00:00,0.36491,0.36524,0.36304,0.36324,2069231.0
2023-06-01 08:00:00+00:00,0.36324,0.36517,0.36066,0.36311,4316265.0
2023-06-01 12:00:00+00:00,0.36311,0.36484,0.362,0.36402,3357735.0
2023-06-01 16:00:00+00:00,0.36402,0.3667,0.36266,0.36534,4684633.0
2023-06-01 20:00:00+00:00,0.36534,0.36671,0.36298,0.36397,1729606.0
2023-06-02 00:00:00+00:00,0.36397,0.3744,0.3616,0.37176,5872872.0
2023-06-02 04:00:00+00:00,0.37176,0.37317,0.37036,0.37167,4442727.0
2023-06-02 08:00:00+00:00,0.37167,0.37761,0.37162,0.37503,4566787.0
2023-06-02 12:00:00+00:00,0.37503,0.3774,0.37232,0.37499,4938809.0
2023-06-02 16:00:00+00:00,0.37499,0.3791,0.37407,0.37828,2576908.0
2023-06-02 20:00:00+00:00,0.37828,0.37899,0.3766,0.37778,1427532.0
2023-06-03 00:00:00+00:00,0.37778,0.37786,0.37466,0.37643,1686056.0
2023-06-03 04:00:00+00:00,0.37643,0.37783,0.37586,0.37617,979625.0
2023-06-03 08:00:00+00:00,0.37617,0.37675,0.37504,0.37573,2462182.0
2023-06-03 12:00:00+00:00,0.37573,0.37717,0.37476,0.37709,1153912.0
2023-06-03 16:00:00+00:00,0.37709,0.37753,0.37263,0.37362,3110472.0
2023-06-03 20:00:00+00:00,0.37362,0.37583,0.37322,0.37575,883899.0
2023-06-04 00:00:00+00:00,0.37575,0.37943,0.37449,0.37847,2862415.0
2023-06-04 04:00:00+00:00,0.37847,0.38057,0.3783,0.3801,2429885.0
2023-06-04 08:00:00+00:00,0.3801,0.3816,0.37924,0.37962,2486465.0
2023-06-04 12:00:00+00:00,0.37962,0.38172,0.37924,0.37987,2830925.0
2023-06-04 16:00:00+00:00,0.37987,0.38167,0.37963,0.38041,1810121.0
2023-06-04 20:00:00+00:00,0.38041,0.38161,0.37675,0.37712,2300381.0
2023-06-05 00:00:00+00:00,0.37712,0.37874,0.37345,0.37385,3048581.0
2023-06-05 04:00:00+00:00,0.37385,0.3754,0.37289,0.37477,969191.0
2023-06-05 08:00:00+00:00,0.37477,0.37499,0.37237,0.3735,1297369.0
2023-06-05 12:00:00+00:00,0.3735,0.37351,0.35597,0.35602,9514064.0
2023-06-05 16:00:00+00:00,0.35602,0.35813,0.34648,0.3501,18709201.0
2023-06-05 20:00:00+00:00,0.3501,0.35225,0.34732,0.35089,2959907.0
2023-06-06 00:00:00+00:00,0.35089,0.35155,0.34684,0.35027,2017363.0
2023-06-06 04:00:00+00:00,0.35027,0.35262,0.34966,0.352,1369013.0
2023-06-06 08:00:00+00:00,0.352,0.35454,0.35127,0.35212,1592780.0
2023-06-06 12:00:00+00:00,0.35212,0.35263,0.33623,0.34923,14381804.0
2023-06-06 16:00:00+00:00,0.34923,0.35655,0.34913,0.35532,5011397.0
2023-06-06 20:00:00+00:00,0.35532,0.35619,0.35123,0.35273,1993451.0
2023-06-07 00:00:00+00:00,0.35273,0.35284,0.34361,0.34454,5877765.0
2023-06-07 04:00:00+00:00,0.34454,0.34672,0.34041,0.34075,3058105.0
2023-06-07 08:00:00+00:00,0.34075,0.34202,0.33387,0.33736,11613356.0
2023-06-07 12:00:00+00:00,0.33736,0.33834,0.32432,0.32503,15057689.0
2023-06-07 16:00:00+00:00,0.32503,0.32768,0.31723,0.32298,12358791.0
2023-06-07 20:00:00+00:00,0.32298,0.32367,0.3191,0.32198,5026065.0
2023-06-08 00:00:00+00:00,0.32198,0.32594,0.31993,0.32161,4610078.0
2023-06-08 04:00:00+00:00,0.32161,0.32847,0.32117,0.32741,3949661.0
2023-06-08 08:00:00+00:00,0.32741,0.32768,0.32505,0.32641,3400753.0
2023-06-08 12:00:00+00:00,0.32641,0.33057,0.32566,0.32836,6847145.0
2023-06-08 16:00:00+00:00,0.32836,0.32839,0.31975,0.323,7442429.0
2023-06-08 20:00:00+00:00,0.323,0.32549,0.32207,0.32253,1686112.0
2023-06-09 00:00:00+00:00,0.32253,0.32345,0.3172,0.32022,5029620.0
2023-06-09 04:00:00+00:00,0.32022,0.32029,0.31255,0.31362,7528002.0
2023-06-09 08:00:00+00:00,0.31362,0.31836,0.31264,0.31744,5137641.0
2023-06-09 12:00:00+00:00,0.31744,0.32376,0.31091,0.31093,15150677.0
2023-06-09 16:00:00+00:00,0.31093,0.31249,0.29779,0.29916,32515002.0
2023-06-09 20:00:00+00:00,0.29916,0.30277,0.28968,0.29475,35046493.0
2023-06-10 00:00:00+00:00,0.29475,0.29496,0.27342,0.2762,54693530.0
2023-06-10 04:00:00+00:00,0.2762,0.27653,0.21693,0.23992,142107013.0
2023-06-10 08:00:00+00:00,0.23992,0.25169,0.23552,0.24945,42963607.0
2023-06-10 12:00:00+00:00,0.24945,0.25746,0.24582,0.25405,35303097.0
2023-06-10 16:00:00+00:00,0.25405,0.26827,0.25163,0.26583,44030329.0
2023-06-10 20:00:00+00:00,0.26583,0.28041,0.2628,0.27461,26535789.0
2023-06-11 00:00:00+00:00,0.27461,0.27548,0.2623,0.26346,26269585.0
2023-06-11 04:00:00+00:00,0.26346,0.26749,0.25959,0.26195,16375709.0
2023-06-11 08:00:00+00:00,0.26195,0.27419,0.25876,0.26883,33500124.0
2023-06-11 12:00:00+00:00,0.26883,0.27098,0.26361,0.26393,18018898.0
2023-06-11 16:00:00+00:00,0.26393,0.27662,0.26384,0.27409,29064325.0
2023-06-11 20:00:00+00:00,0.27409,0.2796,0.27053,0.27191,17162462.0
2023-06-12 00:00:00+00:00,0.27191,0.27526,0.26481,0.26786,17764562.0
2023-06-12 04:00:00+00:00,0.26786,0.28185,0.26744,0.27803,30633253.0
2023-06-12 08:00:00+00:00,0.27803,0.28638,0.27698,0.28223,35641389.0
2023-06-12 12:00:00+00:00,0.28223,0.28317,0.27661,0.27723,16860518.0
2023-06-12 16:00:00+00:00,0.27723,0.27858,0.27252,0.27464,14610459.0
2023-06-12 20:00:00+00:00,0.27464,0.27827,0.2735,0.27476,8778797.0
2023-06-13 00:00:00+00:00,0.27476,0.27989,0.27304,0.27774,11070655.0
2023-06-13 04:00:00+00:00,0.27774,0.28082,0.27481,0.27933,10322383.0
2023-06-13 08:00:00+00:00,0.27933,0.28575,0.27933,0.28554,12323187.0
2023-06-13 12:00:00+00:00,0.28554,0.28944,0.26825,0.26989,36678387.0
2023-06-13 16:00:00+00:00,0.26989,0.27587,0.26931,0.27493,10153576.0
2023-06-13 20:00:00+00:00,0.27493,0.27652,0.27257,0.27493,4904697.0
2023-06-14 00:00:00+00:00,0.27493,0.27707,0.2735,0.27566,8354686.0
2023-06-14 04:00:00+00:00,0.27566,0.27626,0.26952,0.27054,7190094.0
2023-06-14 08:00:00+00:00,0.27054,0.27579,0.27014,0.27485,8972817.0
2023-06-14 12:00:00+00:00,0.27485,0.277,0.27232,0.27332,8884980.0
2023-06-14 16:00:00+00:00,0.27332,0.2749,0.26878,0.27014,10172878.0
2023-06-14 20:00:00+00:00,0.27014,0.27085,0.25604,0.26311,25921077.0
2023-06-15 00:00:00+00:00,0.26311,0.26568,0.2594,0.26199,8999105.0
2023-06-15 04:00:00+00:00,0.26199,0.26319,0.25356,0.25599,11733844.0
2023-06-15 08:00:00+00:00,0.25599,0.2594,0.25318,0.25876,9297654.0
2023-06-15 12:00:00+00:00,0.25876,0.26173,0.25737,0.25772,13560011.0
2023-06-15 16:00:00+00:00,0.25772,0.26252,0.25217,0.26158,12447559.0
2023-06-15 20:00:00+00:00,0.26158,0.26553,0.2586,0.26183,8244731.0
2023-06-16 00:00:00+00:00,0.26183,0.26414,0.25959,0.2632,7403119.0
2023-06-16 04:00:00+00:00,0.2632,0.26453,0.26189,0.26273,3833600.0
2023-06-16 08:00:00+00:00,0.26273,0.26372,0.25558,0.25713,9352894.0
2023-06-16 12:00:00+00:00,0.25713,0.26009,0.25318,0.25954,13576814.0
2023-06-16 16:00:00+00:00,0.25954,0.26726,0.25831,0.26361,18733836.0
2023-06-16 20:00:00+00:00,0.26361,0.26431,0.26135,0.26294,4641079.0
2023-06-17 00:00:00+00:00,0.26294,0.26312,0.26034,0.2622,6083803.0
2023-06-17 04:00:00+00:00,0.2622,0.2734,0.26162,0.26958,16092127.0
2023-06-17 08:00:00+00:00,0.26958,0.27196,0.26712,0.26765,5579820.0
2023-06-17 12:00:00+00:00,0.26765,0.26849,0.26434,0.26555,7956950.0
2023-06-17 16:00:00+00:00,0.26555,0.26929,0.26464,0.26705,4587197.0
2023-06-17 20:00:00+00:00,0.26705,0.26819,0.26566,0.26645,2163618.0
2023-06-18 00:00:00+00:00,0.26645,0.26837,0.26299,0.26703,4375306.0
2023-06-18 04:00:00+00:00,0.26703,0.26878,0.26459,0.26639,2572704.0
2023-06-18 08:00:00+00:00,0.26639,0.26769,0.26512,0.26624,2401920.0
2023-06-18 12:00:00+00:00,0.26624,0.26729,0.26536,0.2671,2154685.0
2023-06-18 16:00:00+00:00,0.2671,0.26876,0.26655,0.26761,3597204.0
2023-06-18 20:00:00+00:00,0.26761,0.26789,0.2584,0.26063,13024710.0
2023-06-19 00:00:00+00:00,0.26063,0.26179,0.25666,0.26037,3831769.0
2023-06-19 04:00:00+00:00,0.26037,0.26219,0.25984,0.25988,3526233.0
2023-06-19 08:00:00+00:00,0.25988,0.26039,0.2577,0.26035,4166151.0
2023-06-19 12:00:00+00:00,0.26035,0.26159,0.2573,0.25874,6141207.0
2023-06-19 16:00:00+00:00,0.25874,0.26349,0.25676,0.26103,8792693.0
2023-06-19 20:00:00+00:00,0.26103,0.2633,0.26001,0.26308,3672286.0
2023-06-20 00:00:00+00:00,0.26308,0.26466,0.25916,0.25937,5273013.0
2023-06-20 04:00:00+00:00,0.25937,0.26032,0.25791,0.25899,2732403.0
2023-06-20 08:00:00+00:00,0.25899,0.2599,0.25708,0.25989,3124118.0
2023-06-20 12:00:00+00:00,0.25989,0.26015,0.25194,0.25675,12332622.0
2023-06-20 16:00:00+00:00,0.25675,0.26685,0.25615,0.26612,9959324.0
2023-06-20 20:00:00+00:00,0.26612,0.27033,0.26517,0.27024,5132580.0
2023-06-21 00:00:00+00:00,0.27024,0.28266,0.26847,0.28064,15357529.0
2023-06-21 04:00:00+00:00,0.28064,0.28178,0.27689,0.27782,6557362.0
2023-06-21 08:00:00+00:00,0.27782,0.2801,0.27565,0.27854,5911548.0
2023-06-21 12:00:00+00:00,0.27854,0.28279,0.27538,0.2818,11286096.0
2023-06-21 16:00:00+00:00,0.2818,0.28794,0.28068,0.28585,11886599.0
2023-06-21 20:00:00+00:00,0.28585,0.28869,0.28265,0.28593,5531543.0
2023-06-22 00:00:00+00:00,0.28593,0.30099,0.28538,0.29761,12487346.0
2023-06-22 04:00:00+00:00,0.29761,0.30391,0.29301,0.30185,10041289.0
2023-06-22 08:00:00+00:00,0.30185,0.30459,0.2895,0.29245,18342528.0
2023-06-22 12:00:00+00:00,0.29245,0.29719,0.28648,0.29022,13478479.0
2023-06-22 16:00:00+00:00,0.29022,0.29322,0.28901,0.29297,4016267.0
2023-06-22 20:00:00+00:00,0.29297,0.29432,0.28828,0.28964,7516919.0
2023-06-23 00:00:00+00:00,0.28964,0.2935,0.28917,0.29235,3072112.0
2023-06-23 04:00:00+00:00,0.29235,0.29368,0.29038,0.29333,2254663.0
2023-06-23 08:00:00+00:00,0.29333,0.29589,0.29177,0.29242,3673702.0
2023-06-23 12:00:00+00:00,0.29242,0.29937,0.28612,0.29937,15779013.0
2023-06-23 16:00:00+00:00,0.29937,0.30258,0.29461,0.29777,16420176.0
2023-06-23 20:00:00+00:00,0.29777,0.30007,0.29271,0.29637,4442917.0
2023-06-24 00:00:00+00:00,0.29637,0.29637,0.29165,0.29493,6625947.0
2023-06-24 04:00:00+00:00,0.29493,0.29697,0.29266,0.29309,4811323.0
2023-06-24 08:00:00+00:00,0.29309,0.29607,0.29232,0.29486,3395656.0
2023-06-24 12:00:00+00:00,0.29486,0.29623,0.2842,0.28665,10532997.0
2023-06-24 16:00:00+00:00,0.28665,0.29377,0.2839,0.29125,7264917.0
2023-06-24 20:00:00+00:00,0.29125,0.29125,0.28701,0.28906,2894470.0
2023-06-25 00:00:00+00:00,0.28906,0.29737,0.28804,0.29656,4921740.0
2023-06-25 04:00:00+00:00,0.29656,0.29778,0.29383,0.29713,4775828.0
2023-06-25 08:00:00+00:00,0.29713,0.30474,0.29561,0.29771,11383182.0
2023-06-25 12:00:00+00:00,0.29771,0.29818,0.2911,0.29318,7988455.0
2023-06-25 16:00:00+00:00,0.29318,0.29445,0.29092,0.29284,3657781.0
2023-06-25 20:00:00+00:00,0.29284,0.29398,0.29028,0.29167,2322683.0
2023-06-26 00:00:00+00:00,0.29167,0.29188,0.28509,0.2874,7878263.0
2023-06-26 04:00:00+00:00,0.2874,0.29098,0.28558,0.28992,3598068.0
2023-06-26 08:00:00+00:00,0.28992,0.29076,0.28562,0.28874,3908689.0
2023-06-26 12:00:00+00:00,0.28874,0.29184,0.28653,0.28923,5831683.0
2023-06-26 16:00:00+00:00,0.28923,0.28923,0.27456,0.28135,15586788.0
2023-06-26 20:00:00+00:00,0.28135,0.28165,0.27676,0.28018,4088879.0
2023-06-27 00:00:00+00:00,0.28018,0.28284,0.27853,0.28164,4611766.0
2023-06-27 04:00:00+00:00,0.28164,0.28308,0.27817,0.28261,5938149.0
2023-06-27 08:00:00+00:00,0.28261,0.28428,0.2802,0.28403,5112115.0
2023-06-27 12:00:00+00:00,0.28403,0.28578,0.27922,0.27964,8255532.0
2023-06-27 16:00:00+00:00,0.27964,0.28548,0.27876,0.28476,8024420.0
2023-06-27 20:00:00+00:00,0.28476,0.28946,0.28408,0.28633,8935805.0
2023-06-28 00:00:00+00:00,0.28633,0.28663,0.27755,0.28008,8034599.0
2023-06-28 04:00:00+00:00,0.28008,0.28008,0.27135,0.27504,10210981.0
2023-06-28 08:00:00+00:00,0.27504,0.27627,0.27296,0.27385,6657066.0
2023-06-28 12:00:00+00:00,0.27385,0.27607,0.27088,0.27458,17738519.0
2023-06-28 16:00:00+00:00,0.27458,0.27561,0.25888,0.26708,17563632.0
2023-06-28 20:00:00+00:00,0.26708,0.27009,0.26584,0.26653,4807093.0
2023-06-29 00:00:00+00:00,0.26653,0.27111,0.26616,0.26974,6658087.0
2023-06-29 04:00:00+00:00,0.26974,0.27376,0.269,0.27263,3896691.0
2023-06-29 08:00:00+00:00,0.27263,0.27788,0.27203,0.27713,12059958.0
2023-06-29 12:00:00+00:00,0.27713,0.27778,0.27227,0.27397,8076428.0
2023-06-29 16:00:00+00:00,0.27397,0.27537,0.27238,0.27487,2472094.0
2023-08-25 08:00:00+00:00,0.26168,0.26355,0.26147,0.26264,4824888.0
2023-08-25 12:00:00+00:00,0.26264,0.26542,0.25895,0.26006,8783572.0
2023-08-25 16:00:00+00:00,0.26006,0.26191,0.25882,0.25963,2220713.0
2023-08-25 20:00:00+00:00,0.25963,0.26109,0.2591,0.26085,1585398.0
2023-08-26 00:00:00+00:00,0.26085,0.26088,0.25887,0.26001,1887908.0
2023-08-26 04:00:00+00:00,0.26001,0.26032,0.25888,0.26005,1319567.0
2023-08-26 08:00:00+00:00,0.26005,0.26006,0.25764,0.25888,3208352.0
2023-08-26 12:00:00+00:00,0.25888,0.26069,0.25807,0.26021,1967146.0
2023-08-26 16:00:00+00:00,0.26021,0.26119,0.25982,0.26065,1606152.0
2023-08-26 20:00:00+00:00,0.26065,0.26154,0.26022,0.26067,3729164.0
2023-08-27 00:00:00+00:00,0.26067,0.26118,0.25977,0.26062,1263893.0
2023-08-27 04:00:00+00:00,0.26062,0.26328,0.2605,0.26283,1904356.0
2023-08-27 08:00:00+00:00,0.26283,0.26398,0.26262,0.26293,2535767.0
2023-08-27 12:00:00+00:00,0.26293,0.26508,0.26238,0.26343,2392955.0
2023-08-27 16:00:00+00:00,0.26343,0.26397,0.26175,0.26214,1714677.0
2023-08-27 20:00:00+00:00,0.26214,0.26346,0.26112,0.26317,2204953.0
2023-08-28 00:00:00+00:00,0.26317,0.26327,0.2602,0.26065,2268505.0
2023-08-28 04:00:00+00:00,0.26065,0.26068,0.25804,0.25966,3365372.0
2023-08-28 08:00:00+00:00,0.25966,0.26032,0.25733,0.26024,2623400.0
2023-08-28 12:00:00+00:00,0.26024,0.26678,0.26007,0.2653,4586758.0
2023-08-28 16:00:00+00:00,0.2653,0.26695,0.26316,0.26477,6295006.0
2023-08-28 20:00:00+00:00,0.26477,0.26771,0.26415,0.2673,4263749.0
2023-08-29 00:00:00+00:00,0.2673,0.26822,0.265,0.2652,4600500.0
2023-08-29 04:00:00+00:00,0.2652,0.26523,0.26251,0.26256,2787282.0
2023-08-29 08:00:00+00:00,0.26256,0.26298,0.26001,0.26069,3886393.0
2023-08-29 12:00:00+00:00,0.26069,0.27966,0.26001,0.27352,16819669.0
2023-08-29 16:00:00+00:00,0.27352,0.27869,0.27352,0.27537,6240532.0
2023-08-29 20:00:00+00:00,0.27537,0.27689,0.27127,0.27238,4309279.0
2023-08-30 00:00:00+00:00,0.27238,0.27269,0.2654,0.26688,6201497.0
2023-08-30 04:00:00+00:00,0.26688,0.26688,0.26428,0.26564,3224142.0
2023-08-30 08:00:00+00:00,0.26564,0.26629,0.26358,0.26419,6864307.0
2023-08-30 12:00:00+00:00,0.26419,0.26517,0.26025,0.26257,12175764.0
2023-08-30 16:00:00+00:00,0.26257,0.26447,0.26165,0.26371,5514932.0
2023-08-30 20:00:00+00:00,0.26371,0.26623,0.26369,0.2651,3991878.0
2023-08-31 00:00:00+00:00,0.2651,0.26567,0.26344,0.26441,5037848.0
2023-08-31 04:00:00+00:00,0.26441,0.26538,0.26419,0.26504,3399757.0
2023-08-31 08:00:00+00:00,0.26504,0.26639,0.26369,0.26489,2256108.0
2023-08-31 12:00:00+00:00,0.26489,0.26495,0.2565,0.25888,8046900.0
2023-08-31 16:00:00+00:00,0.25888,0.25929,0.24915,0.25427,9043860.0
2023-08-31 20:00:00+00:00,0.25427,0.25534,0.25082,0.25513,5967954.0
2023-09-01 00:00:00+00:00,0.25513,0.25789,0.25476,0.25614,4147576.0
2023-09-01 04:00:00+00:00,0.25614,0.25736,0.25563,0.25589,2441585.0
2023-09-01 08:00:00+00:00,0.25589,0.25829,0.25553,0.25783,1856555.0
2023-09-01 12:00:00+00:00,0.25783,0.25849,0.25424,0.25526,4960506.0
2023-09-01 16:00:00+00:00,0.25526,0.25649,0.25131,0.25362,6813624.0
2023-09-01 20:00:00+00:00,0.25362,0.25689,0.25357,0.25486,1266433.0
2023-09-02 00:00:00+00:00,0.25486,0.25642,0.25407,0.25628,2297508.0
2023-09-02 04:00:00+00:00,0.25628,0.25643,0.25485,0.25524,1050287.0
2023-09-02 08:00:00+00:00,0.25524,0.25569,0.25419,0.25457,992194.0
2023-09-02 12:00:00+00:00,0.25457,0.25709,0.25457,0.25598,1944725.0
2023-09-02 16:00:00+00:00,0.25598,0.25651,0.25331,0.25517,2782537.0
2023-09-02 20:00:00+00:00,0.25517,0.25615,0.25451,0.25583,2371053.0
2023-09-03 00:00:00+00:00,0.25583,0.25623,0.25461,0.25527,3414054.0
2023-09-03 04:00:00+00:00,0.25527,0.25658,0.25434,0.25538,4036154.0
2023-09-03 08:00:00+00:00,0.25538,0.25538,0.25396,0.25454,3388635.0
2023-09-03 12:00:00+00:00,0.25454,0.25558,0.25311,0.25373,2417916.0
2023-09-03 16:00:00+00:00,0.25373,0.25585,0.25285,0.25523,3675724.0
2023-09-03 20:00:00+00:00,0.25523,0.25603,0.25411,0.25559,1475398.0
2023-09-04 00:00:00+00:00,0.25559,0.25979,0.25534,0.25746,9257182.0
2023-09-04 04:00:00+00:00,0.25746,0.25813,0.25581,0.25677,5906055.0
2023-09-04 08:00:00+00:00,0.25677,0.2577,0.25507,0.25518,2834542.0
2023-09-04 12:00:00+00:00,0.25518,0.25717,0.25369,0.2557,4817548.0
2023-09-04 16:00:00+00:00,0.2557,0.25742,0.25485,0.25569,1806952.0
2023-09-04 20:00:00+00:00,0.25569,0.25624,0.25313,0.25598,2689108.0
2023-09-05 00:00:00+00:00,0.25598,0.25603,0.2535,0.25529,1500106.0
2023-09-05 04:00:00+00:00,0.25529,0.25764,0.25529,0.25679,4084845.0
2023-09-05 08:00:00+00:00,0.25679,0.25734,0.25542,0.25686,2741878.0
2023-09-05 12:00:00+00:00,0.25686,0.25872,0.25496,0.25747,4773524.0
2023-09-05 16:00:00+00:00,0.25747,0.2584,0.25588,0.2565,1974370.0
2023-09-05 20:00:00+00:00,0.2565,0.25773,0.25594,0.25769,555540.0
2023-09-06 00:00:00+00:00,0.25769,0.25923,0.25721,0.25845,3157841.0
2023-09-06 04:00:00+00:00,0.25845,0.2585,0.25525,0.25559,2457347.0
2023-09-06 08:00:00+00:00,0.25559,0.25665,0.25522,0.25567,1787147.0
2023-09-06 12:00:00+00:00,0.25567,0.25686,0.25383,0.25498,3907159.0
2023-09-06 16:00:00+00:00,0.25498,0.26085,0.25206,0.25661,5781880.0
2023-09-06 20:00:00+00:00,0.25661,0.25807,0.25622,0.25754,1794803.0
2023-09-07 00:00:00+00:00,0.25754,0.25818,0.25607,0.25722,3541421.0
2023-09-07 04:00:00+00:00,0.25722,0.25757,0.25621,0.2564,1108247.0
2023-09-07 08:00:00+00:00,0.2564,0.25641,0.25372,0.25385,2183170.0
2023-09-07 12:00:00+00:00,0.25385,0.25507,0.2529,0.25487,4064268.0
2023-09-07 16:00:00+00:00,0.25487,0.2559,0.2536,0.25577,2475566.0
2023-09-07 20:00:00+00:00,0.25577,0.25948,0.2556,0.25767,5017522.0
2023-09-08 00:00:00+00:00,0.25767,0.25958,0.25612,0.25712,2423558.0
2023-09-08 04:00:00+00:00,0.25712,0.2583,0.2566,0.25794,1345334.0
2023-09-08 08:00:00+00:00,0.25794,0.25797,0.25235,0.25358,5206085.0
2023-09-08 12:00:00+00:00,0.25358,0.25498,0.25317,0.25386,1917828.0
2023-09-08 16:00:00+00:00,0.25386,0.25414,0.25262,0.25322,2040119.0
2023-09-08 20:00:00+00:00,0.25322,0.25458,0.25244,0.25413,1760685.0
2023-09-09 00:00:00+00:00,0.25413,0.25538,0.25361,0.25453,1572467.0
2023-09-09 04:00:00+00:00,0.25453,0.25547,0.25405,0.25535,1069472.0
2023-09-09 08:00:00+00:00,0.25535,0.25568,0.25431,0.25464,1198916.0
2023-09-09 12:00:00+00:00,0.25464,0.2547,0.25341,0.25406,1547461.0
2023-09-09 16:00:00+00:00,0.25406,0.25447,0.253,0.25333,1284101.0
2023-09-09 20:00:00+00:00,0.25333,0.25358,0.2529,0.25303,1106327.0
2023-09-10 00:00:00+00:00,0.25303,0.25303,0.24972,0.25047,3173103.0
2023-09-10 04:00:00+00:00,0.25047,0.25063,0.24189,0.24918,7750124.0
2023-09-10 08:00:00+00:00,0.24918,0.25066,0.24853,0.24995,2772838.0
2023-09-10 12:00:00+00:00,0.24995,0.25062,0.24588,0.2476,5123966.0
2023-09-10 16:00:00+00:00,0.2476,0.2488,0.24387,0.24789,8899648.0
2023-09-10 20:00:00+00:00,0.24789,0.24989,0.2475,0.24877,3947775.0
2023-09-11 00:00:00+00:00,0.24877,0.2494,0.24605,0.24767,4744769.0
2023-09-11 04:00:00+00:00,0.24767,0.2484,0.24586,0.2463,4630368.0
2023-09-11 08:00:00+00:00,0.2463,0.24632,0.23807,0.24292,9898031.0
2023-09-11 12:00:00+00:00,0.24292,0.24555,0.24122,0.24233,9341375.0
2023-09-11 16:00:00+00:00,0.24233,0.24299,0.2365,0.23762,6150519.0
2023-09-11 20:00:00+00:00,0.23762,0.24191,0.23721,0.24174,4041720.0
2023-09-12 00:00:00+00:00,0.24174,0.2495,0.2405,0.24669,8347827.0
2023-09-12 04:00:00+00:00,0.24669,0.24749,0.24433,0.24554,1828365.0
2023-09-12 08:00:00+00:00,0.24554,0.25239,0.24482,0.24839,3189383.0
2023-09-12 12:00:00+00:00,0.24839,0.25018,0.24747,0.24853,11705524.0
2023-09-12 16:00:00+00:00,0.24853,0.25092,0.24535,0.24699,3207676.0
2023-09-12 20:00:00+00:00,0.24699,0.24767,0.24491,0.24537,1277464.0
2023-09-13 00:00:00+00:00,0.24537,0.24688,0.24321,0.24395,1626820.0
2023-09-13 04:00:00+00:00,0.24395,0.24919,0.24347,0.24504,1921374.0
2023-09-13 08:00:00+00:00,0.24504,0.24849,0.24481,0.24809,2769763.0
2023-09-13 12:00:00+00:00,0.24809,0.24982,0.24684,0.2484,3087072.0
2023-09-13 16:00:00+00:00,0.2484,0.24952,0.24695,0.24749,3757809.0
2023-09-13 20:00:00+00:00,0.24749,0.24939,0.24749,0.24844,2149828.0
2023-09-14 00:00:00+00:00,0.24844,0.25169,0.2461,0.24812,4220692.0
2023-09-14 04:00:00+00:00,0.24812,0.24824,0.24626,0.2473,1987257.0
2023-09-14 08:00:00+00:00,0.2473,0.24903,0.24678,0.24885,1204221.0
2023-09-14 12:00:00+00:00,0.24885,0.25179,0.24781,0.25039,2613062.0
2023-09-14 16:00:00+00:00,0.25039,0.25236,0.24963,0.25165,1842351.0
2023-09-14 20:00:00+00:00,0.25165,0.25221,0.24984,0.25101,1636259.0
2023-09-15 00:00:00+00:00,0.25101,0.25499,0.25047,0.25402,3409783.0
2023-09-15 04:00:00+00:00,0.25402,0.25461,0.25088,0.25088,8960043.0
2023-09-15 08:00:00+00:00,0.25088,0.25171,0.24875,0.24881,4321904.0
2023-09-15 12:00:00+00:00,0.24881,0.24963,0.24646,0.24798,2886379.0
2023-09-15 16:00:00+00:00,0.24798,0.24814,0.24511,0.24736,3531432.0
2023-09-15 20:00:00+00:00,0.24736,0.25199,0.24691,0.25027,2519264.0
2023-09-16 00:00:00+00:00,0.25027,0.2536,0.24946,0.25121,2132850.0
2023-09-16 04:00:00+00:00,0.25121,0.25273,0.24993,0.25044,2262669.0
2023-09-16 08:00:00+00:00,0.25044,0.25108,0.2496,0.25095,2034962.0
2023-09-16 12:00:00+00:00,0.25095,0.25137,0.24864,0.24945,2486085.0
2023-09-16 16:00:00+00:00,0.24945,0.25008,0.24801,0.24819,766637.0
2023-09-16 20:00:00+00:00,0.24819,0.25015,0.24812,0.25001,620689.0
2023-09-17 00:00:00+00:00,0.25001,0.25004,0.24668,0.2491,2833988.0
2023-09-17 04:00:00+00:00,0.2491,0.2492,0.24793,0.24806,466814.0
2023-09-17 08:00:00+00:00,0.24806,0.2503,0.248,0.24988,1704406.0
2023-09-17 12:00:00+00:00,0.24988,0.251,0.24948,0.24966,1738659.0
2023-09-17 16:00:00+00:00,0.24966,0.24968,0.24623,0.24754,2973513.0
2023-09-17 20:00:00+00:00,0.24754,0.24754,0.2441,0.24678,2623293.0
2023-09-18 00:00:00+00:00,0.24678,0.249,0.2439,0.249,2584327.0
2023-09-18 04:00:00+00:00,0.249,0.24975,0.2477,0.24795,1608209.0
2023-09-18 08:00:00+00:00,0.24795,0.25431,0.24771,0.25372,5632911.0
2023-09-18 12:00:00+00:00,0.25372,0.25526,0.2528,0.25398,3340389.0
2023-09-18 16:00:00+00:00,0.25398,0.25569,0.25035,0.25195,6212111.0
2023-09-18 20:00:00+00:00,0.25195,0.25291,0.25107,0.25141,1280877.0
2023-09-19 00:00:00+00:00,0.25141,0.25493,0.2506,0.25424,1970903.0
2023-09-19 04:00:00+00:00,0.25424,0.25489,0.25171,0.25224,1657478.0
2023-09-19 08:00:00+00:00,0.25224,0.25753,0.25213,0.25586,4073590.0
2023-09-19 12:00:00+00:00,0.25586,0.25705,0.25364,0.25677,2524957.0
2023-09-19 16:00:00+00:00,0.25677,0.25719,0.25444,0.25567,1449030.0
2023-09-19 20:00:00+00:00,0.25567,0.25589,0.25421,0.25452,893694.0
2023-09-20 00:00:00+00:00,0.25452,0.25566,0.25242,0.25332,1440017.0
2023-09-20 04:00:00+00:00,0.25332,0.25439,0.25203,0.25282,1400668.0
2023-09-20 08:00:00+00:00,0.25282,0.25374,0.25029,0.25241,5049342.0
2023-09-20 12:00:00+00:00,0.25241,0.25526,0.25107,0.25496,3542047.0
2023-09-20 16:00:00+00:00,0.25496,0.25638,0.24979,0.25118,5235944.0
2023-09-20 20:00:00+00:00,0.25118,0.25238,0.25033,0.25136,2979084.0
2023-09-21 00:00:00+00:00,0.25136,0.25279,0.2495,0.25099,1768655.0
2023-09-21 04:00:00+00:00,0.25099,0.25108,0.24856,0.24955,4393982.0
2023-09-21 08:00:00+00:00,0.24955,0.24989,0.24607,0.24782,2686371.0
2023-09-21 12:00:00+00:00,0.24782,0.2487,0.24548,0.24827,6461496.0
2023-09-21 16:00:00+00:00,0.24827,0.24845,0.24677,0.24687,3863052.0
2023-09-21 20:00:00+00:00,0.24687,0.24697,0.24466,0.24489,5637195.0
2023-09-22 00:00:00+00:00,0.24489,0.2462,0.24307,0.24593,3553902.0
2023-09-22 04:00:00+00:00,0.24593,0.24627,0.2445,0.24554,1683776.0
2023-09-22 08:00:00+00:00,0.24554,0.24599,0.2443,0.2448,2336420.0
2023-09-22 12:00:00+00:00,0.2448,0.24549,0.2436,0.2442,4003486.0
2023-09-22 16:00:00+00:00,0.2442,0.24449,0.2425,0.24342,2719791.0
2023-09-22 20:00:00+00:00,0.24342,0.2451,0.243,0.24475,4852849.0
2023-09-23 00:00:00+00:00,0.24475,0.24579,0.24342,0.24431,1686881.0
2023-09-23 04:00:00+00:00,0.24431,0.24575,0.24379,0.24518,2607879.0
2023-09-23 08:00:00+00:00,0.24518,0.24659,0.24496,0.24645,1131308.0
2023-09-23 12:00:00+00:00,0.24645,0.24649,0.2442,0.24509,1303107.0
2023-09-23 16:00:00+00:00,0.24509,0.24637,0.24426,0.24627,1636207.0
2023-09-23 20:00:00+00:00,0.24627,0.24658,0.245,0.24584,1565813.0
2023-09-24 00:00:00+00:00,0.24584,0.24589,0.24469,0.24487,769504.0
2023-09-24 04:00:00+00:00,0.24487,0.24529,0.24421,0.24528,512147.0
2023-09-24 08:00:00+00:00,0.24528,0.24599,0.24472,0.24541,1913360.0
2023-09-24 12:00:00+00:00,0.24541,0.2459,0.24446,0.24504,1383517.0
2023-09-24 16:00:00+00:00,0.24504,0.24598,0.24374,0.24416,2367710.0
2023-09-24 20:00:00+00:00,0.24416,0.24518,0.24146,0.24259,2451682.0
2023-09-25 00:00:00+00:00,0.24259,0.24519,0.24016,0.24366,2376339.0
2023-09-25 04:00:00+00:00,0.24366,0.24522,0.24325,0.24494,2350854.0
2023-09-25 08:00:00+00:00,0.24494,0.24522,0.24285,0.24302,1335027.0
2023-09-25 12:00:00+00:00,0.24302,0.24528,0.2428,0.24476,1599919.0
2023-09-25 16:00:00+00:00,0.24476,0.24591,0.24431,0.24469,1334627.0
2023-09-25 20:00:00+00:00,0.24469,0.24579,0.2438,0.24562,2603900.0
2023-09-26 00:00:00+00:00,0.24562,0.24755,0.24519,0.24619,2102613.0
2023-09-26 04:00:00+00:00,0.24619,0.24629,0.2451,0.24592,2264225.0
2023-09-26 08:00:00+00:00,0.24592,0.24657,0.24512,0.24553,2336320.0
2023-09-26 12:00:00+00:00,0.24553,0.2459,0.24441,0.24473,1541939.0
2023-09-26 16:00:00+00:00,0.24473,0.24578,0.24389,0.24445,2025958.0
2023-09-26 20:00:00+00:00,0.24445,0.24551,0.24304,0.24514,1320573.0
2023-09-27 00:00:00+00:00,0.24514,0.24592,0.24422,0.24557,1024271.0
2023-09-27 04:00:00+00:00,0.24557,0.24577,0.24428,0.24456,1680837.0
2023-09-27 08:00:00+00:00,0.24456,0.24812,0.24416,0.24737,4333941.0
2023-09-27 12:00:00+00:00,0.24737,0.24794,0.24244,0.24386,4830412.0
2023-11-23 04:00:00+00:00,0.37991,0.38344,0.37931,0.38129,1003988.0
2023-11-23 08:00:00+00:00,0.38129,0.38723,0.38073,0.38293,3155921.0
2023-11-23 12:00:00+00:00,0.38293,0.38571,0.37588,0.37784,2058074.0
2023-11-23 16:00:00+00:00,0.37784,0.3843,0.37768,0.3798,1324848.0
2023-11-23 20:00:00+00:00,0.3798,0.38719,0.37947,0.38703,2500149.0
2023-11-24 00:00:00+00:00,0.38703,0.39763,0.38562,0.39469,6076814.0
2023-11-24 04:00:00+00:00,0.39469,0.39636,0.38996,0.392,3541089.0
2023-11-24 08:00:00+00:00,0.392,0.3926,0.38668,0.39037,5152412.0
2023-11-24 12:00:00+00:00,0.39037,0.39286,0.3866,0.39199,5484364.0
2023-11-24 16:00:00+00:00,0.39199,0.39413,0.38508,0.38598,3639788.0
2023-11-24 20:00:00+00:00,0.38598,0.38854,0.38346,0.38596,1796117.0
2023-11-25 00:00:00+00:00,0.38596,0.39176,0.38419,0.39048,2198419.0
2023-11-25 04:00:00+00:00,0.39048,0.3931,0.38845,0.39289,1668870.0
2023-11-25 08:00:00+00:00,0.39289,0.3932,0.38692,0.38825,2508637.0
2023-11-25 12:00:00+00:00,0.38825,0.39578,0.38799,0.39311,6809552.0
2023-11-25 16:00:00+00:00,0.39311,0.39512,0.39139,0.39459,1973140.0
2023-11-25 20:00:00+00:00,0.39459,0.39568,0.39269,0.39405,1307976.0
2023-11-26 00:00:00+00:00,0.39405,0.39561,0.39007,0.39081,1624187.0
2023-11-26 04:00:00+00:00,0.39081,0.39508,0.39049,0.39508,2132466.0
2023-11-26 08:00:00+00:00,0.39508,0.39508,0.3906,0.39098,4797121.0
2023-11-26 12:00:00+00:00,0.39098,0.39272,0.38529,0.38611,4313501.0
2023-11-26 16:00:00+00:00,0.38611,0.38678,0.37812,0.38442,5620853.0
2023-11-26 20:00:00+00:00,0.38442,0.39214,0.38346,0.38717,2778024.0
2023-11-27 00:00:00+00:00,0.38717,0.3919,0.3808,0.38372,8414357.0
2023-11-27 04:00:00+00:00,0.38372,0.38678,0.37959,0.38299,2972357.0
2023-11-27 08:00:00+00:00,0.38299,0.38593,0.37809,0.38023,8660008.0
2023-11-27 12:00:00+00:00,0.38023,0.38133,0.37389,0.37456,4282213.0
2023-11-27 16:00:00+00:00,0.37456,0.3802,0.37177,0.37383,2242317.0
2023-11-27 20:00:00+00:00,0.37383,0.37822,0.37101,0.3778,3025888.0
2023-11-28 00:00:00+00:00,0.3778,0.38023,0.37563,0.37592,7182341.0
2023-11-28 04:00:00+00:00,0.37592,0.37753,0.37,0.37361,3048058.0
2023-11-28 08:00:00+00:00,0.37361,0.37833,0.3694,0.37756,3251156.0
2023-11-28 12:00:00+00:00,0.37756,0.38221,0.37489,0.38079,2574953.0
2023-11-28 16:00:00+00:00,0.38079,0.38818,0.38063,0.38701,4088662.0
2023-11-28 20:00:00+00:00,0.38701,0.38777,0.38269,0.38566,4284952.0
2023-11-29 00:00:00+00:00,0.38566,0.3873,0.38357,0.38468,2000016.0
2023-11-29 04:00:00+00:00,0.38468,0.38681,0.38342,0.38505,1239322.0
2023-11-29 08:00:00+00:00,0.38505,0.38902,0.38104,0.38415,4278928.0
2023-11-29 12:00:00+00:00,0.38415,0.38613,0.37739,0.37952,2920054.0
2023-11-29 16:00:00+00:00,0.37952,0.38743,0.37894,0.38559,6540223.0
2023-11-29 20:00:00+00:00,0.38559,0.38583,0.38069,0.38158,2344296.0
2023-11-30 00:00:00+00:00,0.38158,0.38282,0.37836,0.3817,1161938.0
2023-11-30 04:00:00+00:00,0.3817,0.38253,0.37638,0.37679,3329484.0
2023-11-30 08:00:00+00:00,0.37679,0.37693,0.37216,0.3768,3571147.0
2023-11-30 12:00:00+00:00,0.3768,0.37681,0.37159,0.37455,3125025.0
2023-11-30 16:00:00+00:00,0.37455,0.37692,0.37334,0.37493,3216677.0
2023-11-30 20:00:00+00:00,0.37493,0.37683,0.37419,0.37573,2550194.0
2023-12-01 00:00:00+00:00,0.37573,0.38103,0.37358,0.379,3533971.0
2023-12-01 04:00:00+00:00,0.379,0.38063,0.37689,0.37891,4643091.0
2023-12-01 08:00:00+00:00,0.37891,0.38303,0.37867,0.38182,3532171.0
2023-12-01 12:00:00+00:00,0.38182,0.38303,0.37884,0.38119,4801027.0
2023-12-01 16:00:00+00:00,0.38119,0.38483,0.38075,0.3846,3984855.0
2023-12-01 20:00:00+00:00,0.3846,0.38553,0.3818,0.38431,3278755.0
2023-12-02 00:00:00+00:00,0.38431,0.38625,0.38274,0.38616,3039536.0
2023-12-02 04:00:00+00:00,0.38616,0.38714,0.38526,0.3863,2801996.0
2023-12-02 08:00:00+00:00,0.3863,0.39098,0.3863,0.389,5456542.0
2023-12-02 12:00:00+00:00,0.389,0.39052,0.38513,0.38924,3148297.0
2023-12-02 16:00:00+00:00,0.38924,0.39495,0.38687,0.39343,4268619.0
2023-12-02 20:00:00+00:00,0.39343,0.39814,0.39279,0.39777,7804277.0
2023-12-03 00:00:00+00:00,0.39777,0.40316,0.39564,0.39676,5580472.0
2023-12-03 04:00:00+00:00,0.39676,0.39776,0.39414,0.39669,1428853.0
2023-12-03 08:00:00+00:00,0.39669,0.39736,0.3922,0.39411,2602116.0
2023-12-03 12:00:00+00:00,0.39411,0.39411,0.38806,0.39024,4876949.0
2023-12-03 16:00:00+00:00,0.39024,0.39192,0.38789,0.38993,2753161.0
2023-12-03 20:00:00+00:00,0.38993,0.39818,0.38993,0.39498,3697815.0
2023-12-04 00:00:00+00:00,0.39498,0.40741,0.39434,0.40334,4565273.0
2023-12-04 04:00:00+00:00,0.40334,0.4127,0.40334,0.40859,5542745.0
2023-12-04 08:00:00+00:00,0.40859,0.41509,0.39047,0.40373,21325481.0
2023-12-04 12:00:00+00:00,0.40373,0.4069,0.39651,0.39752,5535116.0
2023-12-04 16:00:00+00:00,0.39752,0.40286,0.39742,0.40107,2295375.0
2023-12-04 20:00:00+00:00,0.40107,0.40759,0.40003,0.40709,3488483.0
2023-12-05 00:00:00+00:00,0.40709,0.41096,0.40209,0.40527,3607761.0
2023-12-05 04:00:00+00:00,0.40527,0.40594,0.39671,0.39939,3218997.0
2023-12-05 08:00:00+00:00,0.39939,0.40199,0.39721,0.39921,4027038.0
2023-12-05 12:00:00+00:00,0.39921,0.40378,0.3973,0.40324,4856175.0
2023-12-05 16:00:00+00:00,0.40324,0.42445,0.40135,0.42167,12124326.0
2023-12-05 20:00:00+00:00,0.42167,0.42619,0.41679,0.42601,4327958.0
2023-12-06 00:00:00+00:00,0.42601,0.42954,0.41999,0.42531,5201706.0
2023-12-06 04:00:00+00:00,0.42531,0.43195,0.41609,0.42965,5082894.0
2023-12-06 08:00:00+00:00,0.42965,0.43779,0.42003,0.43711,18808719.0
2023-12-06 12:00:00+00:00,0.43711,0.45056,0.43305,0.45049,11812400.0
2023-12-06 16:00:00+00:00,0.45049,0.4511,0.44281,0.44778,6042896.0
2023-12-06 20:00:00+00:00,0.44778,0.45485,0.44056,0.44263,7446928.0
2023-12-07 00:00:00+00:00,0.44263,0.45524,0.44071,0.44418,5575945.0
2023-12-07 04:00:00+00:00,0.44418,0.45345,0.44386,0.44608,2624612.0
2023-12-07 08:00:00+00:00,0.44608,0.44745,0.43151,0.43518,12490675.0
2023-12-07 12:00:00+00:00,0.43518,0.44489,0.43341,0.44363,5249433.0
2023-12-07 16:00:00+00:00,0.44363,0.45936,0.4425,0.45184,7423082.0
2023-12-07 20:00:00+00:00,0.45184,0.45901,0.45178,0.45581,5550895.0
2023-12-08 00:00:00+00:00,0.45581,0.46492,0.45225,0.46362,5572445.0
2023-12-08 04:00:00+00:00,0.46362,0.48366,0.46216,0.47487,15575790.0
2023-12-08 08:00:00+00:00,0.47487,0.52936,0.47383,0.52021,37553402.0
2023-12-08 12:00:00+00:00,0.52021,0.54898,0.51165,0.54854,45470536.0
2023-12-08 16:00:00+00:00,0.54854,0.57171,0.53201,0.53266,38974162.0
2023-12-08 20:00:00+00:00,0.53266,0.55212,0.53266,0.54571,17742562.0
2023-12-09 00:00:00+00:00,0.54571,0.5795,0.5442,0.57783,39000225.0
2023-12-09 04:00:00+00:00,0.57783,0.6272,0.57541,0.62429,72451202.0
2023-12-09 08:00:00+00:00,0.62429,0.64854,0.60667,0.62387,78013878.0
2023-12-09 12:00:00+00:00,0.62387,0.63708,0.60032,0.61254,46760288.0
2023-12-09 16:00:00+00:00,0.61254,0.61469,0.568,0.59133,41900467.0
2023-12-09 20:00:00+00:00,0.59133,0.59607,0.57,0.57921,16728259.0
2023-12-10 00:00:00+00:00,0.57921,0.60641,0.57769,0.59254,27437974.0
2023-12-10 04:00:00+00:00,0.59254,0.60245,0.5843,0.59081,17354073.0
2023-12-10 08:00:00+00:00,0.59081,0.59568,0.56911,0.59093,30690287.0
2023-12-10 12:00:00+00:00,0.59093,0.59859,0.58334,0.59392,19578226.0
2023-12-10 16:00:00+00:00,0.59392,0.60626,0.58614,0.59939,13415505.0
2023-12-10 20:00:00+00:00,0.59939,0.6152,0.58773,0.59534,19829871.0
2023-12-11 00:00:00+00:00,0.59534,0.59872,0.50885,0.55937,38082029.0
2023-12-11 04:00:00+00:00,0.55937,0.56364,0.53953,0.55493,16917699.0
2023-12-11 08:00:00+00:00,0.55493,0.56251,0.54848,0.5526,13207988.0
2023-12-11 12:00:00+00:00,0.5526,0.55632,0.53489,0.54531,14324751.0
2023-12-11 16:00:00+00:00,0.54531,0.55236,0.5225,0.53286,17786332.0
2023-12-11 20:00:00+00:00,0.53286,0.56154,0.5284,0.55124,10198858.0
2023-12-12 00:00:00+00:00,0.55124,0.56656,0.55098,0.56259,8714119.0
2023-12-12 04:00:00+00:00,0.56259,0.59535,0.55449,0.59346,12040184.0
2023-12-12 08:00:00+00:00,0.59346,0.60698,0.58343,0.59159,23883022.0
2023-12-12 12:00:00+00:00,0.59159,0.60482,0.57749,0.58285,21599948.0
2023-12-12 16:00:00+00:00,0.58285,0.58484,0.55581,0.57216,23695236.0
2023-12-12 20:00:00+00:00,0.57216,0.57868,0.55862,0.57851,9164093.0
2023-12-13 00:00:00+00:00,0.57851,0.58719,0.55,0.55697,14556383.0
2023-12-13 04:00:00+00:00,0.55697,0.56385,0.54201,0.5577,8353472.0
2023-12-13 08:00:00+00:00,0.5577,0.58777,0.55769,0.57767,12556685.0
2023-12-13 12:00:00+00:00,0.57767,0.63359,0.57412,0.62616,37760200.0
2023-12-13 16:00:00+00:00,0.62616,0.65225,0.60668,0.64363,22148323.0
2023-12-13 20:00:00+00:00,0.64363,0.67929,0.63145,0.66743,32775754.0
2023-12-14 00:00:00+00:00,0.66743,0.68108,0.6475,0.6568,31061059.0
2023-12-14 04:00:00+00:00,0.6568,0.6635,0.64666,0.65608,19285254.0
2023-12-14 08:00:00+00:00,0.65608,0.66231,0.63622,0.65831,20253686.0
2023-12-14 12:00:00+00:00,0.65831,0.6643,0.6074,0.63649,34605133.0
2023-12-14 16:00:00+00:00,0.63649,0.64757,0.63148,0.63824,12516435.0
2023-12-14 20:00:00+00:00,0.63824,0.65016,0.631,0.64435,7974713.0
2023-12-15 00:00:00+00:00,0.64435,0.65473,0.63545,0.6387,9983281.0
2023-12-15 04:00:00+00:00,0.6387,0.64142,0.62774,0.63049,7214762.0
2023-12-15 08:00:00+00:00,0.63049,0.65145,0.62885,0.63937,10391349.0
2023-12-15 12:00:00+00:00,0.63937,0.64312,0.61301,0.6233,11058419.0
2023-12-15 16:00:00+00:00,0.6233,0.62936,0.6117,0.61593,5717727.0
2023-12-15 20:00:00+00:00,0.61593,0.62183,0.6005,0.60108,6550149.0
2023-12-16 00:00:00+00:00,0.60108,0.61635,0.58578,0.61617,11246136.0
2023-12-16 04:00:00+00:00,0.61617,0.61672,0.6055,0.61234,2623148.0
2023-12-16 08:00:00+00:00,0.61234,0.61794,0.60844,0.61654,3201329.0
2023-12-16 12:00:00+00:00,0.61654,0.62607,0.61039,0.62165,9003782.0
2023-12-16 16:00:00+00:00,0.62165,0.62646,0.60538,0.6106,4806695.0
2023-12-16 20:00:00+00:00,0.6106,0.61656,0.60205,0.60851,3587575.0
2023-12-17 00:00:00+00:00,0.60851,0.61554,0.60208,0.61554,3691012.0
2023-12-17 04:00:00+00:00,0.61554,0.61936,0.59245,0.59432,5848566.0
2023-12-17 08:00:00+00:00,0.59432,0.60427,0.59245,0.60211,2823145.0
2023-12-17 12:00:00+00:00,0.60211,0.60296,0.585,0.59405,7621625.0
2023-12-17 16:00:00+00:00,0.59405,0.61107,0.58863,0.59519,6100199.0
2023-12-17 20:00:00+00:00,0.59519,0.59945,0.57682,0.58085,4661180.0
2023-12-18 00:00:00+00:00,0.58085,0.5868,0.56057,0.57374,8863250.0
2023-12-18 04:00:00+00:00,0.57374,0.57844,0.56773,0.56906,3134523.0
2023-12-18 08:00:00+00:00,0.56906,0.57117,0.54342,0.56006,11858594.0
2023-12-18 12:00:00+00:00,0.56006,0.57486,0.55537,0.56639,6414795.0
2023-12-18 16:00:00+00:00,0.56639,0.58055,0.56333,0.57845,3621382.0
2023-12-18 20:00:00+00:00,0.57845,0.60403,0.57337,0.60246,8659759.0
2023-12-19 00:00:00+00:00,0.60246,0.61648,0.59546,0.61027,6522326.0
2023-12-19 04:00:00+00:00,0.61027,0.61732,0.60546,0.60916,5110815.0
2023-12-19 08:00:00+00:00,0.60916,0.60994,0.593,0.59397,8177907.0
2023-12-19 12:00:00+00:00,0.59397,0.5975,0.57623,0.5821,9699289.0
2023-12-19 16:00:00+00:00,0.5821,0.58561,0.56667,0.57973,6934890.0
2023-12-19 20:00:00+00:00,0.57973,0.58333,0.57157,0.57665,4043543.0
2023-12-20 00:00:00+00:00,0.57665,0.5835,0.56884,0.57914,3550079.0
2023-12-20 04:00:00+00:00,0.57914,0.5925,0.57743,0.59248,4355416.0
2023-12-20 08:00:00+00:00,0.59248,0.59503,0.58498,0.59206,5201552.0
2023-12-20 12:00:00+00:00,0.59206,0.6075,0.58854,0.60174,9846448.0
2023-12-20 16:00:00+00:00,0.60174,0.61113,0.591,0.595,7296789.0
2023-12-20 20:00:00+00:00,0.595,0.59702,0.58029,0.59051,7086300.0
2023-12-21 00:00:00+00:00,0.59051,0.59882,0.58245,0.59467,3340482.0
2023-12-21 04:00:00+00:00,0.59467,0.6055,0.58675,0.59906,4301712.0
2023-12-21 08:00:00+00:00,0.59906,0.61576,0.59715,0.61099,8038738.0
2023-12-21 12:00:00+00:00,0.61099,0.61415,0.59375,0.59813,9737556.0
2023-12-21 16:00:00+00:00,0.59813,0.62693,0.59751,0.61504,9115729.0
2023-12-21 20:00:00+00:00,0.61504,0.64,0.61458,0.63482,8158617.0
2023-12-22 00:00:00+00:00,0.63482,0.652,0.62656,0.62882,15111120.0
2023-12-22 04:00:00+00:00,0.62882,0.64033,0.60717,0.61579,13777535.0
2023-12-22 08:00:00+00:00,0.61579,0.62183,0.60549,0.61937,7173537.0
2023-12-22 12:00:00+00:00,0.61937,0.62108,0.6055,0.62018,4730841.0
2023-12-22 16:00:00+00:00,0.62018,0.62582,0.61173,0.61764,5257349.0
2023-12-22 20:00:00+00:00,0.61764,0.62583,0.61764,0.62357,2278087.0
2023-12-23 00:00:00+00:00,0.62357,0.62372,0.59775,0.60073,6225892.0
2023-12-23 04:00:00+00:00,0.60073,0.608,0.59737,0.60438,2994433.0
2023-12-23 08:00:00+00:00,0.60438,0.6094,0.60106,0.6049,3694138.0
2023-12-23 12:00:00+00:00,0.6049,0.6099,0.60259,0.60431,2579392.0
2023-12-23 16:00:00+00:00,0.60431,0.60816,0.60038,0.60513,2606615.0
2023-12-23 20:00:00+00:00,0.60513,0.61744,0.60031,0.61327,3568781.0
2023-12-24 00:00:00+00:00,0.61327,0.62751,0.60631,0.61896,6290802.0
2023-12-24 04:00:00+00:00,0.61896,0.6286,0.6022,0.61539,5399027.0
2023-12-24 08:00:00+00:00,0.61539,0.62166,0.6036,0.61457,4880940.0
2023-12-24 12:00:00+00:00,0.61457,0.6225,0.60903,0.61593,3132507.0
2023-12-24 16:00:00+00:00,0.61593,0.61933,0.61055,0.61833,2316991.0
2023-12-24 20:00:00+00:00,0.61833,0.6211,0.58428,0.59229,9106569.0
2023-12-25 00:00:00+00:00,0.59229,0.60614,0.58821,0.60462,3751415.0
2023-12-25 04:00:00+00:00,0.60462,0.61025,0.60068,0.60245,2282711.0
2023-12-25 08:00:00+00:00,0.60245,0.61083,0.59953,0.60685,2245260.0
2023-12-25 12:00:00+00:00,0.60685,0.62,0.60557,0.61717,3701348.0
2023-12-25 16:00:00+00:00,0.61717,0.62679,0.61655,0.62001,4077224.0
2023-12-25 20:00:00+00:00,0.62001,0.63529,0.61225,0.62453,5398977.0
2023-12-26 00:00:00+00:00,0.62453,0.62836,0.61535,0.61913,2523991.0
2023-12-26 04:00:00+00:00,0.61913,0.6202,0.59444,0.60482,6404624.0
2023-12-26 08:00:00+00:00,0.60482,0.61566,0.59991,0.61482,5105032.0
2024-02-21 00:00:00+00:00,0.62242,0.62431,0.60688,0.61278,2037618.0
2024-02-21 04:00:00+00:00,0.61278,0.61402,0.59114,0.5952,3822875.0
2024-02-21 08:00:00+00:00,0.5952,0.60013,0.58077,0.58673,6406671.0
2024-02-21 12:00:00+00:00,0.58673,0.59503,0.58,0.58939,4345161.0
2024-02-21 16:00:00+00:00,0.58939,0.59161,0.575,0.58319,3577475.0
2024-02-21 20:00:00+00:00,0.58319,0.59978,0.58086,0.59944,3086495.0
2024-02-22 00:00:00+00:00,0.59944,0.59972,0.58092,0.5874,2294859.0
2024-02-22 04:00:00+00:00,0.5874,0.60465,0.58177,0.60238,3640160.0
2024-02-22 08:00:00+00:00,0.60238,0.60871,0.59684,0.60009,3607883.0
2024-02-22 12:00:00+00:00,0.60009,0.60315,0.58522,0.59721,3925560.0
2024-02-22 16:00:00+00:00,0.59721,0.60052,0.58856,0.59438,3023836.0
2024-02-22 20:00:00+00:00,0.59438,0.60409,0.585,0.5865,2754656.0
2024-02-23 00:00:00+00:00,0.5865,0.5955,0.58248,0.58668,1428258.0
2024-02-23 04:00:00+00:00,0.58668,0.59251,0.58072,0.58367,1647874.0
2024-02-23 08:00:00+00:00,0.58367,0.58776,0.57829,0.58448,1959156.0
2024-02-23 12:00:00+00:00,0.58448,0.59019,0.57684,0.57822,3080417.0
2024-02-23 16:00:00+00:00,0.57822,0.59159,0.56845,0.59146,4673366.0
2024-02-23 20:00:00+00:00,0.59146,0.59402,0.5762,0.58226,2831495.0
2024-02-24 00:00:00+00:00,0.58226,0.58534,0.57,0.57576,2350005.0
2024-02-24 04:00:00+00:00,0.57576,0.58741,0.57453,0.58618,1877015.0
2024-02-24 08:00:00+00:00,0.58618,0.59062,0.58283,0.58829,2077429.0
2024-02-24 12:00:00+00:00,0.58829,0.5933,0.58469,0.58886,1964200.0
2024-02-24 16:00:00+00:00,0.58886,0.59782,0.58783,0.5943,2090562.0
2024-02-24 20:00:00+00:00,0.5943,0.6008,0.59028,0.59757,2471748.0
2024-02-25 00:00:00+00:00,0.59757,0.60153,0.58853,0.59704,1676940.0
2024-02-25 04:00:00+00:00,0.59704,0.59935,0.59328,0.59496,844984.0
2024-02-25 08:00:00+00:00,0.59496,0.59554,0.5881,0.59046,1345951.0
2024-02-25 12:00:00+00:00,0.59046,0.59173,0.58339,0.58477,2155600.0
2024-02-25 16:00:00+00:00,0.58477,0.58941,0.58135,0.5886,2045893.0
2024-02-25 20:00:00+00:00,0.5886,0.59489,0.58758,0.59201,2276366.0
2024-02-26 00:00:00+00:00,0.59201,0.59282,0.582,0.586,1430270.0
2024-02-26 04:00:00+00:00,0.586,0.59267,0.58317,0.58422,1452521.0
2024-02-26 08:00:00+00:00,0.58422,0.58689,0.5736,0.58051,3232689.0
2024-02-26 12:00:00+00:00,0.58051,0.60942,0.57616,0.60579,4249513.0
2024-02-26 16:00:00+00:00,0.60579,0.61805,0.60542,0.61772,6207982.0
2024-02-26 20:00:00+00:00,0.61772,0.62249,0.61335,0.61962,3662177.0
2024-02-27 00:00:00+00:00,0.61962,0.6313,0.61528,0.62141,3457209.0
2024-02-27 04:00:00+00:00,0.62141,0.62701,0.61515,0.61548,2554966.0
2024-02-27 08:00:00+00:00,0.61548,0.62786,0.61548,0.62019,2751596.0
2024-02-27 12:00:00+00:00,0.62019,0.6292,0.61068,0.61393,3969725.0
2024-02-27 16:00:00+00:00,0.61393,0.62965,0.6075,0.6273,4272958.0
2024-02-27 20:00:00+00:00,0.6273,0.62993,0.61919,0.62444,2192663.0
2024-02-28 00:00:00+00:00,0.62444,0.63039,0.61611,0.6182,1443752.0
2024-02-28 04:00:00+00:00,0.6182,0.629,0.61692,0.62897,1686888.0
2024-02-28 08:00:00+00:00,0.62897,0.6466,0.62046,0.62599,6778102.0
2024-02-28 12:00:00+00:00,0.62599,0.65055,0.6245,0.63966,7495113.0
2024-02-28 16:00:00+00:00,0.63966,0.6626,0.59383,0.61875,15895689.0
2024-02-28 20:00:00+00:00,0.61875,0.6379,0.61142,0.62989,4228233.0
2024-02-29 00:00:00+00:00,0.62989,0.64991,0.62241,0.64314,3846520.0
2024-02-29 04:00:00+00:00,0.64314,0.6988,0.63992,0.68527,9624605.0
2024-02-29 08:00:00+00:00,0.68527,0.71085,0.68367,0.692,9164218.0
2024-02-29 12:00:00+00:00,0.692,0.7037,0.68355,0.69403,6373588.0
2024-02-29 16:00:00+00:00,0.69403,0.69693,0.66417,0.67799,9869187.0
2024-02-29 20:00:00+00:00,0.67799,0.68071,0.6391,0.65566,7053620.0
2024-03-01 00:00:00+00:00,0.65566,0.68479,0.65386,0.67413,4815719.0
2024-03-01 04:00:00+00:00,0.67413,0.677,0.66414,0.66493,2197137.0
2024-03-01 08:00:00+00:00,0.66493,0.69121,0.66239,0.68652,3606282.0
2024-03-01 12:00:00+00:00,0.68652,0.69585,0.67661,0.67987,4186091.0
2024-03-01 16:00:00+00:00,0.67987,0.69613,0.67575,0.69107,2847356.0
2024-03-01 20:00:00+00:00,0.69107,0.72091,0.68942,0.71974,3721713.0
2024-03-02 00:00:00+00:00,0.71974,0.76476,0.71733,0.75697,10041743.0
2024-03-02 04:00:00+00:00,0.75697,0.76303,0.72837,0.735,4171335.0
2024-03-02 08:00:00+00:00,0.735,0.75213,0.71959,0.73399,5120424.0
2024-03-02 12:00:00+00:00,0.73399,0.7468,0.72329,0.73028,3429295.0
2024-03-02 16:00:00+00:00,0.73028,0.74492,0.72612,0.74142,2129022.0
2024-03-02 20:00:00+00:00,0.74142,0.74347,0.72925,0.74269,2155969.0
2024-03-03 00:00:00+00:00,0.74269,0.74395,0.72643,0.74089,2437059.0
2024-03-03 04:00:00+00:00,0.74089,0.74338,0.67812,0.71223,7036448.0
2024-03-03 08:00:00+00:00,0.71223,0.73091,0.70454,0.72953,3589193.0
2024-03-03 12:00:00+00:00,0.72953,0.73511,0.72025,0.7246,2682537.0
2024-03-03 16:00:00+00:00,0.7246,0.73635,0.72167,0.72709,2392264.0
2024-03-03 20:00:00+00:00,0.72709,0.74117,0.72546,0.72943,2484172.0
2024-03-04 00:00:00+00:00,0.72943,0.76,0.72417,0.75569,5081620.0
2024-03-04 04:00:00+00:00,0.75569,0.7964,0.74263,0.78176,5922864.0
2024-03-04 08:00:00+00:00,0.78176,0.8,0.77309,0.78413,6381303.0
2024-03-04 12:00:00+00:00,0.78413,0.79138,0.7652,0.78988,5769671.0
2024-03-04 16:00:00+00:00,0.78988,0.79138,0.7574,0.77701,5753215.0
2024-03-04 20:00:00+00:00,0.77701,0.78293,0.764,0.77223,3337477.0
2024-03-05 00:00:00+00:00,0.77223,0.78368,0.75704,0.76976,3922690.0
2024-03-05 04:00:00+00:00,0.76976,0.77667,0.74136,0.75543,5268103.0
2024-03-05 08:00:00+00:00,0.75543,0.78521,0.74775,0.77,4242122.0
2024-03-05 12:00:00+00:00,0.77,0.78167,0.75075,0.75597,6651017.0
2024-03-05 16:00:00+00:00,0.75597,0.76063,0.55037,0.63412,22568025.0
2024-03-05 20:00:00+00:00,0.63412,0.69871,0.625,0.69316,10505638.0
2024-03-06 00:00:00+00:00,0.69316,0.69736,0.66583,0.67747,3064435.0
2024-03-06 04:00:00+00:00,0.67747,0.7402,0.67747,0.7402,4762328.0
2024-03-06 08:00:00+00:00,0.7402,0.7595,0.72283,0.73394,6240493.0
2024-03-06 12:00:00+00:00,0.73394,0.73775,0.7008,0.71926,6865879.0
2024-03-06 16:00:00+00:00,0.71926,0.7324,0.71357,0.72787,3215858.0
2024-03-06 20:00:00+00:00,0.72787,0.73948,0.72172,0.73663,3607670.0
2024-03-07 00:00:00+00:00,0.73663,0.75219,0.73261,0.73765,3817020.0
2024-03-07 04:00:00+00:00,0.73765,0.74588,0.71808,0.73769,3091052.0
2024-03-07 08:00:00+00:00,0.73769,0.74324,0.73117,0.7398,2394754.0
2024-03-07 12:00:00+00:00,0.7398,0.75411,0.72655,0.74525,5178497.0
2024-03-07 16:00:00+00:00,0.74525,0.75719,0.73485,0.75329,3383798.0
2024-03-07 20:00:00+00:00,0.75329,0.75562,0.74178,0.74487,3578373.0
2024-03-08 00:00:00+00:00,0.74487,0.75638,0.73558,0.74104,2869472.0
2024-03-08 04:00:00+00:00,0.74104,0.7436,0.7305,0.73204,2180082.0
2024-03-08 08:00:00+00:00,0.73204,0.73828,0.727,0.73762,2510059.0
2024-03-08 12:00:00+00:00,0.73762,0.74476,0.69833,0.71963,7639463.0
2024-03-08 16:00:00+00:00,0.71963,0.73383,0.69949,0.72413,4484512.0
2024-03-08 20:00:00+00:00,0.72413,0.72807,0.71742,0.72444,1469316.0
2024-03-09 00:00:00+00:00,0.72444,0.73184,0.72184,0.72948,1461612.0
2024-03-09 04:00:00+00:00,0.72948,0.74104,0.72852,0.73749,1529783.0
2024-03-09 08:00:00+00:00,0.73749,0.74018,0.72204,0.73262,2594840.0
2024-03-09 12:00:00+00:00,0.73262,0.7398,0.72944,0.73745,1992626.0
2024-03-09 16:00:00+00:00,0.73745,0.7465,0.73297,0.7387,3007305.0
2024-03-09 20:00:00+00:00,0.7387,0.74698,0.7361,0.74242,1721167.0
2024-03-10 00:00:00+00:00,0.74242,0.74578,0.73506,0.7367,1398558.0
2024-03-10 04:00:00+00:00,0.7367,0.74065,0.73222,0.73837,1747007.0
2024-03-10 08:00:00+00:00,0.73837,0.74042,0.72504,0.72922,3058701.0
2024-03-10 12:00:00+00:00,0.72922,0.73232,0.709,0.71707,3990612.0
2024-03-10 16:00:00+00:00,0.71707,0.72814,0.71577,0.72078,1728574.0
2024-03-10 20:00:00+00:00,0.72078,0.72239,0.70033,0.7178,2788247.0
2024-03-11 00:00:00+00:00,0.7178,0.72026,0.68263,0.7142,3660948.0
2024-03-11 04:00:00+00:00,0.7142,0.74462,0.70547,0.73512,4402934.0
2024-03-11 08:00:00+00:00,0.73512,0.74638,0.73412,0.73884,4170770.0
2024-03-11 12:00:00+00:00,0.73884,0.76204,0.7285,0.75914,4579325.0
2024-03-11 16:00:00+00:00,0.75914,0.78014,0.75454,0.77444,7166541.0
2024-03-11 20:00:00+00:00,0.77444,0.789,0.7704,0.776,3423340.0
2024-03-12 00:00:00+00:00,0.776,0.77718,0.75623,0.7585,3583015.0
2024-03-12 04:00:00+00:00,0.7585,0.76803,0.74652,0.75274,3103386.0
2024-03-12 08:00:00+00:00,0.75274,0.75553,0.73357,0.74971,4972784.0
2024-03-12 12:00:00+00:00,0.74971,0.75905,0.73302,0.74795,5089706.0
2024-03-12 16:00:00+00:00,0.74795,0.7505,0.70443,0.74918,7605490.0
2024-03-12 20:00:00+00:00,0.74918,0.75078,0.73457,0.74965,2068376.0
2024-03-13 00:00:00+00:00,0.74965,0.75674,0.74639,0.75411,1568842.0
2024-03-13 04:00:00+00:00,0.75411,0.77038,0.75,0.7639,3392376.0
2024-03-13 08:00:00+00:00,0.7639,0.77424,0.75719,0.76006,3703884.0
2024-03-13 12:00:00+00:00,0.76006,0.76639,0.73525,0.74785,4815324.0
2024-03-13 16:00:00+00:00,0.74785,0.75606,0.7426,0.75367,2108549.0
2024-03-13 20:00:00+00:00,0.75367,0.76758,0.74716,0.7656,1914071.0
2024-03-14 00:00:00+00:00,0.7656,0.76832,0.75373,0.76076,2737399.0
2024-03-14 04:00:00+00:00,0.76076,0.79373,0.74481,0.78475,4946141.0
2024-03-14 08:00:00+00:00,0.78475,0.81078,0.77459,0.79604,10984231.0
2024-03-14 12:00:00+00:00,0.79604,0.80383,0.73959,0.7488,11356945.0
2024-03-14 16:00:00+00:00,0.7488,0.76349,0.71428,0.72792,7750154.0
2024-03-14 20:00:00+00:00,0.72792,0.7563,0.7273,0.75212,3390548.0
2024-03-15 00:00:00+00:00,0.75212,0.76589,0.69511,0.72106,7738851.0
2024-03-15 04:00:00+00:00,0.72106,0.72819,0.70474,0.72168,4095979.0
2024-03-15 08:00:00+00:00,0.72168,0.72289,0.6666,0.70207,8613899.0
2024-03-15 12:00:00+00:00,0.70207,0.7254,0.69783,0.718,3633974.0
2024-03-15 16:00:00+00:00,0.718,0.74155,0.70719,0.7202,3653762.0
2024-03-15 20:00:00+00:00,0.7202,0.73065,0.69866,0.72751,2491896.0
2024-03-16 00:00:00+00:00,0.72751,0.73136,0.71705,0.72313,1339755.0
2024-03-16 04:00:00+00:00,0.72313,0.73509,0.7087,0.73475,1578715.0
2024-03-16 08:00:00+00:00,0.73475,0.73589,0.71258,0.71998,2483210.0
2024-03-16 12:00:00+00:00,0.71998,0.72123,0.69336,0.70497,2572320.0
2024-03-16 16:00:00+00:00,0.70497,0.70559,0.6603,0.66725,4542299.0
2024-03-16 20:00:00+00:00,0.66725,0.67806,0.65053,0.65931,4746197.0
2024-03-17 00:00:00+00:00,0.65931,0.67438,0.65075,0.67407,1878428.0
2024-03-17 04:00:00+00:00,0.67407,0.67423,0.62897,0.64652,3899257.0
2024-03-17 08:00:00+00:00,0.64652,0.68483,0.64412,0.67804,2790925.0
2024-03-17 12:00:00+00:00,0.67804,0.68731,0.66376,0.68416,2490792.0
2024-03-17 16:00:00+00:00,0.68416,0.68737,0.67658,0.68535,2140369.0
2024-03-17 20:00:00+00:00,0.68535,0.68937,0.67421,0.68197,2124137.0
2024-03-18 00:00:00+00:00,0.68197,0.68197,0.65685,0.67134,2085765.0
2024-03-18 04:00:00+00:00,0.67134,0.69959,0.66557,0.68839,2775438.0
2024-03-18 08:00:00+00:00,0.68839,0.68936,0.67027,0.68303,3007062.0
2024-03-18 12:00:00+00:00,0.68303,0.68758,0.6486,0.66109,4997233.0
2024-03-18 16:00:00+00:00,0.66109,0.66841,0.6425,0.6503,2983673.0
2024-03-18 20:00:00+00:00,0.6503,0.66691,0.65001,0.66093,1418913.0
2024-03-19 00:00:00+00:00,0.66093,0.6668,0.6201,0.63516,4178905.0
2024-03-19 04:00:00+00:00,0.63516,0.63833,0.6,0.62689,4845264.0
2024-03-19 08:00:00+00:00,0.62689,0.62689,0.59146,0.61678,4893720.0
2024-03-19 12:00:00+00:00,0.61678,0.62903,0.60788,0.62704,2728182.0
2024-03-19 16:00:00+00:00,0.62704,0.63063,0.6112,0.61615,2428663.0
2024-03-19 20:00:00+00:00,0.61615,0.61784,0.58,0.58713,4241796.0
2024-03-20 00:00:00+00:00,0.58713,0.60595,0.58459,0.58952,2308159.0
2024-03-20 04:00:00+00:00,0.58952,0.61215,0.56962,0.61042,3588550.0
2024-03-20 08:00:00+00:00,0.61042,0.61487,0.60157,0.61178,2084190.0
2024-03-20 12:00:00+00:00,0.61178,0.61698,0.597,0.59966,1922941.0
2024-03-20 16:00:00+00:00,0.59966,0.63569,0.57601,0.63217,6113681.0
2024-03-20 20:00:00+00:00,0.63217,0.64546,0.62915,0.64031,4027323.0
2024-03-21 00:00:00+00:00,0.64031,0.64656,0.63299,0.63689,2027474.0
2024-03-21 04:00:00+00:00,0.63689,0.6392,0.62073,0.63126,2486762.0
2024-03-21 08:00:00+00:00,0.63126,0.639,0.62867,0.6334,1883169.0
2024-03-21 12:00:00+00:00,0.6334,0.63923,0.62918,0.63691,3245336.0
2024-03-21 16:00:00+00:00,0.63691,0.64991,0.61712,0.63336,5373483.0
2024-03-21 20:00:00+00:00,0.63336,0.64183,0.62463,0.63305,1329708.0
2024-03-22 00:00:00+00:00,0.63305,0.636,0.6209,0.63553,1214782.0
2024-03-22 04:00:00+00:00,0.63553,0.64312,0.63265,0.64057,1133452.0
2024-03-22 08:00:00+00:00,0.64057,0.644,0.61645,0.61946,2558390.0
2024-03-22 12:00:00+00:00,0.61946,0.62545,0.59982,0.61884,3949972.0
2024-03-22 16:00:00+00:00,0.61884,0.61923,0.60859,0.61379,2319086.0
2024-03-22 20:00:00+00:00,0.61379,0.61631,0.60054,0.61514,1727581.0
2024-03-23 00:00:00+00:00,0.61514,0.62659,0.61026,0.61753,1955984.0
2024-03-23 04:00:00+00:00,0.61753,0.63232,0.61686,0.6282,1399963.0
2024-03-23 08:00:00+00:00,0.6282,0.63276,0.62487,0.63074,1442210.0
2024-03-23 12:00:00+00:00,0.63074,0.63979,0.62851,0.63381,1815384.0
2024-03-23 16:00:00+00:00,0.63381,0.63591,0.62906,0.63051,1206453.0
2024-03-23 20:00:00+00:00,0.63051,0.63367,0.6225,0.62323,728695.0
2024-03-24 00:00:00+00:00,0.62323,0.63597,0.62246,0.62796,841480.0
2024-03-24 04:00:00+00:00,0.62796,0.63908,0.62507,0.63807,1265390.0
2024-03-24 08:00:00+00:00,0.63807,0.64053,0.63433,0.63632,1606028.0
2024-03-24 12:00:00+00:00,0.63632,0.64582,0.63505,0.63584,2009453.0
2024-03-24 16:00:00+00:00,0.63584,0.63677,0.62523,0.63397,2240171.0
2024-03-24 20:00:00+00:00,0.63397,0.6492,0.63241,0.64785,1822237.0
2024-03-25 00:00:00+00:00,0.64785,0.64868,0.63976,0.64759,1601486.0
2024-03-25 04:00:00+00:00,0.64759,0.65663,0.64196,0.64296,1993352.0
2024-05-20 20:00:00+00:00,0.48986,0.50324,0.48235,0.50188,6160386.0
2024-05-21 00:00:00+00:00,0.50188,0.50988,0.49656,0.49874,3466788.0
2024-05-21 04:00:00+00:00,0.49874,0.50187,0.49432,0.50129,2212457.0
2024-05-21 08:00:00+00:00,0.50129,0.50557,0.50029,0.50106,4140623.0
2024-05-21 12:00:00+00:00,0.50106,0.51059,0.49559,0.49763,5677180.0
2024-05-21 16:00:00+00:00,0.49763,0.50548,0.49304,0.49577,3089695.0
2024-05-21 20:00:00+00:00,0.49577,0.49976,0.49072,0.49473,3343984.0
2024-05-22 00:00:00+00:00,0.49473,0.49563,0.49131,0.49232,1988923.0
2024-05-22 04:00:00+00:00,0.49232,0.49345,0.48186,0.49046,4518388.0
2024-05-22 08:00:00+00:00,0.49046,0.49157,0.48186,0.48212,2645849.0
2024-05-22 12:00:00+00:00,0.48212,0.48669,0.47404,0.48425,7453757.0
2024-05-22 16:00:00+00:00,0.48425,0.48727,0.47594,0.48222,2788666.0
2024-05-22 20:00:00+00:00,0.48222,0.48465,0.47682,0.48393,2534611.0
2024-05-23 00:00:00+00:00,0.48393,0.488,0.48085,0.48713,1982612.0
2024-05-23 04:00:00+00:00,0.48713,0.48848,0.48261,0.48549,3545727.0
2024-05-23 08:00:00+00:00,0.48549,0.4861,0.476,0.48543,4398603.0
2024-05-23 12:00:00+00:00,0.48543,0.48868,0.45672,0.4684,11456694.0
2024-05-23 16:00:00+00:00,0.4684,0.46924,0.45317,0.46004,6797464.0
2024-05-23 20:00:00+00:00,0.46004,0.46792,0.44275,0.4656,7933511.0
2024-05-24 00:00:00+00:00,0.4656,0.46994,0.46255,0.46734,1100375.0
2024-05-24 04:00:00+00:00,0.46734,0.46885,0.45358,0.46161,2671715.0
2024-05-24 08:00:00+00:00,0.46161,0.46443,0.45437,0.46401,1958534.0
2024-05-24 12:00:00+00:00,0.46401,0.46459,0.45717,0.45925,1635219.0
2024-05-24 16:00:00+00:00,0.45925,0.46407,0.455,0.4608,1434935.0
2024-05-24 20:00:00+00:00,0.4608,0.46232,0.45771,0.46024,1373399.0
2024-05-25 00:00:00+00:00,0.46024,0.4624,0.45754,0.46238,989213.0
2024-05-25 04:00:00+00:00,0.46238,0.46473,0.46123,0.46264,1119187.0
2024-05-25 08:00:00+00:00,0.46264,0.46513,0.46081,0.46202,1423960.0
2024-05-25 12:00:00+00:00,0.46202,0.46202,0.45731,0.45965,2556922.0
2024-05-25 16:00:00+00:00,0.45965,0.46105,0.45871,0.46009,798363.0
2024-05-25 20:00:00+00:00,0.46009,0.46278,0.45869,0.46227,756139.0
2024-05-26 00:00:00+00:00,0.46227,0.46275,0.4581,0.46075,827866.0
2024-05-26 04:00:00+00:00,0.46075,0.46196,0.458,0.46104,1818815.0
2024-05-26 08:00:00+00:00,0.46104,0.4629,0.45718,0.46104,2524872.0
2024-05-26 12:00:00+00:00,0.46104,0.4629,0.45657,0.45977,2562047.0
2024-05-26 16:00:00+00:00,0.45977,0.4607,0.45798,0.4586,702392.0
2024-05-26 20:00:00+00:00,0.4586,0.46047,0.45447,0.45842,1584058.0
2024-05-27 00:00:00+00:00,0.45842,0.4643,0.45773,0.46248,1808283.0
2024-05-27 04:00:00+00:00,0.46248,0.46371,0.45666,0.45881,2609957.0
2024-05-27 08:00:00+00:00,0.45881,0.46245,0.45847,0.4612,1955329.0
2024-05-27 12:00:00+00:00,0.4612,0.47279,0.46055,0.47213,4968068.0
2024-05-27 16:00:00+00:00,0.47213,0.47518,0.46187,0.46499,3543571.0
2024-05-27 20:00:00+00:00,0.46499,0.46996,0.46462,0.46883,1765761.0
2024-05-28 00:00:00+00:00,0.46883,0.4698,0.45826,0.46146,4523697.0
2024-05-28 04:00:00+00:00,0.46146,0.46147,0.45338,0.45556,4108662.0
2024-05-28 08:00:00+00:00,0.45556,0.4637,0.45489,0.46003,3226007.0
2024-05-28 12:00:00+00:00,0.46003,0.4615,0.45208,0.45804,3996350.0
2024-05-28 16:00:00+00:00,0.45804,0.45912,0.45124,0.45811,3693187.0
2024-05-28 20:00:00+00:00,0.45811,0.45945,0.45642,0.45752,987019.0
2024-05-29 00:00:00+00:00,0.45752,0.46197,0.457,0.46144,1992188.0
2024-05-29 04:00:00+00:00,0.46144,0.46409,0.45939,0.45941,3126693.0
2024-05-29 08:00:00+00:00,0.45941,0.46407,0.45515,0.4603,3244745.0
2024-05-29 12:00:00+00:00,0.4603,0.464,0.4554,0.4558,2272141.0
2024-05-29 16:00:00+00:00,0.4558,0.45741,0.452,0.4525,2942998.0
2024-05-29 20:00:00+00:00,0.4525,0.45451,0.4503,0.45143,1718642.0
2024-05-30 00:00:00+00:00,0.45143,0.45569,0.45052,0.45443,3447680.0
2024-05-30 04:00:00+00:00,0.45443,0.45568,0.44351,0.44552,5889827.0
2024-05-30 08:00:00+00:00,0.44552,0.45281,0.44313,0.44837,2236980.0
2024-05-30 12:00:00+00:00,0.44837,0.4523,0.44628,0.45054,2323016.0
2024-05-30 16:00:00+00:00,0.45054,0.45548,0.44954,0.45135,2589439.0
2024-05-30 20:00:00+00:00,0.45135,0.45144,0.44502,0.44616,2715864.0
2024-05-31 00:00:00+00:00,0.44616,0.45149,0.4443,0.44971,3308007.0
2024-05-31 04:00:00+00:00,0.44971,0.45049,0.4447,0.4486,1328325.0
2024-05-31 08:00:00+00:00,0.4486,0.452,0.44618,0.45104,1708670.0
2024-05-31 12:00:00+00:00,0.45104,0.45578,0.44621,0.44637,3104967.0
2024-05-31 16:00:00+00:00,0.44637,0.44979,0.4435,0.44917,1592760.0
2024-05-31 20:00:00+00:00,0.44917,0.45084,0.44574,0.44715,1702818.0
2024-06-01 00:00:00+00:00,0.44715,0.44824,0.44509,0.44758,710523.0
2024-06-01 04:00:00+00:00,0.44758,0.44982,0.44701,0.44837,988145.0
2024-06-01 08:00:00+00:00,0.44837,0.44969,0.44693,0.44895,1108653.0
2024-06-01 12:00:00+00:00,0.44895,0.45092,0.44821,0.44847,1011663.0
2024-06-01 16:00:00+00:00,0.44847,0.4506,0.44835,0.44979,631258.0
2024-06-01 20:00:00+00:00,0.44979,0.45387,0.44962,0.45001,2451349.0
2024-06-02 00:00:00+00:00,0.45001,0.45332,0.44951,0.45249,1120930.0
2024-06-02 04:00:00+00:00,0.45249,0.45393,0.45075,0.45173,852303.0
2024-06-02 08:00:00+00:00,0.45173,0.45326,0.44788,0.4527,1564523.0
2024-06-02 12:00:00+00:00,0.4527,0.45318,0.44932,0.45115,2289361.0
2024-06-02 16:00:00+00:00,0.45115,0.4513,0.44055,0.44503,4021080.0
2024-06-02 20:00:00+00:00,0.44503,0.44777,0.44265,0.44649,1009728.0
2024-06-03 00:00:00+00:00,0.44649,0.45324,0.44355,0.45023,1448853.0
2024-06-03 04:00:00+00:00,0.45023,0.45608,0.44798,0.4533,1930888.0
2024-06-03 08:00:00+00:00,0.4533,0.45717,0.45197,0.45333,1845487.0
2024-06-03 12:00:00+00:00,0.45333,0.45595,0.44729,0.45265,2442713.0
2024-06-03 16:00:00+00:00,0.45265,0.46253,0.44927,0.46217,1738971.0
2024-06-03 20:00:00+00:00,0.46217,0.46299,0.45621,0.45742,2224060.0
2024-06-04 00:00:00+00:00,0.45742,0.46177,0.45619,0.46122,2472307.0
2024-06-04 04:00:00+00:00,0.46122,0.46128,0.45485,0.45683,2840483.0
2024-06-04 08:00:00+00:00,0.45683,0.45789,0.45252,0.45608,5910689.0
2024-06-04 12:00:00+00:00,0.45608,0.46128,0.45444,0.46071,9380210.0
2024-06-04 16:00:00+00:00,0.46071,0.46549,0.45921,0.4633,3285891.0
2024-06-04 20:00:00+00:00,0.4633,0.46334,0.45913,0.46182,1734050.0
2024-06-05 00:00:00+00:00,0.46182,0.4655,0.4605,0.46298,2217176.0
2024-06-05 04:00:00+00:00,0.46298,0.46494,0.46041,0.46277,1739458.0
2024-06-05 08:00:00+00:00,0.46277,0.463,0.4591,0.461,2021005.0
2024-06-05 12:00:00+00:00,0.461,0.46342,0.4571,0.46182,4787542.0
2024-06-05 16:00:00+00:00,0.46182,0.46343,0.46,0.46308,1649288.0
2024-06-05 20:00:00+00:00,0.46308,0.46401,0.45988,0.46131,1182558.0
2024-06-06 00:00:00+00:00,0.46131,0.4625,0.45966,0.45972,1478680.0
2024-06-06 04:00:00+00:00,0.45972,0.46087,0.4573,0.45936,2032472.0
2024-06-06 08:00:00+00:00,0.45936,0.4597,0.45745,0.45956,1149611.0
2024-06-06 12:00:00+00:00,0.45956,0.46245,0.45803,0.46069,2211828.0
2024-06-06 16:00:00+00:00,0.46069,0.46197,0.45353,0.45409,4715654.0
2024-06-06 20:00:00+00:00,0.45409,0.45936,0.45044,0.45803,5675228.0
2024-06-07 00:00:00+00:00,0.45803,0.46095,0.45642,0.45805,1223141.0
2024-06-07 04:00:00+00:00,0.45805,0.46488,0.45793,0.46156,2676709.0
2024-06-07 08:00:00+00:00,0.46156,0.48749,0.4615,0.48411,8874694.0
2024-06-07 12:00:00+00:00,0.48411,0.4911,0.47426,0.47919,13325950.0
2024-06-07 16:00:00+00:00,0.47919,0.48026,0.4224,0.44869,28334571.0
2024-06-07 20:00:00+00:00,0.44869,0.45191,0.44702,0.44929,1987628.0
2024-06-08 00:00:00+00:00,0.44929,0.44929,0.4433,0.44683,2479837.0
2024-06-08 04:00:00+00:00,0.44683,0.44745,0.44272,0.44586,1610368.0
2024-06-08 08:00:00+00:00,0.44586,0.44586,0.43372,0.43504,5014095.0
2024-06-08 12:00:00+00:00,0.43504,0.43904,0.43127,0.43589,4736526.0
2024-06-08 16:00:00+00:00,0.43589,0.43699,0.43218,0.43456,2117449.0
2024-06-08 20:00:00+00:00,0.43456,0.43701,0.43342,0.43646,1452066.0
2024-06-09 00:00:00+00:00,0.43646,0.43859,0.43416,0.43551,1333698.0
2024-06-09 04:00:00+00:00,0.43551,0.43816,0.432,0.43742,1228874.0
2024-06-09 08:00:00+00:00,0.43742,0.4431,0.4364,0.44032,2681631.0
2024-06-09 12:00:00+00:00,0.44032,0.44194,0.43774,0.43958,1938169.0
2024-06-09 16:00:00+00:00,0.43958,0.44594,0.43926,0.44516,2048209.0
2024-06-09 20:00:00+00:00,0.44516,0.446,0.44327,0.44405,1437747.0
2024-06-10 00:00:00+00:00,0.44405,0.44498,0.44012,0.44125,1822177.0
2024-06-10 04:00:00+00:00,0.44125,0.44227,0.43422,0.43562,2616653.0
2024-06-10 08:00:00+00:00,0.43562,0.45135,0.43538,0.4468,5768502.0
2024-06-10 12:00:00+00:00,0.4468,0.44894,0.43876,0.447,6098156.0
2024-06-10 16:00:00+00:00,0.447,0.44748,0.44,0.44054,2321760.0
2024-06-10 20:00:00+00:00,0.44054,0.44149,0.43716,0.4406,1655418.0
2024-06-11 00:00:00+00:00,0.4406,0.4413,0.42875,0.43499,4276260.0
2024-06-11 04:00:00+00:00,0.43499,0.43499,0.42412,0.43202,3160004.0
2024-06-11 08:00:00+00:00,0.43202,0.43349,0.42737,0.42948,3316362.0
2024-06-11 12:00:00+00:00,0.42948,0.43059,0.4124,0.41933,7934750.0
2024-06-11 16:00:00+00:00,0.41933,0.42324,0.4124,0.42223,3468579.0
2024-06-11 20:00:00+00:00,0.42223,0.42276,0.42036,0.42186,1250024.0
2024-06-12 00:00:00+00:00,0.42186,0.42515,0.41404,0.42458,2841357.0
2024-06-12 04:00:00+00:00,0.42458,0.42613,0.42335,0.4257,1863939.0
2024-06-12 08:00:00+00:00,0.4257,0.42898,0.42391,0.42457,3321456.0
2024-06-12 12:00:00+00:00,0.42457,0.44321,0.42457,0.44043,4681530.0
2024-06-12 16:00:00+00:00,0.44043,0.44439,0.431,0.43317,4089959.0
2024-06-12 20:00:00+00:00,0.43317,0.43942,0.43167,0.43741,1184226.0
2024-06-13 00:00:00+00:00,0.43741,0.43916,0.42664,0.43127,2689568.0
2024-06-13 04:00:00+00:00,0.43127,0.43339,0.4284,0.4312,1664044.0
2024-06-13 08:00:00+00:00,0.4312,0.43396,0.42765,0.42933,2871947.0
2024-06-13 12:00:00+00:00,0.42933,0.43386,0.4199,0.4206,3159583.0
2024-06-13 16:00:00+00:00,0.4206,0.42622,0.41885,0.42387,1003670.0
2024-06-13 20:00:00+00:00,0.42387,0.4247,0.41888,0.42089,1479674.0
2024-06-14 00:00:00+00:00,0.42089,0.42403,0.41809,0.42038,963795.0
2024-06-14 04:00:00+00:00,0.42038,0.42478,0.42035,0.42234,1333836.0
2024-06-14 08:00:00+00:00,0.42234,0.4241,0.42128,0.42247,2216152.0
2024-06-14 12:00:00+00:00,0.42247,0.42413,0.41175,0.41353,3635367.0
2024-06-14 16:00:00+00:00,0.41353,0.41412,0.3976,0.40397,6685382.0
2024-06-14 20:00:00+00:00,0.40397,0.41379,0.40397,0.41126,1234467.0
2024-06-15 00:00:00+00:00,0.41126,0.41199,0.40723,0.41137,740923.0
2024-06-15 04:00:00+00:00,0.41137,0.41536,0.41041,0.41159,1358391.0
2024-06-15 08:00:00+00:00,0.41159,0.41265,0.40952,0.41057,2703958.0
2024-06-15 12:00:00+00:00,0.41057,0.41306,0.40945,0.41188,908925.0
2024-06-15 16:00:00+00:00,0.41188,0.41469,0.41056,0.41355,998377.0
2024-06-15 20:00:00+00:00,0.41355,0.4143,0.41083,0.41386,1166825.0
2024-06-16 00:00:00+00:00,0.41386,0.41417,0.41023,0.41093,1040613.0
2024-06-16 04:00:00+00:00,0.41093,0.41429,0.40865,0.41212,1439929.0
2024-06-16 08:00:00+00:00,0.41212,0.41501,0.41132,0.4142,1222992.0
2024-06-16 12:00:00+00:00,0.4142,0.4176,0.4138,0.4166,1304995.0
2024-06-16 16:00:00+00:00,0.4166,0.41666,0.41401,0.41635,504605.0
2024-06-16 20:00:00+00:00,0.41635,0.41888,0.41507,0.41687,678196.0
2024-06-17 00:00:00+00:00,0.41687,0.41833,0.4118,0.41193,953843.0
2024-06-17 04:00:00+00:00,0.41193,0.41372,0.40587,0.41007,1663908.0
2024-06-17 08:00:00+00:00,0.41007,0.41071,0.40049,0.40463,2972492.0
2024-06-17 12:00:00+00:00,0.40463,0.40517,0.39872,0.39995,2337462.0
2024-06-17 16:00:00+00:00,0.39995,0.42041,0.38949,0.4124,15498126.0
2024-06-17 20:00:00+00:00,0.4124,0.41258,0.40049,0.40092,1497574.0
2024-06-18 00:00:00+00:00,0.40092,0.40246,0.35541,0.37864,17155230.0
2024-06-18 04:00:00+00:00,0.37864,0.3812,0.37616,0.37942,2302457.0
2024-06-18 08:00:00+00:00,0.37942,0.381,0.37079,0.37448,3750086.0
2024-06-18 12:00:00+00:00,0.37448,0.37617,0.36584,0.37439,5213921.0
2024-06-18 16:00:00+00:00,0.37439,0.37508,0.36677,0.3737,2025592.0
2024-06-18 20:00:00+00:00,0.3737,0.38495,0.37324,0.38351,1724486.0
2024-06-19 00:00:00+00:00,0.38351,0.39346,0.37942,0.39184,2702676.0
2024-06-19 04:00:00+00:00,0.39184,0.39754,0.39184,0.39235,2102960.0
2024-06-19 08:00:00+00:00,0.39235,0.39247,0.3836,0.38532,2693909.0
2024-06-19 12:00:00+00:00,0.38532,0.38787,0.38071,0.38298,1361298.0
2024-06-19 16:00:00+00:00,0.38298,0.39009,0.38147,0.38613,1315173.0
2024-06-19 20:00:00+00:00,0.38613,0.3881,0.38194,0.38398,841095.0
2024-06-20 00:00:00+00:00,0.38398,0.38992,0.38226,0.38798,1285177.0
2024-06-20 04:00:00+00:00,0.38798,0.39422,0.38671,0.39281,1879425.0
2024-06-20 08:00:00+00:00,0.39281,0.39678,0.39002,0.39337,1516518.0
2024-06-20 12:00:00+00:00,0.39337,0.39433,0.38095,0.38131,2439990.0
2024-06-20 16:00:00+00:00,0.38131,0.38812,0.37713,0.3872,4667840.0
2024-06-20 20:00:00+00:00,0.3872,0.388,0.38384,0.38398,685152.0
2024-06-21 00:00:00+00:00,0.38398,0.3874,0.38129,0.38664,2614708.0
2024-06-21 04:00:00+00:00,0.38664,0.39049,0.38414,0.38626,1206136.0
2024-06-21 08:00:00+00:00,0.38626,0.38768,0.37905,0.38451,1306343.0
2024-06-21 12:00:00+00:00,0.38451,0.38526,0.37503,0.37983,2603724.0
2024-06-21 16:00:00+00:00,0.37983,0.38177,0.37355,0.37815,1520660.0
2024-06-21 20:00:00+00:00,0.37815,0.38085,0.3754,0.37569,1311963.0
2024-06-22 00:00:00+00:00,0.37569,0.37728,0.37067,0.37324,1349043.0
2024-06-22 04:00:00+00:00,0.37324,0.37751,0.37279,0.37599,1381306.0
2024-06-22 08:00:00+00:00,0.37599,0.37739,0.37364,0.37703,1008810.0
2024-06-22 12:00:00+00:00,0.37703,0.39026,0.37631,0.38574,12251309.0
2024-06-22 16:00:00+00:00,0.38574,0.38805,0.38353,0.38551,2180408.0
2024-06-22 20:00:00+00:00,0.38551,0.38668,0.38401,0.38414,761703.0
2024-06-23 00:00:00+00:00,0.38414,0.39017,0.38315,0.38878,1314765.0
2024-08-18 16:00:00+00:00,0.3383,0.3392,0.3351,0.3387,1877957.0
2024-08-18 20:00:00+00:00,0.3387,0.3392,0.3335,0.3339,3341166.0
2024-08-19 00:00:00+00:00,0.3339,0.3359,0.3324,0.3336,2565735.0
2024-08-19 04:00:00+00:00,0.3336,0.3348,0.3302,0.3305,2093982.0
2024-08-19 08:00:00+00:00,0.3305,0.334,0.3275,0.3312,3405942.0
2024-08-19 12:00:00+00:00,0.3312,0.3348,0.3283,0.3322,2861424.0
2024-08-19 16:00:00+00:00,0.3322,0.3374,0.3297,0.3352,3036859.0
2024-08-19 20:00:00+00:00,0.3352,0.3366,0.3341,0.336,2552742.0
2024-08-20 00:00:00+00:00,0.336,0.3432,0.3351,0.3409,1388712.0
2024-08-20 04:00:00+00:00,0.3409,0.3453,0.3402,0.3439,1707369.0
2024-08-20 08:00:00+00:00,0.3439,0.3448,0.3415,0.3438,1405947.0
2024-08-20 12:00:00+00:00,0.3438,0.346,0.3347,0.3387,4989124.0
2024-08-20 16:00:00+00:00,0.3387,0.3475,0.3382,0.3471,1892153.0
2024-08-20 20:00:00+00:00,0.3471,0.348,0.3424,0.343,1182265.0
2024-08-21 00:00:00+00:00,0.343,0.3486,0.3418,0.3485,950425.0
2024-08-21 04:00:00+00:00,0.3485,0.36,0.3484,0.3584,5408878.0
2024-08-21 08:00:00+00:00,0.3584,0.3599,0.3495,0.3508,3290270.0
2024-08-21 12:00:00+00:00,0.3508,0.3582,0.3488,0.3568,3383374.0
2024-08-21 16:00:00+00:00,0.3568,0.377,0.3559,0.376,8213499.0
2024-08-21 20:00:00+00:00,0.376,0.3766,0.3666,0.3685,3125710.0
2024-08-22 00:00:00+00:00,0.3685,0.3737,0.3649,0.3687,3315363.0
2024-08-22 04:00:00+00:00,0.3687,0.3692,0.3636,0.366,1708673.0
2024-08-22 08:00:00+00:00,0.366,0.3737,0.3643,0.3736,2027029.0
2024-08-22 12:00:00+00:00,0.3736,0.3757,0.3682,0.3697,3590171.0
2024-08-22 16:00:00+00:00,0.3697,0.3722,0.3676,0.3696,1878378.0
2024-08-22 20:00:00+00:00,0.3696,0.3769,0.3694,0.3755,2245204.0
2024-08-23 00:00:00+00:00,0.3755,0.3791,0.3737,0.3747,2251685.0
2024-08-23 04:00:00+00:00,0.3747,0.3836,0.3733,0.3819,4721437.0
2024-08-23 08:00:00+00:00,0.3819,0.3871,0.3787,0.3792,2453054.0
2024-08-23 12:00:00+00:00,0.3792,0.384,0.3738,0.3823,5929459.0
2024-08-23 16:00:00+00:00,0.3823,0.3901,0.3813,0.3889,4784821.0
2024-08-23 20:00:00+00:00,0.3889,0.3923,0.3867,0.3913,3253698.0
2024-08-24 00:00:00+00:00,0.3913,0.394,0.3872,0.3901,3456745.0
2024-08-24 04:00:00+00:00,0.3901,0.3916,0.3877,0.3889,1325595.0
2024-08-24 08:00:00+00:00,0.3889,0.3961,0.3878,0.3921,1808665.0
2024-08-24 12:00:00+00:00,0.3921,0.39667,0.3912,0.3943,2012559.0
2024-08-24 16:00:00+00:00,0.3943,0.4013,0.3938,0.3984,2951490.0
2024-08-24 20:00:00+00:00,0.3984,0.3989,0.3874,0.3933,3043423.0
2024-08-25 00:00:00+00:00,0.3933,0.3939,0.3822,0.3863,1578599.0
2024-08-25 04:00:00+00:00,0.3863,0.3874,0.377,0.3786,2989692.0
2024-08-25 08:00:00+00:00,0.3786,0.3833,0.3771,0.3814,1851188.0
2024-08-25 12:00:00+00:00,0.3814,0.391,0.3793,0.3875,1425945.0
2024-08-25 16:00:00+00:00,0.3875,0.3907,0.3841,0.3861,761799.0
2024-08-25 20:00:00+00:00,0.3861,0.3895,0.3835,0.3847,1039667.0
2024-08-26 00:00:00+00:00,0.3847,0.3876,0.3782,0.3834,1247529.0
2024-08-26 04:00:00+00:00,0.3834,0.3853,0.3765,0.3769,1974194.0
2024-08-26 08:00:00+00:00,0.3769,0.3815,0.372,0.3755,2782864.0
2024-08-26 12:00:00+00:00,0.3755,0.3755,0.3691,0.3726,3311593.0
2024-08-26 16:00:00+00:00,0.3726,0.3739,0.366,0.3679,2929223.0
2024-08-26 20:00:00+00:00,0.3679,0.3699,0.3658,0.3659,1468404.0
2024-08-27 00:00:00+00:00,0.3659,0.3709,0.3658,0.3676,1280583.0
2024-08-27 04:00:00+00:00,0.3676,0.3728,0.3669,0.3683,1194805.0
2024-08-27 08:00:00+00:00,0.3683,0.3689,0.3599,0.3628,3627977.0
2024-08-27 12:00:00+00:00,0.3628,0.3662,0.3609,0.3624,3823188.0
2024-08-27 16:00:00+00:00,0.3624,0.3676,0.3608,0.364,1561334.0
2024-08-27 20:00:00+00:00,0.364,0.3669,0.3407,0.35,8088958.0
2024-08-28 00:00:00+00:00,0.35,0.3528,0.3461,0.3519,2992327.0
2024-08-28 04:00:00+00:00,0.3519,0.3543,0.3459,0.3463,3315178.0
2024-08-28 08:00:00+00:00,0.3463,0.3586,0.3432,0.3573,3174752.0
2024-08-28 12:00:00+00:00,0.3573,0.3602,0.3485,0.3511,6991711.0
2024-08-28 16:00:00+00:00,0.3511,0.3565,0.3403,0.3514,1977738.0
2024-08-28 20:00:00+00:00,0.3514,0.3569,0.3466,0.3496,2125658.0
2024-08-29 00:00:00+00:00,0.3496,0.3558,0.3487,0.3547,1174639.0
2024-08-29 04:00:00+00:00,0.3547,0.3578,0.3528,0.3578,1358592.0
2024-08-29 08:00:00+00:00,0.3578,0.365,0.3576,0.3602,4255340.0
2024-08-29 12:00:00+00:00,0.3602,0.3669,0.3598,0.364,3207639.0
2024-08-29 16:00:00+00:00,0.364,0.3651,0.3487,0.3539,8475227.0
2024-08-29 20:00:00+00:00,0.3539,0.3578,0.3518,0.3576,1085814.0
2024-08-30 00:00:00+00:00,0.3576,0.3617,0.3528,0.3553,1377294.0
2024-08-30 04:00:00+00:00,0.3553,0.3571,0.3536,0.3552,1289503.0
2024-08-30 08:00:00+00:00,0.3552,0.3592,0.3506,0.3506,5831382.0
2024-08-30 12:00:00+00:00,0.3506,0.3545,0.3376,0.3393,10720818.0
2024-08-30 16:00:00+00:00,0.3393,0.349,0.3365,0.3448,3111313.0
2024-08-30 20:00:00+00:00,0.3448,0.3479,0.3448,0.3467,1177371.0
2024-08-31 00:00:00+00:00,0.3467,0.348,0.345,0.3472,853674.0
2024-08-31 04:00:00+00:00,0.3472,0.3502,0.347,0.3473,1088679.0
2024-08-31 08:00:00+00:00,0.3473,0.349,0.345,0.3479,2023702.0
2024-08-31 12:00:00+00:00,0.3479,0.3493,0.347,0.3487,966106.0
2024-08-31 16:00:00+00:00,0.3487,0.349,0.3445,0.3464,1443415.0
2024-08-31 20:00:00+00:00,0.3464,0.3469,0.3443,0.3443,1133580.0
2024-09-01 00:00:00+00:00,0.3443,0.3457,0.3388,0.3445,2663663.0
2024-09-01 04:00:00+00:00,0.3445,0.3445,0.3387,0.344,2566764.0
2024-09-01 08:00:00+00:00,0.344,0.3447,0.34,0.3427,1552173.0
2024-09-01 12:00:00+00:00,0.3427,0.3433,0.3345,0.34,4078764.0
2024-09-01 16:00:00+00:00,0.34,0.3418,0.3334,0.3394,1904615.0
2024-09-01 20:00:00+00:00,0.3394,0.3416,0.3262,0.331,3596902.0
2024-09-02 00:00:00+00:00,0.331,0.3343,0.3302,0.3312,1148495.0
2024-09-02 04:00:00+00:00,0.3312,0.3314,0.3246,0.3256,1589180.0
2024-09-02 08:00:00+00:00,0.3256,0.3362,0.3251,0.3338,3640466.0
2024-09-02 12:00:00+00:00,0.3338,0.3345,0.3267,0.332,3027082.0
2024-09-02 16:00:00+00:00,0.332,0.3339,0.3295,0.3308,1352892.0
2024-09-02 20:00:00+00:00,0.3308,0.3371,0.3301,0.3358,3584121.0
2024-09-03 00:00:00+00:00,0.3358,0.3396,0.3339,0.3348,2497990.0
2024-09-03 04:00:00+00:00,0.3348,0.3355,0.3318,0.3334,1767068.0
2024-09-03 08:00:00+00:00,0.3334,0.3335,0.3279,0.33,2138188.0
2024-09-03 12:00:00+00:00,0.33,0.3319,0.319,0.32,7251547.0
2024-09-03 16:00:00+00:00,0.32,0.3258,0.3192,0.3242,2006753.0
2024-09-03 20:00:00+00:00,0.3242,0.3258,0.3172,0.3183,2914000.0
2024-09-04 00:00:00+00:00,0.3183,0.32,0.3044,0.3154,8363091.0
2024-09-04 04:00:00+00:00,0.3154,0.3217,0.3124,0.3205,4168634.0
2024-09-04 08:00:00+00:00,0.3205,0.3244,0.315,0.3178,18353907.0
2024-09-04 12:00:00+00:00,0.3178,0.3261,0.3152,0.326,4579287.0
2024-09-04 16:00:00+00:00,0.326,0.329,0.3207,0.3228,3539217.0
2024-09-04 20:00:00+00:00,0.3228,0.3259,0.3217,0.3229,1359222.0
2024-09-05 00:00:00+00:00,0.3229,0.3254,0.3196,0.32,3031917.0
2024-09-05 04:00:00+00:00,0.32,0.3241,0.319,0.3236,4223778.0
2024-09-05 08:00:00+00:00,0.3236,0.3272,0.3217,0.3272,3894603.0
2024-09-05 12:00:00+00:00,0.3272,0.3395,0.3254,0.3258,12531409.0
2024-09-05 16:00:00+00:00,0.3258,0.3298,0.3193,0.3215,7683484.0
2024-09-05 20:00:00+00:00,0.3215,0.3257,0.32,0.3248,3016526.0
2024-09-06 00:00:00+00:00,0.3248,0.3283,0.3231,0.3273,2638473.0
2024-09-06 04:00:00+00:00,0.3273,0.3314,0.3175,0.3197,7734913.0
2024-09-06 08:00:00+00:00,0.3197,0.3225,0.3172,0.3214,4929617.0
2024-09-06 12:00:00+00:00,0.3214,0.3266,0.3129,0.3173,8887972.0
2024-09-06 16:00:00+00:00,0.3173,0.3176,0.3106,0.3131,3070103.0
2024-09-06 20:00:00+00:00,0.3131,0.3147,0.3028,0.3145,4135743.0
2024-09-07 00:00:00+00:00,0.3145,0.3193,0.3142,0.3181,2244837.0
2024-09-07 04:00:00+00:00,0.3181,0.3238,0.318,0.323,2422211.0
2024-09-07 08:00:00+00:00,0.323,0.3238,0.32,0.323,2371748.0
2024-09-07 12:00:00+00:00,0.323,0.3257,0.3224,0.324,2989712.0
2024-09-07 16:00:00+00:00,0.324,0.3275,0.3232,0.3269,1851002.0
2024-09-07 20:00:00+00:00,0.3269,0.3271,0.3219,0.3249,1267118.0
2024-09-08 00:00:00+00:00,0.3249,0.3307,0.3233,0.3301,3414335.0
2024-09-08 04:00:00+00:00,0.3301,0.3353,0.3301,0.3342,2493997.0
2024-09-08 08:00:00+00:00,0.3342,0.3398,0.3327,0.3386,2626530.0
2024-09-08 12:00:00+00:00,0.3386,0.3406,0.3315,0.3322,6292912.0
2024-09-08 16:00:00+00:00,0.3322,0.339,0.3311,0.3358,4838194.0
2024-09-08 20:00:00+00:00,0.3358,0.3404,0.3334,0.3385,2572344.0
2024-09-09 00:00:00+00:00,0.3385,0.3486,0.3385,0.3444,7030242.0
2024-09-09 04:00:00+00:00,0.3444,0.3452,0.3389,0.3416,3114254.0
2024-09-09 08:00:00+00:00,0.3416,0.3424,0.3398,0.3405,2858835.0
2024-09-09 12:00:00+00:00,0.3405,0.3433,0.3369,0.3412,2462635.0
2024-09-09 16:00:00+00:00,0.3412,0.3446,0.341,0.3443,2770688.0
2024-09-09 20:00:00+00:00,0.3443,0.3486,0.3425,0.343,3751069.0
2024-09-10 00:00:00+00:00,0.343,0.3433,0.337,0.3389,1597586.0
2024-09-10 04:00:00+00:00,0.3389,0.3425,0.3385,0.342,2084397.0
2024-09-10 08:00:00+00:00,0.342,0.344,0.3397,0.3432,3853404.0
2024-09-10 12:00:00+00:00,0.3432,0.3448,0.339,0.3411,3623823.0
2024-09-10 16:00:00+00:00,0.3411,0.3454,0.341,0.3433,3749509.0
2024-09-10 20:00:00+00:00,0.3433,0.3441,0.3413,0.3426,1112308.0
2024-09-11 00:00:00+00:00,0.3426,0.3433,0.3372,0.3392,1691024.0
2024-09-11 04:00:00+00:00,0.3392,0.3397,0.3344,0.3396,2860024.0
2024-09-11 08:00:00+00:00,0.3396,0.3396,0.3339,0.3365,2039582.0
2024-09-11 12:00:00+00:00,0.3365,0.34,0.3294,0.3371,4384366.0
2024-09-11 16:00:00+00:00,0.3371,0.3477,0.3367,0.347,4079429.0
2024-09-11 20:00:00+00:00,0.347,0.3568,0.3447,0.3526,6101272.0
2024-09-12 00:00:00+00:00,0.3526,0.3586,0.3526,0.3544,3608108.0
2024-09-12 04:00:00+00:00,0.3544,0.3562,0.3531,0.3558,3930883.0
2024-09-12 08:00:00+00:00,0.3558,0.3605,0.3554,0.3572,9743034.0
2024-09-12 12:00:00+00:00,0.3572,0.3613,0.3541,0.3552,7203324.0
2024-09-12 16:00:00+00:00,0.3552,0.3567,0.3532,0.3539,2402752.0
2024-09-12 20:00:00+00:00,0.3539,0.3566,0.3514,0.356,1395117.0
2024-09-13 00:00:00+00:00,0.356,0.3568,0.353,0.3535,1612576.0
2024-09-13 04:00:00+00:00,0.3535,0.3573,0.3534,0.3563,2451907.0
2024-09-13 08:00:00+00:00,0.3563,0.3573,0.3521,0.3524,2514709.0
2024-09-13 12:00:00+00:00,0.3524,0.364,0.35,0.3635,8854306.0
2024-09-13 16:00:00+00:00,0.3635,0.3648,0.3581,0.3583,3381268.0
2024-09-13 20:00:00+00:00,0.3583,0.3625,0.3582,0.3601,1461973.0
2024-09-14 00:00:00+00:00,0.3601,0.3612,0.3586,0.3586,847877.0
2024-09-14 04:00:00+00:00,0.3586,0.3599,0.3571,0.359,1054683.0
2024-09-14 08:00:00+00:00,0.359,0.359,0.353,0.3534,2110022.0
2024-09-14 12:00:00+00:00,0.3534,0.3556,0.3525,0.3542,2113839.0
2024-09-14 16:00:00+00:00,0.3542,0.3552,0.3507,0.3524,2090211.0
2024-09-14 20:00:00+00:00,0.3524,0.3544,0.3517,0.3539,644232.0
2024-09-15 00:00:00+00:00,0.3539,0.356,0.3524,0.3537,824672.0
2024-09-15 04:00:00+00:00,0.3537,0.355,0.3517,0.355,1616226.0
2024-09-15 08:00:00+00:00,0.355,0.3553,0.3473,0.3488,2103436.0
2024-09-15 12:00:00+00:00,0.3488,0.3498,0.3451,0.3483,3195593.0
2024-09-15 16:00:00+00:00,0.3483,0.3483,0.341,0.3416,6135846.0
2024-09-15 20:00:00+00:00,0.3416,0.3422,0.3338,0.3381,6878240.0
2024-09-16 00:00:00+00:00,0.3381,0.3381,0.3296,0.3343,5890476.0
2024-09-16 04:00:00+00:00,0.3343,0.3366,0.3329,0.3364,1639042.0
2024-09-16 08:00:00+00:00,0.3364,0.3371,0.3308,0.3325,1907210.0
2024-09-16 12:00:00+00:00,0.3325,0.3329,0.3265,0.3307,4855492.0
2024-09-16 16:00:00+00:00,0.3307,0.3312,0.3268,0.3289,2732078.0
2024-09-16 20:00:00+00:00,0.3289,0.3306,0.326,0.3298,1471223.0
2024-09-17 00:00:00+00:00,0.3298,0.3322,0.3279,0.3317,1207253.0
2024-09-17 04:00:00+00:00,0.3317,0.3355,0.3314,0.3333,1868648.0
2024-09-17 08:00:00+00:00,0.3333,0.3346,0.3303,0.331,1540133.0
2024-09-17 12:00:00+00:00,0.331,0.3427,0.3304,0.3406,5694661.0
2024-09-17 16:00:00+00:00,0.3406,0.3408,0.3308,0.3335,8320765.0
2024-09-17 20:00:00+00:00,0.3335,0.3354,0.3322,0.3334,1724737.0
2024-09-18 00:00:00+00:00,0.3334,0.3384,0.3301,0.3366,3237503.0
2024-09-18 04:00:00+00:00,0.3366,0.3368,0.3329,0.3335,1070157.0
2024-09-18 08:00:00+00:00,0.3335,0.3335,0.3278,0.3302,2933485.0
2024-09-18 12:00:00+00:00,0.3302,0.3318,0.3269,0.3281,2953671.0
2024-09-18 16:00:00+00:00,0.3281,0.3393,0.3269,0.3338,9629108.0
2024-09-18 20:00:00+00:00,0.3338,0.344,0.3312,0.3438,2061219.0
2024-09-19 00:00:00+00:00,0.3438,0.351,0.3437,0.3482,4511370.0
2024-09-19 04:00:00+00:00,0.3482,0.3496,0.3448,0.3474,4199579.0
2024-09-19 08:00:00+00:00,0.3474,0.349,0.3456,0.3488,2763764.0
2024-09-19 12:00:00+00:00,0.3488,0.3544,0.3483,0.3517,6660875.0
2024-09-19 16:00:00+00:00,0.3517,0.356,0.3515,0.3521,4458630.0
2024-09-19 20:00:00+00:00,0.3521,0.3538,0.3497,0.3506,2181972.0
2024-09-20 00:00:00+00:00,0.3506,0.3586,0.3483,0.3583,2231309.0
2024-09-20 04:00:00+00:00,0.3583,0.3608,0.356,0.3593,2956352.0
2024-09-20 08:00:00+00:00,0.3593,0.3597,0.3554,0.356,2733223.0
2024-09-20 12:00:00+00:00,0.356,0.3583,0.3525,0.3542,4783850.0
2024-09-20 16:00:00+00:00,0.3542,0.3555,0.3493,0.3513,2979551.0
2024-09-20 20:00:00+00:00,0.3513,0.3534,0.3504,0.3519,3183320.0
2024-11-16 12:00:00+00:00,0.7525,0.8196,0.7338,0.7468,54159333.0
2024-11-16 16:00:00+00:00,0.7468,0.7747,0.7408,0.7596,25756617.0
2024-11-16 20:00:00+00:00,0.7596,0.7683,0.7305,0.7426,16118105.0
2024-11-17 00:00:00+00:00,0.7426,0.7733,0.6913,0.7154,27858768.0
2024-11-17 04:00:00+00:00,0.7154,0.7309,0.7067,0.7184,9747221.0
2024-11-17 08:00:00+00:00,0.7184,0.7303,0.7082,0.7086,13591983.0
2024-11-17 12:00:00+00:00,0.7086,0.7342,0.7074,0.7264,11162793.0
2024-11-17 16:00:00+00:00,0.7264,0.7494,0.7106,0.7171,16709075.0
2024-11-17 20:00:00+00:00,0.7171,0.7219,0.6979,0.7031,12119264.0
2024-11-18 00:00:00+00:00,0.7031,0.745,0.7012,0.7373,15299333.0
2024-11-18 04:00:00+00:00,0.7373,0.7804,0.7343,0.7624,21747385.0
2024-11-18 08:00:00+00:00,0.7624,0.785,0.7309,0.7356,30861009.0
2024-11-18 12:00:00+00:00,0.7356,0.7698,0.7179,0.7655,24699662.0
2024-11-18 16:00:00+00:00,0.7655,0.7697,0.7233,0.7373,17375215.0
2024-11-18 20:00:00+00:00,0.7373,0.7508,0.7318,0.7332,8073713.0
2024-11-19 00:00:00+00:00,0.7332,0.7544,0.7288,0.7528,4597403.0
2024-11-19 04:00:00+00:00,0.7528,0.7655,0.7374,0.7555,8949214.0
2024-11-19 08:00:00+00:00,0.7555,0.7567,0.7308,0.7382,8175849.0
2024-11-19 12:00:00+00:00,0.7382,0.7569,0.7229,0.7302,13582640.0
2024-11-19 16:00:00+00:00,0.7302,0.7531,0.7263,0.7469,10085652.0
2024-11-19 20:00:00+00:00,0.7469,0.7622,0.7201,0.739,17264567.0
2024-11-20 00:00:00+00:00,0.739,0.7779,0.7386,0.771,29702258.0
2024-11-20 04:00:00+00:00,0.771,0.8042,0.7615,0.7899,28446385.0
2024-11-20 08:00:00+00:00,0.7899,0.8491,0.7868,0.8266,49008365.0
2024-11-20 12:00:00+00:00,0.8266,0.8442,0.811,0.8352,37178698.0
2024-11-20 16:00:00+00:00,0.8352,0.844,0.7842,0.7991,35628337.0
2024-11-20 20:00:00+00:00,0.7991,0.8219,0.7915,0.8003,24197742.0
2024-11-21 00:00:00+00:00,0.8003,0.8194,0.7664,0.7756,30415920.0
2024-11-21 04:00:00+00:00,0.7756,0.8018,0.7712,0.7855,18884290.0
2024-11-21 08:00:00+00:00,0.7855,0.7939,0.7713,0.7866,18779507.0
2024-11-21 12:00:00+00:00,0.7866,0.8107,0.7704,0.7798,40097925.0
2024-11-21 16:00:00+00:00,0.7798,0.813,0.7785,0.7969,32825437.0
2024-11-21 20:00:00+00:00,0.7969,0.825,0.7861,0.8224,18663732.0
2024-11-22 00:00:00+00:00,0.8224,0.8887,0.8132,0.8719,48739847.0
2024-11-22 04:00:00+00:00,0.8719,0.9014,0.8538,0.8557,28817792.0
2024-11-22 08:00:00+00:00,0.8557,0.9184,0.8523,0.9148,27559937.0
2024-11-22 12:00:00+00:00,0.9148,0.9335,0.8796,0.9265,56582128.0
2024-11-22 16:00:00+00:00,0.9265,0.9896,0.9239,0.9689,67531177.0
2024-11-22 20:00:00+00:00,0.9689,1.0443,0.968,1.0184,62935433.0
2024-11-23 00:00:00+00:00,1.0184,1.1574,1.0163,1.0938,83012494.0
2024-11-23 04:00:00+00:00,1.0938,1.1093,1.0402,1.096,29622009.0
2024-11-23 08:00:00+00:00,1.096,1.1105,1.067,1.0865,24785742.0
2024-11-23 12:00:00+00:00,1.0865,1.149,1.0614,1.1041,43781031.0
2024-11-23 16:00:00+00:00,1.1041,1.1309,1.023,1.0671,46715818.0
2024-11-23 20:00:00+00:00,1.0671,1.0937,1.0302,1.0673,21438496.0
2024-11-24 00:00:00+00:00,1.0673,1.0996,1.0526,1.0827,17342343.0
2024-11-24 04:00:00+00:00,1.0827,1.0922,1.0455,1.0748,10688483.0
2024-11-24 08:00:00+00:00,1.0748,1.0796,0.9994,1.005,26150198.0
2024-11-24 12:00:00+00:00,1.005,1.0213,0.9412,0.9501,51910114.0
2024-11-24 16:00:00+00:00,0.9501,1.0051,0.9435,0.983,22874454.0
2024-11-24 20:00:00+00:00,0.983,1.0395,0.9789,1.0228,18972345.0
2024-11-25 00:00:00+00:00,1.0228,1.0244,0.9728,1.0142,15961215.0
2024-11-25 04:00:00+00:00,1.0142,1.0786,1.0129,1.0395,18380718.0
2024-11-25 08:00:00+00:00,1.0395,1.0737,1.0377,1.0505,20588129.0
2024-11-25 12:00:00+00:00,1.0505,1.061,0.972,1.0076,29992532.0
2024-11-25 16:00:00+00:00,1.0076,1.0192,0.9806,1.0046,14818869.0
2024-11-25 20:00:00+00:00,1.0046,1.012,0.9306,0.9445,31481468.0
2024-11-26 00:00:00+00:00,0.9445,0.9818,0.9388,0.9711,13364394.0
2024-11-26 04:00:00+00:00,0.9711,0.991,0.9531,0.9601,12145477.0
2024-11-26 08:00:00+00:00,0.9601,0.9609,0.8752,0.9064,49762434.0
2024-11-26 12:00:00+00:00,0.9064,0.9363,0.8885,0.9068,34727029.0
2024-11-26 16:00:00+00:00,0.9068,0.9447,0.8934,0.942,34523472.0
2024-11-26 20:00:00+00:00,0.942,0.9666,0.9322,0.9604,23046983.0
2024-11-27 00:00:00+00:00,0.9604,0.9739,0.932,0.9496,9464068.0
2024-11-27 04:00:00+00:00,0.9496,0.988,0.9471,0.9836,11633358.0
2024-11-27 08:00:00+00:00,0.9836,1.026,0.968,1.0077,26661553.0
2024-11-27 12:00:00+00:00,1.0077,1.0422,0.9781,1.0355,28165578.0
2024-11-27 16:00:00+00:00,1.0355,1.0406,1.0059,1.019,16725706.0
2024-11-27 20:00:00+00:00,1.019,1.0395,1.0025,1.0127,13281470.0
2024-11-28 00:00:00+00:00,1.0127,1.032,0.9885,1.0069,13062111.0
2024-11-28 04:00:00+00:00,1.0069,1.0271,0.9916,0.9972,8650551.0
2024-11-28 08:00:00+00:00,0.9972,1.0043,0.9818,0.9981,12644799.0
2024-11-28 12:00:00+00:00,0.9981,1.0108,0.9703,0.9778,23923267.0
2024-11-28 16:00:00+00:00,0.9778,1.0082,0.9774,1.0029,8252158.0
2024-11-28 20:00:00+00:00,1.0029,1.05,0.9965,1.0323,18059173.0
2024-11-29 00:00:00+00:00,1.0323,1.0628,1.0286,1.0498,15138252.0
2024-11-29 04:00:00+00:00,1.0498,1.0791,1.0365,1.0468,15751973.0
2024-11-29 08:00:00+00:00,1.0468,1.0882,1.0437,1.065,21296915.0
2024-11-29 12:00:00+00:00,1.065,1.1,1.0549,1.0752,27355119.0
2024-11-29 16:00:00+00:00,1.0752,1.083,1.0377,1.0519,18069081.0
2024-11-29 20:00:00+00:00,1.0519,1.0866,1.0447,1.0762,13169295.0
2024-11-30 00:00:00+00:00,1.0762,1.0899,1.0512,1.0698,18726352.0
2024-11-30 04:00:00+00:00,1.0698,1.1468,1.0607,1.1299,26523107.0
2024-11-30 08:00:00+00:00,1.1299,1.1517,1.0787,1.0959,28382946.0
2024-11-30 12:00:00+00:00,1.0959,1.096,1.0723,1.0931,14574231.0
2024-11-30 16:00:00+00:00,1.0931,1.0964,1.0798,1.0872,13880020.0
2024-11-30 20:00:00+00:00,1.0872,1.0974,1.0739,1.0795,11369368.0
2024-12-01 00:00:00+00:00,1.0795,1.0859,1.0379,1.0523,15649732.0
2024-12-01 04:00:00+00:00,1.0523,1.061,1.0446,1.0575,5532453.0
2024-12-01 08:00:00+00:00,1.0575,1.0788,1.0562,1.0727,10290724.0
2024-12-01 12:00:00+00:00,1.0727,1.0757,1.0579,1.0742,8325200.0
2024-12-01 16:00:00+00:00,1.0742,1.0982,1.0563,1.0949,13087035.0
2024-12-01 20:00:00+00:00,1.0949,1.1652,1.0754,1.1511,47335019.0
2024-12-02 00:00:00+00:00,1.1511,1.1926,1.1261,1.1409,37291527.0
2024-12-02 04:00:00+00:00,1.1409,1.1688,1.1177,1.1418,28229113.0
2024-12-02 08:00:00+00:00,1.1418,1.1585,1.0574,1.0739,49083934.0
2024-12-02 12:00:00+00:00,1.0739,1.226,1.069,1.2076,60965929.0
2024-12-02 16:00:00+00:00,1.2076,1.2445,1.1561,1.2206,59998345.0
2024-12-02 20:00:00+00:00,1.2206,1.235,1.1761,1.2042,22465332.0
2024-12-03 00:00:00+00:00,1.2042,1.3281,1.1852,1.2995,41569607.0
2024-12-03 04:00:00+00:00,1.2995,1.3138,1.2526,1.2694,24033302.0
2024-12-03 08:00:00+00:00,1.2694,1.295,1.2328,1.2858,23147008.0
2024-12-03 12:00:00+00:00,1.2858,1.2961,1.14,1.1979,68223747.0
2024-12-03 16:00:00+00:00,1.1979,1.2266,1.169,1.1892,17233710.0
2024-12-03 20:00:00+00:00,1.1892,1.2359,1.1834,1.1925,18887565.0
2024-12-04 00:00:00+00:00,1.1925,1.2195,1.1809,1.2099,14357461.0
2024-12-04 04:00:00+00:00,1.2099,1.2419,1.2092,1.2299,12846151.0
2024-12-04 08:00:00+00:00,1.2299,1.2437,1.2175,1.2256,14080154.0
2024-12-04 12:00:00+00:00,1.2256,1.2302,1.1843,1.191,22592357.0
2024-12-04 16:00:00+00:00,1.191,1.1971,1.1421,1.1898,24485405.0
2024-12-04 20:00:00+00:00,1.1898,1.2109,1.1641,1.1868,21909588.0
2024-12-05 00:00:00+00:00,1.1868,1.2399,1.117,1.1837,28346817.0
2024-12-05 04:00:00+00:00,1.1837,1.2156,1.1736,1.2081,10954212.0
2024-12-05 08:00:00+00:00,1.2081,1.2398,1.2075,1.226,12395360.0
2024-12-05 12:00:00+00:00,1.226,1.2355,1.1865,1.212,16571403.0
2024-12-05 16:00:00+00:00,1.212,1.2467,1.1865,1.1911,16343302.0
2024-12-05 20:00:00+00:00,1.1911,1.2041,1.1402,1.1605,25158524.0
2024-12-06 00:00:00+00:00,1.1605,1.194,1.1521,1.1892,9006727.0
2024-12-06 04:00:00+00:00,1.1892,1.2014,1.1851,1.1899,6303603.0
2024-12-06 08:00:00+00:00,1.1899,1.1944,1.15,1.1628,12951674.0
2024-12-06 12:00:00+00:00,1.1628,1.226,1.1343,1.2074,19637418.0
2024-12-06 16:00:00+00:00,1.2074,1.2317,1.1984,1.226,9408314.0
2024-12-06 20:00:00+00:00,1.226,1.2388,1.2116,1.2289,9441654.0
2024-12-07 00:00:00+00:00,1.2289,1.2382,1.2002,1.2038,8971250.0
2024-12-07 04:00:00+00:00,1.2038,1.217,1.2005,1.2109,8531925.0
2024-12-07 08:00:00+00:00,1.2109,1.2186,1.1889,1.2077,10008914.0
2024-12-07 12:00:00+00:00,1.2077,1.2216,1.1981,1.2213,7340443.0
2024-12-07 16:00:00+00:00,1.2213,1.2299,1.1949,1.209,8372302.0
2024-12-07 20:00:00+00:00,1.209,1.2198,1.2009,1.2113,6317561.0
2024-12-08 00:00:00+00:00,1.2113,1.2265,1.203,1.2099,8315966.0
2024-12-08 04:00:00+00:00,1.2099,1.215,1.18,1.2041,10997701.0
2024-12-08 08:00:00+00:00,1.2041,1.2214,1.1734,1.2086,13776500.0
2024-12-08 12:00:00+00:00,1.2086,1.2177,1.1806,1.1886,13473844.0
2024-12-08 16:00:00+00:00,1.1886,1.1965,1.1765,1.1827,7910534.0
2024-12-08 20:00:00+00:00,1.1827,1.1998,1.1755,1.1949,7468680.0
2024-12-09 00:00:00+00:00,1.1949,1.1949,1.1506,1.1646,13165758.0
2024-12-09 04:00:00+00:00,1.1646,1.18,1.1401,1.1581,14051040.0
2024-12-09 08:00:00+00:00,1.1581,1.1581,1.0985,1.1042,25756797.0
2024-12-09 12:00:00+00:00,1.1042,1.1518,1.0941,1.1156,20964285.0
2024-12-09 16:00:00+00:00,1.1156,1.1341,1.1063,1.1072,8043515.0
2024-12-09 20:00:00+00:00,1.1072,1.11,0.8952,1.0036,121074847.0
2024-12-10 00:00:00+00:00,1.0036,1.0365,0.9439,0.9919,28357761.0
2024-12-10 04:00:00+00:00,0.9919,1.0237,0.9644,1.0159,14338415.0
2024-12-10 08:00:00+00:00,1.0159,1.0383,0.9991,1.0191,11916446.0
2024-12-10 12:00:00+00:00,1.0191,1.023,0.9473,0.9483,28163332.0
2024-12-10 16:00:00+00:00,0.9483,0.9725,0.9096,0.965,29615508.0
2024-12-10 20:00:00+00:00,0.965,1.028,0.9597,1.0213,16504443.0
2024-12-11 00:00:00+00:00,1.0213,1.0255,0.9721,1.0108,10457298.0
2024-12-11 04:00:00+00:00,1.0108,1.0197,0.9934,0.9946,4981781.0
2024-12-11 08:00:00+00:00,0.9946,1.0337,0.9946,1.0243,5640646.0
2024-12-11 12:00:00+00:00,1.0243,1.1147,1.0238,1.0942,25101318.0
2024-12-11 16:00:00+00:00,1.0942,1.1018,1.0696,1.0812,9316096.0
2024-12-11 20:00:00+00:00,1.0812,1.0982,1.0762,1.0859,6477377.0
2024-12-12 00:00:00+00:00,1.0859,1.1385,1.0724,1.1299,7596029.0
2024-12-12 04:00:00+00:00,1.1299,1.182,1.1276,1.1567,14445118.0
2024-12-12 08:00:00+00:00,1.1567,1.1783,1.1305,1.1407,10254603.0
2024-12-12 12:00:00+00:00,1.1407,1.16,1.1196,1.1384,13843821.0
2024-12-12 16:00:00+00:00,1.1384,1.1554,1.1052,1.1086,15508421.0
2024-12-12 20:00:00+00:00,1.1086,1.1388,1.1056,1.1236,10094540.0
2024-12-13 00:00:00+00:00,1.1236,1.1312,1.0923,1.1076,8819823.0
2024-12-13 04:00:00+00:00,1.1076,1.11,1.0773,1.0889,6797133.0
2024-12-13 08:00:00+00:00,1.0889,1.1084,1.0806,1.0947,10227980.0
2024-12-13 12:00:00+00:00,1.0947,1.1301,1.082,1.0843,16504219.0
2024-12-13 16:00:00+00:00,1.0843,1.1123,1.0804,1.1039,8665359.0
2024-12-13 20:00:00+00:00,1.1039,1.122,1.0997,1.1205,5583967.0
2024-12-14 00:00:00+00:00,1.1205,1.1296,1.1082,1.1161,4018603.0
2024-12-14 04:00:00+00:00,1.1161,1.1335,1.1053,1.1176,4086682.0
2024-12-14 08:00:00+00:00,1.1176,1.1254,1.0945,1.0975,4504444.0
2024-12-14 12:00:00+00:00,1.0975,1.0997,1.0637,1.0786,10865518.0
2024-12-14 16:00:00+00:00,1.0786,1.0786,1.0504,1.0596,7479255.0
2024-12-14 20:00:00+00:00,1.0596,1.0642,1.043,1.0601,5798833.0
2024-12-15 00:00:00+00:00,1.0601,1.0762,1.0494,1.0613,6020019.0
2024-12-15 04:00:00+00:00,1.0613,1.078,1.0382,1.0483,5639524.0
2024-12-15 08:00:00+00:00,1.0483,1.097,1.0477,1.0781,9333471.0
2024-12-15 12:00:00+00:00,1.0781,1.0945,1.0745,1.0868,6010344.0
2024-12-15 16:00:00+00:00,1.0868,1.0953,1.0802,1.0863,3906024.0
2024-12-15 20:00:00+00:00,1.0863,1.1126,1.0516,1.0996,20854198.0
2024-12-16 00:00:00+00:00,1.0996,1.1189,1.0676,1.0737,16323466.0
2024-12-16 04:00:00+00:00,1.0737,1.0985,1.0693,1.0907,5767395.0
2024-12-16 08:00:00+00:00,1.0907,1.0976,1.0493,1.0547,9359083.0
2024-12-16 12:00:00+00:00,1.0547,1.0801,1.0467,1.0674,12885404.0
2024-12-16 16:00:00+00:00,1.0674,1.1213,1.0673,1.1038,13528870.0
2024-12-16 20:00:00+00:00,1.1038,1.1075,1.0762,1.0777,7814180.0
2024-12-17 00:00:00+00:00,1.0777,1.0793,1.0596,1.0756,6809416.0
2024-12-17 04:00:00+00:00,1.0756,1.0759,1.0551,1.0592,7581637.0
2024-12-17 08:00:00+00:00,1.0592,1.1118,1.0585,1.0989,12571526.0
2024-12-17 12:00:00+00:00,1.0989,1.1101,1.0618,1.0706,19448643.0
2024-12-17 16:00:00+00:00,1.0706,1.0989,1.0633,1.0723,12197447.0
2024-12-17 20:00:00+00:00,1.0723,1.0828,1.0413,1.0512,15139961.0
2024-12-18 00:00:00+00:00,1.0512,1.0601,1.035,1.0367,9357514.0
2024-12-18 04:00:00+00:00,1.0367,1.038,1.0133,1.0227,10989422.0
2024-12-18 08:00:00+00:00,1.0227,1.0502,1.0164,1.0497,6017151.0
2024-12-18 12:00:00+00:00,1.0497,1.0503,1.0089,1.0221,13670366.0
2024-12-18 16:00:00+00:00,1.0221,1.0589,1.01,1.01,11466300.0
2024-12-18 20:00:00+00:00,1.01,1.0167,0.952,0.9684,39685410.0
2024-12-19 00:00:00+00:00,0.9684,0.981,0.9164,0.9775,28560404.0
2024-12-19 04:00:00+00:00,0.9775,0.9883,0.9705,0.9818,8627602.0
2024-12-19 08:00:00+00:00,0.9818,0.989,0.963,0.9854,12517211.0
2024-12-19 12:00:00+00:00,0.9854,0.9868,0.9211,0.9431,19081082.0
2024-12-19 16:00:00+00:00,0.9431,0.9503,0.8571,0.8764,39251692.0
2025-02-14 08:00:00+00:00,0.7988,0.8275,0.798,0.8061,10896243.0
2025-02-14 12:00:00+00:00,0.8061,0.8179,0.7962,0.8068,12563799.0
2025-02-14 16:00:00+00:00,0.8068,0.8289,0.7994,0.8167,12127041.0
2025-02-14 20:00:00+00:00,0.8167,0.8199,0.7888,0.799,9974617.0
2025-02-15 00:00:00+00:00,0.799,0.8135,0.79,0.8076,4844986.0
2025-02-15 04:00:00+00:00,0.8076,0.8138,0.7925,0.7959,4709779.0
2025-02-15 08:00:00+00:00,0.7959,0.8038,0.7884,0.7933,8165303.0
2025-02-15 12:00:00+00:00,0.7933,0.7964,0.779,0.7862,7035988.0
2025-02-15 16:00:00+00:00,0.7862,0.7911,0.7802,0.7833,4127249.0
2025-02-15 20:00:00+00:00,0.7833,0.7855,0.7743,0.7805,6498798.0
2025-02-16 00:00:00+00:00,0.7805,0.7881,0.7715,0.7764,3696698.0
2025-02-16 04:00:00+00:00,0.7764,0.7884,0.7753,0.7783,3720043.0
2025-02-16 08:00:00+00:00,0.7783,0.7837,0.7718,0.7827,3815877.0
2025-02-16 12:00:00+00:00,0.7827,0.7844,0.7608,0.77,12838241.0
2025-02-16 16:00:00+00:00,0.77,0.777,0.763,0.7715,4867074.0
2025-02-16 20:00:00+00:00,0.7715,0.784,0.768,0.7708,4118416.0
2025-02-17 00:00:00+00:00,0.7708,0.7985,0.7699,0.7941,11373641.0
2025-02-17 04:00:00+00:00,0.7941,0.817,0.7871,0.7939,19969497.0
2025-02-17 08:00:00+00:00,0.7939,0.8089,0.791,0.8002,12458409.0
2025-02-17 12:00:00+00:00,0.8002,0.8285,0.7996,0.8097,17461314.0
2025-02-17 16:00:00+00:00,0.8097,0.8141,0.7826,0.8061,14561077.0
2025-02-17 20:00:00+00:00,0.8061,0.818,0.7978,0.8082,6610646.0
2025-02-18 00:00:00+00:00,0.8082,0.813,0.7898,0.8065,7606168.0
2025-02-18 04:00:00+00:00,0.8065,0.8138,0.7731,0.7767,13451781.0
2025-02-18 08:00:00+00:00,0.7767,0.7873,0.765,0.7732,12144539.0
2025-02-18 12:00:00+00:00,0.7732,0.7979,0.7465,0.7551,19542216.0
2025-02-18 16:00:00+00:00,0.7551,0.7596,0.7349,0.7472,18320346.0
2025-02-18 20:00:00+00:00,0.7472,0.7572,0.7398,0.7537,9158070.0
2025-02-19 00:00:00+00:00,0.7537,0.7579,0.7395,0.752,4829024.0
2025-02-19 04:00:00+00:00,0.752,0.7695,0.7323,0.7621,10184939.0
2025-02-19 08:00:00+00:00,0.7621,0.7758,0.755,0.7734,12568603.0
2025-02-19 12:00:00+00:00,0.7734,0.7742,0.7498,0.7582,13363372.0
2025-02-19 16:00:00+00:00,0.7582,0.7703,0.7512,0.7597,6557111.0
2025-02-19 20:00:00+00:00,0.7597,0.7753,0.755,0.773,7647764.0
2025-02-20 00:00:00+00:00,0.773,0.7879,0.7696,0.7823,4879552.0
2025-02-20 04:00:00+00:00,0.7823,0.7849,0.7758,0.7804,4983001.0
2025-02-20 08:00:00+00:00,0.7804,0.7949,0.7793,0.791,6538057.0
2025-02-20 12:00:00+00:00,0.791,0.7994,0.7826,0.7835,10293483.0
2025-02-20 16:00:00+00:00,0.7835,0.8111,0.7826,0.8106,7897177.0
2025-02-20 20:00:00+00:00,0.8106,0.811,0.7982,0.8032,5146636.0
2025-02-21 00:00:00+00:00,0.8032,0.8065,0.7963,0.7992,3117709.0
2025-02-21 04:00:00+00:00,0.7992,0.805,0.7955,0.7971,3722750.0
2025-02-21 08:00:00+00:00,0.7971,0.813,0.7943,0.7978,8974040.0
2025-02-21 12:00:00+00:00,0.7978,0.8182,0.7788,0.8,16838922.0
2025-02-21 16:00:00+00:00,0.8,0.8111,0.7509,0.7538,18386336.0
2025-02-21 20:00:00+00:00,0.7538,0.765,0.7497,0.7616,4989155.0
2025-02-22 00:00:00+00:00,0.7616,0.7766,0.7567,0.7646,6948579.0
2025-02-22 04:00:00+00:00,0.7646,0.7726,0.7624,0.7624,3796305.0
2025-02-22 08:00:00+00:00,0.7624,0.774,0.7576,0.7684,6929363.0
2025-02-22 12:00:00+00:00,0.7684,0.7756,0.7659,0.7734,4316819.0
2025-02-22 16:00:00+00:00,0.7734,0.784,0.7713,0.7796,6438932.0
2025-02-22 20:00:00+00:00,0.7796,0.7807,0.7719,0.7731,2241573.0
2025-02-23 00:00:00+00:00,0.7731,0.7778,0.7662,0.7693,4018647.0
2025-02-23 04:00:00+00:00,0.7693,0.7876,0.764,0.7868,10263479.0
2025-02-23 08:00:00+00:00,0.7868,0.788,0.771,0.7724,6155441.0
2025-02-23 12:00:00+00:00,0.7724,0.7791,0.7591,0.761,8641634.0
2025-02-23 16:00:00+00:00,0.761,0.7688,0.7601,0.765,2848869.0
2025-02-23 20:00:00+00:00,0.765,0.7736,0.7607,0.7692,2341202.0
2025-02-24 00:00:00+00:00,0.7692,0.7769,0.7373,0.7379,8888072.0
2025-02-24 04:00:00+00:00,0.7379,0.7478,0.7253,0.7451,7582816.0
2025-02-24 08:00:00+00:00,0.7451,0.7452,0.7255,0.7351,7078503.0
2025-02-24 12:00:00+00:00,0.7351,0.741,0.7075,0.7181,12936290.0
2025-02-24 16:00:00+00:00,0.7181,0.7338,0.7084,0.7158,9696287.0
2025-02-24 20:00:00+00:00,0.7158,0.7272,0.6694,0.6813,18419762.0
2025-02-25 00:00:00+00:00,0.6813,0.6937,0.6643,0.6807,8052144.0
2025-02-25 04:00:00+00:00,0.6807,0.6898,0.6416,0.6594,12023271.0
2025-02-25 08:00:00+00:00,0.6594,0.6725,0.6298,0.6597,13061577.0
2025-02-25 12:00:00+00:00,0.6597,0.6666,0.6344,0.6538,15134851.0
2025-02-25 16:00:00+00:00,0.6538,0.6762,0.6425,0.6748,8035211.0
2025-02-25 20:00:00+00:00,0.6748,0.6943,0.6689,0.6827,5987118.0
2025-02-26 00:00:00+00:00,0.6827,0.6951,0.6753,0.6891,4153434.0
2025-02-26 04:00:00+00:00,0.6891,0.6941,0.6758,0.6819,3636376.0
2025-02-26 08:00:00+00:00,0.6819,0.6897,0.6733,0.6798,6464801.0
2025-02-26 12:00:00+00:00,0.6798,0.6876,0.6548,0.6771,17768827.0
2025-02-26 16:00:00+00:00,0.6771,0.6792,0.6361,0.6398,13170172.0
2025-02-26 20:00:00+00:00,0.6398,0.6631,0.631,0.6471,6894605.0
2025-02-27 00:00:00+00:00,0.6471,0.6626,0.6406,0.6578,4263607.0
2025-02-27 04:00:00+00:00,0.6578,0.6718,0.6516,0.6683,5390819.0
2025-02-27 08:00:00+00:00,0.6683,0.6781,0.6612,0.675,6573003.0
2025-02-27 12:00:00+00:00,0.675,0.6795,0.6575,0.6657,8482033.0
2025-02-27 16:00:00+00:00,0.6657,0.6684,0.6433,0.646,6550885.0
2025-02-27 20:00:00+00:00,0.646,0.6486,0.6254,0.6449,7562189.0
2025-02-28 00:00:00+00:00,0.6449,0.6461,0.599,0.6014,12912133.0
2025-02-28 04:00:00+00:00,0.6014,0.603,0.5811,0.5923,13943030.0
2025-02-28 08:00:00+00:00,0.5923,0.6079,0.5798,0.5989,10803261.0
2025-02-28 12:00:00+00:00,0.5989,0.6363,0.5939,0.6309,12329177.0
2025-02-28 16:00:00+00:00,0.6309,0.639,0.6239,0.6345,7338495.0
2025-02-28 20:00:00+00:00,0.6345,0.637,0.6265,0.6324,2546737.0
2025-03-01 00:00:00+00:00,0.6324,0.649,0.6284,0.645,3282475.0
2025-03-01 04:00:00+00:00,0.645,0.6545,0.639,0.6391,4293440.0
2025-03-01 08:00:00+00:00,0.6391,0.6496,0.6303,0.6358,4308745.0
2025-03-01 12:00:00+00:00,0.6358,0.6375,0.6251,0.6343,4011298.0
2025-03-01 16:00:00+00:00,0.6343,0.6448,0.6302,0.6439,3347282.0
2025-03-01 20:00:00+00:00,0.6439,0.6765,0.6405,0.659,10178912.0
2025-03-02 00:00:00+00:00,0.659,0.6756,0.6536,0.6721,8052474.0
2025-03-02 04:00:00+00:00,0.6721,0.6738,0.6593,0.6628,4807938.0
2025-03-02 08:00:00+00:00,0.6628,0.6677,0.6598,0.6624,7430984.0
2025-03-02 12:00:00+00:00,0.6624,0.8987,0.6443,0.8645,79614533.0
2025-03-02 16:00:00+00:00,0.8645,1.1455,0.8632,1.0411,312469525.0
2025-03-02 20:00:00+00:00,1.0411,1.1437,1.0182,1.1341,100110060.0
2025-03-03 00:00:00+00:00,1.1341,1.1761,1.0421,1.0705,105398714.0
2025-03-03 04:00:00+00:00,1.0705,1.0805,0.985,1.0147,79281633.0
2025-03-03 08:00:00+00:00,1.0147,1.0165,0.9263,0.9634,106461630.0
2025-03-03 12:00:00+00:00,0.9634,1.0335,0.9321,0.9567,115780465.0
2025-03-03 16:00:00+00:00,0.9567,0.9881,0.8219,0.8352,94930874.0
2025-03-03 20:00:00+00:00,0.8352,0.8805,0.8311,0.8569,56915681.0
2025-03-04 00:00:00+00:00,0.8569,0.8634,0.7568,0.8004,88310065.0
2025-03-04 04:00:00+00:00,0.8004,0.833,0.7927,0.808,46734836.0
2025-03-04 08:00:00+00:00,0.808,0.8352,0.7955,0.8131,41097262.0
2025-03-04 12:00:00+00:00,0.8131,0.91,0.7805,0.8532,93769554.0
2025-03-04 16:00:00+00:00,0.8532,0.9556,0.8219,0.9257,93413943.0
2025-03-04 20:00:00+00:00,0.9257,0.9556,0.9018,0.9402,42281013.0
2025-03-05 00:00:00+00:00,0.9402,0.9834,0.913,0.9263,61032464.0
2025-03-05 04:00:00+00:00,0.9263,0.9428,0.915,0.9393,45307625.0
2025-03-05 08:00:00+00:00,0.9393,1.0273,0.9374,0.9811,54025090.0
2025-03-05 12:00:00+00:00,0.9811,1.0105,0.9291,0.9406,74683632.0
2025-03-05 16:00:00+00:00,0.9406,0.9974,0.9311,0.9907,39632151.0
2025-03-05 20:00:00+00:00,0.9907,0.9985,0.9715,0.9732,20175976.0
2025-03-06 00:00:00+00:00,0.9732,0.9884,0.9479,0.9583,33005538.0
2025-03-06 04:00:00+00:00,0.9583,0.9685,0.9332,0.938,36989758.0
2025-03-06 08:00:00+00:00,0.938,0.9709,0.937,0.9523,39169944.0
2025-03-06 12:00:00+00:00,0.9523,0.9523,0.9014,0.9324,61941602.0
2025-03-06 16:00:00+00:00,0.9324,0.9364,0.8851,0.9022,36072290.0
2025-03-06 20:00:00+00:00,0.9022,0.9277,0.899,0.9061,18643903.0
2025-03-07 00:00:00+00:00,0.9061,0.9198,0.8155,0.8523,67773344.0
2025-03-07 04:00:00+00:00,0.8523,0.8816,0.8508,0.8746,18308566.0
2025-03-07 08:00:00+00:00,0.8746,0.8888,0.8642,0.8789,33806499.0
2025-03-07 12:00:00+00:00,0.8789,0.8972,0.8435,0.8571,51791021.0
2025-03-07 16:00:00+00:00,0.8571,0.866,0.8089,0.8523,47307476.0
2025-03-07 20:00:00+00:00,0.8523,0.8639,0.8051,0.8174,42633883.0
2025-03-08 00:00:00+00:00,0.8174,0.8388,0.8113,0.8212,17303027.0
2025-03-08 04:00:00+00:00,0.8212,0.8315,0.814,0.8239,20051630.0
2025-03-08 08:00:00+00:00,0.8239,0.8264,0.7925,0.8003,29644112.0
2025-03-08 12:00:00+00:00,0.8003,0.825,0.7979,0.8163,30037706.0
2025-03-08 16:00:00+00:00,0.8163,0.8225,0.7924,0.8195,21513045.0
2025-03-08 20:00:00+00:00,0.8195,0.821,0.8004,0.8049,8535909.0
2025-03-09 00:00:00+00:00,0.8049,0.8169,0.7933,0.801,8670737.0
2025-03-09 04:00:00+00:00,0.801,0.8173,0.7971,0.8134,11430738.0
2025-03-09 08:00:00+00:00,0.8134,0.8148,0.7706,0.7804,28232732.0
2025-03-09 12:00:00+00:00,0.7804,0.7805,0.7502,0.7563,30871520.0
2025-03-09 16:00:00+00:00,0.7563,0.7612,0.7106,0.7309,43941624.0
2025-03-09 20:00:00+00:00,0.7309,0.7412,0.7084,0.7208,20612414.0
2025-03-10 00:00:00+00:00,0.7208,0.7521,0.7018,0.7402,41245521.0
2025-03-10 04:00:00+00:00,0.7402,0.7497,0.7354,0.7452,14968017.0
2025-03-10 08:00:00+00:00,0.7452,0.7782,0.7292,0.756,33330732.0
2025-03-10 12:00:00+00:00,0.756,0.7627,0.6836,0.7006,54658411.0
2025-03-10 16:00:00+00:00,0.7006,0.704,0.6577,0.6875,41548018.0
2025-03-10 20:00:00+00:00,0.6875,0.693,0.6682,0.6708,14948727.0
2025-03-11 00:00:00+00:00,0.6708,0.7043,0.6462,0.7005,22400119.0
2025-03-11 04:00:00+00:00,0.7005,0.7337,0.6976,0.7192,16915530.0
2025-03-11 08:00:00+00:00,0.7192,0.7381,0.7164,0.7307,18678030.0
2025-03-11 12:00:00+00:00,0.7307,0.7353,0.6968,0.7258,48137635.0
2025-03-11 16:00:00+00:00,0.7258,0.744,0.7069,0.7314,23200792.0
2025-03-11 20:00:00+00:00,0.7314,0.7339,0.7185,0.7237,11050842.0
2025-03-12 00:00:00+00:00,0.7237,0.7465,0.7153,0.716,14440905.0
2025-03-12 04:00:00+00:00,0.716,0.7365,0.7105,0.7336,14057055.0
2025-03-12 08:00:00+00:00,0.7336,0.75,0.7272,0.742,18513243.0
2025-03-12 12:00:00+00:00,0.742,0.7691,0.7118,0.729,45094855.0
2025-03-12 16:00:00+00:00,0.729,0.7351,0.7165,0.7293,21457260.0
2025-03-12 20:00:00+00:00,0.7293,0.7365,0.7243,0.7354,10910989.0
2025-03-13 00:00:00+00:00,0.7354,0.7395,0.7233,0.7268,11904809.0
2025-03-13 04:00:00+00:00,0.7268,0.729,0.7141,0.717,15151344.0
2025-03-13 08:00:00+00:00,0.717,0.7333,0.7081,0.7278,23461755.0
2025-03-13 12:00:00+00:00,0.7278,0.7412,0.7021,0.7058,25274347.0
2025-03-13 16:00:00+00:00,0.7058,0.7099,0.6953,0.6976,22061210.0
2025-03-13 20:00:00+00:00,0.6976,0.7095,0.6902,0.7024,12274365.0
2025-03-14 00:00:00+00:00,0.7024,0.7102,0.6958,0.7055,15889233.0
2025-03-14 04:00:00+00:00,0.7055,0.7172,0.7047,0.711,9290411.0
2025-03-14 08:00:00+00:00,0.711,0.7238,0.7089,0.7183,17466989.0
2025-03-14 12:00:00+00:00,0.7183,0.7507,0.7141,0.7396,21468787.0
2025-03-14 16:00:00+00:00,0.7396,0.7454,0.7316,0.7364,12866150.0
2025-03-14 20:00:00+00:00,0.7364,0.7467,0.7281,0.737,11896124.0
2025-03-15 00:00:00+00:00,0.737,0.7536,0.7341,0.7483,10129241.0
2025-03-15 04:00:00+00:00,0.7483,0.757,0.7312,0.7333,9868986.0
2025-03-15 08:00:00+00:00,0.7333,0.7435,0.7303,0.7431,7013935.0
2025-03-15 12:00:00+00:00,0.7431,0.7526,0.742,0.7489,9599937.0
2025-03-15 16:00:00+00:00,0.7489,0.7558,0.7434,0.7482,7857041.0
2025-03-15 20:00:00+00:00,0.7482,0.76,0.746,0.7461,7227735.0
2025-03-16 00:00:00+00:00,0.7461,0.7468,0.7327,0.7419,8024892.0
2025-03-16 04:00:00+00:00,0.7419,0.7444,0.7348,0.7385,4286215.0
2025-03-16 08:00:00+00:00,0.7385,0.7402,0.7036,0.7052,20489403.0
2025-03-16 12:00:00+00:00,0.7052,0.7121,0.6961,0.7041,20161434.0
2025-03-16 16:00:00+00:00,0.7041,0.7161,0.6931,0.6979,14708022.0
2025-03-16 20:00:00+00:00,0.6979,0.7074,0.6947,0.7046,7832314.0
2025-03-17 00:00:00+00:00,0.7046,0.7192,0.7036,0.7151,6720044.0
2025-03-17 04:00:00+00:00,0.7151,0.723,0.7019,0.7206,12278210.0
2025-03-17 08:00:00+00:00,0.7206,0.7297,0.7173,0.7236,10795963.0
2025-03-17 12:00:00+00:00,0.7236,0.7302,0.7134,0.7243,14919576.0
2025-03-17 16:00:00+00:00,0.7243,0.7304,0.7174,0.7256,9309223.0
2025-03-17 20:00:00+00:00,0.7256,0.7261,0.7148,0.7173,4503778.0
2025-03-18 00:00:00+00:00,0.7173,0.7189,0.7023,0.7049,6809108.0
2025-03-18 04:00:00+00:00,0.7049,0.7107,0.6988,0.7086,10966424.0
2025-03-18 08:00:00+00:00,0.7086,0.7126,0.7009,0.7017,6956812.0
2025-03-18 12:00:00+00:00,0.7017,0.7043,0.6812,0.6871,21428587.0
2025-03-18 16:00:00+00:00,0.6871,0.6974,0.6815,0.6954,11022251.0
2025-03-18 20:00:00+00:00,0.6954,0.7059,0.6908,0.7021,7871159.0
2025-03-19 00:00:00+00:00,0.7021,0.7131,0.7006,0.712,8075113.0
2025-03-19 04:00:00+00:00,0.712,0.7128,0.7063,0.7082,4843614.0
2025-03-19 08:00:00+00:00,0.7082,0.727,0.708,0.7238,11494872.0
2025-03-19 12:00:00+00:00,0.7238,0.7459,0.7162,0.7409,23145298.0
2025-05-15 04:00:00+00:00,0.7931,0.7965,0.7659,0.7679,14471654.0
2025-05-15 08:00:00+00:00,0.7679,0.784,0.7588,0.772,22445400.0
2025-05-15 12:00:00+00:00,0.772,0.7791,0.7447,0.7758,21782201.0
2025-05-15 16:00:00+00:00,0.7758,0.7928,0.7587,0.7694,18162874.0
2025-05-15 20:00:00+00:00,0.7694,0.7775,0.7487,0.7622,22148781.0
2025-05-16 00:00:00+00:00,0.7622,0.7835,0.7601,0.7818,14358540.0
2025-05-16 04:00:00+00:00,0.7818,0.7865,0.7732,0.7787,11751399.0
2025-05-16 08:00:00+00:00,0.7787,0.7856,0.7638,0.779,9031006.0
2025-05-16 12:00:00+00:00,0.779,0.7854,0.7685,0.779,10802622.0
2025-05-16 16:00:00+00:00,0.779,0.7828,0.7669,0.7731,6788706.0
2025-05-16 20:00:00+00:00,0.7731,0.7731,0.7503,0.7589,12976242.0
2025-05-17 00:00:00+00:00,0.7589,0.7616,0.735,0.7554,12719027.0
2025-05-17 04:00:00+00:00,0.7554,0.7817,0.754,0.7763,11665515.0
2025-05-17 08:00:00+00:00,0.7763,0.7773,0.7572,0.7604,15421991.0
2025-05-17 12:00:00+00:00,0.7604,0.7623,0.7459,0.7511,12789006.0
2025-05-17 16:00:00+00:00,0.7511,0.7516,0.7266,0.7353,20921358.0
2025-05-17 20:00:00+00:00,0.7353,0.7542,0.733,0.7425,9806666.0
2025-05-18 00:00:00+00:00,0.7425,0.7459,0.7356,0.738,5715345.0
2025-05-18 04:00:00+00:00,0.738,0.7609,0.738,0.7592,8475669.0
2025-05-18 08:00:00+00:00,0.7592,0.7666,0.7552,0.7557,9968440.0
2025-05-18 12:00:00+00:00,0.7557,0.7768,0.751,0.7736,12497626.0
2025-05-18 16:00:00+00:00,0.7736,0.7762,0.7302,0.7309,31889758.0
2025-05-18 20:00:00+00:00,0.7309,0.763,0.7168,0.7602,24038116.0
2025-05-19 00:00:00+00:00,0.7602,0.7651,0.7271,0.729,10756539.0
2025-05-19 04:00:00+00:00,0.729,0.7311,0.7102,0.7238,10044521.0
2025-05-19 08:00:00+00:00,0.7238,0.7298,0.7164,0.728,8889390.0
2025-05-19 12:00:00+00:00,0.728,0.7394,0.7174,0.736,13561776.0
2025-05-19 16:00:00+00:00,0.736,0.7473,0.7302,0.7425,14428006.0
2025-05-19 20:00:00+00:00,0.7425,0.7449,0.7372,0.7425,4998957.0
2025-05-20 00:00:00+00:00,0.7425,0.754,0.7404,0.7432,10971661.0
2025-05-20 04:00:00+00:00,0.7432,0.747,0.7307,0.7329,16090815.0
2025-05-20 08:00:00+00:00,0.7329,0.7363,0.724,0.7289,12250077.0
2025-05-20 12:00:00+00:00,0.7289,0.734,0.7226,0.7325,7094176.0
2025-05-20 16:00:00+00:00,0.7325,0.7418,0.7246,0.7396,14633003.0
2025-05-20 20:00:00+00:00,0.7396,0.7498,0.7363,0.7457,12398769.0
2025-05-21 00:00:00+00:00,0.7457,0.7549,0.7369,0.7519,6869043.0
2025-05-21 04:00:00+00:00,0.7519,0.7665,0.7506,0.7527,12311020.0
2025-05-21 08:00:00+00:00,0.7527,0.7633,0.745,0.7555,11264645.0
2025-05-21 12:00:00+00:00,0.7555,0.7686,0.7483,0.7651,17730400.0
2025-05-21 16:00:00+00:00,0.7651,0.7844,0.7425,0.7614,35344791.0
2025-05-21 20:00:00+00:00,0.7614,0.7789,0.7575,0.7692,14001260.0
2025-05-22 00:00:00+00:00,0.7692,0.7924,0.7691,0.7888,7767027.0
2025-05-22 04:00:00+00:00,0.7888,0.7952,0.7836,0.7945,9011449.0
2025-05-22 08:00:00+00:00,0.7945,0.811,0.7928,0.8029,17455155.0
2025-05-22 12:00:00+00:00,0.8029,0.8095,0.7959,0.8028,11988325.0
2025-05-22 16:00:00+00:00,0.8028,0.8089,0.7991,0.8019,9233931.0
2025-05-22 20:00:00+00:00,0.8019,0.8103,0.7971,0.8101,10296145.0
2025-05-23 00:00:00+00:00,0.8101,0.84,0.8076,0.8388,17965456.0
2025-05-23 04:00:00+00:00,0.8388,0.8421,0.8041,0.8092,22977674.0
2025-05-23 08:00:00+00:00,0.8092,0.8256,0.7779,0.782,26511424.0
2025-05-23 12:00:00+00:00,0.782,0.7909,0.7604,0.7776,35624225.0
2025-05-23 16:00:00+00:00,0.7776,0.7855,0.7706,0.7736,14932615.0
2025-05-23 20:00:00+00:00,0.7736,0.7737,0.7424,0.7469,18195200.0
2025-05-24 00:00:00+00:00,0.7469,0.7632,0.7423,0.7618,10257643.0
2025-05-24 04:00:00+00:00,0.7618,0.767,0.7548,0.757,8582817.0
2025-05-24 08:00:00+00:00,0.757,0.766,0.7532,0.7607,7958671.0
2025-05-24 12:00:00+00:00,0.7607,0.7623,0.7547,0.7587,5843143.0
2025-05-24 16:00:00+00:00,0.7587,0.7623,0.7519,0.7548,3333727.0
2025-05-24 20:00:00+00:00,0.7548,0.755,0.7408,0.7465,7508724.0
2025-05-25 00:00:00+00:00,0.7465,0.7492,0.7312,0.7443,10202942.0
2025-05-25 04:00:00+00:00,0.7443,0.7443,0.7346,0.7388,3272706.0
2025-05-25 08:00:00+00:00,0.7388,0.7402,0.7278,0.7394,7926167.0
2025-05-25 12:00:00+00:00,0.7394,0.7523,0.7307,0.7402,16696405.0
2025-05-25 16:00:00+00:00,0.7402,0.7515,0.7346,0.7488,11897540.0
2025-05-25 20:00:00+00:00,0.7488,0.7607,0.741,0.7602,11437835.0
2025-05-26 00:00:00+00:00,0.7602,0.766,0.7554,0.7633,4737576.0
2025-05-26 04:00:00+00:00,0.7633,0.7757,0.7606,0.7756,6582829.0
2025-05-26 08:00:00+00:00,0.7756,0.7775,0.7607,0.767,17563120.0
2025-05-26 12:00:00+00:00,0.767,0.773,0.7571,0.7688,19469196.0
2025-05-26 16:00:00+00:00,0.7688,0.7698,0.7513,0.7551,18132720.0
2025-05-26 20:00:00+00:00,0.7551,0.7632,0.7508,0.7607,6317597.0
2025-05-27 00:00:00+00:00,0.7607,0.7639,0.7435,0.754,7308507.0
2025-05-27 04:00:00+00:00,0.754,0.7668,0.7507,0.7649,6529261.0
2025-05-27 08:00:00+00:00,0.7649,0.7734,0.7649,0.7701,8411823.0
2025-05-27 12:00:00+00:00,0.7701,0.7758,0.756,0.7682,20330334.0
2025-05-27 16:00:00+00:00,0.7682,0.7753,0.763,0.764,5968325.0
2025-05-27 20:00:00+00:00,0.764,0.7672,0.7558,0.7587,6786946.0
2025-05-28 00:00:00+00:00,0.7587,0.7609,0.7504,0.7551,5036044.0
2025-05-28 04:00:00+00:00,0.7551,0.7592,0.746,0.751,7261402.0
2025-05-28 08:00:00+00:00,0.751,0.7605,0.7475,0.7589,6996804.0
2025-05-28 12:00:00+00:00,0.7589,0.7614,0.7403,0.7415,12286637.0
2025-05-28 16:00:00+00:00,0.7415,0.7518,0.7324,0.7328,11840276.0
2025-05-28 20:00:00+00:00,0.7328,0.7484,0.7323,0.748,5642762.0
2025-05-29 00:00:00+00:00,0.748,0.7653,0.744,0.7584,14864468.0
2025-05-29 04:00:00+00:00,0.7584,0.7604,0.7446,0.7501,6289240.0
2025-05-29 08:00:00+00:00,0.7501,0.7571,0.7471,0.7566,4438206.0
2025-05-29 12:00:00+00:00,0.7566,0.7569,0.7335,0.7378,16499461.0
2025-05-29 16:00:00+00:00,0.7378,0.7405,0.7229,0.7272,23687096.0
2025-05-29 20:00:00+00:00,0.7272,0.7364,0.7192,0.722,14120382.0
2025-05-30 00:00:00+00:00,0.722,0.7278,0.683,0.709,24820263.0
2025-05-30 04:00:00+00:00,0.709,0.7129,0.6964,0.6998,8722350.0
2025-05-30 08:00:00+00:00,0.6998,0.7102,0.6939,0.7088,9730930.0
2025-05-30 12:00:00+00:00,0.7088,0.7112,0.6963,0.7019,14232164.0
2025-05-30 16:00:00+00:00,0.7019,0.7152,0.6819,0.7109,22020183.0
2025-05-30 20:00:00+00:00,0.7109,0.7123,0.6826,0.6885,10150268.0
2025-05-31 00:00:00+00:00,0.6885,0.6905,0.659,0.6615,24174010.0
2025-05-31 04:00:00+00:00,0.6615,0.671,0.656,0.6656,9897907.0
2025-05-31 08:00:00+00:00,0.6656,0.6722,0.6625,0.6637,6318169.0
2025-05-31 12:00:00+00:00,0.6637,0.6862,0.6629,0.6795,14443821.0
2025-05-31 16:00:00+00:00,0.6795,0.6933,0.6791,0.6891,11334670.0
2025-05-31 20:00:00+00:00,0.6891,0.6948,0.6842,0.6854,14187431.0
2025-06-01 00:00:00+00:00,0.6854,0.6857,0.6718,0.6779,6284643.0
2025-06-01 04:00:00+00:00,0.6779,0.6844,0.6706,0.6731,5524695.0
2025-06-01 08:00:00+00:00,0.6731,0.6731,0.6536,0.6634,11898715.0
2025-06-01 12:00:00+00:00,0.6634,0.6757,0.6569,0.6749,10453772.0
2025-06-01 16:00:00+00:00,0.6749,0.6855,0.6697,0.6789,20666738.0
2025-06-01 20:00:00+00:00,0.6789,0.6879,0.6762,0.6852,9500155.0
2025-06-02 00:00:00+00:00,0.6852,0.6897,0.674,0.6772,8201940.0
2025-06-02 04:00:00+00:00,0.6772,0.6843,0.6756,0.679,4924424.0
2025-06-02 08:00:00+00:00,0.679,0.6802,0.6634,0.6661,15649700.0
2025-06-02 12:00:00+00:00,0.6661,0.6766,0.6642,0.674,18136431.0
2025-06-02 16:00:00+00:00,0.674,0.6795,0.6691,0.6735,5781819.0
2025-06-02 20:00:00+00:00,0.6735,0.6921,0.6735,0.6895,7763062.0
2025-06-03 00:00:00+00:00,0.6895,0.707,0.6874,0.6935,9386458.0
2025-06-03 04:00:00+00:00,0.6935,0.6985,0.6894,0.693,7581557.0
2025-06-03 08:00:00+00:00,0.693,0.696,0.688,0.692,5599507.0
2025-06-03 12:00:00+00:00,0.692,0.697,0.6827,0.6933,16090586.0
2025-06-03 16:00:00+00:00,0.6933,0.6934,0.6845,0.6911,8009314.0
2025-06-03 20:00:00+00:00,0.6911,0.6911,0.6735,0.6834,13640674.0
2025-06-04 00:00:00+00:00,0.6834,0.7025,0.6825,0.6955,6505467.0
2025-06-04 04:00:00+00:00,0.6955,0.6987,0.6907,0.6959,6686165.0
2025-06-04 08:00:00+00:00,0.6959,0.7017,0.6927,0.6928,7899726.0
2025-06-04 12:00:00+00:00,0.6928,0.6935,0.6783,0.6885,20684917.0
2025-06-04 16:00:00+00:00,0.6885,0.6887,0.6711,0.6735,9627380.0
2025-06-04 20:00:00+00:00,0.6735,0.674,0.6618,0.6654,14853679.0
2025-06-05 00:00:00+00:00,0.6654,0.6758,0.6652,0.6756,7788122.0
2025-06-05 04:00:00+00:00,0.6756,0.681,0.6719,0.676,11937739.0
2025-06-05 08:00:00+00:00,0.676,0.6842,0.6758,0.6806,8114128.0
2025-06-05 12:00:00+00:00,0.6806,0.6896,0.6684,0.6742,15102676.0
2025-06-05 16:00:00+00:00,0.6742,0.6742,0.6339,0.6419,31557246.0
2025-06-05 20:00:00+00:00,0.6419,0.6426,0.6186,0.6253,30601561.0
2025-06-06 00:00:00+00:00,0.6253,0.6374,0.6207,0.6368,7636317.0
2025-06-06 04:00:00+00:00,0.6368,0.6426,0.6344,0.6389,7515315.0
2025-06-06 08:00:00+00:00,0.6389,0.6523,0.638,0.6504,7729983.0
2025-06-06 12:00:00+00:00,0.6504,0.6719,0.6502,0.6661,14354056.0
2025-06-06 16:00:00+00:00,0.6661,0.6721,0.6602,0.6624,8872042.0
2025-06-06 20:00:00+00:00,0.6624,0.6658,0.6523,0.6549,8145652.0
2025-06-07 00:00:00+00:00,0.6549,0.6623,0.6489,0.6616,8794325.0
2025-06-07 04:00:00+00:00,0.6616,0.67,0.6569,0.6686,6538857.0
2025-06-07 08:00:00+00:00,0.6686,0.6704,0.6626,0.6678,4968814.0
2025-06-07 12:00:00+00:00,0.6678,0.6705,0.6654,0.6658,5803719.0
2025-06-07 16:00:00+00:00,0.6658,0.6669,0.6616,0.6638,4813465.0
2025-06-07 20:00:00+00:00,0.6638,0.6695,0.6637,0.664,3248596.0
2025-06-08 00:00:00+00:00,0.664,0.6645,0.6552,0.6579,4851003.0
2025-06-08 04:00:00+00:00,0.6579,0.6659,0.6557,0.6622,4225760.0
2025-06-08 08:00:00+00:00,0.6622,0.6651,0.6516,0.6639,8626376.0
2025-06-08 12:00:00+00:00,0.6639,0.6792,0.6627,0.6695,17379010.0
2025-06-08 16:00:00+00:00,0.6695,0.6775,0.6695,0.6742,5034579.0
2025-06-08 20:00:00+00:00,0.6742,0.6788,0.6671,0.6699,6585228.0
2025-06-09 00:00:00+00:00,0.6699,0.6716,0.6602,0.6634,7778978.0
2025-06-09 04:00:00+00:00,0.6634,0.6636,0.6561,0.6623,8356899.0
2025-06-09 08:00:00+00:00,0.6623,0.6774,0.66,0.6753,9754320.0
2025-06-09 12:00:00+00:00,0.6753,0.6759,0.6651,0.6737,9735718.0
2025-06-09 16:00:00+00:00,0.6737,0.6862,0.6736,0.6809,6433829.0
2025-06-09 20:00:00+00:00,0.6809,0.7077,0.6809,0.7046,10757680.0
2025-06-10 00:00:00+00:00,0.7046,0.7156,0.7044,0.7057,8781432.0
2025-06-10 04:00:00+00:00,0.7057,0.7068,0.693,0.6963,8089628.0
2025-06-10 08:00:00+00:00,0.6963,0.7074,0.6858,0.7048,12999334.0
2025-06-10 12:00:00+00:00,0.7048,0.7125,0.6876,0.6957,19521975.0
2025-06-10 16:00:00+00:00,0.6957,0.7154,0.6952,0.7093,12438006.0
2025-06-10 20:00:00+00:00,0.7093,0.7207,0.7035,0.7167,8532876.0
2025-06-11 00:00:00+00:00,0.7167,0.722,0.7092,0.7202,5290408.0
2025-06-11 04:00:00+00:00,0.7202,0.7277,0.7174,0.7235,8648376.0
2025-06-11 08:00:00+00:00,0.7235,0.7288,0.7112,0.7146,11512405.9264
2025-06-11 12:00:00+00:00,0.7146,0.7314,0.7108,0.7257,19159343.9361
2025-06-11 16:00:00+00:00,0.7257,0.7263,0.7019,0.7041,15777698.9751
2025-06-11 20:00:00+00:00,0.7041,0.7099,0.6905,0.6979,16637317.4514
2025-06-12 00:00:00+00:00,0.6979,0.7002,0.6884,0.6904,8488958.2372
2025-06-12 04:00:00+00:00,0.6904,0.6943,0.6852,0.687,12906051.8498
2025-06-12 08:00:00+00:00,0.687,0.6888,0.6751,0.6771,17257133.85
2025-06-12 12:00:00+00:00,0.6771,0.69,0.676,0.6772,25306470.0522
2025-06-12 16:00:00+00:00,0.6772,0.6881,0.6659,0.6682,26302467.0055
2025-06-12 20:00:00+00:00,0.6682,0.6707,0.6565,0.6613,20583276.1442
2025-06-13 00:00:00+00:00,0.6613,0.6614,0.6167,0.6343,47277543.1595
2025-06-13 04:00:00+00:00,0.6343,0.6363,0.6243,0.6349,12767135.8682
2025-06-13 08:00:00+00:00,0.6349,0.6415,0.6297,0.6413,15305038.6192
2025-06-13 12:00:00+00:00,0.6413,0.6433,0.6274,0.6377,22248493.6353
2025-06-13 16:00:00+00:00,0.6377,0.6447,0.6278,0.6317,14332664.5924
2025-06-13 20:00:00+00:00,0.6317,0.6423,0.6308,0.642,7723821.6283
2025-06-14 00:00:00+00:00,0.642,0.6424,0.633,0.6358,8307439.3144
2025-06-14 04:00:00+00:00,0.6358,0.6386,0.6318,0.6362,5614295.013
2025-06-14 08:00:00+00:00,0.6362,0.6374,0.6311,0.6358,6900105.646
2025-06-14 12:00:00+00:00,0.6358,0.6371,0.626,0.6282,13624782.2885
2025-06-14 16:00:00+00:00,0.6282,0.6298,0.614,0.6187,24967642.1973
2025-06-14 20:00:00+00:00,0.6187,0.6269,0.6127,0.6243,10005567.5279
2025-06-15 00:00:00+00:00,0.6243,0.6298,0.6233,0.6277,4639241.3478
2025-06-15 04:00:00+00:00,0.6277,0.6347,0.6269,0.6275,8833931.0265
2025-06-15 08:00:00+00:00,0.6275,0.6286,0.6209,0.6258,10453811.2714
2025-06-15 12:00:00+00:00,0.6258,0.6353,0.6253,0.6299,11192381.9979
2025-06-15 16:00:00+00:00,0.6299,0.6324,0.6269,0.6287,5732364.2448
2025-06-15 20:00:00+00:00,0.6287,0.6344,0.6202,0.6327,8924809.9615
2025-06-16 00:00:00+00:00,0.6327,0.6408,0.6243,0.6366,10710215.9477
2025-06-16 04:00:00+00:00,0.6366,0.6503,0.6359,0.6484,14280406.5019
2025-06-16 08:00:00+00:00,0.6484,0.6492,0.6387,0.6458,13308423.3076
2025-06-16 12:00:00+00:00,0.6458,0.6536,0.6426,0.6485,15055411.6687
2025-06-16 16:00:00+00:00,0.6485,0.6573,0.6481,0.6542,13288175.4475
2025-06-16 20:00:00+00:00,0.6542,0.6562,0.6277,0.6299,23982951.2084
2025-06-17 00:00:00+00:00,0.6299,0.642,0.6184,0.6364,16423570.0885
2025-06-17 04:00:00+00:00,0.6364,0.6374,0.63,0.6323,9474129.1196
2025-06-17 08:00:00+00:00,0.6323,0.633,0.6202,0.6216,13780782.908
2025-08-13 00:00:00+00:00,0.8414,0.8597,0.8335,0.8561,45350254.0
2025-08-13 04:00:00+00:00,0.8561,0.8625,0.8382,0.8594,57296956.0
2025-08-13 08:00:00+00:00,0.8594,0.8883,0.8588,0.8803,75378316.0
2025-08-13 12:00:00+00:00,0.8803,0.8903,0.8623,0.873,150148120.0
2025-08-13 16:00:00+00:00,0.873,0.8856,0.8669,0.8843,29034262.0
2025-08-13 20:00:00+00:00,0.8843,0.9228,0.8783,0.905,70510962.0
2025-08-14 00:00:00+00:00,0.905,0.9895,0.9047,0.9828,193017720.0
2025-08-14 04:00:00+00:00,0.9828,1.0204,0.975,0.9989,231514900.0
2025-08-14 08:00:00+00:00,0.9989,1.0039,0.961,0.9636,132760935.0
2025-08-14 12:00:00+00:00,0.9636,0.9766,0.8837,0.9256,397685430.0
2025-08-14 16:00:00+00:00,0.9256,0.9256,0.8883,0.9009,99501196.5
2025-08-14 20:00:00+00:00,0.9009,0.9358,0.8777,0.9257,95147053.5
2025-08-15 00:00:00+00:00,0.9257,0.9449,0.9105,0.9297,76296162.6
2025-08-15 04:00:00+00:00,0.9297,0.9631,0.9184,0.9512,54869128.8
2025-08-15 08:00:00+00:00,0.9512,0.9646,0.9376,0.9425,52054292.4
2025-08-15 12:00:00+00:00,0.9425,0.9596,0.916,0.9241,152513563.5
2025-08-15 16:00:00+00:00,0.9241,0.9501,0.9107,0.9301,114597004.5
2025-08-15 20:00:00+00:00,0.9301,0.9628,0.9263,0.9457,65013894.0
2025-08-16 00:00:00+00:00,0.9457,0.9777,0.9437,0.9577,74439930.0
2025-08-16 04:00:00+00:00,0.9577,0.9703,0.9422,0.9632,76664997.2
2025-08-16 08:00:00+00:00,0.9632,0.9642,0.901,0.9029,117821986.7
2025-08-16 12:00:00+00:00,0.9029,0.9189,0.9025,0.9098,79829550.3
2025-08-16 16:00:00+00:00,0.9098,0.9235,0.9078,0.9166,31005154.2
2025-08-16 20:00:00+00:00,0.9166,0.9229,0.9138,0.9205,13407971.4
2025-08-17 00:00:00+00:00,0.9205,0.9439,0.9043,0.9375,51481120.4
2025-08-17 04:00:00+00:00,0.9375,0.9604,0.937,0.959,69663223.9
2025-08-17 08:00:00+00:00,0.959,0.9873,0.9495,0.9722,91740134.5
2025-08-17 12:00:00+00:00,0.9722,0.9799,0.9616,0.9756,52633706.8
2025-08-17 16:00:00+00:00,0.9756,0.9767,0.943,0.9515,73853227.5
2025-08-17 20:00:00+00:00,0.9515,0.9688,0.9498,0.9609,30446746.7
2025-08-18 00:00:00+00:00,0.9609,0.9685,0.9132,0.9216,114329472.5
2025-08-18 04:00:00+00:00,0.9216,0.9282,0.9064,0.9166,61867376.0
2025-08-18 08:00:00+00:00,0.9166,0.9243,0.8915,0.8973,98859928.0
2025-08-18 12:00:00+00:00,0.8973,0.918,0.8914,0.9174,85322462.0
2025-08-18 16:00:00+00:00,0.9174,0.9349,0.9034,0.9193,65220324.0
2025-08-18 20:00:00+00:00,0.9193,0.9328,0.9091,0.9229,51771670.0
2025-08-19 00:00:00+00:00,0.9229,0.9413,0.8989,0.9023,86665000.0
2025-08-19 04:00:00+00:00,0.9023,0.9319,0.8947,0.9284,83775144.0
2025-08-19 08:00:00+00:00,0.9284,0.9532,0.9163,0.9311,111063132.0
2025-08-19 12:00:00+00:00,0.9311,0.9346,0.8634,0.8704,155937244.0
2025-08-19 16:00:00+00:00,0.8704,0.8741,0.8503,0.8539,91826264.0
2025-08-19 20:00:00+00:00,0.8539,0.8637,0.8433,0.846,66396746.0
2025-08-20 00:00:00+00:00,0.846,0.8563,0.8426,0.848,64705512.0
2025-08-20 04:00:00+00:00,0.848,0.8556,0.846,0.8477,52060398.0
2025-08-20 08:00:00+00:00,0.8477,0.8636,0.837,0.849,394847564.0
2025-08-20 12:00:00+00:00,0.849,0.8846,0.8386,0.8709,161971474.0
2025-08-20 16:00:00+00:00,0.8709,0.8923,0.8679,0.8907,74255424.0
2025-08-20 20:00:00+00:00,0.8907,0.8912,0.8774,0.8807,42069418.0
2025-08-21 00:00:00+00:00,0.8807,0.8925,0.869,0.8851,54150540.0
2025-08-21 04:00:00+00:00,0.8851,0.8858,0.8675,0.8752,32365160.0
2025-08-21 08:00:00+00:00,0.8752,0.8789,0.8641,0.8667,47520134.0
2025-08-21 12:00:00+00:00,0.8667,0.8791,0.8571,0.8585,75025676.0
2025-08-21 16:00:00+00:00,0.8585,0.8683,0.85,0.8526,49131052.0
2025-08-21 20:00:00+00:00,0.8526,0.8641,0.8462,0.8512,41143102.0
2025-08-22 00:00:00+00:00,0.8512,0.8667,0.8439,0.8506,42261406.0
2025-08-22 04:00:00+00:00,0.8506,0.8625,0.8476,0.8565,47733496.0
2025-08-22 08:00:00+00:00,0.8565,0.8635,0.8333,0.8337,58615016.0
2025-08-22 12:00:00+00:00,0.8337,0.9168,0.8213,0.9042,362773008.0
2025-08-22 16:00:00+00:00,0.9042,0.9399,0.9042,0.9318,99439588.0
2025-08-22 20:00:00+00:00,0.9318,0.9418,0.9274,0.9318,52163916.0
2025-08-23 00:00:00+00:00,0.9318,0.9333,0.8913,0.901,75423554.0
2025-08-23 04:00:00+00:00,0.901,0.9392,0.9005,0.9264,84474930.0
2025-08-23 08:00:00+00:00,0.9264,0.9299,0.9106,0.916,51179908.0
2025-08-23 12:00:00+00:00,0.916,0.9221,0.9084,0.9155,46105278.0
2025-08-23 16:00:00+00:00,0.9155,0.9162,0.9084,0.9137,14357882.0
2025-08-23 20:00:00+00:00,0.9137,0.9181,0.9066,0.9149,23332236.0
2025-08-24 00:00:00+00:00,0.9149,0.9224,0.9101,0.9155,40281724.0
2025-08-24 04:00:00+00:00,0.9155,0.9203,0.9025,0.9046,40617716.0
2025-08-24 08:00:00+00:00,0.9046,0.9102,0.8882,0.8928,58917074.0
2025-08-24 12:00:00+00:00,0.8928,0.9085,0.8919,0.8994,43739952.0
2025-08-24 16:00:00+00:00,0.8994,0.9645,0.8964,0.9233,282744468.0
2025-08-24 20:00:00+00:00,0.9233,0.93,0.898,0.9088,144880550.0
2025-08-25 00:00:00+00:00,0.9088,0.9283,0.8869,0.9188,97211416.0
2025-08-25 04:00:00+00:00,0.9188,0.9222,0.8697,0.8722,114902710.0
2025-08-25 08:00:00+00:00,0.8722,0.8757,0.8552,0.8665,72428986.0
2025-08-25 12:00:00+00:00,0.8665,0.8777,0.8553,0.8654,61864436.0
2025-08-25 16:00:00+00:00,0.8654,0.8801,0.849,0.85,54426818.0
2025-08-25 20:00:00+00:00,0.85,0.8553,0.8293,0.8371,89576734.0
2025-08-26 00:00:00+00:00,0.8371,0.8457,0.8267,0.8362,46012374.0
2025-08-26 04:00:00+00:00,0.8362,0.8502,0.8345,0.8407,49101374.0
2025-08-26 08:00:00+00:00,0.8407,0.8472,0.835,0.8386,38179590.0
2025-08-26 12:00:00+00:00,0.8386,0.8593,0.8317,0.849,91787790.0
2025-08-26 16:00:00+00:00,0.849,0.8748,0.8481,0.8732,38833888.0
2025-08-26 20:00:00+00:00,0.8732,0.8734,0.8622,0.8663,31264388.0
2025-08-27 00:00:00+00:00,0.8663,0.8739,0.857,0.8692,32797926.0
2025-08-27 04:00:00+00:00,0.8692,0.8765,0.8529,0.8562,34663918.0
2025-08-27 08:00:00+00:00,0.8562,0.8671,0.8533,0.8643,24929536.0
2025-08-27 12:00:00+00:00,0.8643,0.8785,0.8552,0.8724,78273936.0
2025-08-27 16:00:00+00:00,0.8724,0.8757,0.8574,0.8628,42542066.0
2025-08-27 20:00:00+00:00,0.8628,0.8725,0.8468,0.8507,91300200.0
2025-08-28 00:00:00+00:00,0.8507,0.8614,0.8438,0.8588,25672760.0
2025-08-28 04:00:00+00:00,0.8588,0.8736,0.8569,0.8729,25945428.0
2025-08-28 08:00:00+00:00,0.8729,0.8801,0.8629,0.8675,26929340.0
2025-08-28 12:00:00+00:00,0.8675,0.874,0.8545,0.8592,50575618.0
2025-08-28 16:00:00+00:00,0.8592,0.8652,0.8428,0.843,31498432.0
2025-08-28 20:00:00+00:00,0.843,0.8631,0.8414,0.8576,23465536.0
2025-08-29 00:00:00+00:00,0.8576,0.8665,0.8394,0.8528,39759910.0
2025-08-29 04:00:00+00:00,0.8528,0.8546,0.8259,0.8277,140959864.0
2025-08-29 08:00:00+00:00,0.8277,0.8303,0.8154,0.8237,42406334.0
2025-08-29 12:00:00+00:00,0.8237,0.8484,0.8155,0.8254,121398182.0
2025-08-29 16:00:00+00:00,0.8254,0.8262,0.8116,0.8207,45201292.0
2025-08-29 20:00:00+00:00,0.8207,0.8294,0.8096,0.8262,52900588.0
2025-08-30 00:00:00+00:00,0.8262,0.8356,0.8126,0.8337,35959698.0
2025-08-30 04:00:00+00:00,0.8337,0.8443,0.8311,0.8368,36738778.0
2025-08-30 08:00:00+00:00,0.8368,0.8382,0.8246,0.8271,18924122.0
2025-08-30 12:00:00+00:00,0.8271,0.8271,0.8044,0.8229,49448718.0
2025-08-30 16:00:00+00:00,0.8229,0.8235,0.8149,0.8199,16669514.0
2025-08-30 20:00:00+00:00,0.8199,0.8237,0.8162,0.8222,11073730.0
2025-08-31 00:00:00+00:00,0.8222,0.8378,0.8219,0.8366,20974114.0
2025-08-31 04:00:00+00:00,0.8366,0.8375,0.8251,0.8262,18029102.0
2025-08-31 08:00:00+00:00,0.8262,0.8321,0.8172,0.8242,23345626.0
2025-08-31 12:00:00+00:00,0.8242,0.8274,0.8164,0.8266,24522558.0
2025-08-31 16:00:00+00:00,0.8266,0.8281,0.8204,0.8216,14849970.0
2025-08-31 20:00:00+00:00,0.8216,0.8287,0.8089,0.811,22105310.0
2025-09-01 00:00:00+00:00,0.811,0.8142,0.8001,0.809,42569818.0
2025-09-01 04:00:00+00:00,0.809,0.84,0.7941,0.8378,91809480.0
2025-09-01 08:00:00+00:00,0.8378,0.8449,0.8176,0.8199,67919736.0
2025-09-01 12:00:00+00:00,0.8199,0.8261,0.8069,0.8099,47236520.0
2025-09-01 16:00:00+00:00,0.8099,0.8117,0.8011,0.8114,30036840.0
2025-09-01 20:00:00+00:00,0.8114,0.8114,0.7812,0.8009,80182042.0
2025-09-02 00:00:00+00:00,0.8009,0.8208,0.7975,0.8168,34239640.0
2025-09-02 04:00:00+00:00,0.8168,0.8221,0.8138,0.817,30153588.0
2025-09-02 08:00:00+00:00,0.817,0.8254,0.8142,0.816,29043248.0
2025-09-02 12:00:00+00:00,0.816,0.828,0.7997,0.8097,83628952.0
2025-09-02 16:00:00+00:00,0.8097,0.8233,0.8073,0.8204,33889232.0
2025-09-02 20:00:00+00:00,0.8204,0.8354,0.8184,0.8348,35567710.0
2025-09-03 00:00:00+00:00,0.8348,0.8402,0.8263,0.8339,27165508.0
2025-09-03 04:00:00+00:00,0.8339,0.8357,0.8256,0.8302,23697302.0
2025-09-03 08:00:00+00:00,0.8302,0.8365,0.8266,0.8321,22669364.0
2025-09-03 12:00:00+00:00,0.8321,0.8424,0.8285,0.8401,39651498.0
2025-09-03 16:00:00+00:00,0.8401,0.8419,0.8341,0.8413,21031032.0
2025-09-03 20:00:00+00:00,0.8413,0.8433,0.8349,0.8364,17634780.0
2025-09-04 00:00:00+00:00,0.8364,0.8417,0.8232,0.8236,30780670.0
2025-09-04 04:00:00+00:00,0.8236,0.8269,0.8135,0.8174,30959752.0
2025-09-04 08:00:00+00:00,0.8174,0.8237,0.8153,0.8172,17016623.857
2025-09-04 12:00:00+00:00,0.8172,0.8213,0.8046,0.8079,38283691.5243
2025-09-04 16:00:00+00:00,0.8079,0.8122,0.8026,0.804,20657646.6048
2025-09-04 20:00:00+00:00,0.804,0.8185,0.8031,0.8089,23152571.9175
2025-09-05 00:00:00+00:00,0.8089,0.818,0.8045,0.8176,15694658.2526
2025-09-05 04:00:00+00:00,0.8176,0.8304,0.8145,0.8298,20443311.7606
2025-09-05 08:00:00+00:00,0.8298,0.8318,0.8213,0.8317,20293459.0295
2025-09-05 12:00:00+00:00,0.8317,0.8494,0.818,0.8245,95760076.043
2025-09-05 16:00:00+00:00,0.8245,0.8361,0.8201,0.8361,24374194.0829
2025-09-05 20:00:00+00:00,0.8361,0.8387,0.8275,0.8303,18089871.7946
2025-09-06 00:00:00+00:00,0.8303,0.8356,0.8279,0.8335,8326335.1906
2025-09-06 04:00:00+00:00,0.8335,0.8335,0.823,0.8251,11351095.9534
2025-09-06 08:00:00+00:00,0.8251,0.826,0.8183,0.8228,10694443.5034
2025-09-06 12:00:00+00:00,0.8228,0.8277,0.8209,0.822,23564169.9752
2025-09-06 16:00:00+00:00,0.822,0.8249,0.8137,0.8154,16395410.3504
2025-09-06 20:00:00+00:00,0.8154,0.8207,0.815,0.8181,9196037.0291
2025-09-07 00:00:00+00:00,0.8181,0.8292,0.8178,0.8279,10916124.4911
2025-09-07 04:00:00+00:00,0.8279,0.8287,0.8235,0.8262,9360157.0867
2025-09-07 08:00:00+00:00,0.8262,0.833,0.8255,0.8326,11571198.7955
2025-09-07 12:00:00+00:00,0.8326,0.8381,0.8262,0.8337,48831341.3066
2025-09-07 16:00:00+00:00,0.8337,0.8343,0.8225,0.828,18014929.6364
2025-09-07 20:00:00+00:00,0.828,0.8414,0.8268,0.8347,17269923.3986
2025-09-08 00:00:00+00:00,0.8347,0.8477,0.8296,0.8412,22099095.851
2025-09-08 04:00:00+00:00,0.8412,0.8455,0.8333,0.8415,24608152.6483
2025-09-08 08:00:00+00:00,0.8415,0.8562,0.8411,0.852,35546459.3037
2025-09-08 12:00:00+00:00,0.852,0.8679,0.8501,0.8649,42706399.0462
2025-09-08 16:00:00+00:00,0.8649,0.8689,0.8581,0.8613,24178774.3469
2025-09-08 20:00:00+00:00,0.8613,0.8683,0.8573,0.8646,15894528.3206
2025-09-09 00:00:00+00:00,0.8646,0.8744,0.8551,0.8669,29679086.8809
2025-09-09 04:00:00+00:00,0.8669,0.892,0.8623,0.8881,49288446.7667
2025-09-09 08:00:00+00:00,0.8881,0.8944,0.8814,0.8836,25222478.6453
2025-09-09 12:00:00+00:00,0.8836,0.8923,0.8521,0.857,60876314.5104
2025-09-09 16:00:00+00:00,0.857,0.8659,0.8563,0.862,17673643.2454
2025-09-09 20:00:00+00:00,0.862,0.8675,0.8589,0.8645,12900874.8366
2025-09-10 00:00:00+00:00,0.8645,0.8793,0.8588,0.8772,21848969.4575
2025-09-10 04:00:00+00:00,0.8772,0.8825,0.8691,0.8797,18269144.5661
2025-09-10 08:00:00+00:00,0.8797,0.8822,0.8712,0.8747,17799456.0579
2025-09-10 12:00:00+00:00,0.8747,0.8963,0.8747,0.8877,57173491.0475
2025-09-10 16:00:00+00:00,0.8877,0.8934,0.8722,0.8766,27249904.2176
2025-09-10 20:00:00+00:00,0.8766,0.8875,0.8761,0.8853,13636125.5627
2025-09-11 00:00:00+00:00,0.8853,0.8946,0.8827,0.8946,16666093.9816
2025-09-11 04:00:00+00:00,0.8946,0.8947,0.8835,0.8873,23265786.5327
2025-09-11 08:00:00+00:00,0.8873,0.8916,0.8819,0.883,20728513.0571
2025-09-11 12:00:00+00:00,0.883,0.8981,0.8654,0.8766,104847067.3654
2025-09-11 16:00:00+00:00,0.8766,0.8832,0.8761,0.8821,10697432.6306
2025-09-11 20:00:00+00:00,0.8821,0.8968,0.8797,0.894,19187782.8201
2025-09-12 00:00:00+00:00,0.894,0.9096,0.8913,0.9009,32453103.0515
2025-09-12 04:00:00+00:00,0.9009,0.9059,0.8971,0.8994,21495699.928
2025-09-12 08:00:00+00:00,0.8994,0.9006,0.8876,0.8879,22468228.8149
2025-09-12 12:00:00+00:00,0.8879,0.896,0.8822,0.8933,30475681.2301
2025-09-12 16:00:00+00:00,0.8933,0.9079,0.8918,0.9077,25217898.5003
2025-09-12 20:00:00+00:00,0.9077,0.9183,0.9011,0.9173,37108869.9755
2025-09-13 00:00:00+00:00,0.9173,0.9373,0.9165,0.9293,37847180.761
2025-09-13 04:00:00+00:00,0.9293,0.9304,0.9238,0.9262,26727157.8486
2025-09-13 08:00:00+00:00,0.9262,0.9545,0.9257,0.9504,53085477.7045
2025-09-13 12:00:00+00:00,0.9504,0.9522,0.9276,0.9383,58917007.1167
2025-09-13 16:00:00+00:00,0.9383,0.9432,0.9144,0.9268,44164882.3445
2025-09-13 20:00:00+00:00,0.9268,0.9361,0.9265,0.93,18368556.497
2025-09-14 00:00:00+00:00,0.93,0.9319,0.9131,0.9174,26399838.1419
2025-09-14 04:00:00+00:00,0.9174,0.924,0.9105,0.916,14159377.2678
2025-09-14 08:00:00+00:00,0.916,0.9201,0.9014,0.9028,27098249.2824
2025-09-14 12:00:00+00:00,0.9028,0.9059,0.8789,0.8866,61637463.5178
2025-09-14 16:00:00+00:00,0.8866,0.8971,0.8852,0.8893,19782081.0202
2025-09-14 20:00:00+00:00,0.8893,0.898,0.8856,0.888,17631111.8061
2025-09-15 00:00:00+00:00,0.888,0.896,0.8794,0.8947,25335011.2
2025-09-15 04:00:00+00:00,0.8947,0.9029,0.874,0.878,39348513.0715
2025-09-15 08:00:00+00:00,0.878,0.8783,0.8524,0.8645,61860769.9907
2025-09-15 12:00:00+00:00,0.8645,0.8701,0.8542,0.8597,41791291.8876
2025-09-15 16:00:00+00:00,0.8597,0.8648,0.8532,0.86,17863778.519
2025-09-15 20:00:00+00:00,0.86,0.8664,0.8591,0.8635,10458786.8696
2025-09-16 00:00:00+00:00,0.8635,0.8663,0.8585,0.8599,10340946.9001
2025-09-16 04:00:00+00:00,0.8599,0.867,0.8533,0.8657,19888207.9266
2025-09-16 08:00:00+00:00,0.8657,0.8752,0.8657,0.8705,22949968.4269
2025-09-16 12:00:00+00:00,0.8705,0.8757,0.857,0.871,39945281.0715
2025-09-16 16:00:00+00:00,0.871,0.881,0.867,0.8777,24070169.9406
2025-09-16 20:00:00+00:00,0.8777,0.8846,0.8763,0.8808,13177597.194
2025-09-17 00:00:00+00:00,0.8808,0.8842,0.8738,0.8743,15771663.2261
2025-09-17 04:00:00+00:00,0.8743,0.8874,0.867,0.8827,23772632.1868
2025-09-17 08:00:00+00:00,0.8827,0.8828,0.8697,0.8723,16361497.6049
2025-09-17 12:00:00+00:00,0.8723,0.8746,0.8636,0.8688,18960258.6824
2025-09-17 16:00:00+00:00,0.8688,0.8851,0.8617,0.8833,83469571.5503
2025-09-17 20:00:00+00:00,0.8833,0.9206,0.876,0.9143,52041312.2568
2025-09-18 00:00:00+00:00,0.9143,0.9262,0.9079,0.9181,32927231.8594
2025-09-18 04:00:00+00:00,0.9181,0.9191,0.8999,0.9087,31023515.783
2025-09-18 08:00:00+00:00,0.9087,0.9214,0.9081,0.9142,24051631.409
2025-09-18 12:00:00+00:00,0.9142,0.929,0.9086,0.9278,46619515.3771
2025-09-18 16:00:00+00:00,0.9278,0.9392,0.923,0.9304,35651364.5162
2025-09-18 20:00:00+00:00,0.9304,0.9347,0.9166,0.9252,22356027.2001
2025-09-19 00:00:00+00:00,0.9252,0.9383,0.9191,0.92,27613395.8657
2025-09-19 04:00:00+00:00,0.92,0.9236,0.9026,0.9049,42757859.2866
2025-09-19 08:00:00+00:00,0.9049,0.9123,0.8937,0.8966,26459077.347
2025-09-19 12:00:00+00:00,0.8966,0.9093,0.8915,0.8976,38486134.8939
2025-09-19 16:00:00+00:00,0.8976,0.9054,0.8914,0.8952,18582445.7782
2025-09-19 20:00:00+00:00,0.8952,0.8992,0.8861,0.8908,15201994.6038
2025-09-20 00:00:00+00:00,0.8908,0.8981,0.8887,0.8944,11256263.4356
2025-09-20 04:00:00+00:00,0.8944,0.9068,0.8918,0.9068,14756709.024
2025-09-20 08:00:00+00:00,0.9068,0.9068,0.8875,0.8956,18848449.4621
2025-09-20 12:00:00+00:00,0.8956,0.9053,0.8918,0.9007,15381962.2142
2025-09-20 16:00:00+00:00,0.9007,0.9038,0.8902,0.8918,19068538.0794
2025-09-20 20:00:00+00:00,0.8918,0.8983,0.891,0.8935,8194821.7968
2025-09-21 00:00:00+00:00,0.8935,0.8991,0.8902,0.899,14301685.1694
2025-09-21 04:00:00+00:00,0.899,0.903,0.8962,0.9002,11688967.881
2025-09-21 08:00:00+00:00,0.9002,0.9007,0.8776,0.8828,40507699.1071
2025-09-21 12:00:00+00:00,0.8828,0.8904,0.8823,0.8864,13879972.3339
2025-09-21 16:00:00+00:00,0.8864,0.8902,0.8756,0.8893,24272540.9797
2025-09-21 20:00:00+00:00,0.8893,0.8898,0.8799,0.8849,12756326.2921
2025-09-22 00:00:00+00:00,0.8849,0.8884,0.8471,0.8565,88666814.3986
2025-09-22 04:00:00+00:00,0.8565,0.8571,0.7837,0.8176,129513482.3461
2025-09-22 08:00:00+00:00,0.8176,0.8285,0.8129,0.8226,35581760.5105
2025-09-22 12:00:00+00:00,0.8226,0.8332,0.8191,0.8205,35751332.5757
2025-09-22 16:00:00+00:00,0.8205,0.8274,0.814,0.8155,21427032.9926
2025-09-22 20:00:00+00:00,0.8155,0.8278,0.8138,0.8258,12780164.0665
2025-09-23 00:00:00+00:00,0.8258,0.8294,0.8031,0.8226,38431231.7474
2025-09-23 04:00:00+00:00,0.8226,0.8287,0.8146,0.8236,21192804.7901
2025-09-23 08:00:00+00:00,0.8236,0.8284,0.819,0.8221,16952488.6862
2025-09-23 12:00:00+00:00,0.8221,0.8266,0.8156,0.8223,20865085.9218
2025-09-23 16:00:00+00:00,0.8223,0.8297,0.807,0.8087,29756498.7439
2025-09-23 20:00:00+00:00,0.8087,0.8164,0.8052,0.8063,18998466.4493
2025-09-24 00:00:00+00:00,0.8063,0.8162,0.7982,0.8007,21443226.5247
2025-09-24 04:00:00+00:00,0.8007,0.8173,0.7902,0.8149,40393967.6498
2025-09-24 08:00:00+00:00,0.8149,0.8234,0.8133,0.8195,14247695.2466
2025-09-24 12:00:00+00:00,0.8195,0.8304,0.8168,0.8207,24666385.0001
2025-09-24 16:00:00+00:00,0.8207,0.8268,0.8186,0.8221,12213769.9018
2025-09-24 20:00:00+00:00,0.8221,0.8233,0.8114,0.8126,11756170.045
2025-09-25 00:00:00+00:00,0.8126,0.8142,0.7926,0.8005,41837127.5205
2025-09-25 04:00:00+00:00,0.8005,0.8031,0.7861,0.7902,45223550.6357
2025-09-25 08:00:00+00:00,0.7902,0.7942,0.7799,0.781,34942522.369
2025-09-25 12:00:00+00:00,0.781,0.7997,0.768,0.7906,91119684.675
2025-09-25 16:00:00+00:00,0.7906,0.7922,0.7538,0.7708,99523572.264
2025-09-25 20:00:00+00:00,0.7708,0.7739,0.757,0.7633,32852110.2207
2025-09-26 00:00:00+00:00,0.7633,0.7809,0.7632,0.7762,25575844.9359
2025-09-26 04:00:00+00:00,0.7762,0.779,0.7677,0.7737,23637132.6229
2025-09-26 08:00:00+00:00,0.7737,0.7776,0.7572,0.7633,24553930.6014
2025-09-26 12:00:00+00:00,0.7633,0.779,0.7572,0.7744,79668618.5135
2025-09-26 16:00:00+00:00,0.7744,0.7961,0.7739,0.7892,42019232.9992
2025-09-26 20:00:00+00:00,0.7892,0.7936,0.7865,0.7918,14116239.5158
2025-09-27 00:00:00+00:00,0.7918,0.7941,0.7882,0.7922,8584288.1497
2025-09-27 04:00:00+00:00,0.7922,0.7933,0.7811,0.7831,21420178.5625
2025-09-27 08:00:00+00:00,0.7831,0.7856,0.776,0.7827,26060311.8216
2025-09-27 12:00:00+00:00,0.7827,0.7865,0.7799,0.7848,14637113.5148
2025-09-27 16:00:00+00:00,0.7848,0.7852,0.7767,0.7808,8669197.1233
2025-09-27 20:00:00+00:00,0.7808,0.7877,0.7783,0.7805,10656656.7873
2025-09-28 00:00:00+00:00,0.7805,0.7818,0.7716,0.7747,34924901.6784
2025-09-28 04:00:00+00:00,0.7747,0.7761,0.7686,0.7726,13980852.912
2025-09-28 08:00:00+00:00,0.7726,0.7732,0.7648,0.7682,15939489.6445
2025-09-28 12:00:00+00:00,0.7682,0.781,0.7643,0.7807,33492541.1567
2025-09-28 16:00:00+00:00,0.7807,0.7915,0.7807,0.7894,15350805.0967
2025-09-28 20:00:00+00:00,0.7894,0.8117,0.789,0.8084,33244094.5315
2025-09-29 00:00:00+00:00,0.8084,0.8086,0.7978,0.8044,15421041.7287
2025-09-29 04:00:00+00:00,0.8044,0.8055,0.7921,0.7975,22111414.6871
2025-09-29 08:00:00+00:00,0.7975,0.8037,0.7889,0.7942,17586993.8722
2025-09-29 12:00:00+00:00,0.7942,0.8157,0.7875,0.8019,42942880.3182
2025-09-29 16:00:00+00:00,0.8019,0.8054,0.7946,0.8043,18067161.4845
2025-09-29 20:00:00+00:00,0.8043,0.8145,0.8031,0.8059,16168720.2562
2025-09-30 00:00:00+00:00,0.8059,0.8084,0.7961,0.7976,21200488.7442
2025-09-30 04:00:00+00:00,0.7976,0.8052,0.7924,0.7941,16844612.4685
2025-09-30 08:00:00+00:00,0.7941,0.7952,0.784,0.791,17388063.6376
2025-09-30 12:00:00+00:00,0.791,0.796,0.7778,0.7832,26790763.0928
2025-09-30 16:00:00+00:00,0.7832,0.8016,0.7798,0.801,20050484.7551
2025-09-30 20:00:00+00:00,0.801,0.813,0.7985,0.8068,21178063.2674
2025-10-01 00:00:00+00:00,0.8068,0.8112,0.7966,0.7977,14242945.8684
2025-10-01 04:00:00+00:00,0.7977,0.8068,0.7968,0.8045,12339816.5605
2025-10-01 08:00:00+00:00,0.8045,0.8373,0.8029,0.8363,50632989.3874
2025-10-01 12:00:00+00:00,0.8363,0.8429,0.8319,0.8408,23161313.5019
2025-10-01 16:00:00+00:00,0.8408,0.8477,0.8326,0.8454,40573052.9971
2025-10-01 20:00:00+00:00,0.8454,0.8511,0.8385,0.8505,18337688.6416
2025-10-02 00:00:00+00:00,0.8505,0.8604,0.8476,0.8549,22014811.2775
2025-10-02 04:00:00+00:00,0.8549,0.8645,0.8504,0.8542,31235895.1333
2025-10-02 08:00:00+00:00,0.8542,0.8577,0.8489,0.8501,25913332.201
2025-10-02 12:00:00+00:00,0.8501,0.8566,0.8358,0.8537,56402221.0771
2025-10-02 16:00:00+00:00,0.8537,0.8777,0.8524,0.874,37003710.2188
2025-10-02 20:00:00+00:00,0.874,0.8752,0.8646,0.8706,19402133.6866
2025-10-03 00:00:00+00:00,0.8706,0.8712,0.8547,0.8617,20147720.4398
2025-10-03 04:00:00+00:00,0.8617,0.8673,0.8536,0.8569,15501009.8228
2025-10-03 08:00:00+00:00,0.8569,0.8602,0.851,0.8545,16310720.9805
2025-10-03 12:00:00+00:00,0.8545,0.8742,0.8485,0.8736,36693763.2558
2025-10-03 16:00:00+00:00,0.8736,0.8926,0.8576,0.8704,81919879.1647
2025-10-03 20:00:00+00:00,0.8704,0.8741,0.8648,0.8652,13249812.3875
2025-10-04 00:00:00+00:00,0.8652,0.869,0.8498,0.8546,16110449.0757
2025-10-04 04:00:00+00:00,0.8546,0.8588,0.852,0.8526,10065942.0818
2025-10-04 08:00:00+00:00,0.8526,0.8536,0.8409,0.8434,21260312.2911
2025-10-04 12:00:00+00:00,0.8434,0.8499,0.8331,0.8355,22885794.4372
2025-10-04 16:00:00+00:00,0.8355,0.8424,0.8343,0.8379,24158835.3812
2025-10-04 20:00:00+00:00,0.8379,0.8435,0.8371,0.8393,10385478.9922
2025-10-05 00:00:00+00:00,0.8393,0.863,0.8348,0.8546,31318443.0821
2025-10-05 04:00:00+00:00,0.8546,0.8779,0.8544,0.8779,40959274.6718
2025-10-05 08:00:00+00:00,0.8779,0.8825,0.8575,0.863,43961059.9967
2025-10-05 12:00:00+00:00,0.863,0.863,0.8509,0.8535,19572850.5332
2025-10-05 16:00:00+00:00,0.8535,0.8564,0.8268,0.8305,38117959.3818
2025-10-05 20:00:00+00:00,0.8305,0.8403,0.8278,0.837,19461298.1945
2025-10-06 00:00:00+00:00,0.837,0.8454,0.8314,0.8399,24812140.6198
2025-10-06 04:00:00+00:00,0.8399,0.85,0.8362,0.8429,20443533.5407
2025-10-06 08:00:00+00:00,0.8429,0.855,0.8429,0.8511,21041030.2354
2025-10-06 12:00:00+00:00,0.8511,0.8811,0.8511,0.8732,48861063.8844
2025-10-06 16:00:00+00:00,0.8732,0.8807,0.8698,0.8777,26144288.1827
2025-10-06 20:00:00+00:00,0.8777,0.8811,0.8667,0.8712,24245005.0476
2025-10-07 00:00:00+00:00,0.8712,0.878,0.8669,0.8681,13583027.496
2025-10-07 04:00:00+00:00,0.8681,0.8748,0.8537,0.8566,25810054.4553
2025-10-07 08:00:00+00:00,0.8566,0.8609,0.8479,0.8596,26960347.6349
2025-10-07 12:00:00+00:00,0.8596,0.8723,0.8279,0.8331,101170644.9245
2025-10-07 16:00:00+00:00,0.8331,0.8408,0.8231,0.8253,55852851.7895
2025-10-07 20:00:00+00:00,0.8253,0.835,0.8167,0.8197,28267922.3071
2025-10-08 00:00:00+00:00,0.8197,0.8298,0.8093,0.8127,27347191.0835
2025-10-08 04:00:00+00:00,0.8127,0.8181,0.8076,0.817,18357612.4309
2025-10-08 08:00:00+00:00,0.817,0.8272,0.816,0.8215,15150773.2557
2025-10-08 12:00:00+00:00,0.8215,0.8297,0.8126,0.8183,27461642.8271
2025-10-08 16:00:00+00:00,0.8183,0.8514,0.817,0.8395,36324889.7712
2025-10-08 20:00:00+00:00,0.8395,0.8426,0.8343,0.8388,14690227.7934
2025-10-09 00:00:00+00:00,0.8388,0.8396,0.8126,0.8212,22604108.507
2025-10-09 04:00:00+00:00,0.8212,0.826,0.8137,0.8146,14336417.9508
2025-10-09 08:00:00+00:00,0.8146,0.8154,0.802,0.8126,38492725.7003
2025-10-09 12:00:00+00:00,0.8126,0.8214,0.7979,0.8041,43552203.6183
2025-10-09 16:00:00+00:00,0.8041,0.8104,0.7941,0.8094,27421477.3634
2025-10-09 20:00:00+00:00,0.8094,0.8189,0.8069,0.8152,9875625.0812
2025-10-10 00:00:00+00:00,0.8152,0.8218,0.809,0.8158,13488761.7003
2025-10-10 04:00:00+00:00,0.8158,0.8224,0.8099,0.8104,15490202.7775
2025-10-10 08:00:00+00:00,0.8104,0.8194,0.8084,0.8176,12862488.7788
2025-10-10 12:00:00+00:00,0.8176,0.8243,0.7767,0.7832,87477493.665
2025-10-10 16:00:00+00:00,0.7832,0.7898,0.7592,0.7677,63535839.79
2025-10-10 20:00:00+00:00,0.7677,0.7751,0.2736,0.6349,577117064.2435
2025-10-11 00:00:00+00:00,0.6349,0.6735,0.6186,0.6468,105541417.324
2025-10-11 04:00:00+00:00,0.6468,0.6592,0.6408,0.6522,49816113.643
2025-10-11 08:00:00+00:00,0.6522,0.6827,0.6482,0.6661,45771763.1496
2025-10-11 12:00:00+00:00,0.6661,0.6666,0.6395,0.6544,54005648.2592
2025-10-11 16:00:00+00:00,0.6544,0.6584,0.6234,0.6312,40377449.0943
2025-10-11 20:00:00+00:00,0.6312,0.6349,0.6092,0.6313,57975289.0681
2025-10-12 00:00:00+00:00,0.6313,0.6377,0.6174,0.6334,40289431.4056
2025-10-12 04:00:00+00:00,0.6334,0.6509,0.6324,0.6467,24255700.4226
2025-10-12 08:00:00+00:00,0.6467,0.6512,0.6378,0.6438,25239486.0645
2025-10-12 12:00:00+00:00,0.6438,0.6838,0.637,0.6799,96566794.1645
2025-10-12 16:00:00+00:00,0.6799,0.6994,0.6781,0.6985,77467069.8004
2025-10-12 20:00:00+00:00,0.6985,0.7091,0.6859,0.6995,42767876.0862
2025-10-13 00:00:00+00:00,0.6995,0.716,0.6945,0.703,37900977.9854
2025-10-13 04:00:00+00:00,0.703,0.7253,0.6962,0.7167,32757556.2113
2025-10-13 08:00:00+00:00,0.7167,0.7294,0.6916,0.7059,78270278.2783
2025-10-13 12:00:00+00:00,0.7059,0.7268,0.7011,0.7154,80125962.0212
2025-10-13 16:00:00+00:00,0.7154,0.728,0.7074,0.7242,39231070.8934
2025-10-13 20:00:00+00:00,0.7242,0.7355,0.7227,0.7278,35588953.8215
2025-10-14 00:00:00+00:00,0.7278,0.7327,0.7098,0.7151,35965720.8267
2025-10-14 04:00:00+00:00,0.7151,0.7177,0.6685,0.6771,106319943.8893
2025-10-14 08:00:00+00:00,0.6771,0.6861,0.662,0.6763,54909346.1931
2025-10-14 12:00:00+00:00,0.6763,0.6967,0.6616,0.6956,82785541.7865
2025-10-14 16:00:00+00:00,0.6956,0.7086,0.6853,0.6943,81610758.7122
2025-10-14 20:00:00+00:00,0.6943,0.7011,0.6897,0.6984,24974359.6205
2025-10-15 00:00:00+00:00,0.6984,0.7036,0.6869,0.6905,22306023.0328
2025-10-15 04:00:00+00:00,0.6905,0.7033,0.6877,0.7021,23083047.9855
2025-10-15 08:00:00+00:00,0.7021,0.7157,0.6858,0.6903,39353731.3134
2025-10-15 12:00:00+00:00,0.6903,0.6936,0.6685,0.6724,54182782.0535
2025-10-15 16:00:00+00:00,0.6724,0.6762,0.6635,0.6691,30535266.1512
2025-10-15 20:00:00+00:00,0.6691,0.6724,0.6569,0.668,34648195.108
2025-10-16 00:00:00+00:00,0.668,0.6753,0.6653,0.6695,14478528.2568
2025-10-16 04:00:00+00:00,0.6695,0.676,0.6641,0.67,16458166.7748
2025-10-16 08:00:00+00:00,0.67,0.6812,0.6513,0.68,54041655.8014
2025-10-16 12:00:00+00:00,0.68,0.6843,0.6482,0.6517,67606955.7072
2025-10-16 16:00:00+00:00,0.6517,0.6643,0.6382,0.6432,79140921.8328
2025-10-16 20:00:00+00:00,0.6432,0.6459,0.6327,0.6449,24021107.8251
2025-10-17 00:00:00+00:00,0.6449,0.6556,0.6431,0.6514,23938740.211
2025-10-17 04:00:00+00:00,0.6514,0.652,0.6067,0.6088,91319764.8584
2025-10-17 08:00:00+00:00,0.6088,0.6215,0.5917,0.6167,82266449.6465
2025-10-17 12:00:00+00:00,0.6167,0.6256,0.6071,0.6253,32184397.5
2025-10-17 16:00:00+00:00,0.6253,0.6339,0.6203,0.624,23421546.0
2025-10-17 20:00:00+00:00,0.624,0.6349,0.6224,0.6243,13450245.0
2025-10-18 00:00:00+00:00,0.6243,0.6364,0.6227,0.6317,15716046.0
2025-10-18 04:00:00+00:00,0.6317,0.6387,0.6244,0.6315,14027152.5
2025-10-18 08:00:00+00:00,0.6315,0.6379,0.6298,0.6379,6326058.5
2025-10-18 12:00:00+00:00,0.6379,0.6406,0.6265,0.6319,9605585.0
2025-10-18 16:00:00+00:00,0.6319,0.6371,0.6257,0.6361,6179896.0
2025-10-18 20:00:00+00:00,0.6361,0.6388,0.6313,0.6341,3955423.0
2025-10-19 00:00:00+00:00,0.6341,0.6361,0.6274,0.6347,5700713.0
2025-10-19 04:00:00+00:00,0.6347,0.6357,0.6262,0.63,4930818.0
2025-10-19 08:00:00+00:00,0.63,0.6496,0.6217,0.6424,30140284.0
2025-10-19 12:00:00+00:00,0.6424,0.6611,0.6378,0.66,14770615.0
2025-10-19 16:00:00+00:00,0.66,0.6648,0.6546,0.659,10442301.0
2025-10-19 20:00:00+00:00,0.659,0.6616,0.6507,0.6524,9545770.0
2025-10-20 00:00:00+00:00,0.6524,0.6647,0.6389,0.6625,15957710.0
2025-10-20 04:00:00+00:00,0.6625,0.6756,0.6603,0.6692,14064368.0
2025-10-20 08:00:00+00:00,0.6692,0.674,0.6619,0.6659,12619325.0
2025-10-20 12:00:00+00:00,0.6659,0.6712,0.6623,0.6641,13931989.0
2025-10-20 16:00:00+00:00,0.6641,0.6704,0.6533,0.667,21147885.0
2025-10-20 20:00:00+00:00,0.667,0.6701,0.6618,0.6623,5427752.0
2025-10-21 00:00:00+00:00,0.6623,0.6632,0.6486,0.6505,9390420.0
2025-10-21 04:00:00+00:00,0.6505,0.6506,0.6379,0.6435,16052626.0
2025-10-21 08:00:00+00:00,0.6435,0.6487,0.6365,0.6454,7340441.0
2025-10-21 12:00:00+00:00,0.6454,0.6853,0.6435,0.6802,34901377.0
2025-10-21 16:00:00+00:00,0.6802,0.684,0.6642,0.6685,22929375.0
2025-10-21 20:00:00+00:00,0.6685,0.6695,0.6398,0.6423,23851635.0
2025-10-22 00:00:00+00:00,0.6423,0.6463,0.6373,0.6411,11317095.0
2025-10-22 04:00:00+00:00,0.6411,0.6445,0.632,0.6371,13087645.0
2025-10-22 08:00:00+00:00,0.6371,0.6384,0.6225,0.6355,20556832.0
2025-10-22 12:00:00+00:00,0.6355,0.6432,0.6275,0.6353,25213115.0
2025-10-22 16:00:00+00:00,0.6353,0.6377,0.6216,0.6272,18813488.0
2025-10-22 20:00:00+00:00,0.6272,0.6289,0.6058,0.6232,27180092.0
2025-10-23 00:00:00+00:00,0.6232,0.6295,0.6225,0.6268,5375521.0
2025-10-23 04:00:00+00:00,0.6268,0.6425,0.6258,0.6391,11599743.0
2025-10-23 08:00:00+00:00,0.6391,0.643,0.6346,0.6358,9446998.0
2025-10-23 12:00:00+00:00,0.6358,0.6457,0.6306,0.6422,14869121.0
2025-10-23 16:00:00+00:00,0.6422,0.6537,0.6409,0.6451,13864030.0
2025-10-23 20:00:00+00:00,0.6451,0.6451,0.6361,0.6426,9198821.0
2025-10-24 00:00:00+00:00,0.6426,0.6471,0.6388,0.6402,6964653.0
2025-10-24 04:00:00+00:00,0.6402,0.6545,0.6385,0.649,13045688.0
2025-10-24 08:00:00+00:00,0.649,0.6531,0.643,0.6504,9518154.0
2025-10-24 12:00:00+00:00,0.6504,0.6636,0.6425,0.6445,29992978.0
2025-10-24 16:00:00+00:00,0.6445,0.6553,0.6419,0.6543,6761878.0
2025-10-24 20:00:00+00:00,0.6543,0.6584,0.6538,0.6557,5521657.0
2025-10-25 00:00:00+00:00,0.6557,0.6589,0.6527,0.6531,6913716.0
2025-10-25 04:00:00+00:00,0.6531,0.6576,0.6507,0.6513,5532109.0
2025-10-25 08:00:00+00:00,0.6513,0.6544,0.6476,0.6536,4913525.0
2025-10-25 12:00:00+00:00,0.6536,0.6567,0.6509,0.6524,7532152.0
2025-10-25 16:00:00+00:00,0.6524,0.6587,0.6513,0.6572,4600279.0
2025-10-25 20:00:00+00:00,0.6572,0.6585,0.6531,0.6538,4057330.0
2025-10-26 00:00:00+00:00,0.6538,0.6559,0.6462,0.6473,6106066.0
2025-10-26 04:00:00+00:00,0.6473,0.656,0.647,0.6555,6327069.0
2025-10-26 08:00:00+00:00,0.6555,0.673,0.6552,0.673,13059335.0
2025-10-26 12:00:00+00:00,0.673,0.6803,0.6725,0.6776,11353227.0
2025-10-26 16:00:00+00:00,0.6776,0.6782,0.6716,0.6726,7103675.0
2025-10-26 20:00:00+00:00,0.6726,0.688,0.6676,0.6809,18194233.0
2025-10-27 00:00:00+00:00,0.6809,0.6934,0.6793,0.6844,10191840.0
2025-10-27 04:00:00+00:00,0.6844,0.6911,0.6773,0.6799,14524667.0
2025-10-27 08:00:00+00:00,0.6799,0.6835,0.6712,0.6773,14032176.0
2025-10-27 12:00:00+00:00,0.6773,0.6778,0.6656,0.674,14711093.0
2025-10-27 16:00:00+00:00,0.674,0.6847,0.6735,0.6743,9194999.0
2025-10-27 20:00:00+00:00,0.6743,0.6745,0.663,0.6664,12076344.0
2025-10-28 00:00:00+00:00,0.6664,0.6717,0.6611,0.6648,10406456.0
2025-10-28 04:00:00+00:00,0.6648,0.6713,0.6562,0.663,14704974.0
2025-10-28 08:00:00+00:00,0.663,0.6672,0.6615,0.662,18301084.0
2025-10-28 12:00:00+00:00,0.662,0.6749,0.6514,0.6638,34442756.0
2025-10-28 16:00:00+00:00,0.6638,0.6712,0.6518,0.6545,10841037.0
2025-10-28 20:00:00+00:00,0.6545,0.6545,0.6349,0.6456,31298054.0
2025-10-29 00:00:00+00:00,0.6456,0.647,0.6407,0.6417,6408911.0
2025-10-29 04:00:00+00:00,0.6417,0.6467,0.641,0.6458,5925637.0
2025-10-29 08:00:00+00:00,0.6458,0.6507,0.6394,0.6496,8649308.0
2025-10-29 12:00:00+00:00,0.6496,0.6548,0.6359,0.6388,20874446.0
2025-10-29 16:00:00+00:00,0.6388,0.66,0.6244,0.6497,70029371.0
2025-10-29 20:00:00+00:00,0.6497,0.6568,0.6366,0.6398,14357114.0
2025-10-30 00:00:00+00:00,0.6398,0.6481,0.6353,0.6445,10533336.0
2025-10-30 04:00:00+00:00,0.6445,0.6479,0.6196,0.6453,24454410.0
2025-10-30 08:00:00+00:00,0.6453,0.6453,0.6283,0.6288,15267764.0
2025-10-30 12:00:00+00:00,0.6288,0.6294,0.6007,0.6027,32736863.0
2025-10-30 16:00:00+00:00,0.6027,0.6074,0.5856,0.5875,21174467.0
2025-10-30 20:00:00+00:00,0.5875,0.6015,0.5861,0.6014,12035007.0
2025-10-31 00:00:00+00:00,0.6014,0.6113,0.5998,0.6097,12136574.0
2025-10-31 04:00:00+00:00,0.6097,0.615,0.6093,0.6106,10810685.0
2025-10-31 08:00:00+00:00,0.6106,0.6168,0.6079,0.6163,15498792.0
2025-10-31 12:00:00+00:00,0.6163,0.6197,0.6088,0.6126,17895069.0
2025-10-31 16:00:00+00:00,0.6126,0.6133,0.5974,0.6108,18685391.0
2025-10-31 20:00:00+00:00,0.6108,0.611,0.6054,0.6088,5337906.0
2025-11-01 00:00:00+00:00,0.6088,0.6124,0.603,0.6123,6586654.0
2025-11-01 04:00:00+00:00,0.6123,0.6141,0.6068,0.6135,3935034.0
2025-11-01 08:00:00+00:00,0.6135,0.6173,0.6108,0.6123,4020284.0
2025-11-01 12:00:00+00:00,0.6123,0.6146,0.6049,0.612,11217048.0
2025-11-01 16:00:00+00:00,0.612,0.6143,0.6095,0.6132,4093971.0
2025-11-01 20:00:00+00:00,0.6132,0.6154,0.6076,0.6126,3362491.0
2025-11-02 00:00:00+00:00,0.6126,0.6126,0.6076,0.6086,2617697.0
2025-11-02 04:00:00+00:00,0.6086,0.6184,0.6078,0.6172,6945845.0
2025-11-02 08:00:00+00:00,0.6172,0.6181,0.6046,0.6141,13184799.0
2025-11-02 12:00:00+00:00,0.6141,0.6141,0.5963,0.5993,11060467.0
2025-11-02 16:00:00+00:00,0.5993,0.601,0.5917,0.5966,9075582.0
2025-11-02 20:00:00+00:00,0.5966,0.6116,0.5951,0.6101,8242068.0
2025-11-03 00:00:00+00:00,0.6101,0.6119,0.5738,0.575,29888599.0
2025-11-03 04:00:00+00:00,0.575,0.5804,0.5662,0.5771,16714923.0
2025-11-03 08:00:00+00:00,0.5771,0.5851,0.5702,0.5753,12538071.0
2025-11-03 12:00:00+00:00,0.5753,0.5801,0.5249,0.55,82519924.0
2025-11-03 16:00:00+00:00,0.55,0.569,0.5462,0.5549,25045822.0
2025-11-03 20:00:00+00:00,0.5549,0.5561,0.5417,0.5522,14260382.0
2025-11-04 00:00:00+00:00,0.5522,0.5624,0.5459,0.5611,9107177.0
2025-11-04 04:00:00+00:00,0.5611,0.563,0.53,0.534,27447852.0
2025-11-04 08:00:00+00:00,0.534,0.5486,0.5318,0.5457,16288774.0
2025-11-04 12:00:00+00:00,0.5457,0.5535,0.532,0.5422,16517941.0
2025-11-04 16:00:00+00:00,0.5422,0.5463,0.5077,0.5139,48684670.0
2025-11-04 20:00:00+00:00,0.5139,0.526,0.4895,0.5205,50604565.0
2025-11-05 00:00:00+00:00,0.5205,0.534,0.4943,0.5323,25710903.0
2025-11-05 04:00:00+00:00,0.5323,0.5374,0.5283,0.5341,8997530.0
2025-11-05 08:00:00+00:00,0.5341,0.5359,0.5228,0.5348,14445698.0
2025-11-05 12:00:00+00:00,0.5348,0.5486,0.5336,0.5485,17536721.0
2025-11-05 16:00:00+00:00,0.5485,0.5503,0.5416,0.5433,15135598.0
2025-11-05 20:00:00+00:00,0.5433,0.5484,0.5387,0.545,9070681.0
2025-11-06 00:00:00+00:00,0.545,0.5453,0.5342,0.5427,8956534.0
2025-11-06 04:00:00+00:00,0.5427,0.5444,0.5323,0.5339,13040333.0
2025-11-06 08:00:00+00:00,0.5339,0.5387,0.5312,0.5349,11837378.0
2025-11-06 12:00:00+00:00,0.5349,0.5392,0.5209,0.5233,21209961.0
2025-11-06 16:00:00+00:00,0.5233,0.5318,0.5164,0.5281,16395638.0
2025-11-06 20:00:00+00:00,0.5281,0.5344,0.5226,0.5316,6652432.0
2025-11-07 00:00:00+00:00,0.5316,0.5407,0.5285,0.5402,10117313.0
2025-11-07 04:00:00+00:00,0.5402,0.5478,0.5353,0.5476,6837976.0
2025-11-07 08:00:00+00:00,0.5476,0.5496,0.5253,0.5306,16814497.0
2025-11-07 12:00:00+00:00,0.5306,0.5471,0.5193,0.544,21447240.0
2025-11-07 16:00:00+00:00,0.544,0.5852,0.5418,0.5799,24127425.0
2025-11-07 20:00:00+00:00,0.5799,0.586,0.5752,0.5759,9469628.0
2025-11-08 00:00:00+00:00,0.5759,0.5928,0.5736,0.5821,10718102.0
2025-11-08 04:00:00+00:00,0.5821,0.5904,0.5737,0.5821,8888044.0
2025-11-08 08:00:00+00:00,0.5821,0.5858,0.5713,0.5745,11149781.0
2025-11-08 12:00:00+00:00,0.5745,0.5779,0.5552,0.5572,18588394.0
2025-11-08 16:00:00+00:00,0.5572,0.5639,0.5537,0.5605,13240273.0
2025-11-08 20:00:00+00:00,0.5605,0.569,0.5582,0.5684,6109535.0
2025-11-09 00:00:00+00:00,0.5684,0.5686,0.5474,0.55,11119474.0
2025-11-09 04:00:00+00:00,0.55,0.5631,0.55,0.562,7157637.0
2025-11-09 08:00:00+00:00,0.562,0.5634,0.5497,0.5622,8452635.0
2025-11-09 12:00:00+00:00,0.5622,0.5783,0.5603,0.575,17325417.0
2025-11-09 16:00:00+00:00,0.575,0.5827,0.5691,0.5826,9728329.0
2025-11-09 20:00:00+00:00,0.5826,0.5843,0.573,0.5785,10477850.0
2025-11-10 00:00:00+00:00,0.5785,0.5908,0.5734,0.588,11988305.0
2025-11-10 04:00:00+00:00,0.588,0.5914,0.5848,0.5891,4720545.0
2025-11-10 08:00:00+00:00,0.5891,0.6027,0.5833,0.5954,10360625.0
2025-11-10 12:00:00+00:00,0.5954,0.6006,0.5805,0.5846,15644448.0
2025-11-10 16:00:00+00:00,0.5846,0.5923,0.5777,0.588,8151904.0
2025-11-10 20:00:00+00:00,0.588,0.598,0.5836,0.5925,7157528.0
2025-11-11 00:00:00+00:00,0.5925,0.6067,0.5862,0.5983,13170312.0
2025-11-11 04:00:00+00:00,0.5983,0.6,0.5753,0.5756,11013594.0
2025-11-11 08:00:00+00:00,0.5756,0.5836,0.5745,0.5799,5924520.0
2025-11-11 12:00:00+00:00,0.5799,0.584,0.5703,0.572,14474141.0
2025-11-11 16:00:00+00:00,0.572,0.5752,0.5608,0.562,12351314.0
2025-11-11 20:00:00+00:00,0.562,0.5641,0.5531,0.5561,9608322.0
2025-11-12 00:00:00+00:00,0.5561,0.5617,0.5523,0.5603,8472582.0
2025-11-12 04:00:00+00:00,0.5603,0.5648,0.5557,0.5566,6929977.0
2025-11-12 08:00:00+00:00,0.5566,0.5743,0.5566,0.5733,8839804.0
2025-11-12 12:00:00+00:00,0.5733,0.5806,0.5558,0.5578,17216965.0
2025-11-12 16:00:00+00:00,0.5578,0.5594,0.5389,0.5433,26517750.0
2025-11-12 20:00:00+00:00,0.5433,0.5505,0.5416,0.5454,7417508.0
2025-11-13 00:00:00+00:00,0.5454,0.5636,0.5431,0.5584,14632915.0
2025-11-13 04:00:00+00:00,0.5584,0.5706,0.5549,0.5644,14316236.0
2025-11-13 08:00:00+00:00,0.5644,0.5714,0.5616,0.5646,10039969.0
2025-11-13 12:00:00+00:00,0.5646,0.5684,0.5514,0.5538,24859639.0
2025-11-13 16:00:00+00:00,0.5538,0.5544,0.5184,0.5212,33073995.0
2025-11-13 20:00:00+00:00,0.5212,0.5344,0.5139,0.5296,16336373.0
2025-11-14 00:00:00+00:00,0.5296,0.5332,0.5232,0.5255,12199002.0
2025-11-14 04:00:00+00:00,0.5255,0.5275,0.5063,0.5236,29419683.0
2025-11-14 08:00:00+00:00,0.5236,0.5238,0.5097,0.5131,14513530.0
2025-11-14 12:00:00+00:00,0.5131,0.5189,0.4995,0.5138,37064903.0
2025-11-14 16:00:00+00:00,0.5138,0.5205,0.5068,0.5155,14129421.0
2025-11-14 20:00:00+00:00,0.5155,0.5159,0.4897,0.4981,23141134.0
2025-11-15 00:00:00+00:00,0.4981,0.5144,0.4976,0.5112,9356854.0
2025-11-15 04:00:00+00:00,0.5112,0.5149,0.506,0.5097,9276068.0
2025-11-15 08:00:00+00:00,0.5097,0.5101,0.4997,0.5017,11110242.0
2025-11-15 12:00:00+00:00,0.5017,0.5099,0.5005,0.5066,7900201.0
2025-11-15 16:00:00+00:00,0.5066,0.5111,0.5023,0.5075,12186701.0
2025-11-15 20:00:00+00:00,0.5075,0.5076,0.4986,0.503,8634444.0
2025-11-16 00:00:00+00:00,0.503,0.506,0.4924,0.5041,23747207.0
2025-11-16 04:00:00+00:00,0.5041,0.5058,0.4996,0.5053,9321508.0
2025-11-16 08:00:00+00:00,0.5053,0.5092,0.4955,0.4971,14001594.0
2025-11-16 12:00:00+00:00,0.4971,0.4998,0.4824,0.4837,32730646.0
2025-11-16 16:00:00+00:00,0.4837,0.4902,0.4751,0.4807,39263569.0
2025-11-16 20:00:00+00:00,0.4807,0.4875,0.4729,0.4845,30782363.0
2025-11-17 00:00:00+00:00,0.4845,0.4954,0.4786,0.4932,18414926.0
2025-11-17 04:00:00+00:00,0.4932,0.4977,0.4898,0.4957,12867174.0
2025-11-17 08:00:00+00:00,0.4957,0.4987,0.491,0.4948,9594126.0
2025-11-17 12:00:00+00:00,0.4948,0.4992,0.4726,0.4753,33756605.0
2025-11-17 16:00:00+00:00,0.4753,0.4838,0.4588,0.4604,32125020.0
2025-11-17 20:00:00+00:00,0.4604,0.4663,0.4573,0.466,15515288.0
2025-11-18 00:00:00+00:00,0.466,0.4702,0.4557,0.4681,26101685.0
2025-11-18 04:00:00+00:00,0.4681,0.4715,0.4576,0.4645,20329075.0
2025-11-18 08:00:00+00:00,0.4645,0.4709,0.4638,0.4687,12659351.0
2025-11-18 12:00:00+00:00,0.4687,0.4772,0.4596,0.4738,24485419.0
2025-11-18 16:00:00+00:00,0.4738,0.4822,0.472,0.4781,16747243.0
2025-11-18 20:00:00+00:00,0.4781,0.4808,0.4712,0.475,6336425.0
2025-11-19 00:00:00+00:00,0.475,0.4772,0.4675,0.4684,9753946.0
2025-11-19 04:00:00+00:00,0.4684,0.4699,0.4528,0.468,14818111.0
2025-11-19 08:00:00+00:00,0.468,0.4704,0.463,0.4655,10374240.0
2025-11-19 12:00:00+00:00,0.4655,0.4731,0.4556,0.4563,19357408.0
2025-11-19 16:00:00+00:00,0.4563,0.4596,0.4379,0.4412,24985033.0
2025-11-19 20:00:00+00:00,0.4412,0.464,0.4402,0.4638,24333235.0
2025-11-20 00:00:00+00:00,0.4638,0.4695,0.4609,0.4664,11470516.0
2025-11-20 04:00:00+00:00,0.4664,0.4707,0.4632,0.4701,10268774.0
2025-11-20 08:00:00+00:00,0.4701,0.4709,0.4637,0.4661,5816066.0
2025-11-20 12:00:00+00:00,0.4661,0.4719,0.4548,0.4555,26361598.0
2025-11-20 16:00:00+00:00,0.4555,0.4563,0.4285,0.4356,48068018.0
2025-11-20 20:00:00+00:00,0.4356,0.4449,0.4308,0.4316,11564865.0
2025-11-21 00:00:00+00:00,0.4316,0.4393,0.4242,0.4298,21311938.0
2025-11-21 04:00:00+00:00,0.4298,0.4311,0.3904,0.4086,69196965.0
2025-11-21 08:00:00+00:00,0.4086,0.4176,0.3981,0.3983,24420139.0
2025-11-21 12:00:00+00:00,0.3983,0.4137,0.3873,0.4008,42965239.0
2025-11-21 16:00:00+00:00,0.4008,0.4174,0.3958,0.4096,28321999.0
2025-11-21 20:00:00+00:00,0.4096,0.4138,0.3974,0.409,20189957.0
2025-11-22 00:00:00+00:00,0.409,0.413,0.4047,0.407,9124813.0
2025-11-22 04:00:00+00:00,0.407,0.4072,0.3978,0.4058,9937488.0
2025-11-22 08:00:00+00:00,0.4058,0.4058,0.3956,0.4016,11563141.0
2025-11-22 12:00:00+00:00,0.4016,0.4017,0.3904,0.3983,19429544.0
2025-11-22 16:00:00+00:00,0.3983,0.4045,0.3976,0.4011,10929986.0
2025-11-22 20:00:00+00:00,0.4011,0.4103,0.3989,0.4043,9921309.0
2025-11-23 00:00:00+00:00,0.4043,0.4111,0.4013,0.4105,8689491.0
2025-11-23 04:00:00+00:00,0.4105,0.4154,0.4058,0.4084,13013498.0
2025-11-23 08:00:00+00:00,0.4084,0.413,0.4059,0.4094,17252790.0
2025-11-23 12:00:00+00:00,0.4094,0.4182,0.4086,0.4165,17496485.0
2025-11-23 16:00:00+00:00,0.4165,0.418,0.4081,0.4128,12751360.0
2025-11-23 20:00:00+00:00,0.4128,0.4166,0.4075,0.4081,10068023.0
2025-11-24 00:00:00+00:00,0.4081,0.4199,0.4037,0.4164,14957081.0
2025-11-24 04:00:00+00:00,0.4164,0.4216,0.4083,0.413,14037887.0
2025-11-24 08:00:00+00:00,0.413,0.4137,0.405,0.4081,10319992.0
2025-11-24 12:00:00+00:00,0.4081,0.4152,0.4017,0.4126,19778652.0
2025-11-24 16:00:00+00:00,0.4126,0.4301,0.4126,0.4268,20616388.0
2025-11-24 20:00:00+00:00,0.4268,0.4338,0.4268,0.4274,9704240.0
2025-11-25 00:00:00+00:00,0.4274,0.4288,0.422,0.4241,9964377.0
2025-11-25 04:00:00+00:00,0.4241,0.4273,0.418,0.418,10360737.0
2025-11-25 08:00:00+00:00,0.418,0.4195,0.4127,0.4147,14963235.0
2025-11-25 12:00:00+00:00,0.4147,0.4172,0.4044,0.4106,20003668.0
2025-11-25 16:00:00+00:00,0.4106,0.4212,0.4104,0.4169,17766388.0
2025-11-25 20:00:00+00:00,0.4169,0.4261,0.4133,0.4216,12718349.0
2025-11-26 00:00:00+00:00,0.4216,0.4282,0.4202,0.4206,11499675.0
2025-11-26 04:00:00+00:00,0.4206,0.4248,0.4184,0.4247,6900615.0
2025-11-26 08:00:00+00:00,0.4247,0.4248,0.4136,0.415,10564229.0
2025-11-26 12:00:00+00:00,0.415,0.418,0.4103,0.4128,22548970.0
2025-11-26 16:00:00+00:00,0.4128,0.4357,0.4126,0.4338,18376631.0
2025-11-26 20:00:00+00:00,0.4338,0.4371,0.431,0.4354,5389947.0
2025-11-27 00:00:00+00:00,0.4354,0.4388,0.4322,0.4326,8894028.0
2025-11-27 04:00:00+00:00,0.4326,0.4353,0.4298,0.4336,7125504.0
2025-11-27 08:00:00+00:00,0.4336,0.4369,0.4284,0.4301,6703733.0
2025-11-27 12:00:00+00:00,0.4301,0.4335,0.4261,0.4329,9297045.0
2025-11-27 16:00:00+00:00,0.4329,0.4374,0.4302,0.4356,7559716.0
2025-11-27 20:00:00+00:00,0.4356,0.4387,0.4312,0.4328,5183380.0
2025-11-28 00:00:00+00:00,0.4328,0.4331,0.4214,0.4256,8787838.0
2025-11-28 04:00:00+00:00,0.4256,0.4277,0.4222,0.424,6496206.0
2025-11-28 08:00:00+00:00,0.424,0.4368,0.4238,0.4257,14383368.0
2025-11-28 12:00:00+00:00,0.4257,0.4345,0.4227,0.4324,19060704.0
2025-11-28 16:00:00+00:00,0.4324,0.4326,0.4143,0.4211,13885334.0
2025-11-28 20:00:00+00:00,0.4211,0.4225,0.4171,0.4196,5560751.0
2025-11-29 00:00:00+00:00,0.4196,0.4216,0.4159,0.4159,4265467.0
2025-11-29 04:00:00+00:00,0.4159,0.4186,0.4132,0.4151,10461559.0
2025-11-29 08:00:00+00:00,0.4151,0.4189,0.4134,0.4184,5923493.0
2025-11-29 12:00:00+00:00,0.4184,0.4208,0.4153,0.42,7618680.0
2025-11-29 16:00:00+00:00,0.42,0.4214,0.4112,0.4146,12949780.0
2025-11-29 20:00:00+00:00,0.4146,0.418,0.413,0.4142,8726415.0
2025-11-30 00:00:00+00:00,0.4142,0.4198,0.4131,0.4196,6337697.0
2025-11-30 04:00:00+00:00,0.4196,0.42,0.4147,0.4182,5793338.0
2025-11-30 08:00:00+00:00,0.4182,0.4216,0.4166,0.4173,9879241.0
2025-11-30 12:00:00+00:00,0.4173,0.4262,0.4168,0.4225,16749972.0
2025-11-30 16:00:00+00:00,0.4225,0.4271,0.4224,0.4248,6767877.0
2025-11-30 20:00:00+00:00,0.4248,0.4265,0.4136,0.4141,7826791.0
2025-12-01 00:00:00+00:00,0.4141,0.4154,0.3838,0.386,60561580.0
2025-12-01 04:00:00+00:00,0.386,0.3888,0.3806,0.3884,16841239.0
2025-12-01 08:00:00+00:00,0.3884,0.3885,0.3821,0.3824,8517642.0
2025-12-01 12:00:00+00:00,0.3824,0.3842,0.3705,0.3759,37969647.0
2025-12-01 16:00:00+00:00,0.3759,0.3788,0.3712,0.3759,12661977.0
2025-12-01 20:00:00+00:00,0.3759,0.3875,0.3759,0.3853,13584599.0
2025-12-02 00:00:00+00:00,0.3853,0.3918,0.3846,0.3911,9292391.0
2025-12-02 04:00:00+00:00,0.3911,0.3935,0.3885,0.3892,5734246.0
2025-12-02 08:00:00+00:00,0.3892,0.3947,0.3852,0.3936,16677379.0
2025-12-02 12:00:00+00:00,0.3936,0.431,0.3928,0.4282,37116269.0
2025-12-02 16:00:00+00:00,0.4282,0.4376,0.4258,0.4344,18727002.0
2025-12-02 20:00:00+00:00,0.4344,0.4387,0.4321,0.4332,18505498.0
2025-12-03 00:00:00+00:00,0.4332,0.4386,0.4296,0.4378,12917829.0
2025-12-03 04:00:00+00:00,0.4378,0.4471,0.4353,0.4426,19533010.0
2025-12-03 08:00:00+00:00,0.4426,0.4467,0.4353,0.4368,13124327.0
2025-12-03 12:00:00+00:00,0.4368,0.4412,0.4261,0.4339,44885415.0
2025-12-03 16:00:00+00:00,0.4339,0.4452,0.4312,0.4446,14520880.0
2025-12-03 20:00:00+00:00,0.4446,0.4539,0.4435,0.4498,21611980.0
2025-12-04 00:00:00+00:00,0.4498,0.4557,0.4469,0.4492,12460082.0
2025-12-04 04:00:00+00:00,0.4492,0.4536,0.4449,0.4514,10998768.0
2025-12-04 08:00:00+00:00,0.4514,0.4523,0.4439,0.4461,15553563.0
2025-12-04 12:00:00+00:00,0.4461,0.4531,0.4394,0.4503,21634580.0
2025-12-04 16:00:00+00:00,0.4503,0.4516,0.4342,0.4412,25380652.0
2025-12-04 20:00:00+00:00,0.4412,0.4435,0.4374,0.439,6729781.0
2025-12-05 00:00:00+00:00,0.439,0.4424,0.4378,0.4394,7574957.0
2025-12-05 04:00:00+00:00,0.4394,0.4421,0.4358,0.4413,10633549.0
2025-12-05 08:00:00+00:00,0.4413,0.4413,0.4277,0.43,15743184.0
2025-12-05 12:00:00+00:00,0.43,0.4324,0.4227,0.4259,30794560.0
2025-12-05 16:00:00+00:00,0.4259,0.4261,0.4089,0.4159,26563007.0
2025-12-05 20:00:00+00:00,0.4159,0.4168,0.4126,0.4153,9101204.0
2025-12-06 00:00:00+00:00,0.4153,0.4174,0.4118,0.4162,5817905.0
2025-12-06 04:00:00+00:00,0.4162,0.4165,0.4101,0.4115,4964910.0
2025-12-06 08:00:00+00:00,0.4115,0.415,0.4095,0.4146,7716456.0
2025-12-06 12:00:00+00:00,0.4146,0.4166,0.4115,0.4146,15734773.0
2025-12-06 16:00:00+00:00,0.4146,0.4212,0.4119,0.4129,16405287.0
2025-12-06 20:00:00+00:00,0.4129,0.4167,0.4106,0.4134,8772920.0
2025-12-07 00:00:00+00:00,0.4134,0.4194,0.4131,0.4189,6240839.0
2025-12-07 04:00:00+00:00,0.4189,0.4204,0.4143,0.417,18218680.0
2025-12-07 08:00:00+00:00,0.417,0.4193,0.4138,0.4146,7860948.0
2025-12-07 12:00:00+00:00,0.4146,0.42,0.4055,0.4196,55549049.0
2025-12-07 16:00:00+00:00,0.4196,0.4349,0.4178,0.4316,26952050.0
2025-12-07 20:00:00+00:00,0.4316,0.4328,0.4107,0.417,23021977.0
2025-12-08 00:00:00+00:00,0.417,0.4267,0.4139,0.4225,10468216.0
2025-12-08 04:00:00+00:00,0.4225,0.4299,0.4222,0.4289,8741352.0
2025-12-08 08:00:00+00:00,0.4289,0.439,0.4281,0.4317,16771791.0
2025-12-08 12:00:00+00:00,0.4317,0.44,0.4299,0.4349,30471853.0
2025-12-08 16:00:00+00:00,0.4349,0.4412,0.4297,0.4341,22989775.0
2025-12-08 20:00:00+00:00,0.4341,0.4373,0.4292,0.4325,12207213.0
2025-12-09 00:00:00+00:00,0.4325,0.4344,0.4265,0.4316,13591519.0
2025-12-09 04:00:00+00:00,0.4316,0.4324,0.4237,0.4274,13685381.0
2025-12-09 08:00:00+00:00,0.4274,0.4435,0.4237,0.4375,21729272.0
2025-12-09 12:00:00+00:00,0.4375,0.4696,0.4365,0.4667,64640583.0
2025-12-09 16:00:00+00:00,0.4667,0.4838,0.4667,0.4764,48686595.0
2025-12-09 20:00:00+00:00,0.4764,0.4812,0.4642,0.4695,33798881.0
2025-12-10 00:00:00+00:00,0.4695,0.4716,0.4617,0.4623,13640822.0
2025-12-10 04:00:00+00:00,0.4623,0.4655,0.4577,0.461,18273533.0
2025-12-10 08:00:00+00:00,0.461,0.4757,0.4592,0.4654,26219280.0
2025-12-10 12:00:00+00:00,0.4654,0.4661,0.4606,0.4615,19834644.0
2025-12-10 16:00:00+00:00,0.4615,0.4707,0.4557,0.4643,44268138.0
2025-12-10 20:00:00+00:00,0.4643,0.4744,0.4521,0.4533,35722333.0
2025-12-11 00:00:00+00:00,0.4533,0.4547,0.4288,0.4296,31523803.0
2025-12-11 04:00:00+00:00,0.4296,0.4342,0.4248,0.4265,20338080.0
2025-12-11 08:00:00+00:00,0.4265,0.4266,0.4196,0.4205,21737504.0
2025-12-11 12:00:00+00:00,0.4205,0.4214,0.4113,0.4174,40435224.0
2025-12-11 16:00:00+00:00,0.4174,0.4218,0.4091,0.4172,28618198.0
2025-12-11 20:00:00+00:00,0.4172,0.4277,0.4168,0.4251,27149594.0
2025-12-12 00:00:00+00:00,0.4251,0.4269,0.4174,0.4224,18482192.0
2025-12-12 04:00:00+00:00,0.4224,0.4292,0.4191,0.426,12971944.0
2025-12-12 08:00:00+00:00,0.426,0.4273,0.4211,0.4243,10448579.0
2025-12-12 12:00:00+00:00,0.4243,0.427,0.4064,0.4081,41714787.0
2025-12-12 16:00:00+00:00,0.4081,0.4157,0.4033,0.4093,29653124.0
2025-12-12 20:00:00+00:00,0.4093,0.4113,0.4077,0.4088,6409415.0
2025-12-13 00:00:00+00:00,0.4088,0.4118,0.4088,0.409,6308315.0
2025-12-13 04:00:00+00:00,0.409,0.4119,0.4078,0.4102,11013516.0
2025-12-13 08:00:00+00:00,0.4102,0.4155,0.4099,0.412,8013081.0
2025-12-13 12:00:00+00:00,0.412,0.4145,0.4104,0.4129,7218033.0
2025-12-13 16:00:00+00:00,0.4129,0.4142,0.4086,0.41,7343533.0
2025-12-13 20:00:00+00:00,0.41,0.4111,0.4058,0.4104,8821264.0
2025-12-14 00:00:00+00:00,0.4104,0.4115,0.4085,0.4096,6170459.0
2025-12-14 04:00:00+00:00,0.4096,0.4101,0.4059,0.4075,7473463.0
2025-12-14 08:00:00+00:00,0.4075,0.4094,0.3972,0.403,28720197.0
2025-12-14 12:00:00+00:00,0.403,0.4049,0.3966,0.3992,30669995.0
2025-12-14 16:00:00+00:00,0.3992,0.4025,0.3953,0.3983,17811211.0
2025-12-14 20:00:00+00:00,0.3983,0.4,0.3913,0.396,20208902.0
2025-12-15 00:00:00+00:00,0.396,0.4074,0.3953,0.4011,15960972.0
2025-12-15 04:00:00+00:00,0.4011,0.4063,0.401,0.4018,16520502.0
2025-12-15 08:00:00+00:00,0.4018,0.4055,0.4001,0.4026,10079694.0
2025-12-15 12:00:00+00:00,0.4026,0.4051,0.3819,0.3852,46383430.0
2025-12-15 16:00:00+00:00,0.3852,0.3901,0.3768,0.3844,34198865.0
2025-12-15 20:00:00+00:00,0.3844,0.3882,0.3795,0.388,13393387.0
2025-12-16 00:00:00+00:00,0.388,0.3897,0.3797,0.3826,16335330.0
2025-12-16 04:00:00+00:00,0.3826,0.3851,0.3771,0.38,16991744.0
2025-12-16 08:00:00+00:00,0.38,0.3905,0.3798,0.3878,18444736.0
2025-12-16 12:00:00+00:00,0.3878,0.3913,0.378,0.3896,33928846.0
2025-12-16 16:00:00+00:00,0.3896,0.3903,0.3834,0.3868,12124453.0
2025-12-16 20:00:00+00:00,0.3868,0.388,0.3843,0.3856,6289620.0
2025-12-17 00:00:00+00:00,0.3856,0.3876,0.382,0.3832,9930095.0
2025-12-17 04:00:00+00:00,0.3832,0.3834,0.3758,0.3807,12524316.0
2025-12-17 08:00:00+00:00,0.3807,0.3809,0.3764,0.3805,8409570.0
2025-12-17 12:00:00+00:00,0.3805,0.4001,0.3782,0.3818,49664318.0
2025-12-17 16:00:00+00:00,0.3818,0.3847,0.3637,0.3685,34364751.0
2025-12-17 20:00:00+00:00,0.3685,0.3719,0.3642,0.3669,8258060.0
2025-12-18 00:00:00+00:00,0.3669,0.3688,0.3626,0.3646,10224604.0
2025-12-18 04:00:00+00:00,0.3646,0.3665,0.3603,0.3621,7494636.0
2025-12-18 08:00:00+00:00,0.3621,0.3657,0.3614,0.3646,12075748.0
2025-12-18 12:00:00+00:00,0.3646,0.3792,0.3634,0.3728,36322173.0
2025-12-18 16:00:00+00:00,0.3728,0.3733,0.3464,0.3473,49623767.0
2025-12-18 20:00:00+00:00,0.3473,0.3553,0.3466,0.3514,15403680.0
2025-12-19 00:00:00+00:00,0.3514,0.3627,0.3463,0.3594,24534412.0
2025-12-19 04:00:00+00:00,0.3594,0.3694,0.3592,0.366,13257354.0
2025-12-19 08:00:00+00:00,0.366,0.3674,0.3644,0.3659,7116402.0
2025-12-19 12:00:00+00:00,0.3659,0.3787,0.3648,0.3709,22018449.0
2025-12-19 16:00:00+00:00,0.3709,0.3805,0.3688,0.3777,26753307.0
2025-12-19 20:00:00+00:00,0.3777,0.3804,0.3749,0.3765,7158543.0
2025-12-20 00:00:00+00:00,0.3765,0.3769,0.3731,0.3741,4574820.0
2025-12-20 04:00:00+00:00,0.3741,0.375,0.3719,0.3741,5115275.0
2025-12-20 08:00:00+00:00,0.3741,0.38,0.3741,0.3783,11126896.0
2025-12-20 12:00:00+00:00,0.3783,0.3793,0.3742,0.3772,11320005.0
2025-12-20 16:00:00+00:00,0.3772,0.3778,0.3748,0.3751,6882811.0
2025-12-20 20:00:00+00:00,0.3751,0.3761,0.3726,0.373,6074415.0
2025-12-21 00:00:00+00:00,0.373,0.3736,0.3674,0.3695,16194256.0
2025-12-21 04:00:00+00:00,0.3695,0.3695,0.3667,0.3673,5769398.0
2025-12-21 08:00:00+00:00,0.3673,0.3746,0.3663,0.3697,13589172.0
2025-12-21 12:00:00+00:00,0.3697,0.3721,0.3573,0.3608,31751500.0
2025-12-21 16:00:00+00:00,0.3608,0.3656,0.3598,0.3648,10219181.0
2025-12-21 20:00:00+00:00,0.3648,0.3681,0.3589,0.3658,10776659.0
2025-12-22 00:00:00+00:00,0.3658,0.3752,0.3614,0.3669,28039811.0
2025-12-22 04:00:00+00:00,0.3669,0.3693,0.3646,0.3682,9241209.0
2025-12-22 08:00:00+00:00,0.3682,0.372,0.3667,0.3707,14890371.0
2025-12-22 12:00:00+00:00,0.3707,0.3822,0.3707,0.3791,28289869.0
2025-12-22 16:00:00+00:00,0.3791,0.3812,0.3673,0.3681,27365652.0
2025-12-22 20:00:00+00:00,0.3681,0.3734,0.3656,0.3709,19898219.0
2025-12-23 00:00:00+00:00,0.3709,0.3742,0.3654,0.3682,9501415.0
2025-12-23 04:00:00+00:00,0.3682,0.3693,0.363,0.3639,13602313.0
2025-12-23 08:00:00+00:00,0.3639,0.3687,0.362,0.3672,11853062.0
2025-12-23 12:00:00+00:00,0.3672,0.3672,0.3547,0.3607,28358991.0
2025-12-23 16:00:00+00:00,0.3607,0.365,0.359,0.3612,14634099.0
2025-12-23 20:00:00+00:00,0.3612,0.3661,0.3602,0.3626,8489105.0
2025-12-24 00:00:00+00:00,0.3626,0.365,0.3566,0.3598,11357768.0
2025-12-24 04:00:00+00:00,0.3598,0.3617,0.3536,0.3555,23238263.0
2025-12-24 08:00:00+00:00,0.3555,0.3595,0.3541,0.3586,6983321.0
2025-12-24 12:00:00+00:00,0.3586,0.3593,0.3518,0.3554,12815780.0
2025-12-24 16:00:00+00:00,0.3554,0.3582,0.3536,0.3559,10083155.0
2025-12-24 20:00:00+00:00,0.3559,0.3585,0.3545,0.3563,14551251.0
2025-12-25 00:00:00+00:00,0.3563,0.3608,0.3545,0.3603,9374523.0
2025-12-25 04:00:00+00:00,0.3603,0.3612,0.3586,0.359,6434055.0
2025-12-25 08:00:00+00:00,0.359,0.3609,0.3493,0.3508,24027229.0
2025-12-25 12:00:00+00:00,0.3508,0.3591,0.3491,0.357,30634979.0
2025-12-25 16:00:00+00:00,0.357,0.3598,0.3529,0.3594,24927240.0
2025-12-25 20:00:00+00:00,0.3594,0.3597,0.3388,0.3433,44256351.0
2025-12-26 00:00:00+00:00,0.3433,0.3581,0.3415,0.3531,33199043.0
2025-12-26 04:00:00+00:00,0.3531,0.3571,0.3508,0.3519,18873087.0
2025-12-26 08:00:00+00:00,0.3519,0.3562,0.3517,0.3549,11911170.0
2025-12-26 12:00:00+00:00,0.3549,0.3578,0.345,0.3466,28347618.0
2025-12-26 16:00:00+00:00,0.3466,0.3508,0.3438,0.3499,15224500.0
2025-12-26 20:00:00+00:00,0.3499,0.3511,0.3486,0.3493,5294465.0
2025-12-27 00:00:00+00:00,0.3493,0.3557,0.3484,0.3544,10644459.0
2025-12-27 04:00:00+00:00,0.3544,0.3549,0.3519,0.3521,7690733.0
2025-12-27 08:00:00+00:00,0.3521,0.3553,0.3519,0.355,10039663.0
2025-12-27 12:00:00+00:00,0.355,0.3587,0.355,0.3567,11926429.0
2025-12-27 16:00:00+00:00,0.3567,0.3578,0.3553,0.3574,6808111.0
2025-12-27 20:00:00+00:00,0.3574,0.3708,0.3574,0.3696,26906370.0
2025-12-28 00:00:00+00:00,0.3696,0.3707,0.3673,0.3696,13187249.0
2025-12-28 04:00:00+00:00,0.3696,0.3769,0.3687,0.3738,22210392.0
2025-12-28 08:00:00+00:00,0.3738,0.375,0.3695,0.3712,17095318.0
2025-12-28 12:00:00+00:00,0.3712,0.3722,0.3682,0.3693,10320697.0
2025-12-28 16:00:00+00:00,0.3693,0.3712,0.361,0.3625,18777888.0
2025-12-28 20:00:00+00:00,0.3625,0.3686,0.3612,0.3684,12154035.0
2025-12-29 00:00:00+00:00,0.3684,0.3826,0.3666,0.3811,28311106.0
2025-12-29 04:00:00+00:00,0.3811,0.3846,0.3734,0.3758,25592793.0
2025-12-29 08:00:00+00:00,0.3758,0.3775,0.3671,0.3692,20574510.0
2025-12-29 12:00:00+00:00,0.3692,0.3694,0.3617,0.3654,27991318.0
2025-12-29 16:00:00+00:00,0.3654,0.3656,0.3524,0.3528,28941586.0
2025-12-29 20:00:00+00:00,0.3528,0.3555,0.3502,0.3531,13242436.0
2025-12-30 00:00:00+00:00,0.3531,0.3552,0.3478,0.3524,19273644.0
2025-12-30 04:00:00+00:00,0.3524,0.3535,0.3506,0.352,10538817.0
2025-12-30 08:00:00+00:00,0.352,0.3567,0.3516,0.352,15354005.0
2025-12-30 12:00:00+00:00,0.352,0.3566,0.35,0.354,26599879.0
2025-12-30 16:00:00+00:00,0.354,0.3556,0.3494,0.3514,16147919.0
2025-12-30 20:00:00+00:00,0.3514,0.3519,0.3486,0.3512,11560903.0
2025-12-31 00:00:00+00:00,0.3512,0.3536,0.3493,0.3515,10632017.0
2025-12-31 04:00:00+00:00,0.3515,0.3533,0.3501,0.351,11220110.0
2025-12-31 08:00:00+00:00,0.351,0.3522,0.3486,0.3518,10486551.0
2025-12-31 12:00:00+00:00,0.3518,0.352,0.3401,0.3422,34937479.0
2025-12-31 16:00:00+00:00,0.3422,0.3424,0.3289,0.3319,40613329.0
2025-12-31 20:00:00+00:00,0.3319,0.3346,0.3302,0.3331,13179137.0
2026-01-01 00:00:00+00:00,0.3331,0.3352,0.3321,0.3327,10399479.0
2026-01-01 04:00:00+00:00,0.3327,0.3386,0.3319,0.3365,15949455.0
2026-01-01 08:00:00+00:00,0.3365,0.3412,0.3363,0.3408,11402340.0
2026-01-01 12:00:00+00:00,0.3408,0.3493,0.3393,0.3471,23551751.0
2026-01-01 16:00:00+00:00,0.3471,0.3585,0.3456,0.3578,29162225.0
2026-01-01 20:00:00+00:00,0.3578,0.3605,0.3552,0.3563,16611413.0
2026-01-02 00:00:00+00:00,0.3563,0.3632,0.3542,0.362,19301786.0
2026-01-02 04:00:00+00:00,0.362,0.3638,0.355,0.3553,26947885.0
2026-01-02 08:00:00+00:00,0.3553,0.3675,0.3553,0.3605,32759764.0
2026-01-02 12:00:00+00:00,0.3605,0.3745,0.358,0.3715,51451787.0
2026-01-02 16:00:00+00:00,0.3715,0.3934,0.3714,0.388,62910888.0
2026-01-02 20:00:00+00:00,0.388,0.396,0.3845,0.3947,24755544.0
2026-01-03 00:00:00+00:00,0.3947,0.399,0.3913,0.3982,16039907.0
2026-01-03 04:00:00+00:00,0.3982,0.3987,0.3827,0.384,19990982.0
2026-01-03 08:00:00+00:00,0.384,0.3888,0.3826,0.3843,12825977.0
2026-01-03 12:00:00+00:00,0.3843,0.3909,0.3834,0.3861,16981632.0
2026-01-03 16:00:00+00:00,0.3861,0.3895,0.3854,0.3883,6816140.0
2026-01-03 20:00:00+00:00,0.3883,0.3907,0.3857,0.3892,7363092.0
2026-01-04 00:00:00+00:00,0.3892,0.4003,0.3886,0.3993,22014959.0
2026-01-04 04:00:00+00:00,0.3993,0.4018,0.3936,0.3959,19159950.0
2026-01-04 08:00:00+00:00,0.3959,0.4054,0.3924,0.4011,28192795.0
2026-01-04 12:00:00+00:00,0.4011,0.4043,0.3957,0.3987,21488642.0
2026-01-04 16:00:00+00:00,0.3987,0.4041,0.3953,0.3986,17857325.0
2026-01-04 20:00:00+00:00,0.3986,0.4024,0.3968,0.4007,17231875.0
2026-01-05 00:00:00+00:00,0.4007,0.4077,0.3977,0.4032,27169901.0
2026-01-05 04:00:00+00:00,0.4032,0.4033,0.3935,0.4007,20371842.0
2026-01-05 08:00:00+00:00,0.4007,0.4038,0.3956,0.3995,19347872.0
2026-01-05 12:00:00+00:00,0.3995,0.4141,0.3965,0.4123,36303956.0
2026-01-05 16:00:00+00:00,0.4123,0.4194,0.4063,0.4172,32302864.0
2026-01-05 20:00:00+00:00,0.4172,0.4248,0.4167,0.4207,24569112.0
2026-01-06 00:00:00+00:00,0.4207,0.4306,0.4174,0.4257,26873916.0
2026-01-06 04:00:00+00:00,0.4257,0.4268,0.4138,0.4145,24153718.0
2026-01-06 08:00:00+00:00,0.4145,0.4221,0.4145,0.4218,15251415.0
2026-01-06 12:00:00+00:00,0.4218,0.4372,0.4172,0.4197,52756331.0
2026-01-06 16:00:00+00:00,0.4197,0.4207,0.401,0.4072,49293742.0
2026-01-06 20:00:00+00:00,0.4072,0.422,0.4071,0.4193,32723576.0
2026-01-07 00:00:00+00:00,0.4193,0.4194,0.4088,0.4118,15576146.0
2026-01-07 04:00:00+00:00,0.4118,0.4187,0.4094,0.4187,11659902.0
2026-01-07 08:00:00+00:00,0.4187,0.4227,0.409,0.4148,27851501.0
2026-01-07 12:00:00+00:00,0.4148,0.4154,0.4,0.4027,44680212.0
2026-01-07 16:00:00+00:00,0.4027,0.4075,0.4002,0.4027,19639833.0
2026-01-07 20:00:00+00:00,0.4027,0.4043,0.3975,0.402,16646967.0
2026-01-08 00:00:00+00:00,0.402,0.4046,0.395,0.3975,18057032.0
2026-01-08 04:00:00+00:00,0.3975,0.4018,0.3888,0.3951,30436161.0
2026-01-08 08:00:00+00:00,0.3951,0.3969,0.3866,0.3904,22567169.0
2026-01-08 12:00:00+00:00,0.3904,0.3954,0.3845,0.3951,28371045.0
2026-01-08 16:00:00+00:00,0.3951,0.3978,0.3902,0.3931,18844593.0
2026-01-08 20:00:00+00:00,0.3931,0.3989,0.3894,0.3955,15685092.0
2026-01-09 00:00:00+00:00,0.3955,0.4005,0.3944,0.3981,19280006.0
2026-01-09 04:00:00+00:00,0.3981,0.3996,0.3938,0.3969,12158856.0
2026-01-09 08:00:00+00:00,0.3969,0.3975,0.3892,0.3916,22138293.0
2026-01-09 12:00:00+00:00,0.3916,0.405,0.3873,0.3968,51084665.0
2026-01-09 16:00:00+00:00,0.3968,0.4043,0.3888,0.3899,24285825.0
2026-01-09 20:00:00+00:00,0.3899,0.3936,0.3891,0.3913,10124650.0
2026-01-10 00:00:00+00:00,0.3913,0.3915,0.3863,0.3889,10241170.0
2026-01-10 04:00:00+00:00,0.3889,0.389,0.3842,0.3877,9286519.0
2026-01-10 08:00:00+00:00,0.3877,0.3914,0.3866,0.3909,8129998.0
2026-01-10 12:00:00+00:00,0.3909,0.3923,0.3885,0.3895,9632811.0
2026-01-10 16:00:00+00:00,0.3895,0.3917,0.3881,0.391,5459081.0
2026-01-10 20:00:00+00:00,0.391,0.3913,0.3853,0.3882,7046923.0
2026-01-11 00:00:00+00:00,0.3882,0.3919,0.3874,0.3904,3912123.0
2026-01-11 04:00:00+00:00,0.3904,0.392,0.3887,0.3912,5489932.0
2026-01-11 08:00:00+00:00,0.3912,0.393,0.3895,0.3917,6973444.0
2026-01-11 12:00:00+00:00,0.3917,0.3971,0.3886,0.3903,19940416.0
2026-01-11 16:00:00+00:00,0.3903,0.3959,0.39,0.3922,15211923.0
2026-01-11 20:00:00+00:00,0.3922,0.3927,0.3835,0.3908,31751263.0
2026-01-12 00:00:00+00:00,0.3908,0.4035,0.3854,0.3972,21937553.0
2026-01-12 04:00:00+00:00,0.3972,0.401,0.3895,0.3902,17016210.0
2026-01-12 08:00:00+00:00,0.3902,0.3925,0.3842,0.3871,24793508.0
2026-01-12 12:00:00+00:00,0.3871,0.3949,0.3812,0.3944,39320654.0
2026-01-12 16:00:00+00:00,0.3944,0.3992,0.3905,0.3931,23211205.0
2026-01-12 20:00:00+00:00,0.3931,0.3951,0.3834,0.386,15755480.0
2026-01-13 00:00:00+00:00,0.386,0.3889,0.3848,0.3867,11192065.0
2026-01-13 04:00:00+00:00,0.3867,0.3958,0.3863,0.3899,13829138.0
2026-01-13 08:00:00+00:00,0.3899,0.3954,0.3895,0.3922,13743098.0
2026-01-13 12:00:00+00:00,0.3922,0.4064,0.3907,0.4062,48574919.0
2026-01-13 16:00:00+00:00,0.4062,0.411,0.405,0.4102,30089091.0
2026-01-13 20:00:00+00:00,0.4102,0.4267,0.4065,0.4217,50441994.0
2026-01-14 00:00:00+00:00,0.4217,0.4259,0.4198,0.4259,21809904.0
2026-01-14 04:00:00+00:00,0.4259,0.427,0.4181,0.4238,22854113.0
2026-01-14 08:00:00+00:00,0.4238,0.4251,0.4134,0.4138,16733949.0
2026-01-14 12:00:00+00:00,0.4138,0.4231,0.4111,0.4198,30681733.0
2026-01-14 16:00:00+00:00,0.4198,0.424,0.4094,0.4148,31841671.0
2026-01-14 20:00:00+00:00,0.4148,0.4176,0.4101,0.414,11227033.0
2026-01-15 00:00:00+00:00,0.414,0.4142,0.3987,0.4001,24390675.0
2026-01-15 04:00:00+00:00,0.4001,0.4053,0.3995,0.4042,14925900.0
2026-01-15 08:00:00+00:00,0.4042,0.4065,0.4009,0.4047,19602127.0
2026-01-15 12:00:00+00:00,0.4047,0.4105,0.393,0.3994,62697686.0
2026-01-15 16:00:00+00:00,0.3994,0.4008,0.389,0.3922,26620726.0
2026-01-15 20:00:00+00:00,0.3922,0.3943,0.3886,0.3933,11253293.0
2026-01-16 00:00:00+00:00,0.3933,0.3941,0.3894,0.3911,10459083.0
2026-01-16 04:00:00+00:00,0.3911,0.3942,0.3881,0.3922,10959496.0
2026-01-16 08:00:00+00:00,0.3922,0.3936,0.3901,0.3924,10802286.0
2026-01-16 12:00:00+00:00,0.3924,0.3926,0.3787,0.3814,52980235.0
2026-01-16 16:00:00+00:00,0.3814,0.3877,0.3802,0.3865,16393327.0
2026-01-16 20:00:00+00:00,0.3865,0.3983,0.3846,0.3952,21808721.0
2026-01-17 00:00:00+00:00,0.3952,0.3971,0.3932,0.3944,9280545.0
2026-01-17 04:00:00+00:00,0.3944,0.3967,0.3935,0.3955,5635782.0
2026-01-17 08:00:00+00:00,0.3955,0.397,0.3943,0.3945,7542497.0
2026-01-17 12:00:00+00:00,0.3945,0.4025,0.3942,0.4024,21980822.0
2026-01-17 16:00:00+00:00,0.4024,0.4042,0.3985,0.4,12488749.0
2026-01-17 20:00:00+00:00,0.4,0.402,0.3948,0.3971,10272447.0
2026-01-18 00:00:00+00:00,0.3971,0.3986,0.3926,0.3952,9093450.0
2026-01-18 04:00:00+00:00,0.3952,0.3959,0.393,0.3939,5934419.0
2026-01-18 08:00:00+00:00,0.3939,0.3946,0.3917,0.3927,11264372.0
2026-01-18 12:00:00+00:00,0.3927,0.3953,0.3892,0.3921,19954611.0
2026-01-18 16:00:00+00:00,0.3921,0.396,0.3898,0.3923,11182278.0
2026-01-18 20:00:00+00:00,0.3923,0.3968,0.3743,0.3754,35636179.0
2026-01-19 00:00:00+00:00,0.3754,0.3754,0.3416,0.3654,129926315.0
2026-01-19 04:00:00+00:00,0.3654,0.3666,0.3607,0.3637,31342481.0
2026-01-19 08:00:00+00:00,0.3637,0.3723,0.3631,0.3687,19442880.0
2026-01-19 12:00:00+00:00,0.3687,0.3702,0.3647,0.3666,16057490.0
2026-01-19 16:00:00+00:00,0.3666,0.3726,0.3661,0.3706,9168469.0
2026-01-19 20:00:00+00:00,0.3706,0.372,0.3664,0.37,11314936.0
2026-01-20 00:00:00+00:00,0.37,0.3703,0.3652,0.3662,12163130.0
2026-01-20 04:00:00+00:00,0.3662,0.3686,0.3634,0.3656,27675757.0
2026-01-20 08:00:00+00:00,0.3656,0.3664,0.3572,0.3574,26284077.0
2026-01-20 12:00:00+00:00,0.3574,0.3639,0.3555,0.3591,29245380.0
2026-01-20 16:00:00+00:00,0.3591,0.3602,0.3496,0.3521,19021812.0
2026-01-20 20:00:00+00:00,0.3521,0.354,0.3464,0.3504,22644985.0
2026-01-21 00:00:00+00:00,0.3504,0.3608,0.3503,0.3581,10801759.0
2026-01-21 04:00:00+00:00,0.3581,0.3629,0.3575,0.3595,13180784.0
2026-01-21 08:00:00+00:00,0.3595,0.3595,0.354,0.3546,9711691.0
2026-01-21 12:00:00+00:00,0.3546,0.3637,0.3499,0.3621,36694269.0
2026-01-21 16:00:00+00:00,0.3621,0.3674,0.3464,0.3672,35837284.0
2026-01-21 20:00:00+00:00,0.3672,0.3738,0.3622,0.3656,20559445.0
2026-01-22 00:00:00+00:00,0.3656,0.3687,0.3631,0.3637,8610623.0
2026-01-22 04:00:00+00:00,0.3637,0.3671,0.3633,0.3635,12016887.0
2026-01-22 08:00:00+00:00,0.3635,0.3661,0.3624,0.3634,15092297.0
2026-01-22 12:00:00+00:00,0.3634,0.3659,0.3552,0.3583,24008607.0
2026-01-22 16:00:00+00:00,0.3583,0.3632,0.3582,0.3612,16935748.0
2026-01-22 20:00:00+00:00,0.3612,0.3617,0.3575,0.3592,8821475.0
2026-01-23 00:00:00+00:00,0.3592,0.3631,0.3582,0.3617,5677788.0
2026-01-23 04:00:00+00:00,0.3617,0.365,0.3587,0.3611,16081237.0
2026-01-23 08:00:00+00:00,0.3611,0.3615,0.3573,0.3599,8465455.0
2026-01-23 12:00:00+00:00,0.3599,0.3611,0.3522,0.3601,29001898.0
2026-01-23 16:00:00+00:00,0.3601,0.3705,0.3594,0.3612,27517730.0
2026-01-23 20:00:00+00:00,0.3612,0.3628,0.3569,0.3601,8779721.0
2026-01-24 00:00:00+00:00,0.3601,0.3622,0.3582,0.3615,4962329.0
2026-01-24 04:00:00+00:00,0.3615,0.3623,0.3592,0.3595,4283906.0
2026-01-24 08:00:00+00:00,0.3595,0.3605,0.3584,0.3598,2934202.0
2026-01-24 12:00:00+00:00,0.3598,0.3603,0.3572,0.3577,8236314.0
2026-01-24 16:00:00+00:00,0.3577,0.3596,0.3562,0.3582,5248428.0
2026-01-24 20:00:00+00:00,0.3582,0.3599,0.3577,0.3582,5646821.0
2026-01-25 00:00:00+00:00,0.3582,0.3593,0.354,0.3556,8186010.0
2026-01-25 04:00:00+00:00,0.3556,0.3574,0.3539,0.3555,5885210.0
2026-01-25 08:00:00+00:00,0.3555,0.3601,0.3536,0.3563,9671029.0
2026-01-25 12:00:00+00:00,0.3563,0.3569,0.3501,0.3521,13765976.0
2026-01-25 16:00:00+00:00,0.3521,0.3521,0.3326,0.3344,71961143.0
2026-01-25 20:00:00+00:00,0.3344,0.3397,0.3329,0.339,26221638.0
2026-01-26 00:00:00+00:00,0.339,0.3495,0.3385,0.3449,22370434.0
2026-01-26 04:00:00+00:00,0.3449,0.3497,0.3449,0.3481,12849643.0
2026-01-26 08:00:00+00:00,0.3481,0.3516,0.3447,0.3469,20630252.0
2026-01-26 12:00:00+00:00,0.3469,0.3582,0.3465,0.352,29253135.0
2026-01-26 16:00:00+00:00,0.352,0.3557,0.3489,0.3519,20325546.0
2026-01-26 20:00:00+00:00,0.3519,0.3542,0.3487,0.352,13346515.0
2026-01-27 00:00:00+00:00,0.352,0.355,0.3509,0.3525,8119049.0
2026-01-27 04:00:00+00:00,0.3525,0.3547,0.3508,0.3518,4540217.0
2026-01-27 08:00:00+00:00,0.3518,0.3528,0.3485,0.3503,10916387.0
2026-01-27 12:00:00+00:00,0.3503,0.3525,0.3474,0.3515,14820292.0
2026-01-27 16:00:00+00:00,0.3515,0.3577,0.349,0.3553,29586734.0
2026-01-27 20:00:00+00:00,0.3553,0.3632,0.3553,0.3605,18881318.0
2026-01-28 00:00:00+00:00,0.3605,0.3612,0.3559,0.3565,9594831.0
2026-01-28 04:00:00+00:00,0.3565,0.359,0.3546,0.3574,8156336.0
2026-01-28 08:00:00+00:00,0.3574,0.3643,0.3561,0.3641,12204367.0
2026-01-28 12:00:00+00:00,0.3641,0.3647,0.3544,0.3569,25921136.0
2026-01-28 16:00:00+00:00,0.3569,0.3614,0.3548,0.3581,19065865.0
2026-01-28 20:00:00+00:00,0.3581,0.3613,0.3548,0.3582,12673605.0
2026-01-29 00:00:00+00:00,0.3582,0.3588,0.3491,0.3509,26199140.0
2026-01-29 04:00:00+00:00,0.3509,0.3523,0.3474,0.3512,15524983.0
2026-01-29 08:00:00+00:00,0.3512,0.3516,0.3456,0.3463,14808805.0
2026-01-29 12:00:00+00:00,0.3463,0.347,0.3293,0.333,48223338.0
2026-01-29 16:00:00+00:00,0.333,0.3407,0.3269,0.3306,62473901.0
2026-01-29 20:00:00+00:00,0.3306,0.3365,0.3299,0.3346,14939190.0
2026-01-30 00:00:00+00:00,0.3346,0.3357,0.3179,0.3248,75857551.0
2026-01-30 04:00:00+00:00,0.3248,0.3297,0.3194,0.3253,22589693.0
2026-01-30 08:00:00+00:00,0.3253,0.329,0.3203,0.3277,17848060.0
2026-01-30 12:00:00+00:00,0.3277,0.3281,0.3206,0.3256,31230808.0
2026-01-30 16:00:00+00:00,0.3256,0.3317,0.3157,0.3289,50898821.0
2026-01-30 20:00:00+00:00,0.3289,0.3289,0.3199,0.3206,30963156.0
2026-01-31 00:00:00+00:00,0.3206,0.3222,0.3179,0.3183,15297177.0
2026-01-31 04:00:00+00:00,0.3183,0.319,0.3101,0.3123,44896831.0
2026-01-31 08:00:00+00:00,0.3123,0.3129,0.3067,0.3101,38261552.0
2026-01-31 12:00:00+00:00,0.3101,0.3107,0.2935,0.296,66939901.0
2026-01-31 16:00:00+00:00,0.296,0.3002,0.2685,0.2849,166944602.0
2026-01-31 20:00:00+00:00,0.2849,0.2955,0.2816,0.2935,39488518.0
2026-02-01 00:00:00+00:00,0.2935,0.2976,0.2913,0.2955,20379975.0
2026-02-01 04:00:00+00:00,0.2955,0.299,0.2927,0.296,29611771.0
2026-02-01 08:00:00+00:00,0.296,0.298,0.2916,0.2953,24943465.0
2026-02-01 12:00:00+00:00,0.2953,0.2966,0.2846,0.2892,55315041.0
2026-02-01 16:00:00+00:00,0.2892,0.2927,0.2845,0.2868,34780249.0
2026-02-01 20:00:00+00:00,0.2868,0.2909,0.2784,0.2856,52646855.0
2026-02-02 00:00:00+00:00,0.2856,0.2933,0.276,0.2863,50145999.0
2026-02-02 04:00:00+00:00,0.2863,0.2899,0.2755,0.2841,54853537.0
2026-02-02 08:00:00+00:00,0.2841,0.2946,0.284,0.2923,54505113.0
2026-02-02 12:00:00+00:00,0.2923,0.3025,0.2923,0.3011,33368052.0
2026-02-02 16:00:00+00:00,0.3011,0.3032,0.2988,0.2998,12467099.0
2026-02-02 20:00:00+00:00,0.2998,0.3012,0.2976,0.299,11337137.0
2026-02-03 00:00:00+00:00,0.299,0.3001,0.2932,0.2991,15970894.0
2026-02-03 04:00:00+00:00,0.2991,0.3017,0.2954,0.2991,12472815.0
2026-02-03 08:00:00+00:00,0.2991,0.3006,0.2936,0.2971,18887054.0
2026-02-03 12:00:00+00:00,0.2971,0.3049,0.2929,0.3038,44784866.0
2026-02-03 16:00:00+00:00,0.3038,0.3039,0.2816,0.2951,64967857.0
2026-02-03 20:00:00+00:00,0.2951,0.3044,0.2895,0.2917,44461247.0
2026-02-04 00:00:00+00:00,0.2917,0.3016,0.2905,0.3008,16757835.0
2026-02-04 04:00:00+00:00,0.3008,0.3026,0.2958,0.2996,12358333.0
2026-02-04 08:00:00+00:00,0.2996,0.3025,0.2941,0.2969,31051995.0
2026-02-04 12:00:00+00:00,0.2969,0.2976,0.2831,0.2863,41976791.0
2026-02-04 16:00:00+00:00,0.2863,0.2931,0.2808,0.2922,51596458.0
2026-02-04 20:00:00+00:00,0.2922,0.2928,0.2798,0.2861,31264454.0
2026-02-05 00:00:00+00:00,0.2861,0.2897,0.282,0.2826,31895832.0
2026-02-05 04:00:00+00:00,0.2826,0.2865,0.2781,0.2791,36551711.0
2026-02-05 08:00:00+00:00,0.2791,0.2838,0.2669,0.2718,46460864.0
2026-02-05 12:00:00+00:00,0.2718,0.2778,0.2574,0.2622,73745760.0
2026-02-05 16:00:00+00:00,0.2622,0.2674,0.2525,0.2535,84903310.0
2026-02-05 20:00:00+00:00,0.2535,0.2559,0.2434,0.2451,124214267.0
2026-02-06 00:00:00+00:00,0.2451,0.2536,0.2203,0.2487,267935572.0
2026-02-06 04:00:00+00:00,0.2487,0.2592,0.2477,0.2514,39868307.0
2026-02-06 08:00:00+00:00,0.2514,0.2635,0.2486,0.2613,42079225.0
2026-02-06 12:00:00+00:00,0.2613,0.2744,0.2596,0.2734,49189536.0
2026-02-06 16:00:00+00:00,0.2734,0.2841,0.2724,0.2782,50673058.0
2026-02-06 20:00:00+00:00,0.2782,0.2805,0.2737,0.276,20247503.0
2026-02-07 00:00:00+00:00,0.276,0.2764,0.2707,0.2757,19119393.0
2026-02-07 04:00:00+00:00,0.2757,0.2777,0.2654,0.268,44732886.0
2026-02-07 08:00:00+00:00,0.268,0.2702,0.2658,0.2671,14729482.0
2026-02-07 12:00:00+00:00,0.2671,0.2742,0.2666,0.2725,28521490.0
2026-02-07 16:00:00+00:00,0.2725,0.2796,0.271,0.2742,116840358.0
2026-02-07 20:00:00+00:00,0.2742,0.2758,0.2702,0.2718,7932108.0
2026-02-08 00:00:00+00:00,0.2718,0.2733,0.2691,0.2696,7115034.0
2026-02-08 04:00:00+00:00,0.2696,0.2712,0.2684,0.2709,5793430.0
2026-02-08 08:00:00+00:00,0.2709,0.276,0.2694,0.2745,15112063.0
2026-02-08 12:00:00+00:00,0.2745,0.2753,0.2706,0.2725,18266704.0
2026-02-08 16:00:00+00:00,0.2725,0.2746,0.2667,0.2743,14265856.0
2026-02-08 20:00:00+00:00,0.2743,0.2763,0.2679,0.2699,19081342.0
2026-02-09 00:00:00+00:00,0.2699,0.2738,0.2677,0.2732,12601372.0
2026-02-09 04:00:00+00:00,0.2732,0.2733,0.2687,0.269,13100729.0
2026-02-09 08:00:00+00:00,0.269,0.2697,0.2592,0.2615,27277517.0
2026-02-09 12:00:00+00:00,0.2615,0.2681,0.2613,0.2677,27876873.0
2026-02-09 16:00:00+00:00,0.2677,0.2734,0.2653,0.2709,17699094.0
2026-02-09 20:00:00+00:00,0.2709,0.2719,0.2677,0.2697,11175289.0
2026-02-10 00:00:00+00:00,0.2697,0.2703,0.2641,0.266,13431637.0
2026-02-10 04:00:00+00:00,0.266,0.268,0.2613,0.2628,18252521.0
2026-02-10 08:00:00+00:00,0.2628,0.2657,0.2625,0.2628,8287078.0
2026-02-10 12:00:00+00:00,0.2628,0.266,0.2609,0.2632,19919550.0
2026-02-10 16:00:00+00:00,0.2632,0.2649,0.2594,0.2622,18198739.0
2026-02-10 20:00:00+00:00,0.2622,0.2628,0.2603,0.2616,6003421.0
2026-02-11 00:00:00+00:00,0.2616,0.2646,0.26,0.2623,7905350.0
2026-02-11 04:00:00+00:00,0.2623,0.2627,0.2545,0.2553,22330949.0
2026-02-11 08:00:00+00:00,0.2553,0.2558,0.2518,0.2551,13326935.0
2026-02-11 12:00:00+00:00,0.2551,0.2633,0.2499,0.253,40745091.0
2026-02-11 16:00:00+00:00,0.253,0.2596,0.251,0.257,17389078.0
2026-02-11 20:00:00+00:00,0.257,0.2575,0.2553,0.2563,1117691.0
