timestamp,open,high,low,close,volume
2023-01-23 16:00:00+00:00,0.37667,0.37874,0.37525,0.37538,194428.0
2023-01-23 16:30:00+00:00,0.37538,0.37753,0.37518,0.37684,122206.0
2023-01-23 17:00:00+00:00,0.37684,0.37774,0.37508,0.37624,138254.0
2023-01-23 17:30:00+00:00,0.37624,0.37777,0.37363,0.37737,479417.0
2023-01-23 18:00:00+00:00,0.37737,0.37865,0.37682,0.37865,364770.0
2023-01-23 18:30:00+00:00,0.37865,0.37978,0.37606,0.37697,242476.0
2023-01-23 19:00:00+00:00,0.37697,0.3774,0.37524,0.376,100128.0
2023-01-23 19:30:00+00:00,0.376,0.37648,0.37002,0.37365,253554.0
2023-01-23 20:00:00+00:00,0.37365,0.37551,0.37322,0.37484,72522.0
2023-01-23 20:30:00+00:00,0.37484,0.3762,0.37422,0.37592,345835.0
2023-01-23 21:00:00+00:00,0.37592,0.37647,0.37443,0.37629,99547.0
2023-01-23 21:30:00+00:00,0.37629,0.37685,0.37522,0.37592,95996.0
2023-01-23 22:00:00+00:00,0.37592,0.37729,0.37582,0.37689,172169.0
2023-01-23 22:30:00+00:00,0.37689,0.37777,0.37537,0.37589,330326.0
2023-01-23 23:00:00+00:00,0.37589,0.37633,0.3738,0.37568,263536.0
2023-01-23 23:30:00+00:00,0.37568,0.37587,0.37372,0.375,133461.0
2023-01-24 00:00:00+00:00,0.375,0.37692,0.37275,0.37659,347271.0
2023-01-24 00:30:00+00:00,0.37659,0.37799,0.37474,0.37735,578504.0
2023-01-24 01:00:00+00:00,0.37735,0.37787,0.37545,0.37556,117946.0
2023-01-24 01:30:00+00:00,0.37556,0.37856,0.37556,0.37826,235939.0
2023-01-24 02:00:00+00:00,0.37826,0.37918,0.37736,0.37913,150317.0
2023-01-24 02:30:00+00:00,0.37913,0.37959,0.37777,0.37858,160488.0
2023-01-24 03:00:00+00:00,0.37858,0.37908,0.37761,0.37785,460571.0
2023-01-24 03:30:00+00:00,0.37785,0.379,0.37785,0.37875,146479.0
2023-01-24 04:00:00+00:00,0.37875,0.37911,0.37735,0.37884,486376.0
2023-01-24 04:30:00+00:00,0.37884,0.37894,0.37789,0.37827,121330.0
2023-01-24 05:00:00+00:00,0.37827,0.3798,0.37721,0.37972,488680.0
2023-01-24 05:30:00+00:00,0.37972,0.38177,0.37962,0.37975,524209.0
2023-01-24 06:00:00+00:00,0.37975,0.38143,0.3797,0.38103,246985.0
2023-01-24 06:30:00+00:00,0.38103,0.38189,0.38,0.38111,237490.0
2023-01-24 07:00:00+00:00,0.38111,0.38307,0.3802,0.38073,527687.0
2023-01-24 07:30:00+00:00,0.38073,0.38287,0.38039,0.38226,137686.0
2023-01-24 08:00:00+00:00,0.38226,0.38278,0.38144,0.3818,226302.0
2023-01-24 08:30:00+00:00,0.3818,0.38222,0.38079,0.38166,140728.0
2023-01-24 09:00:00+00:00,0.38166,0.38171,0.37811,0.37988,835698.0
2023-01-24 09:30:00+00:00,0.37988,0.38005,0.37775,0.37839,142454.0
2023-01-24 10:00:00+00:00,0.37839,0.37922,0.37714,0.3789,260746.0
2023-01-24 10:30:00+00:00,0.3789,0.37932,0.37798,0.37798,293781.0
2023-01-24 11:00:00+00:00,0.37798,0.37838,0.37632,0.37773,224810.0
2023-01-24 11:30:00+00:00,0.37773,0.37817,0.37565,0.37759,187654.0
2023-01-24 12:00:00+00:00,0.37759,0.37814,0.37526,0.37731,463832.0
2023-01-24 12:30:00+00:00,0.37731,0.37768,0.376,0.37605,286615.0
2023-01-24 13:00:00+00:00,0.37605,0.3773,0.37536,0.37667,382450.0
2023-01-24 13:30:00+00:00,0.37667,0.37724,0.37346,0.37493,597786.0
2023-01-24 14:00:00+00:00,0.37493,0.37591,0.37359,0.37395,171097.0
2023-01-24 14:30:00+00:00,0.37395,0.37598,0.3718,0.37386,343984.0
2023-01-24 15:00:00+00:00,0.37386,0.3756,0.37272,0.37498,405291.0
2023-01-24 15:30:00+00:00,0.37498,0.37708,0.37303,0.37594,361839.0
2023-01-24 16:00:00+00:00,0.37594,0.37926,0.37509,0.37696,1005405.0
2023-01-24 16:30:00+00:00,0.37696,0.37716,0.37452,0.37531,167206.0
2023-01-24 17:00:00+00:00,0.37531,0.37534,0.3711,0.37392,476020.0
2023-01-24 17:30:00+00:00,0.37392,0.37512,0.37327,0.3738,62384.0
2023-01-24 18:00:00+00:00,0.3738,0.37736,0.37303,0.37693,188392.0
2023-01-24 18:30:00+00:00,0.37693,0.37756,0.37613,0.37658,94300.0
2023-01-24 19:00:00+00:00,0.37658,0.37776,0.3762,0.37731,263044.0
2023-01-24 19:30:00+00:00,0.37731,0.37906,0.37718,0.37865,289396.0
2023-01-24 20:00:00+00:00,0.37865,0.37867,0.37654,0.37812,172142.0
2023-01-24 20:30:00+00:00,0.37812,0.37902,0.37556,0.37898,473558.0
2023-01-24 21:00:00+00:00,0.37898,0.3809,0.37868,0.37894,351596.0
2023-01-24 21:30:00+00:00,0.37894,0.38007,0.37128,0.37227,408659.0
2023-01-24 22:00:00+00:00,0.37227,0.37236,0.35732,0.35792,2049993.0
2023-01-24 22:30:00+00:00,0.35792,0.36351,0.35763,0.36131,220376.0
2023-01-24 23:00:00+00:00,0.36131,0.36262,0.35519,0.35907,450630.0
2023-01-24 23:30:00+00:00,0.35907,0.36007,0.3569,0.35899,241190.0
2023-01-25 00:00:00+00:00,0.35899,0.35899,0.35064,0.35224,740215.0
2023-01-25 00:30:00+00:00,0.35224,0.35544,0.3504,0.3543,242947.0
2023-01-25 01:00:00+00:00,0.3543,0.35432,0.34657,0.34719,674745.0
2023-01-25 01:30:00+00:00,0.34719,0.35177,0.347,0.35105,454892.0
2023-01-25 02:00:00+00:00,0.35105,0.35363,0.3506,0.35358,234768.0
2023-01-25 02:30:00+00:00,0.35358,0.35373,0.35191,0.35236,222290.0
2023-01-25 03:00:00+00:00,0.35236,0.35438,0.35183,0.35398,93807.0
2023-01-25 03:30:00+00:00,0.35398,0.35496,0.35353,0.35412,92003.0
2023-01-25 04:00:00+00:00,0.35412,0.35413,0.35284,0.35353,178504.0
2023-01-25 04:30:00+00:00,0.35353,0.35395,0.35257,0.35298,124347.0
2023-01-25 05:00:00+00:00,0.35298,0.3546,0.35284,0.35455,144061.0
2023-01-25 05:30:00+00:00,0.35455,0.35469,0.35327,0.35397,90408.0
2023-01-25 06:00:00+00:00,0.35397,0.3548,0.35277,0.35477,117990.0
2023-01-25 06:30:00+00:00,0.35477,0.35785,0.35476,0.35752,404384.0
2023-01-25 07:00:00+00:00,0.35752,0.35898,0.3566,0.35842,681964.0
2023-01-25 07:30:00+00:00,0.35842,0.35979,0.35752,0.35965,104221.0
2023-01-25 08:00:00+00:00,0.35965,0.3607,0.35842,0.35946,316154.0
2023-01-25 08:30:00+00:00,0.35946,0.36066,0.3585,0.35893,412150.0
2023-01-25 09:00:00+00:00,0.35893,0.35951,0.35599,0.35677,515031.0
2023-01-25 09:30:00+00:00,0.35677,0.35891,0.35541,0.35574,345130.0
2023-01-25 10:00:00+00:00,0.35574,0.35711,0.35389,0.35567,364500.0
2023-01-25 10:30:00+00:00,0.35567,0.35644,0.35417,0.35568,374408.0
2023-01-25 11:00:00+00:00,0.35568,0.35637,0.35506,0.35627,104895.0
2023-01-25 11:30:00+00:00,0.35627,0.35641,0.35402,0.35553,143123.0
2023-01-25 12:00:00+00:00,0.35553,0.3597,0.35523,0.35928,1031789.0
2023-01-25 12:30:00+00:00,0.35928,0.36096,0.3583,0.35903,450080.0
2023-01-25 13:00:00+00:00,0.35903,0.36096,0.35873,0.36046,329874.0
2023-01-25 13:30:00+00:00,0.36046,0.36161,0.35721,0.35889,262977.0
2023-01-25 14:00:00+00:00,0.35889,0.36012,0.35695,0.35716,521399.0
2023-01-25 14:30:00+00:00,0.35716,0.35817,0.35401,0.35462,445278.0
2023-01-25 15:00:00+00:00,0.35462,0.3564,0.35214,0.35617,411145.0
2023-01-25 15:30:00+00:00,0.35617,0.35653,0.35403,0.35519,152159.0
2023-01-25 16:00:00+00:00,0.35519,0.3572,0.35396,0.35665,213942.0
2023-01-25 16:30:00+00:00,0.35665,0.35843,0.35569,0.35811,162759.0
2023-01-25 17:00:00+00:00,0.35811,0.35845,0.35529,0.35549,142152.0
2023-01-25 17:30:00+00:00,0.35549,0.35739,0.35499,0.35692,105353.0
2023-01-25 18:00:00+00:00,0.35692,0.35887,0.35626,0.35807,315360.0
2023-01-25 18:30:00+00:00,0.35807,0.35931,0.35689,0.35914,151679.0
2023-01-25 19:00:00+00:00,0.35914,0.3604,0.35829,0.36004,361975.0
2023-01-25 19:30:00+00:00,0.36004,0.3616,0.35927,0.36139,551374.0
2023-01-25 20:00:00+00:00,0.36139,0.36529,0.36041,0.36467,804362.0
2023-01-25 20:30:00+00:00,0.36467,0.36699,0.36364,0.36699,246399.0
2023-01-25 21:00:00+00:00,0.36699,0.36785,0.36292,0.36724,442549.0
2023-01-25 21:30:00+00:00,0.36724,0.37702,0.36697,0.37574,562105.0
2023-01-25 22:00:00+00:00,0.37574,0.37978,0.3725,0.37621,928294.0
2023-01-25 22:30:00+00:00,0.37621,0.37689,0.36579,0.36699,729601.0
2023-01-25 23:00:00+00:00,0.36699,0.3725,0.36652,0.37117,442605.0
2023-01-25 23:30:00+00:00,0.37117,0.37444,0.37112,0.37276,745408.0
2023-01-26 00:00:00+00:00,0.37276,0.3757,0.37276,0.37459,220735.0
2023-01-26 00:30:00+00:00,0.37459,0.38941,0.37395,0.38607,1104151.0
2023-01-26 01:00:00+00:00,0.38607,0.38839,0.37824,0.3794,940360.0
2023-01-26 01:30:00+00:00,0.3794,0.38162,0.37921,0.37945,257117.0
2023-01-26 02:00:00+00:00,0.37945,0.38136,0.37927,0.37983,231050.0
2023-01-26 02:30:00+00:00,0.37983,0.37992,0.377,0.37711,405004.0
2023-01-26 03:00:00+00:00,0.37711,0.37903,0.37703,0.37877,328648.0
2023-01-26 03:30:00+00:00,0.37877,0.38014,0.37812,0.3787,373724.0
2023-01-26 04:00:00+00:00,0.3787,0.38057,0.37831,0.38009,233879.0
2023-01-26 04:30:00+00:00,0.38009,0.38238,0.37897,0.38169,211448.0
2023-01-26 05:00:00+00:00,0.38169,0.38289,0.37983,0.38049,129478.0
2023-01-26 05:30:00+00:00,0.38049,0.38077,0.37835,0.38008,382753.0
2023-01-26 06:00:00+00:00,0.38008,0.3833,0.376,0.37736,791153.0
2023-01-26 06:30:00+00:00,0.37736,0.37998,0.3767,0.3794,182294.0
2023-01-26 07:00:00+00:00,0.3794,0.37955,0.37635,0.37693,308444.0
2023-01-26 07:30:00+00:00,0.37693,0.37737,0.37565,0.37609,260486.0
2023-01-26 08:00:00+00:00,0.37609,0.37741,0.37435,0.37503,232949.0
2023-01-26 08:30:00+00:00,0.37503,0.37643,0.37472,0.37523,190830.0
2023-01-26 09:00:00+00:00,0.37523,0.37702,0.37461,0.37599,245880.0
2023-01-26 09:30:00+00:00,0.37599,0.37703,0.37409,0.37556,145867.0
2023-01-26 10:00:00+00:00,0.37556,0.3768,0.37307,0.37494,189345.0
2023-01-26 10:30:00+00:00,0.37494,0.37494,0.37149,0.37415,514915.0
2023-01-26 11:00:00+00:00,0.37415,0.37421,0.37261,0.37287,1194317.0
2023-01-26 11:30:00+00:00,0.37287,0.37462,0.37259,0.37389,331077.0
2023-01-26 12:00:00+00:00,0.37389,0.37635,0.37339,0.37581,692041.0
2023-01-26 12:30:00+00:00,0.37581,0.37796,0.37518,0.37723,409550.0
2023-01-26 13:00:00+00:00,0.37723,0.37779,0.3759,0.37665,492221.0
2023-01-26 13:30:00+00:00,0.37665,0.38281,0.37211,0.38163,1835060.0
2023-01-26 14:00:00+00:00,0.38163,0.38351,0.38035,0.38267,570540.0
2023-01-26 14:30:00+00:00,0.38267,0.38437,0.37713,0.37864,803778.0
2023-01-26 15:00:00+00:00,0.37864,0.38261,0.37831,0.38142,339955.0
2023-01-26 15:30:00+00:00,0.38142,0.38288,0.37474,0.37608,563998.0
2023-01-26 16:00:00+00:00,0.37608,0.37882,0.37282,0.3778,926480.0
2023-01-26 16:30:00+00:00,0.3778,0.38019,0.37572,0.37706,274516.0
2023-01-26 17:00:00+00:00,0.37706,0.37928,0.3766,0.37808,160280.0
2023-01-26 17:30:00+00:00,0.37808,0.37864,0.37573,0.37631,129600.0
2023-01-26 18:00:00+00:00,0.37631,0.37875,0.3748,0.37834,221309.0
2023-01-26 18:30:00+00:00,0.37834,0.37973,0.37743,0.37778,241750.0
2023-01-26 19:00:00+00:00,0.37778,0.37951,0.37703,0.37847,390591.0
2023-01-26 19:30:00+00:00,0.37847,0.38211,0.37837,0.38067,343825.0
2023-01-26 20:00:00+00:00,0.38067,0.38118,0.37875,0.38032,147613.0
2023-01-26 20:30:00+00:00,0.38032,0.38291,0.37995,0.38169,437713.0
2023-01-26 21:00:00+00:00,0.38169,0.38267,0.37677,0.37884,397267.0
2023-01-26 21:30:00+00:00,0.37884,0.38049,0.37794,0.38037,199027.0
2023-01-26 22:00:00+00:00,0.38037,0.38171,0.37906,0.38117,161710.0
2023-01-26 22:30:00+00:00,0.38117,0.38163,0.37972,0.38009,135907.0
2023-01-26 23:00:00+00:00,0.38009,0.38114,0.37762,0.37901,275497.0
2023-01-26 23:30:00+00:00,0.37901,0.38088,0.37896,0.37962,235106.0
2023-01-27 00:00:00+00:00,0.37962,0.38202,0.37489,0.37653,494588.0
2023-01-27 00:30:00+00:00,0.37653,0.37855,0.3735,0.37495,189517.0
2023-01-27 01:00:00+00:00,0.37495,0.37692,0.37308,0.37461,165582.0
2023-01-27 01:30:00+00:00,0.37461,0.37543,0.36712,0.37039,1368852.0
2023-01-27 02:00:00+00:00,0.37039,0.37191,0.36987,0.37154,150182.0
2023-01-27 02:30:00+00:00,0.37154,0.37311,0.37132,0.37236,139910.0
2023-01-27 03:00:00+00:00,0.37236,0.37255,0.37131,0.37184,94569.0
2023-01-27 03:30:00+00:00,0.37184,0.37246,0.37083,0.3713,68301.0
2023-01-27 04:00:00+00:00,0.3713,0.37351,0.37112,0.37324,216507.0
2023-01-27 04:30:00+00:00,0.37324,0.37363,0.37169,0.37204,79709.0
2023-01-27 05:00:00+00:00,0.37204,0.373,0.37092,0.37244,68688.0
2023-01-27 05:30:00+00:00,0.37244,0.37592,0.37206,0.37527,542021.0
2023-01-27 06:00:00+00:00,0.37527,0.37607,0.37383,0.37601,101226.0
2023-01-27 06:30:00+00:00,0.37601,0.378,0.3754,0.37746,400105.0
2023-01-27 07:00:00+00:00,0.37746,0.37877,0.37655,0.3785,222810.0
2023-01-27 07:30:00+00:00,0.3785,0.38,0.37792,0.37998,230756.0
2023-01-27 08:00:00+00:00,0.37998,0.3806,0.37686,0.37793,230136.0
2023-01-27 08:30:00+00:00,0.37793,0.37807,0.37644,0.3767,450312.0
2023-01-27 09:00:00+00:00,0.3767,0.37872,0.37631,0.37635,209733.0
2023-01-27 09:30:00+00:00,0.37635,0.3796,0.37632,0.37853,205618.0
2023-01-27 10:00:00+00:00,0.37853,0.3795,0.37683,0.37737,87192.0
2023-01-27 10:30:00+00:00,0.37737,0.37856,0.37564,0.37713,109695.0
2023-01-27 11:00:00+00:00,0.37713,0.37858,0.37648,0.37842,106075.0
2023-01-27 11:30:00+00:00,0.37842,0.37902,0.37566,0.37651,98806.0
2023-01-27 12:00:00+00:00,0.37651,0.37747,0.37517,0.37549,189739.0
2023-01-27 12:30:00+00:00,0.37549,0.37678,0.37412,0.37512,454430.0
2023-01-27 13:00:00+00:00,0.37512,0.3772,0.37239,0.37393,971518.0
2023-01-27 13:30:00+00:00,0.37393,0.37824,0.3733,0.37586,259924.0
2023-01-27 14:00:00+00:00,0.37586,0.37681,0.37415,0.3754,97445.0
2023-01-27 14:30:00+00:00,0.3754,0.37998,0.37517,0.37835,182233.0
2023-01-27 15:00:00+00:00,0.37835,0.38138,0.37818,0.38045,398221.0
2023-01-27 15:30:00+00:00,0.38045,0.38112,0.37754,0.37894,272196.0
2023-01-27 16:00:00+00:00,0.37894,0.382,0.378,0.38081,266691.0
2023-01-27 16:30:00+00:00,0.38081,0.38162,0.38042,0.38056,210999.0
2023-01-27 17:00:00+00:00,0.38056,0.38394,0.38022,0.381,731538.0
2023-01-27 17:30:00+00:00,0.381,0.38378,0.38036,0.38298,314685.0
2023-01-27 18:00:00+00:00,0.38298,0.3837,0.38126,0.38258,205756.0
2023-01-27 18:30:00+00:00,0.38258,0.38372,0.38221,0.38269,164451.0
2023-01-27 19:00:00+00:00,0.38269,0.38337,0.38129,0.38154,151958.0
2023-01-27 19:30:00+00:00,0.38154,0.38337,0.3815,0.38301,190476.0
2023-02-13 11:30:00+00:00,0.3533,0.35344,0.35119,0.3516,176891.0
2023-02-13 12:00:00+00:00,0.3516,0.35371,0.3507,0.35278,205567.0
2023-02-13 12:30:00+00:00,0.35278,0.35377,0.35205,0.35269,124449.0
2023-02-13 13:00:00+00:00,0.35269,0.35358,0.35183,0.35206,67307.0
2023-02-13 13:30:00+00:00,0.35206,0.35305,0.35113,0.35158,185900.0
2023-02-13 14:00:00+00:00,0.35158,0.35307,0.35136,0.35152,303220.0
2023-02-13 14:30:00+00:00,0.35152,0.35487,0.35136,0.35485,361483.0
2023-02-13 15:00:00+00:00,0.35485,0.355,0.35286,0.35396,120280.0
2023-02-13 15:30:00+00:00,0.35396,0.35439,0.35143,0.35184,180526.0
2023-02-13 16:00:00+00:00,0.35184,0.35399,0.34937,0.34994,227244.0
2023-02-13 16:30:00+00:00,0.34994,0.351,0.34721,0.34902,338391.0
2023-02-13 17:00:00+00:00,0.34902,0.34987,0.3458,0.34677,454394.0
2023-02-13 17:30:00+00:00,0.34677,0.34891,0.34482,0.34797,871143.0
2023-02-13 18:00:00+00:00,0.34797,0.35068,0.34784,0.3505,214028.0
2023-02-13 18:30:00+00:00,0.3505,0.35356,0.3505,0.35215,357136.0
2023-02-13 19:00:00+00:00,0.35215,0.35462,0.35212,0.35406,172252.0
2023-02-13 19:30:00+00:00,0.35406,0.35432,0.35202,0.35386,213598.0
2023-02-13 20:00:00+00:00,0.35386,0.35397,0.35236,0.35353,137177.0
2023-02-13 20:30:00+00:00,0.35353,0.3565,0.35353,0.35544,267400.0
2023-02-13 21:00:00+00:00,0.35544,0.35614,0.35494,0.35586,76851.0
2023-02-13 21:30:00+00:00,0.35586,0.3565,0.3552,0.35631,271940.0
2023-02-13 22:00:00+00:00,0.35631,0.3577,0.35502,0.35584,266832.0
2023-02-13 22:30:00+00:00,0.35584,0.3569,0.35529,0.35644,186025.0
2023-02-13 23:00:00+00:00,0.35644,0.35976,0.35633,0.35963,369806.0
2023-02-13 23:30:00+00:00,0.35963,0.3601,0.35853,0.35883,91524.0
2023-02-14 00:00:00+00:00,0.35883,0.35912,0.35739,0.3577,469703.0
2023-02-14 00:30:00+00:00,0.3577,0.35821,0.3564,0.35658,426885.0
2023-02-14 01:00:00+00:00,0.35658,0.35739,0.35576,0.35579,163865.0
2023-02-14 01:30:00+00:00,0.35579,0.35624,0.35491,0.35502,339142.0
2023-02-14 02:00:00+00:00,0.35502,0.3573,0.35501,0.35641,265702.0
2023-02-14 02:30:00+00:00,0.35641,0.3569,0.35541,0.35555,85357.0
2023-02-14 03:00:00+00:00,0.35555,0.35698,0.35529,0.35553,319951.0
2023-02-14 03:30:00+00:00,0.35553,0.35614,0.35538,0.35593,85746.0
2023-02-14 04:00:00+00:00,0.35593,0.35679,0.3555,0.35664,86844.0
2023-02-14 04:30:00+00:00,0.35664,0.35678,0.35517,0.3555,63557.0
2023-02-14 05:00:00+00:00,0.3555,0.35629,0.35539,0.3559,164805.0
2023-02-14 05:30:00+00:00,0.3559,0.35608,0.35431,0.35534,558834.0
2023-02-14 06:00:00+00:00,0.35534,0.35748,0.35527,0.35716,200644.0
2023-02-14 06:30:00+00:00,0.35716,0.35741,0.35612,0.35721,157064.0
2023-02-14 07:00:00+00:00,0.35721,0.35825,0.35695,0.35789,114048.0
2023-02-14 07:30:00+00:00,0.35789,0.3594,0.35773,0.35934,198052.0
2023-02-14 08:00:00+00:00,0.35934,0.35994,0.35789,0.35811,263854.0
2023-02-14 08:30:00+00:00,0.35811,0.35838,0.35693,0.3577,451568.0
2023-02-14 09:00:00+00:00,0.3577,0.3598,0.35755,0.35956,382074.0
2023-02-14 09:30:00+00:00,0.35956,0.36224,0.35883,0.36136,250973.0
2023-02-14 10:00:00+00:00,0.36136,0.36188,0.36032,0.36138,417338.0
2023-02-14 10:30:00+00:00,0.36138,0.36173,0.36065,0.36157,334776.0
2023-02-14 11:00:00+00:00,0.36157,0.36168,0.35977,0.36111,208530.0
2023-02-14 11:30:00+00:00,0.36111,0.36192,0.36033,0.36177,119305.0
2023-02-14 12:00:00+00:00,0.36177,0.36235,0.36126,0.36172,753181.0
2023-02-14 12:30:00+00:00,0.36172,0.36276,0.361,0.36208,177433.0
2023-02-14 13:00:00+00:00,0.36208,0.36434,0.36148,0.36286,866399.0
2023-02-14 13:30:00+00:00,0.36286,0.36286,0.35719,0.36038,2047915.0
2023-02-14 14:00:00+00:00,0.36038,0.36124,0.35713,0.3574,1138615.0
2023-02-14 14:30:00+00:00,0.3574,0.37053,0.35627,0.36894,2340404.0
2023-02-14 15:00:00+00:00,0.36894,0.37738,0.36885,0.3742,1504912.0
2023-02-14 15:30:00+00:00,0.3742,0.38212,0.372,0.37893,4585870.0
2023-02-14 16:00:00+00:00,0.37893,0.38053,0.376,0.37729,1056351.0
2023-02-14 16:30:00+00:00,0.37729,0.38,0.37683,0.37977,692136.0
2023-02-14 17:00:00+00:00,0.37977,0.38382,0.3787,0.3809,1059210.0
2023-02-14 17:30:00+00:00,0.3809,0.3821,0.37922,0.38048,604928.0
2023-02-14 18:00:00+00:00,0.38048,0.3834,0.38048,0.38284,712724.0
2023-02-14 18:30:00+00:00,0.38284,0.387,0.38269,0.38633,1329152.0
2023-02-14 19:00:00+00:00,0.38633,0.39077,0.38576,0.38901,1542073.0
2023-02-14 19:30:00+00:00,0.38901,0.39308,0.38873,0.38888,922951.0
2023-02-14 20:00:00+00:00,0.38888,0.39073,0.38675,0.38686,556633.0
2023-02-14 20:30:00+00:00,0.38686,0.38798,0.38613,0.3879,332825.0
2023-02-14 21:00:00+00:00,0.3879,0.38822,0.38566,0.38636,445876.0
2023-02-14 21:30:00+00:00,0.38636,0.38665,0.38515,0.38549,408377.0
2023-02-14 22:00:00+00:00,0.38549,0.38714,0.38546,0.38632,387716.0
2023-02-14 22:30:00+00:00,0.38632,0.38672,0.385,0.38573,419035.0
2023-02-14 23:00:00+00:00,0.38573,0.38838,0.38568,0.3868,234523.0
2023-02-14 23:30:00+00:00,0.3868,0.38719,0.3859,0.3865,355586.0
2023-02-15 00:00:00+00:00,0.3865,0.38888,0.38466,0.38614,1565499.0
2023-02-15 00:30:00+00:00,0.38614,0.38649,0.3836,0.38503,878841.0
2023-02-15 01:00:00+00:00,0.38503,0.3852,0.38337,0.38356,366986.0
2023-02-15 01:30:00+00:00,0.38356,0.38421,0.38278,0.38333,514284.0
2023-02-15 02:00:00+00:00,0.38333,0.38469,0.38333,0.38434,599876.0
2023-02-15 02:30:00+00:00,0.38434,0.38453,0.38272,0.38355,528552.0
2023-02-15 03:00:00+00:00,0.38355,0.39036,0.38353,0.38643,895403.0
2023-02-15 03:30:00+00:00,0.38643,0.38705,0.386,0.38607,351092.0
2023-02-15 04:00:00+00:00,0.38607,0.38702,0.38509,0.38637,382939.0
2023-02-15 04:30:00+00:00,0.38637,0.38679,0.38505,0.38528,270481.0
2023-02-15 05:00:00+00:00,0.38528,0.38643,0.38505,0.38542,186021.0
2023-02-15 05:30:00+00:00,0.38542,0.38579,0.3842,0.38518,404973.0
2023-02-15 06:00:00+00:00,0.38518,0.3868,0.38451,0.38605,350622.0
2023-02-15 06:30:00+00:00,0.38605,0.38616,0.384,0.38446,501014.0
2023-02-15 07:00:00+00:00,0.38446,0.386,0.38426,0.38553,988341.0
2023-02-15 07:30:00+00:00,0.38553,0.38589,0.38317,0.38362,764238.0
2023-02-15 08:00:00+00:00,0.38362,0.38371,0.3817,0.38318,1238183.0
2023-02-15 08:30:00+00:00,0.38318,0.38393,0.38212,0.38325,531257.0
2023-02-15 09:00:00+00:00,0.38325,0.38524,0.38325,0.38447,367335.0
2023-02-15 09:30:00+00:00,0.38447,0.38574,0.38395,0.38546,373865.0
2023-02-15 10:00:00+00:00,0.38546,0.38567,0.3844,0.38536,234813.0
2023-02-15 10:30:00+00:00,0.38536,0.38701,0.38517,0.38606,1605801.0
2023-02-15 11:00:00+00:00,0.38606,0.38736,0.38579,0.38688,199030.0
2023-02-15 11:30:00+00:00,0.38688,0.39008,0.38632,0.38957,2577319.0
2023-02-15 12:00:00+00:00,0.38957,0.39313,0.38908,0.3924,1151679.0
2023-02-15 12:30:00+00:00,0.3924,0.39577,0.39188,0.3924,2253707.0
2023-02-15 13:00:00+00:00,0.3924,0.39416,0.3919,0.39355,559954.0
2023-02-15 13:30:00+00:00,0.39355,0.39409,0.39142,0.39142,945703.0
2023-02-15 14:00:00+00:00,0.39142,0.39229,0.38907,0.39114,670224.0
2023-02-15 14:30:00+00:00,0.39114,0.39244,0.38994,0.39041,738094.0
2023-02-15 15:00:00+00:00,0.39041,0.39169,0.38935,0.39104,832036.0
2023-02-15 15:30:00+00:00,0.39104,0.39194,0.38972,0.39078,424069.0
2023-02-15 16:00:00+00:00,0.39078,0.39194,0.3883,0.38995,883574.0
2023-02-15 16:30:00+00:00,0.38995,0.38997,0.38798,0.38884,343513.0
2023-02-15 17:00:00+00:00,0.38884,0.38907,0.3875,0.3885,1029946.0
2023-02-15 17:30:00+00:00,0.3885,0.38965,0.38817,0.38863,171809.0
2023-02-15 18:00:00+00:00,0.38863,0.39006,0.3877,0.38985,285581.0
2023-02-15 18:30:00+00:00,0.38985,0.39202,0.38946,0.39137,1090624.0
2023-02-15 19:00:00+00:00,0.39137,0.39521,0.39023,0.39521,914552.0
2023-02-15 19:30:00+00:00,0.39521,0.39831,0.39518,0.39807,1812144.0
2023-02-15 20:00:00+00:00,0.39807,0.40262,0.39709,0.40099,1105181.0
2023-02-15 20:30:00+00:00,0.40099,0.40497,0.40099,0.40343,1164205.0
2023-02-15 21:00:00+00:00,0.40343,0.40385,0.40155,0.40294,397548.0
2023-02-15 21:30:00+00:00,0.40294,0.405,0.40139,0.40219,766263.0
2023-02-15 22:00:00+00:00,0.40219,0.40483,0.40167,0.40193,807271.0
2023-02-15 22:30:00+00:00,0.40193,0.40597,0.40193,0.40364,634968.0
2023-02-15 23:00:00+00:00,0.40364,0.41,0.40281,0.40997,1279657.0
2023-02-15 23:30:00+00:00,0.40997,0.42033,0.40853,0.41897,2788682.0
2023-02-16 00:00:00+00:00,0.41897,0.42184,0.41378,0.41503,1317103.0
2023-02-16 00:30:00+00:00,0.41503,0.41611,0.41008,0.41087,1321561.0
2023-02-16 01:00:00+00:00,0.41087,0.414,0.4108,0.41143,615343.0
2023-02-16 01:30:00+00:00,0.41143,0.41258,0.40943,0.41208,613361.0
2023-02-16 02:00:00+00:00,0.41208,0.41283,0.41082,0.41142,377652.0
2023-02-16 02:30:00+00:00,0.41142,0.41197,0.40943,0.41067,440266.0
2023-02-16 03:00:00+00:00,0.41067,0.41256,0.41047,0.4124,486892.0
2023-02-16 03:30:00+00:00,0.4124,0.41253,0.41096,0.41211,605618.0
2023-02-16 04:00:00+00:00,0.41211,0.41234,0.40821,0.4094,1770448.0
2023-02-16 04:30:00+00:00,0.4094,0.41066,0.40894,0.41057,454327.0
2023-02-16 05:00:00+00:00,0.41057,0.41178,0.41047,0.41152,446622.0
2023-02-16 05:30:00+00:00,0.41152,0.41152,0.40991,0.40993,249128.0
2023-02-16 06:00:00+00:00,0.40993,0.41082,0.40957,0.41048,267739.0
2023-02-16 06:30:00+00:00,0.41048,0.41079,0.40883,0.40916,718335.0
2023-02-16 07:00:00+00:00,0.40916,0.41004,0.40534,0.40698,3168220.0
2023-02-16 07:30:00+00:00,0.40698,0.40755,0.40516,0.40694,689918.0
2023-02-16 08:00:00+00:00,0.40694,0.40756,0.40578,0.40699,703706.0
2023-02-16 08:30:00+00:00,0.40699,0.40755,0.40585,0.40591,464488.0
2023-02-16 09:00:00+00:00,0.40591,0.40749,0.40558,0.40749,568179.0
2023-02-16 09:30:00+00:00,0.40749,0.4085,0.40678,0.40783,662407.0
2023-02-16 10:00:00+00:00,0.40783,0.40859,0.40556,0.40705,545659.0
2023-02-16 10:30:00+00:00,0.40705,0.40705,0.40512,0.40543,985772.0
2023-02-16 11:00:00+00:00,0.40543,0.40704,0.4047,0.40699,1160424.0
2023-02-16 11:30:00+00:00,0.40699,0.4074,0.40315,0.40515,1159820.0
2023-02-16 12:00:00+00:00,0.40515,0.40533,0.40214,0.40302,853265.0
2023-02-16 12:30:00+00:00,0.40302,0.4063,0.40301,0.40541,616293.0
2023-02-16 13:00:00+00:00,0.40541,0.40618,0.4035,0.40479,1269542.0
2023-02-16 13:30:00+00:00,0.40479,0.40616,0.39768,0.39886,3890265.0
2023-02-16 14:00:00+00:00,0.39886,0.40245,0.39842,0.39905,1154600.0
2023-02-16 14:30:00+00:00,0.39905,0.40232,0.39813,0.40194,785079.0
2023-02-16 15:00:00+00:00,0.40194,0.40541,0.40085,0.40375,1089870.0
2023-02-16 15:30:00+00:00,0.40375,0.413,0.40357,0.41238,1576819.0
2023-02-16 16:00:00+00:00,0.41238,0.41429,0.402,0.40749,3826126.0
2023-02-16 16:30:00+00:00,0.40749,0.41,0.40673,0.40726,782805.0
2023-02-16 17:00:00+00:00,0.40726,0.40779,0.40513,0.40766,376563.0
2023-02-16 17:30:00+00:00,0.40766,0.41,0.40736,0.40899,307013.0
2023-02-16 18:00:00+00:00,0.40899,0.41,0.40737,0.40829,293763.0
2023-02-16 18:30:00+00:00,0.40829,0.40999,0.40788,0.40864,167086.0
2023-02-16 19:00:00+00:00,0.40864,0.40891,0.4055,0.40583,281949.0
2023-02-16 19:30:00+00:00,0.40583,0.40637,0.40401,0.40467,338329.0
2023-02-16 20:00:00+00:00,0.40467,0.40467,0.39601,0.3967,1135143.0
2023-02-16 20:30:00+00:00,0.3967,0.40223,0.39658,0.39937,1279078.0
2023-02-16 21:00:00+00:00,0.39937,0.40036,0.39693,0.39779,706831.0
2023-02-16 21:30:00+00:00,0.39779,0.39915,0.3955,0.39774,463934.0
2023-02-16 22:00:00+00:00,0.39774,0.39855,0.3931,0.3934,1834306.0
2023-02-16 22:30:00+00:00,0.3934,0.39416,0.38875,0.39106,1668930.0
2023-02-16 23:00:00+00:00,0.39106,0.39278,0.38898,0.38948,788141.0
2023-02-16 23:30:00+00:00,0.38948,0.39063,0.38653,0.38756,1425090.0
2023-02-17 00:00:00+00:00,0.38756,0.39046,0.38536,0.3903,689941.0
2023-02-17 00:30:00+00:00,0.3903,0.39267,0.39015,0.3923,617610.0
2023-02-17 01:00:00+00:00,0.3923,0.39381,0.39161,0.39372,418408.0
2023-02-17 01:30:00+00:00,0.39372,0.39439,0.39245,0.39394,683619.0
2023-02-17 02:00:00+00:00,0.39394,0.39535,0.39325,0.39507,637555.0
2023-02-17 02:30:00+00:00,0.39507,0.39682,0.395,0.39542,538624.0
2023-02-17 03:00:00+00:00,0.39542,0.39809,0.39526,0.39779,628650.0
2023-02-17 03:30:00+00:00,0.39779,0.39808,0.39631,0.39636,457733.0
2023-02-17 04:00:00+00:00,0.39636,0.3982,0.395,0.39506,544229.0
2023-02-17 04:30:00+00:00,0.39506,0.39527,0.39331,0.39511,614904.0
2023-02-17 05:00:00+00:00,0.39511,0.39519,0.39231,0.39329,848979.0
2023-02-17 05:30:00+00:00,0.39329,0.39458,0.39273,0.39367,279401.0
2023-02-17 06:00:00+00:00,0.39367,0.39516,0.39308,0.39511,102865.0
2023-02-17 06:30:00+00:00,0.39511,0.39515,0.39341,0.39403,511281.0
2023-02-17 07:00:00+00:00,0.39403,0.39758,0.39387,0.39621,273968.0
2023-02-17 07:30:00+00:00,0.39621,0.39631,0.39357,0.39395,204934.0
2023-02-17 08:00:00+00:00,0.39395,0.39507,0.39243,0.39251,389388.0
2023-02-17 08:30:00+00:00,0.39251,0.395,0.39235,0.395,370771.0
2023-02-17 09:00:00+00:00,0.395,0.39569,0.39308,0.39403,511775.0
2023-02-17 09:30:00+00:00,0.39403,0.39514,0.39391,0.39454,561300.0
2023-02-17 10:00:00+00:00,0.39454,0.39528,0.39319,0.39356,148513.0
2023-02-17 10:30:00+00:00,0.39356,0.39496,0.39327,0.39395,486203.0
2023-02-17 11:00:00+00:00,0.39395,0.39585,0.39382,0.39544,149562.0
2023-02-17 11:30:00+00:00,0.39544,0.39608,0.39524,0.39604,222074.0
2023-02-17 12:00:00+00:00,0.39604,0.3969,0.39471,0.39623,379581.0
2023-02-17 12:30:00+00:00,0.39623,0.3977,0.39595,0.39761,323420.0
2023-02-17 13:00:00+00:00,0.39761,0.39792,0.39588,0.39613,378521.0
2023-02-17 13:30:00+00:00,0.39613,0.39784,0.39558,0.39623,161372.0
2023-02-17 14:00:00+00:00,0.39623,0.3979,0.396,0.39737,245942.0
2023-02-17 14:30:00+00:00,0.39737,0.40175,0.39446,0.3972,1141616.0
2023-02-17 15:00:00+00:00,0.3972,0.40196,0.39707,0.39943,837617.0
2023-03-06 07:00:00+00:00,0.33344,0.33401,0.33248,0.33401,502977.0
2023-03-06 07:30:00+00:00,0.33401,0.33401,0.33268,0.33279,850562.0
2023-03-06 08:00:00+00:00,0.33279,0.33286,0.3311,0.33248,814190.0
2023-03-06 08:30:00+00:00,0.33248,0.334,0.33216,0.3339,395090.0
2023-03-06 09:00:00+00:00,0.3339,0.33431,0.33297,0.33332,111537.0
2023-03-06 09:30:00+00:00,0.33332,0.33377,0.33286,0.33373,60718.0
2023-03-06 10:00:00+00:00,0.33373,0.33457,0.33309,0.33332,115223.0
2023-03-06 10:30:00+00:00,0.33332,0.33343,0.33201,0.3332,208784.0
2023-03-06 11:00:00+00:00,0.3332,0.33336,0.33195,0.332,116756.0
2023-03-06 11:30:00+00:00,0.332,0.33204,0.33038,0.33093,1361321.0
2023-03-06 12:00:00+00:00,0.33093,0.33152,0.32866,0.33116,1149036.0
2023-03-06 12:30:00+00:00,0.33116,0.33172,0.3307,0.33089,455690.0
2023-03-06 13:00:00+00:00,0.33089,0.33221,0.33083,0.33214,134733.0
2023-03-06 13:30:00+00:00,0.33214,0.33278,0.33158,0.33251,635319.0
2023-03-06 14:00:00+00:00,0.33251,0.33301,0.3314,0.33268,102375.0
2023-03-06 14:30:00+00:00,0.33268,0.33405,0.33232,0.33389,257643.0
2023-03-06 15:00:00+00:00,0.33389,0.33473,0.33311,0.33311,456510.0
2023-03-06 15:30:00+00:00,0.33311,0.33626,0.3325,0.33561,499651.0
2023-03-06 16:00:00+00:00,0.33561,0.33677,0.3339,0.33393,550864.0
2023-03-06 16:30:00+00:00,0.33393,0.33481,0.33344,0.33444,216118.0
2023-03-06 17:00:00+00:00,0.33444,0.3345,0.33297,0.33307,185681.0
2023-03-06 17:30:00+00:00,0.33307,0.33445,0.33303,0.33409,571479.0
2023-03-06 18:00:00+00:00,0.33409,0.33471,0.33338,0.33455,103639.0
2023-03-06 18:30:00+00:00,0.33455,0.33533,0.334,0.33436,120931.0
2023-03-06 19:00:00+00:00,0.33436,0.33507,0.3314,0.33294,384763.0
2023-03-06 19:30:00+00:00,0.33294,0.33299,0.33094,0.33151,211165.0
2023-03-06 20:00:00+00:00,0.33151,0.33177,0.32966,0.33023,161436.0
2023-03-06 20:30:00+00:00,0.33023,0.33139,0.33016,0.33031,255417.0
2023-03-06 21:00:00+00:00,0.33031,0.33116,0.32893,0.33095,523520.0
2023-03-06 21:30:00+00:00,0.33095,0.33197,0.33022,0.33095,113165.0
2023-03-06 22:00:00+00:00,0.33095,0.33167,0.33074,0.33117,94115.0
2023-03-06 22:30:00+00:00,0.33117,0.33153,0.33046,0.33115,112366.0
2023-03-06 23:00:00+00:00,0.33115,0.33122,0.33001,0.33025,135254.0
2023-03-06 23:30:00+00:00,0.33025,0.33077,0.32957,0.3303,776344.0
2023-03-07 00:00:00+00:00,0.3303,0.33036,0.3275,0.32835,1659509.0
2023-03-07 00:30:00+00:00,0.32835,0.33105,0.32819,0.33105,428001.0
2023-03-07 01:00:00+00:00,0.33105,0.3345,0.33094,0.33344,1678062.0
2023-03-07 01:30:00+00:00,0.33344,0.3345,0.33332,0.33377,942334.0
2023-03-07 02:00:00+00:00,0.33377,0.33395,0.3328,0.33316,128305.0
2023-03-07 02:30:00+00:00,0.33316,0.33394,0.33287,0.33386,104117.0
2023-03-07 03:00:00+00:00,0.33386,0.3345,0.3325,0.33252,99869.0
2023-03-07 03:30:00+00:00,0.33252,0.33292,0.33247,0.33274,42002.0
2023-03-07 04:00:00+00:00,0.33274,0.33323,0.33254,0.3328,94145.0
2023-03-07 04:30:00+00:00,0.3328,0.33281,0.33228,0.33261,443384.0
2023-03-07 05:00:00+00:00,0.33261,0.33274,0.33211,0.33235,636109.0
2023-03-07 05:30:00+00:00,0.33235,0.3329,0.33212,0.33252,415524.0
2023-03-07 06:00:00+00:00,0.33252,0.33263,0.33078,0.33109,390676.0
2023-03-07 06:30:00+00:00,0.33109,0.33205,0.33086,0.33183,179427.0
2023-03-07 07:00:00+00:00,0.33183,0.33199,0.33089,0.3316,349294.0
2023-03-07 07:30:00+00:00,0.3316,0.33195,0.33047,0.33054,612845.0
2023-03-07 08:00:00+00:00,0.33054,0.33115,0.33015,0.33071,610111.0
2023-03-07 08:30:00+00:00,0.33071,0.33156,0.33036,0.33141,369609.0
2023-03-07 09:00:00+00:00,0.33141,0.33154,0.32964,0.33017,636341.0
2023-03-07 09:30:00+00:00,0.33017,0.33042,0.32768,0.32863,1407023.0
2023-03-07 10:00:00+00:00,0.32863,0.32997,0.32825,0.32984,225644.0
2023-03-07 10:30:00+00:00,0.32984,0.32994,0.32591,0.32692,1707680.0
2023-03-07 11:00:00+00:00,0.32692,0.32795,0.32625,0.32742,311446.0
2023-03-07 11:30:00+00:00,0.32742,0.32782,0.32533,0.32573,1397744.0
2023-03-07 12:00:00+00:00,0.32573,0.328,0.32522,0.32754,600912.0
2023-03-07 12:30:00+00:00,0.32754,0.32782,0.32651,0.32753,415134.0
2023-03-07 13:00:00+00:00,0.32753,0.3281,0.32701,0.32721,360360.0
2023-03-07 13:30:00+00:00,0.32721,0.32753,0.32589,0.32626,343337.0
2023-03-07 14:00:00+00:00,0.32626,0.32716,0.32447,0.32666,2299044.0
2023-03-07 14:30:00+00:00,0.32666,0.32726,0.32467,0.32563,1382825.0
2023-03-07 15:00:00+00:00,0.32563,0.32792,0.32037,0.32542,5821873.0
2023-03-07 15:30:00+00:00,0.32542,0.32886,0.32528,0.3274,2069804.0
2023-03-07 16:00:00+00:00,0.3274,0.32887,0.32514,0.32526,576108.0
2023-03-07 16:30:00+00:00,0.32526,0.3268,0.32432,0.3256,967034.0
2023-03-07 17:00:00+00:00,0.3256,0.32814,0.32498,0.32786,781651.0
2023-03-07 17:30:00+00:00,0.32786,0.32949,0.32786,0.32905,832599.0
2023-03-07 18:00:00+00:00,0.32905,0.32949,0.32803,0.32859,666776.0
2023-03-07 18:30:00+00:00,0.32859,0.32909,0.32675,0.32779,623066.0
2023-03-07 19:00:00+00:00,0.32779,0.3312,0.32775,0.33065,1283574.0
2023-03-07 19:30:00+00:00,0.33065,0.33268,0.33023,0.33051,779193.0
2023-03-07 20:00:00+00:00,0.33051,0.3315,0.32904,0.32957,1567696.0
2023-03-07 20:30:00+00:00,0.32957,0.33049,0.32916,0.32917,546387.0
2023-03-07 21:00:00+00:00,0.32917,0.32931,0.32549,0.32655,2287981.0
2023-03-07 21:30:00+00:00,0.32655,0.32829,0.32655,0.32776,1586394.0
2023-03-07 22:00:00+00:00,0.32776,0.32784,0.32474,0.32695,1070767.0
2023-03-07 22:30:00+00:00,0.32695,0.3282,0.32616,0.32819,572777.0
2023-03-07 23:00:00+00:00,0.32819,0.32941,0.32788,0.32917,536126.0
2023-03-07 23:30:00+00:00,0.32917,0.33065,0.32859,0.33027,420314.0
2023-03-08 00:00:00+00:00,0.33027,0.33233,0.33026,0.33184,922101.0
2023-03-08 00:30:00+00:00,0.33184,0.33245,0.33079,0.33192,243992.0
2023-03-08 01:00:00+00:00,0.33192,0.33216,0.33007,0.33023,235275.0
2023-03-08 01:30:00+00:00,0.33023,0.33153,0.32891,0.32894,431200.0
2023-03-08 02:00:00+00:00,0.32894,0.32989,0.32828,0.32902,463301.0
2023-03-08 02:30:00+00:00,0.32902,0.32989,0.32871,0.32884,825269.0
2023-03-08 03:00:00+00:00,0.32884,0.32944,0.32709,0.3271,197472.0
2023-03-08 03:30:00+00:00,0.3271,0.32875,0.32644,0.32821,331664.0
2023-03-08 04:00:00+00:00,0.32821,0.32926,0.32812,0.3288,194171.0
2023-03-08 04:30:00+00:00,0.3288,0.3291,0.32802,0.329,183994.0
2023-03-08 05:00:00+00:00,0.329,0.32916,0.32566,0.32575,1554997.0
2023-03-08 05:30:00+00:00,0.32575,0.32638,0.32218,0.32252,4184372.0
2023-03-08 06:00:00+00:00,0.32252,0.32365,0.3215,0.3235,1103773.0
2023-03-08 06:30:00+00:00,0.3235,0.32425,0.32293,0.32415,447776.0
2023-03-08 07:00:00+00:00,0.32415,0.32419,0.32205,0.32229,518130.0
2023-03-08 07:30:00+00:00,0.32229,0.32412,0.322,0.32235,455780.0
2023-03-08 08:00:00+00:00,0.32235,0.32326,0.32111,0.32321,780519.0
2023-03-08 08:30:00+00:00,0.32321,0.3247,0.32284,0.32361,404324.0
2023-03-08 09:00:00+00:00,0.32361,0.32467,0.32338,0.32378,245710.0
2023-03-08 09:30:00+00:00,0.32378,0.32461,0.32272,0.32407,467290.0
2023-03-08 10:00:00+00:00,0.32407,0.32542,0.32354,0.32452,556048.0
2023-03-08 10:30:00+00:00,0.32452,0.32541,0.32438,0.32477,482976.0
2023-03-08 11:00:00+00:00,0.32477,0.32501,0.32397,0.32464,201300.0
2023-03-08 11:30:00+00:00,0.32464,0.32491,0.32381,0.32424,449164.0
2023-03-08 12:00:00+00:00,0.32424,0.32439,0.32225,0.32246,783131.0
2023-03-08 12:30:00+00:00,0.32246,0.32298,0.32111,0.32166,749193.0
2023-03-08 13:00:00+00:00,0.32166,0.3229,0.31966,0.32129,2621570.0
2023-03-08 13:30:00+00:00,0.32129,0.32425,0.31916,0.31976,1273553.0
2023-03-08 14:00:00+00:00,0.31976,0.32047,0.31624,0.31891,4159607.0
2023-03-08 14:30:00+00:00,0.31891,0.3209,0.31821,0.31861,651230.0
2023-03-08 15:00:00+00:00,0.31861,0.32379,0.31779,0.32301,964711.0
2023-03-08 15:30:00+00:00,0.32301,0.32578,0.3226,0.32505,866385.0
2023-03-08 16:00:00+00:00,0.32505,0.32676,0.32371,0.32383,675536.0
2023-03-08 16:30:00+00:00,0.32383,0.32496,0.32225,0.3242,565249.0
2023-03-08 17:00:00+00:00,0.3242,0.3243,0.32255,0.32331,210219.0
2023-03-08 17:30:00+00:00,0.32331,0.32347,0.32216,0.32218,279697.0
2023-03-08 18:00:00+00:00,0.32218,0.32303,0.32017,0.32017,894874.0
2023-03-08 18:30:00+00:00,0.32017,0.32149,0.31889,0.32149,1382960.0
2023-03-08 19:00:00+00:00,0.32149,0.32238,0.32072,0.32178,304096.0
2023-03-08 19:30:00+00:00,0.32178,0.32274,0.32113,0.32175,125847.0
2023-03-08 20:00:00+00:00,0.32175,0.32214,0.31998,0.32117,574868.0
2023-03-08 20:30:00+00:00,0.32117,0.32421,0.32091,0.3239,208973.0
2023-03-08 21:00:00+00:00,0.3239,0.32494,0.32367,0.32414,178811.0
2023-03-08 21:30:00+00:00,0.32414,0.32435,0.32062,0.32178,528660.0
2023-03-08 22:00:00+00:00,0.32178,0.3218,0.31951,0.32002,835390.0
2023-03-08 22:30:00+00:00,0.32002,0.32004,0.31277,0.31626,5283723.0
2023-03-08 23:00:00+00:00,0.31626,0.3192,0.31455,0.31828,1432760.0
2023-03-08 23:30:00+00:00,0.31828,0.31907,0.3166,0.31721,242035.0
2023-03-09 00:00:00+00:00,0.31721,0.31736,0.31457,0.31706,1029520.0
2023-03-09 00:30:00+00:00,0.31706,0.31761,0.31541,0.31631,959471.0
2023-03-09 01:00:00+00:00,0.31631,0.31747,0.31465,0.31623,391742.0
2023-03-09 01:30:00+00:00,0.31623,0.31685,0.31485,0.31547,2076273.0
2023-03-09 02:00:00+00:00,0.31547,0.31833,0.31547,0.31828,520514.0
2023-03-09 02:30:00+00:00,0.31828,0.31911,0.31761,0.31828,698952.0
2023-03-09 03:00:00+00:00,0.31828,0.31885,0.31747,0.3179,109881.0
2023-03-09 03:30:00+00:00,0.3179,0.31918,0.31779,0.31896,238984.0
2023-03-09 04:00:00+00:00,0.31896,0.31958,0.31788,0.3179,159354.0
2023-03-09 04:30:00+00:00,0.3179,0.31885,0.31789,0.3185,79526.0
2023-03-09 05:00:00+00:00,0.3185,0.3191,0.31791,0.31879,379980.0
2023-03-09 05:30:00+00:00,0.31879,0.31917,0.31822,0.31876,314804.0
2023-03-09 06:00:00+00:00,0.31876,0.3194,0.31837,0.31855,140757.0
2023-03-09 06:30:00+00:00,0.31855,0.31916,0.31755,0.31914,308239.0
2023-03-09 07:00:00+00:00,0.31914,0.31914,0.31657,0.31706,295117.0
2023-03-09 07:30:00+00:00,0.31706,0.3172,0.31529,0.31622,684498.0
2023-03-09 08:00:00+00:00,0.31622,0.317,0.31503,0.31536,406515.0
2023-03-09 08:30:00+00:00,0.31536,0.31588,0.31282,0.3151,969009.0
2023-03-09 09:00:00+00:00,0.3151,0.31618,0.31398,0.31537,843042.0
2023-03-09 09:30:00+00:00,0.31537,0.31564,0.31428,0.31508,443551.0
2023-03-09 10:00:00+00:00,0.31508,0.31525,0.31366,0.31462,589529.0
2023-03-09 10:30:00+00:00,0.31462,0.31562,0.31337,0.31533,1207274.0
2023-03-09 11:00:00+00:00,0.31533,0.31686,0.31491,0.31621,537311.0
2023-03-09 11:30:00+00:00,0.31621,0.3176,0.31611,0.31729,518125.0
2023-03-09 12:00:00+00:00,0.31729,0.31778,0.31614,0.31635,347122.0
2023-03-09 12:30:00+00:00,0.31635,0.31661,0.31557,0.31608,616205.0
2023-03-09 13:00:00+00:00,0.31608,0.31627,0.31443,0.31476,658129.0
2023-03-09 13:30:00+00:00,0.31476,0.31819,0.31476,0.31785,895395.0
2023-03-09 14:00:00+00:00,0.31785,0.32143,0.31785,0.32,751937.0
2023-03-09 14:30:00+00:00,0.32,0.32208,0.3187,0.31935,1250234.0
2023-03-09 15:00:00+00:00,0.31935,0.32121,0.31826,0.31908,1115509.0
2023-03-09 15:30:00+00:00,0.31908,0.32027,0.318,0.31812,407620.0
2023-03-09 16:00:00+00:00,0.31812,0.31969,0.31759,0.31844,375277.0
2023-03-09 16:30:00+00:00,0.31844,0.31893,0.31472,0.31527,849810.0
2023-03-09 17:00:00+00:00,0.31527,0.31672,0.31405,0.3164,630297.0
2023-03-09 17:30:00+00:00,0.3164,0.3169,0.31507,0.31662,353589.0
2023-03-09 18:00:00+00:00,0.31662,0.31742,0.31537,0.31593,266219.0
2023-03-09 18:30:00+00:00,0.31593,0.31593,0.31129,0.31196,2965229.0
2023-03-09 19:00:00+00:00,0.31196,0.312,0.30892,0.30981,3304765.0
2023-03-09 19:30:00+00:00,0.30981,0.31046,0.30719,0.30945,2485977.0
2023-03-09 20:00:00+00:00,0.30945,0.30984,0.30229,0.30566,3870873.0
2023-03-09 20:30:00+00:00,0.30566,0.30724,0.30062,0.3018,3235206.0
2023-03-09 21:00:00+00:00,0.3018,0.30999,0.30164,0.30708,2351876.0
2023-03-09 21:30:00+00:00,0.30708,0.308,0.30411,0.30416,878549.0
2023-03-09 22:00:00+00:00,0.30416,0.30761,0.30407,0.30561,638004.0
2023-03-09 22:30:00+00:00,0.30561,0.30628,0.30426,0.30465,371415.0
2023-03-09 23:00:00+00:00,0.30465,0.308,0.30436,0.30765,606236.0
2023-03-09 23:30:00+00:00,0.30765,0.31027,0.30681,0.30977,618510.0
2023-03-10 00:00:00+00:00,0.30977,0.31002,0.30507,0.30649,1100053.0
2023-03-10 00:30:00+00:00,0.30649,0.30687,0.30431,0.30552,536106.0
2023-03-10 01:00:00+00:00,0.30552,0.30599,0.3033,0.3054,798763.0
2023-03-10 01:30:00+00:00,0.3054,0.30927,0.30502,0.30837,2271025.0
2023-03-10 02:00:00+00:00,0.30837,0.30899,0.30613,0.3062,617792.0
2023-03-10 02:30:00+00:00,0.3062,0.30737,0.30602,0.30701,175016.0
2023-03-10 03:00:00+00:00,0.30701,0.30974,0.30673,0.30902,404977.0
2023-03-10 03:30:00+00:00,0.30902,0.30916,0.30806,0.30817,64442.0
2023-03-10 04:00:00+00:00,0.30817,0.30867,0.3065,0.30827,417739.0
2023-03-10 04:30:00+00:00,0.30827,0.30886,0.30655,0.30732,285705.0
2023-03-10 05:00:00+00:00,0.30732,0.3079,0.30582,0.30605,235282.0
2023-03-10 05:30:00+00:00,0.30605,0.30892,0.30602,0.30819,198484.0
2023-03-10 06:00:00+00:00,0.30819,0.30874,0.30675,0.30745,479271.0
2023-03-10 06:30:00+00:00,0.30745,0.30797,0.30417,0.30536,1016812.0
2023-03-10 07:00:00+00:00,0.30536,0.30679,0.30413,0.30662,587252.0
2023-03-10 07:30:00+00:00,0.30662,0.30759,0.30587,0.3063,1373997.0
2023-03-10 08:00:00+00:00,0.3063,0.30759,0.3063,0.3068,466588.0
2023-03-10 08:30:00+00:00,0.3068,0.307,0.30509,0.30564,534298.0
2023-03-10 09:00:00+00:00,0.30564,0.30624,0.30416,0.30501,727676.0
2023-03-10 09:30:00+00:00,0.30501,0.30538,0.30076,0.30121,1464865.0
2023-03-10 10:00:00+00:00,0.30121,0.30232,0.29891,0.29935,2753598.0
2023-03-10 10:30:00+00:00,0.29935,0.30059,0.29718,0.29982,4923471.0
2023-03-27 02:30:00+00:00,0.35094,0.35214,0.35039,0.35179,201437.0
2023-03-27 03:00:00+00:00,0.35179,0.35259,0.35094,0.35094,1106947.0
2023-03-27 03:30:00+00:00,0.35094,0.35293,0.35048,0.35189,198176.0
2023-03-27 04:00:00+00:00,0.35189,0.35251,0.35105,0.35234,184081.0
2023-03-27 04:30:00+00:00,0.35234,0.35243,0.3511,0.35164,164455.0
2023-03-27 05:00:00+00:00,0.35164,0.3518,0.34969,0.35037,355275.0
2023-03-27 05:30:00+00:00,0.35037,0.35061,0.34569,0.34753,7676034.0
2023-03-27 06:00:00+00:00,0.34753,0.34879,0.34589,0.34864,1971479.0
2023-03-27 06:30:00+00:00,0.34864,0.34925,0.34718,0.34839,1081210.0
2023-03-27 07:00:00+00:00,0.34839,0.34917,0.34745,0.34844,71180.0
2023-03-27 07:30:00+00:00,0.34844,0.34894,0.34754,0.34851,82639.0
2023-03-27 08:00:00+00:00,0.34851,0.34866,0.34675,0.34781,430900.0
2023-03-27 08:30:00+00:00,0.34781,0.35,0.34781,0.3495,1725486.0
2023-03-27 09:00:00+00:00,0.3495,0.3516,0.34905,0.35045,1247323.0
2023-03-27 09:30:00+00:00,0.35045,0.35136,0.34979,0.35027,337875.0
2023-03-27 10:00:00+00:00,0.35027,0.35135,0.35024,0.35059,404390.0
2023-03-27 10:30:00+00:00,0.35059,0.35275,0.35027,0.35126,687835.0
2023-03-27 11:00:00+00:00,0.35126,0.35204,0.35001,0.35118,1824735.0
2023-03-27 11:30:00+00:00,0.35118,0.35284,0.35082,0.35247,1078825.0
2023-03-27 12:00:00+00:00,0.35247,0.35624,0.35146,0.35543,3049825.0
2023-03-27 12:30:00+00:00,0.35543,0.35598,0.3528,0.3532,1202345.0
2023-03-27 13:00:00+00:00,0.3532,0.35389,0.35149,0.35331,1739846.0
2023-03-27 13:30:00+00:00,0.35331,0.35547,0.35146,0.35326,1106194.0
2023-03-27 14:00:00+00:00,0.35326,0.35468,0.34834,0.35041,2048782.0
2023-03-27 14:30:00+00:00,0.35041,0.35139,0.34443,0.34474,2023034.0
2023-03-27 15:00:00+00:00,0.34474,0.34474,0.33618,0.34238,9574868.0
2023-03-27 15:30:00+00:00,0.34238,0.34363,0.34019,0.34281,1206025.0
2023-03-27 16:00:00+00:00,0.34281,0.34563,0.34133,0.34478,1366728.0
2023-03-27 16:30:00+00:00,0.34478,0.34504,0.34134,0.34245,1399240.0
2023-03-27 17:00:00+00:00,0.34245,0.34388,0.34,0.34063,2926369.0
2023-03-27 17:30:00+00:00,0.34063,0.34132,0.33927,0.33953,493888.0
2023-03-27 18:00:00+00:00,0.33953,0.34334,0.33934,0.3421,257738.0
2023-03-27 18:30:00+00:00,0.3421,0.34322,0.34145,0.34245,735092.0
2023-03-27 19:00:00+00:00,0.34245,0.34288,0.34123,0.3425,610009.0
2023-03-27 19:30:00+00:00,0.3425,0.34281,0.33938,0.3398,329575.0
2023-03-27 20:00:00+00:00,0.3398,0.34127,0.33846,0.34114,683330.0
2023-03-27 20:30:00+00:00,0.34114,0.34183,0.34069,0.34151,303399.0
2023-03-27 21:00:00+00:00,0.34151,0.34409,0.3411,0.34331,309933.0
2023-03-27 21:30:00+00:00,0.34331,0.34383,0.34272,0.34367,187345.0
2023-03-27 22:00:00+00:00,0.34367,0.34441,0.3423,0.3436,338889.0
2023-03-27 22:30:00+00:00,0.3436,0.34396,0.34233,0.34356,184859.0
2023-03-27 23:00:00+00:00,0.34356,0.3451,0.34304,0.34499,145978.0
2023-03-27 23:30:00+00:00,0.34499,0.34549,0.34428,0.34499,118488.0
2023-03-28 00:00:00+00:00,0.34499,0.34594,0.34403,0.34572,391406.0
2023-03-28 00:30:00+00:00,0.34572,0.34637,0.34347,0.34404,3190512.0
2023-03-28 01:00:00+00:00,0.34404,0.3449,0.34244,0.34447,1837929.0
2023-03-28 01:30:00+00:00,0.34447,0.3488,0.34446,0.34639,728522.0
2023-03-28 02:00:00+00:00,0.34639,0.34705,0.34393,0.34403,203850.0
2023-03-28 02:30:00+00:00,0.34403,0.34496,0.34403,0.34424,242358.0
2023-03-28 03:00:00+00:00,0.34424,0.34447,0.34371,0.34378,240863.0
2023-03-28 03:30:00+00:00,0.34378,0.34634,0.34351,0.34567,133194.0
2023-03-28 04:00:00+00:00,0.34567,0.34701,0.34484,0.3465,482908.0
2023-03-28 04:30:00+00:00,0.3465,0.34825,0.3461,0.34825,247405.0
2023-03-28 05:00:00+00:00,0.34825,0.35051,0.34814,0.34887,675641.0
2023-03-28 05:30:00+00:00,0.34887,0.35032,0.34771,0.35027,683271.0
2023-03-28 06:00:00+00:00,0.35027,0.35207,0.34995,0.35039,1074546.0
2023-03-28 06:30:00+00:00,0.35039,0.35179,0.35016,0.35115,283645.0
2023-03-28 07:00:00+00:00,0.35115,0.35198,0.35035,0.35121,819871.0
2023-03-28 07:30:00+00:00,0.35121,0.35152,0.34825,0.34851,871325.0
2023-03-28 08:00:00+00:00,0.34851,0.34946,0.34663,0.34719,794508.0
2023-03-28 08:30:00+00:00,0.34719,0.34872,0.34661,0.34779,546604.0
2023-03-28 09:00:00+00:00,0.34779,0.34791,0.34559,0.34595,882511.0
2023-03-28 09:30:00+00:00,0.34595,0.34688,0.34487,0.34536,1824347.0
2023-03-28 10:00:00+00:00,0.34536,0.34813,0.34476,0.34657,1526438.0
2023-03-28 10:30:00+00:00,0.34657,0.34797,0.34514,0.34758,832304.0
2023-03-28 11:00:00+00:00,0.34758,0.35258,0.34732,0.35007,6477822.0
2023-03-28 11:30:00+00:00,0.35007,0.35346,0.34906,0.35151,4420798.0
2023-03-28 12:00:00+00:00,0.35151,0.353,0.35018,0.35046,1196360.0
2023-03-28 12:30:00+00:00,0.35046,0.35265,0.35044,0.35166,483759.0
2023-03-28 13:00:00+00:00,0.35166,0.35283,0.3512,0.35268,602315.0
2023-03-28 13:30:00+00:00,0.35268,0.35859,0.35231,0.35535,7326417.0
2023-03-28 14:00:00+00:00,0.35535,0.35949,0.35526,0.35754,4008918.0
2023-03-28 14:30:00+00:00,0.35754,0.35827,0.35572,0.35726,1478528.0
2023-03-28 15:00:00+00:00,0.35726,0.36034,0.35726,0.35898,1374087.0
2023-03-28 15:30:00+00:00,0.35898,0.35942,0.35705,0.35799,561382.0
2023-03-28 16:00:00+00:00,0.35799,0.35928,0.35571,0.3568,677796.0
2023-03-28 16:30:00+00:00,0.3568,0.3568,0.35422,0.3549,543464.0
2023-03-28 17:00:00+00:00,0.3549,0.35748,0.35414,0.35667,1606892.0
2023-03-28 17:30:00+00:00,0.35667,0.35706,0.35498,0.35639,277351.0
2023-03-28 18:00:00+00:00,0.35639,0.35742,0.35579,0.35705,181513.0
2023-03-28 18:30:00+00:00,0.35705,0.3627,0.3567,0.36025,3364371.0
2023-03-28 19:00:00+00:00,0.36025,0.36204,0.35983,0.36171,851567.0
2023-03-28 19:30:00+00:00,0.36171,0.36408,0.36057,0.36239,1777983.0
2023-03-28 20:00:00+00:00,0.36239,0.36345,0.36059,0.36131,2497773.0
2023-03-28 20:30:00+00:00,0.36131,0.36142,0.35887,0.36047,1446490.0
2023-03-28 21:00:00+00:00,0.36047,0.3647,0.36045,0.36443,681706.0
2023-03-28 21:30:00+00:00,0.36443,0.36579,0.3625,0.365,1256710.0
2023-03-28 22:00:00+00:00,0.365,0.36933,0.36418,0.36751,1724427.0
2023-03-28 22:30:00+00:00,0.36751,0.36781,0.36454,0.36505,853960.0
2023-03-28 23:00:00+00:00,0.36505,0.37006,0.36504,0.36843,1038793.0
2023-03-28 23:30:00+00:00,0.36843,0.36891,0.36675,0.36779,662198.0
2023-03-29 00:00:00+00:00,0.36779,0.3697,0.36759,0.36948,1232251.0
2023-03-29 00:30:00+00:00,0.36948,0.36965,0.36645,0.36689,462428.0
2023-03-29 01:00:00+00:00,0.36689,0.36948,0.36652,0.36842,525028.0
2023-03-29 01:30:00+00:00,0.36842,0.3693,0.3681,0.36868,150855.0
2023-03-29 02:00:00+00:00,0.36868,0.37584,0.36811,0.37584,2520477.0
2023-03-29 02:30:00+00:00,0.37584,0.37736,0.37432,0.37636,708401.0
2023-03-29 03:00:00+00:00,0.37636,0.37761,0.37502,0.37594,595442.0
2023-03-29 03:30:00+00:00,0.37594,0.37806,0.37544,0.37697,1296151.0
2023-03-29 04:00:00+00:00,0.37697,0.37845,0.37697,0.37828,1803224.0
2023-03-29 04:30:00+00:00,0.37828,0.3797,0.37563,0.37751,1722278.0
2023-03-29 05:00:00+00:00,0.37751,0.378,0.37634,0.37641,300326.0
2023-03-29 05:30:00+00:00,0.37641,0.37677,0.37494,0.37585,628169.0
2023-03-29 06:00:00+00:00,0.37585,0.37966,0.37526,0.37956,1089060.0
2023-03-29 06:30:00+00:00,0.37956,0.38113,0.37813,0.37879,1005988.0
2023-03-29 07:00:00+00:00,0.37879,0.3801,0.37866,0.37981,643380.0
2023-03-29 07:30:00+00:00,0.37981,0.3817,0.3794,0.38072,825052.0
2023-03-29 08:00:00+00:00,0.38072,0.38745,0.38072,0.38569,3416714.0
2023-03-29 08:30:00+00:00,0.38569,0.38604,0.38365,0.38479,820273.0
2023-03-29 09:00:00+00:00,0.38479,0.38687,0.38453,0.38471,1071129.0
2023-03-29 09:30:00+00:00,0.38471,0.38822,0.38471,0.38625,1087485.0
2023-03-29 10:00:00+00:00,0.38625,0.38962,0.38554,0.38572,2724005.0
2023-03-29 10:30:00+00:00,0.38572,0.38795,0.3855,0.38583,616931.0
2023-03-29 11:00:00+00:00,0.38583,0.38823,0.38576,0.38631,808688.0
2023-03-29 11:30:00+00:00,0.38631,0.3898,0.38548,0.38895,1349391.0
2023-03-29 12:00:00+00:00,0.38895,0.38997,0.38253,0.38458,3168728.0
2023-03-29 12:30:00+00:00,0.38458,0.38576,0.38428,0.38555,960788.0
2023-03-29 13:00:00+00:00,0.38555,0.38648,0.38432,0.38471,1244462.0
2023-03-29 13:30:00+00:00,0.38471,0.38659,0.38421,0.38529,563639.0
2023-03-29 14:00:00+00:00,0.38529,0.38578,0.38252,0.38326,1620288.0
2023-03-29 14:30:00+00:00,0.38326,0.38383,0.37979,0.38011,1778098.0
2023-03-29 15:00:00+00:00,0.38011,0.3826,0.37799,0.38232,2957464.0
2023-03-29 15:30:00+00:00,0.38232,0.385,0.38204,0.38436,948815.0
2023-03-29 16:00:00+00:00,0.38436,0.38438,0.38041,0.38195,919022.0
2023-03-29 16:30:00+00:00,0.38195,0.38262,0.3802,0.38044,418006.0
2023-03-29 17:00:00+00:00,0.38044,0.38672,0.38032,0.38582,947203.0
2023-03-29 17:30:00+00:00,0.38582,0.38798,0.38491,0.3869,984424.0
2023-03-29 18:00:00+00:00,0.3869,0.38714,0.38446,0.3864,842111.0
2023-03-29 18:30:00+00:00,0.3864,0.38795,0.38565,0.3863,393382.0
2023-03-29 19:00:00+00:00,0.3863,0.38697,0.38454,0.38462,2423505.0
2023-03-29 19:30:00+00:00,0.38462,0.38645,0.38373,0.38589,777789.0
2023-03-29 20:00:00+00:00,0.38589,0.3861,0.38416,0.38459,350043.0
2023-03-29 20:30:00+00:00,0.38459,0.38571,0.384,0.38535,366317.0
2023-03-29 21:00:00+00:00,0.38535,0.38666,0.38381,0.38657,340314.0
2023-03-29 21:30:00+00:00,0.38657,0.38657,0.38309,0.38309,205735.0
2023-03-29 22:00:00+00:00,0.38309,0.38357,0.38004,0.38307,897375.0
2023-03-29 22:30:00+00:00,0.38307,0.38307,0.38124,0.3817,466571.0
2023-03-29 23:00:00+00:00,0.3817,0.38353,0.3812,0.38301,269759.0
2023-03-29 23:30:00+00:00,0.38301,0.38333,0.38068,0.38105,305379.0
2023-03-30 00:00:00+00:00,0.38105,0.38285,0.38021,0.38184,1007513.0
2023-03-30 00:30:00+00:00,0.38184,0.38186,0.37514,0.37672,2144647.0
2023-03-30 01:00:00+00:00,0.37672,0.37932,0.37627,0.37821,1774559.0
2023-03-30 01:30:00+00:00,0.37821,0.37923,0.37749,0.37793,549354.0
2023-03-30 02:00:00+00:00,0.37793,0.38278,0.3774,0.38175,771234.0
2023-03-30 02:30:00+00:00,0.38175,0.38743,0.38162,0.38402,2850908.0
2023-03-30 03:00:00+00:00,0.38402,0.38507,0.37159,0.3774,2906887.0
2023-03-30 03:30:00+00:00,0.3774,0.38156,0.37687,0.38012,968312.0
2023-03-30 04:00:00+00:00,0.38012,0.38015,0.37836,0.37856,750035.0
2023-03-30 04:30:00+00:00,0.37856,0.37856,0.37486,0.37666,1472756.0
2023-03-30 05:00:00+00:00,0.37666,0.37699,0.37506,0.37532,711234.0
2023-03-30 05:30:00+00:00,0.37532,0.37817,0.37527,0.37814,232665.0
2023-03-30 06:00:00+00:00,0.37814,0.37976,0.37705,0.37741,537802.0
2023-03-30 06:30:00+00:00,0.37741,0.37781,0.37566,0.37651,1418694.0
2023-03-30 07:00:00+00:00,0.37651,0.37804,0.37607,0.37804,306804.0
2023-03-30 07:30:00+00:00,0.37804,0.38005,0.37762,0.37997,530915.0
2023-03-30 08:00:00+00:00,0.37997,0.38016,0.3779,0.37815,456628.0
2023-03-30 08:30:00+00:00,0.37815,0.37842,0.37649,0.37659,274255.0
2023-03-30 09:00:00+00:00,0.37659,0.37742,0.37416,0.37652,620067.0
2023-03-30 09:30:00+00:00,0.37652,0.37668,0.37524,0.37577,167411.0
2023-03-30 10:00:00+00:00,0.37577,0.37658,0.37469,0.37527,252830.0
2023-03-30 10:30:00+00:00,0.37527,0.37779,0.3749,0.37771,365020.0
2023-03-30 11:00:00+00:00,0.37771,0.38085,0.37755,0.38035,1445421.0
2023-03-30 11:30:00+00:00,0.38035,0.38198,0.37936,0.38194,2782620.0
2023-03-30 12:00:00+00:00,0.38194,0.38282,0.3778,0.37847,3859668.0
2023-03-30 12:30:00+00:00,0.37847,0.37996,0.37838,0.37872,397535.0
2023-03-30 13:00:00+00:00,0.37872,0.37986,0.37704,0.37928,3004104.0
2023-03-30 13:30:00+00:00,0.37928,0.3797,0.37675,0.37736,3290247.0
2023-03-30 14:00:00+00:00,0.37736,0.378,0.37534,0.37665,606670.0
2023-03-30 14:30:00+00:00,0.37665,0.37796,0.37583,0.37663,1175351.0
2023-03-30 15:00:00+00:00,0.37663,0.37843,0.3752,0.37521,622258.0
2023-03-30 15:30:00+00:00,0.37521,0.37616,0.37453,0.37613,1378017.0
2023-03-30 16:00:00+00:00,0.37613,0.37639,0.3733,0.37428,1327838.0
2023-03-30 16:30:00+00:00,0.37428,0.37555,0.37362,0.37405,592212.0
2023-03-30 17:00:00+00:00,0.37405,0.3748,0.37238,0.37259,462180.0
2023-03-30 17:30:00+00:00,0.37259,0.37267,0.36946,0.3703,1279831.0
2023-03-30 18:00:00+00:00,0.3703,0.3733,0.36949,0.37323,2938596.0
2023-03-30 18:30:00+00:00,0.37323,0.37589,0.3725,0.37584,1641258.0
2023-03-30 19:00:00+00:00,0.37584,0.37724,0.37505,0.37688,2264146.0
2023-03-30 19:30:00+00:00,0.37688,0.37719,0.37541,0.37646,337527.0
2023-03-30 20:00:00+00:00,0.37646,0.37688,0.37435,0.37659,3973421.0
2023-03-30 20:30:00+00:00,0.37659,0.3777,0.37608,0.37654,1121909.0
2023-03-30 21:00:00+00:00,0.37654,0.377,0.37549,0.37676,1369236.0
2023-03-30 21:30:00+00:00,0.37676,0.37721,0.37596,0.37657,186621.0
2023-03-30 22:00:00+00:00,0.37657,0.3783,0.37644,0.37828,363913.0
2023-03-30 22:30:00+00:00,0.37828,0.37849,0.37443,0.3753,1371772.0
2023-03-30 23:00:00+00:00,0.3753,0.37668,0.37443,0.37652,244812.0
2023-03-30 23:30:00+00:00,0.37652,0.37718,0.37542,0.37589,362881.0
2023-03-31 00:00:00+00:00,0.37589,0.37738,0.37402,0.37684,1626772.0
2023-03-31 00:30:00+00:00,0.37684,0.37819,0.37551,0.37726,742613.0
2023-03-31 01:00:00+00:00,0.37726,0.37978,0.37711,0.37901,524468.0
2023-03-31 01:30:00+00:00,0.37901,0.37921,0.37629,0.37792,259958.0
2023-03-31 02:00:00+00:00,0.37792,0.37863,0.37719,0.37841,226384.0
2023-03-31 02:30:00+00:00,0.37841,0.3786,0.37621,0.37666,112491.0
2023-03-31 03:00:00+00:00,0.37666,0.37717,0.37556,0.37698,182053.0
2023-03-31 03:30:00+00:00,0.37698,0.37835,0.3767,0.3779,418280.0
2023-03-31 04:00:00+00:00,0.3779,0.37807,0.37651,0.37725,573896.0
2023-03-31 04:30:00+00:00,0.37725,0.37867,0.37713,0.37776,289120.0
2023-03-31 05:00:00+00:00,0.37776,0.37899,0.37774,0.37843,272961.0
2023-03-31 05:30:00+00:00,0.37843,0.37947,0.37685,0.37812,385770.0
2023-03-31 06:00:00+00:00,0.37812,0.37862,0.37688,0.37748,276055.0
2023-04-16 22:00:00+00:00,0.45405,0.4541,0.45102,0.45113,398270.0
2023-04-16 22:30:00+00:00,0.45113,0.45322,0.45102,0.45226,868175.0
2023-04-16 23:00:00+00:00,0.45226,0.45301,0.45117,0.45167,357521.0
2023-04-16 23:30:00+00:00,0.45167,0.45232,0.45,0.45141,617051.0
2023-04-17 00:00:00+00:00,0.45141,0.45147,0.4459,0.4459,826960.0
2023-04-17 00:30:00+00:00,0.4459,0.44786,0.43983,0.44044,2179015.0
2023-04-17 01:00:00+00:00,0.44044,0.44411,0.438,0.44344,1859152.0
2023-04-17 01:30:00+00:00,0.44344,0.44494,0.44264,0.44458,823981.0
2023-04-17 02:00:00+00:00,0.44458,0.44628,0.44311,0.44614,511533.0
2023-04-17 02:30:00+00:00,0.44614,0.44866,0.44548,0.44712,620494.0
2023-04-17 03:00:00+00:00,0.44712,0.44748,0.4456,0.44593,462045.0
2023-04-17 03:30:00+00:00,0.44593,0.44625,0.44371,0.44443,1031478.0
2023-04-17 04:00:00+00:00,0.44443,0.44523,0.44179,0.4421,557846.0
2023-04-17 04:30:00+00:00,0.4421,0.44407,0.44021,0.44297,1432125.0
2023-04-17 05:00:00+00:00,0.44297,0.44429,0.44175,0.44238,717658.0
2023-04-17 05:30:00+00:00,0.44238,0.44379,0.44152,0.44379,240551.0
2023-04-17 06:00:00+00:00,0.44379,0.44422,0.44191,0.44298,824948.0
2023-04-17 06:30:00+00:00,0.44298,0.44298,0.4401,0.4408,1145708.0
2023-04-17 07:00:00+00:00,0.4408,0.4419,0.44012,0.44094,343641.0
2023-04-17 07:30:00+00:00,0.44094,0.44135,0.43832,0.43866,1733775.0
2023-04-17 08:00:00+00:00,0.43866,0.44114,0.43839,0.44068,970525.0
2023-04-17 08:30:00+00:00,0.44068,0.4419,0.44054,0.44159,330000.0
2023-04-17 09:00:00+00:00,0.44159,0.44195,0.44067,0.4411,269131.0
2023-04-17 09:30:00+00:00,0.4411,0.44149,0.43907,0.43956,281301.0
2023-04-17 10:00:00+00:00,0.43956,0.44018,0.43725,0.43814,1369032.0
2023-04-17 10:30:00+00:00,0.43814,0.44356,0.43755,0.4434,1178431.0
2023-04-17 11:00:00+00:00,0.4434,0.44525,0.44223,0.44337,2460404.0
2023-04-17 11:30:00+00:00,0.44337,0.44541,0.4395,0.44286,2613441.0
2023-04-17 12:00:00+00:00,0.44286,0.44658,0.4427,0.44442,1270220.0
2023-04-17 12:30:00+00:00,0.44442,0.44478,0.44238,0.44261,2320054.0
2023-04-17 13:00:00+00:00,0.44261,0.44262,0.43267,0.43287,2486547.0
2023-04-17 13:30:00+00:00,0.43287,0.43601,0.43217,0.43601,2470946.0
2023-04-17 14:00:00+00:00,0.43601,0.4375,0.43486,0.43644,1272051.0
2023-04-17 14:30:00+00:00,0.43644,0.43749,0.43421,0.4368,457095.0
2023-04-17 15:00:00+00:00,0.4368,0.43718,0.43437,0.43443,1016012.0
2023-04-17 15:30:00+00:00,0.43443,0.43491,0.43257,0.43392,598136.0
2023-04-17 16:00:00+00:00,0.43392,0.4365,0.4334,0.43624,516257.0
2023-04-17 16:30:00+00:00,0.43624,0.43743,0.43585,0.43655,174651.0
2023-04-17 17:00:00+00:00,0.43655,0.43756,0.43616,0.43658,324647.0
2023-04-17 17:30:00+00:00,0.43658,0.43743,0.43619,0.43676,203479.0
2023-04-17 18:00:00+00:00,0.43676,0.43838,0.43646,0.43823,268316.0
2023-04-17 18:30:00+00:00,0.43823,0.43839,0.43709,0.43788,282124.0
2023-04-17 19:00:00+00:00,0.43788,0.43904,0.43721,0.43838,472606.0
2023-04-17 19:30:00+00:00,0.43838,0.43869,0.43657,0.4375,235774.0
2023-04-17 20:00:00+00:00,0.4375,0.43772,0.435,0.43506,370034.0
2023-04-17 20:30:00+00:00,0.43506,0.43632,0.435,0.43542,290332.0
2023-04-17 21:00:00+00:00,0.43542,0.4355,0.43133,0.4327,998241.0
2023-04-17 21:30:00+00:00,0.4327,0.4345,0.43268,0.4334,408381.0
2023-04-17 22:00:00+00:00,0.4334,0.4349,0.4333,0.43459,170137.0
2023-04-17 22:30:00+00:00,0.43459,0.43617,0.43432,0.43553,166376.0
2023-04-17 23:00:00+00:00,0.43553,0.4362,0.43431,0.43454,313289.0
2023-04-17 23:30:00+00:00,0.43454,0.43503,0.43299,0.43416,901873.0
2023-04-18 00:00:00+00:00,0.43416,0.43432,0.43198,0.43271,484886.0
2023-04-18 00:30:00+00:00,0.43271,0.43342,0.43083,0.43242,1383462.0
2023-04-18 01:00:00+00:00,0.43242,0.4329,0.42761,0.43048,792194.0
2023-04-18 01:30:00+00:00,0.43048,0.43316,0.43001,0.43255,1010113.0
2023-04-18 02:00:00+00:00,0.43255,0.43377,0.43116,0.43328,222638.0
2023-04-18 02:30:00+00:00,0.43328,0.43559,0.43319,0.43469,370134.0
2023-04-18 03:00:00+00:00,0.43469,0.43503,0.43352,0.43363,282907.0
2023-04-18 03:30:00+00:00,0.43363,0.4349,0.43363,0.43442,138184.0
2023-04-18 04:00:00+00:00,0.43442,0.43483,0.43337,0.43437,678179.0
2023-04-18 04:30:00+00:00,0.43437,0.43614,0.43389,0.43593,236072.0
2023-04-18 05:00:00+00:00,0.43593,0.4386,0.43569,0.43806,641594.0
2023-04-18 05:30:00+00:00,0.43806,0.44255,0.43797,0.44168,1286605.0
2023-04-18 06:00:00+00:00,0.44168,0.44398,0.44131,0.44357,888710.0
2023-04-18 06:30:00+00:00,0.44357,0.44429,0.44272,0.44349,626134.0
2023-04-18 07:00:00+00:00,0.44349,0.44379,0.44137,0.44249,627178.0
2023-04-18 07:30:00+00:00,0.44249,0.44285,0.44107,0.44174,538507.0
2023-04-18 08:00:00+00:00,0.44174,0.44344,0.44077,0.44099,890098.0
2023-04-18 08:30:00+00:00,0.44099,0.44151,0.43932,0.4403,787671.0
2023-04-18 09:00:00+00:00,0.4403,0.4425,0.43997,0.44244,841931.0
2023-04-18 09:30:00+00:00,0.44244,0.4442,0.44194,0.44356,765818.0
2023-04-18 10:00:00+00:00,0.44356,0.44358,0.44226,0.4431,543740.0
2023-04-18 10:30:00+00:00,0.4431,0.44558,0.44299,0.4445,762158.0
2023-04-18 11:00:00+00:00,0.4445,0.44476,0.44354,0.4442,268984.0
2023-04-18 11:30:00+00:00,0.4442,0.44754,0.4442,0.44718,1734912.0
2023-04-18 12:00:00+00:00,0.44718,0.44751,0.44579,0.44595,419257.0
2023-04-18 12:30:00+00:00,0.44595,0.44646,0.44402,0.44477,826403.0
2023-04-18 13:00:00+00:00,0.44477,0.44579,0.44386,0.44425,838310.0
2023-04-18 13:30:00+00:00,0.44425,0.44545,0.44275,0.44469,1290562.0
2023-04-18 14:00:00+00:00,0.44469,0.44481,0.44087,0.44115,1290657.0
2023-04-18 14:30:00+00:00,0.44115,0.44332,0.44007,0.44266,1349791.0
2023-04-18 15:00:00+00:00,0.44266,0.44296,0.43969,0.4413,810336.0
2023-04-18 15:30:00+00:00,0.4413,0.44198,0.44017,0.44132,600272.0
2023-04-18 16:00:00+00:00,0.44132,0.44274,0.44097,0.44178,389010.0
2023-04-18 16:30:00+00:00,0.44178,0.44219,0.44068,0.4417,339035.0
2023-04-18 17:00:00+00:00,0.4417,0.4427,0.44017,0.44033,446895.0
2023-04-18 17:30:00+00:00,0.44033,0.44085,0.43627,0.43671,2057105.0
2023-04-18 18:00:00+00:00,0.43671,0.43892,0.43537,0.43892,1424711.0
2023-04-18 18:30:00+00:00,0.43892,0.43915,0.43731,0.43799,475015.0
2023-04-18 19:00:00+00:00,0.43799,0.4389,0.43729,0.43816,441087.0
2023-04-18 19:30:00+00:00,0.43816,0.43962,0.4375,0.43939,118381.0
2023-04-18 20:00:00+00:00,0.43939,0.44088,0.43769,0.44068,388285.0
2023-04-18 20:30:00+00:00,0.44068,0.44259,0.44057,0.44203,802401.0
2023-04-18 21:00:00+00:00,0.44203,0.44247,0.44032,0.44123,262890.0
2023-04-18 21:30:00+00:00,0.44123,0.44153,0.44025,0.44152,186067.0
2023-04-18 22:00:00+00:00,0.44152,0.44259,0.44094,0.44158,376541.0
2023-04-18 22:30:00+00:00,0.44158,0.44217,0.44096,0.44217,553431.0
2023-04-18 23:00:00+00:00,0.44217,0.4437,0.44163,0.44298,764205.0
2023-04-18 23:30:00+00:00,0.44298,0.44396,0.44229,0.44328,410143.0
2023-04-19 00:00:00+00:00,0.44328,0.44337,0.44077,0.4416,827433.0
2023-04-19 00:30:00+00:00,0.4416,0.44179,0.4407,0.44108,194875.0
2023-04-19 01:00:00+00:00,0.44108,0.4414,0.43905,0.44134,845114.0
2023-04-19 01:30:00+00:00,0.44134,0.44134,0.43969,0.43992,281387.0
2023-04-19 02:00:00+00:00,0.43992,0.44031,0.43799,0.43967,385582.0
2023-04-19 02:30:00+00:00,0.43967,0.4398,0.4354,0.43636,1430221.0
2023-04-19 03:00:00+00:00,0.43636,0.43859,0.43543,0.43856,387623.0
2023-04-19 03:30:00+00:00,0.43856,0.43856,0.43592,0.43689,745948.0
2023-04-19 04:00:00+00:00,0.43689,0.43689,0.43486,0.43652,955384.0
2023-04-19 04:30:00+00:00,0.43652,0.43749,0.43584,0.4365,163053.0
2023-04-19 05:00:00+00:00,0.4365,0.4376,0.43533,0.43738,480272.0
2023-04-19 05:30:00+00:00,0.43738,0.43857,0.43728,0.43825,341319.0
2023-04-19 06:00:00+00:00,0.43825,0.43862,0.435,0.43612,696384.0
2023-04-19 06:30:00+00:00,0.43612,0.43665,0.43317,0.43373,727854.0
2023-04-19 07:00:00+00:00,0.43373,0.43477,0.43316,0.43474,443649.0
2023-04-19 07:30:00+00:00,0.43474,0.43481,0.43311,0.43401,343692.0
2023-04-19 08:00:00+00:00,0.43401,0.43404,0.40551,0.41243,11932339.0
2023-04-19 08:30:00+00:00,0.41243,0.42102,0.41105,0.41439,2455332.0
2023-04-19 09:00:00+00:00,0.41439,0.41647,0.41307,0.4145,833971.0
2023-04-19 09:30:00+00:00,0.4145,0.41623,0.41367,0.41571,350603.0
2023-04-19 10:00:00+00:00,0.41571,0.418,0.41466,0.4172,281051.0
2023-04-19 10:30:00+00:00,0.4172,0.41803,0.41545,0.418,321814.0
2023-04-19 11:00:00+00:00,0.418,0.41901,0.4165,0.41886,330366.0
2023-04-19 11:30:00+00:00,0.41886,0.421,0.41802,0.41891,767543.0
2023-04-19 12:00:00+00:00,0.41891,0.41891,0.41703,0.41824,341353.0
2023-04-19 12:30:00+00:00,0.41824,0.41969,0.4175,0.41878,404568.0
2023-04-19 13:00:00+00:00,0.41878,0.4204,0.41804,0.42039,216874.0
2023-04-19 13:30:00+00:00,0.42039,0.42225,0.42007,0.42185,1031227.0
2023-04-19 14:00:00+00:00,0.42185,0.42481,0.4214,0.4229,715231.0
2023-04-19 14:30:00+00:00,0.4229,0.42508,0.4229,0.4235,382713.0
2023-04-19 15:00:00+00:00,0.4235,0.42445,0.42175,0.42218,164244.0
2023-04-19 15:30:00+00:00,0.42218,0.42275,0.41965,0.42061,469765.0
2023-04-19 16:00:00+00:00,0.42061,0.42245,0.42,0.422,253569.0
2023-04-19 16:30:00+00:00,0.422,0.42328,0.42117,0.42226,469107.0
2023-04-19 17:00:00+00:00,0.42226,0.42297,0.41752,0.41935,586947.0
2023-04-19 17:30:00+00:00,0.41935,0.42,0.4162,0.41998,523907.0
2023-04-19 18:00:00+00:00,0.41998,0.42159,0.4183,0.41897,927362.0
2023-04-19 18:30:00+00:00,0.41897,0.41914,0.41656,0.41744,705929.0
2023-04-19 19:00:00+00:00,0.41744,0.41924,0.41707,0.41874,419139.0
2023-04-19 19:30:00+00:00,0.41874,0.41922,0.4153,0.41669,686362.0
2023-04-19 20:00:00+00:00,0.41669,0.41854,0.41591,0.41657,231386.0
2023-04-19 20:30:00+00:00,0.41657,0.41793,0.41636,0.41766,52880.0
2023-04-19 21:00:00+00:00,0.41766,0.41872,0.41139,0.41431,677291.0
2023-04-19 21:30:00+00:00,0.41431,0.41886,0.41324,0.41856,507960.0
2023-04-19 22:00:00+00:00,0.41856,0.41949,0.41674,0.4175,313799.0
2023-04-19 22:30:00+00:00,0.4175,0.41892,0.41673,0.41723,111713.0
2023-04-19 23:00:00+00:00,0.41723,0.41769,0.40731,0.41122,1098744.0
2023-04-19 23:30:00+00:00,0.41122,0.41627,0.4104,0.4159,472925.0
2023-04-20 00:00:00+00:00,0.4159,0.41941,0.41566,0.41916,823732.0
2023-04-20 00:30:00+00:00,0.41916,0.41948,0.41783,0.41897,590208.0
2023-04-20 01:00:00+00:00,0.41897,0.41955,0.41762,0.41814,287198.0
2023-04-20 01:30:00+00:00,0.41814,0.42089,0.41809,0.42086,575268.0
2023-04-20 02:00:00+00:00,0.42086,0.42179,0.41801,0.41825,483245.0
2023-04-20 02:30:00+00:00,0.41825,0.41879,0.41435,0.41436,833564.0
2023-04-20 03:00:00+00:00,0.41436,0.41766,0.41218,0.41766,1079846.0
2023-04-20 03:30:00+00:00,0.41766,0.41858,0.41695,0.41842,222756.0
2023-04-20 04:00:00+00:00,0.41842,0.41968,0.41792,0.41965,133316.0
2023-04-20 04:30:00+00:00,0.41965,0.42046,0.41789,0.41815,317999.0
2023-04-20 05:00:00+00:00,0.41815,0.41997,0.4175,0.4178,521159.0
2023-04-20 05:30:00+00:00,0.4178,0.41851,0.41627,0.41761,337440.0
2023-04-20 06:00:00+00:00,0.41761,0.42073,0.41761,0.41989,742449.0
2023-04-20 06:30:00+00:00,0.41989,0.42059,0.41873,0.41883,318271.0
2023-04-20 07:00:00+00:00,0.41883,0.41973,0.41759,0.41792,134796.0
2023-04-20 07:30:00+00:00,0.41792,0.41829,0.41564,0.41638,587688.0
2023-04-20 08:00:00+00:00,0.41638,0.41959,0.41631,0.41932,584831.0
2023-04-20 08:30:00+00:00,0.41932,0.41967,0.41656,0.41769,251505.0
2023-04-20 09:00:00+00:00,0.41769,0.41886,0.41752,0.41819,143903.0
2023-04-20 09:30:00+00:00,0.41819,0.41903,0.41742,0.4178,116020.0
2023-04-20 10:00:00+00:00,0.4178,0.4187,0.41646,0.41669,254106.0
2023-04-20 10:30:00+00:00,0.41669,0.41731,0.41544,0.41676,288737.0
2023-04-20 11:00:00+00:00,0.41676,0.41728,0.41388,0.41456,1171092.0
2023-04-20 11:30:00+00:00,0.41456,0.41456,0.41075,0.41156,1668843.0
2023-04-20 12:00:00+00:00,0.41156,0.41513,0.41039,0.4148,626937.0
2023-04-20 12:30:00+00:00,0.4148,0.41789,0.4148,0.41707,721699.0
2023-04-20 13:00:00+00:00,0.41707,0.4172,0.41404,0.41431,867610.0
2023-04-20 13:30:00+00:00,0.41431,0.41616,0.41332,0.41536,693087.0
2023-04-20 14:00:00+00:00,0.41536,0.4159,0.41354,0.41356,594209.0
2023-04-20 14:30:00+00:00,0.41356,0.41446,0.41268,0.41315,1035064.0
2023-04-20 15:00:00+00:00,0.41315,0.41356,0.41095,0.41204,263585.0
2023-04-20 15:30:00+00:00,0.41204,0.41223,0.40502,0.40636,1623118.0
2023-04-20 16:00:00+00:00,0.40636,0.40636,0.39515,0.40384,3940034.0
2023-04-20 16:30:00+00:00,0.40384,0.40485,0.39787,0.39791,430698.0
2023-04-20 17:00:00+00:00,0.39791,0.40208,0.39524,0.40161,817881.0
2023-04-20 17:30:00+00:00,0.40161,0.40208,0.39705,0.39712,499074.0
2023-04-20 18:00:00+00:00,0.39712,0.40019,0.39663,0.3967,574950.0
2023-04-20 18:30:00+00:00,0.3967,0.40087,0.39609,0.40053,423604.0
2023-04-20 19:00:00+00:00,0.40053,0.40057,0.39649,0.39731,486587.0
2023-04-20 19:30:00+00:00,0.39731,0.39875,0.39565,0.39775,337693.0
2023-04-20 20:00:00+00:00,0.39775,0.40356,0.39583,0.40321,523243.0
2023-04-20 20:30:00+00:00,0.40321,0.40389,0.40166,0.40186,260790.0
2023-04-20 21:00:00+00:00,0.40186,0.40349,0.40129,0.40205,200561.0
2023-04-20 21:30:00+00:00,0.40205,0.40272,0.40097,0.40272,213654.0
2023-04-20 22:00:00+00:00,0.40272,0.40536,0.40164,0.40379,391851.0
2023-04-20 22:30:00+00:00,0.40379,0.40381,0.40158,0.40205,125847.0
2023-04-20 23:00:00+00:00,0.40205,0.40337,0.39923,0.39998,320718.0
2023-04-20 23:30:00+00:00,0.39998,0.40092,0.39912,0.40051,289146.0
2023-04-21 00:00:00+00:00,0.40051,0.40243,0.39855,0.39891,325532.0
2023-04-21 00:30:00+00:00,0.39891,0.40378,0.39877,0.40229,490268.0
2023-04-21 01:00:00+00:00,0.40229,0.40278,0.40043,0.40152,192768.0
2023-04-21 01:30:00+00:00,0.40152,0.40229,0.40033,0.40037,68306.0
2023-05-07 17:30:00+00:00,0.37964,0.37969,0.3785,0.37928,205342.0
2023-05-07 18:00:00+00:00,0.37928,0.3801,0.3787,0.37917,78735.0
2023-05-07 18:30:00+00:00,0.37917,0.37969,0.37855,0.3786,125490.0
2023-05-07 19:00:00+00:00,0.3786,0.37905,0.37757,0.37833,303198.0
2023-05-07 19:30:00+00:00,0.37833,0.37935,0.37761,0.37911,2119111.0
2023-05-07 20:00:00+00:00,0.37911,0.3802,0.37878,0.37964,113469.0
2023-05-07 20:30:00+00:00,0.37964,0.38005,0.37924,0.38004,172614.0
2023-05-07 21:00:00+00:00,0.38004,0.38033,0.37899,0.3802,107120.0
2023-05-07 21:30:00+00:00,0.3802,0.3805,0.37752,0.37807,182362.0
2023-05-07 22:00:00+00:00,0.37807,0.37867,0.37643,0.37769,435566.0
2023-05-07 22:30:00+00:00,0.37769,0.37823,0.37721,0.378,223811.0
2023-05-07 23:00:00+00:00,0.378,0.37928,0.37749,0.3784,171615.0
2023-05-07 23:30:00+00:00,0.3784,0.37896,0.37356,0.37568,698767.0
2023-05-08 00:00:00+00:00,0.37568,0.37696,0.37347,0.37689,352649.0
2023-05-08 00:30:00+00:00,0.37689,0.37894,0.37646,0.37894,238097.0
2023-05-08 01:00:00+00:00,0.37894,0.37913,0.37617,0.37662,175229.0
2023-05-08 01:30:00+00:00,0.37662,0.3783,0.362,0.36855,3626551.0
2023-05-08 02:00:00+00:00,0.36855,0.36952,0.36706,0.36901,328110.0
2023-05-08 02:30:00+00:00,0.36901,0.37111,0.36813,0.37067,492337.0
2023-05-08 03:00:00+00:00,0.37067,0.37279,0.37011,0.37012,243263.0
2023-05-08 03:30:00+00:00,0.37012,0.37159,0.36939,0.37119,192180.0
2023-05-08 04:00:00+00:00,0.37119,0.37119,0.36852,0.36855,515848.0
2023-05-08 04:30:00+00:00,0.36855,0.36926,0.36769,0.36807,143134.0
2023-05-08 05:00:00+00:00,0.36807,0.3689,0.3671,0.3678,223204.0
2023-05-08 05:30:00+00:00,0.3678,0.3693,0.36746,0.3689,219325.0
2023-05-08 06:00:00+00:00,0.3689,0.3689,0.36812,0.36835,96703.0
2023-05-08 06:30:00+00:00,0.36835,0.36865,0.36708,0.36723,119769.0
2023-05-08 07:00:00+00:00,0.36723,0.36762,0.366,0.36681,330831.0
2023-05-08 07:30:00+00:00,0.36681,0.36728,0.36232,0.36558,507543.0
2023-05-08 08:00:00+00:00,0.36558,0.36607,0.364,0.36544,315768.0
2023-05-08 08:30:00+00:00,0.36544,0.36601,0.36307,0.36394,317800.0
2023-05-08 09:00:00+00:00,0.36394,0.3668,0.36383,0.36667,211048.0
2023-05-08 09:30:00+00:00,0.36667,0.3681,0.3656,0.3681,284601.0
2023-05-08 10:00:00+00:00,0.3681,0.36921,0.36782,0.369,406586.0
2023-05-08 10:30:00+00:00,0.369,0.36906,0.36837,0.36889,175204.0
2023-05-08 11:00:00+00:00,0.36889,0.37,0.36828,0.3688,211810.0
2023-05-08 11:30:00+00:00,0.3688,0.36986,0.36836,0.36894,188121.0
2023-05-08 12:00:00+00:00,0.36894,0.36972,0.36845,0.36912,201596.0
2023-05-08 12:30:00+00:00,0.36912,0.36935,0.36813,0.36814,2233089.0
2023-05-08 13:00:00+00:00,0.36814,0.37191,0.36814,0.37136,474889.0
2023-05-08 13:30:00+00:00,0.37136,0.37158,0.37062,0.37092,231491.0
2023-05-08 14:00:00+00:00,0.37092,0.37199,0.36981,0.37108,544344.0
2023-05-08 14:30:00+00:00,0.37108,0.37332,0.37023,0.37297,311018.0
2023-05-08 15:00:00+00:00,0.37297,0.37538,0.37297,0.37435,1350288.0
2023-05-08 15:30:00+00:00,0.37435,0.37469,0.37293,0.37359,249626.0
2023-05-08 16:00:00+00:00,0.37359,0.37477,0.37168,0.37292,508418.0
2023-05-08 16:30:00+00:00,0.37292,0.37292,0.36927,0.3698,356653.0
2023-05-08 17:00:00+00:00,0.3698,0.36989,0.36756,0.36891,758877.0
2023-05-08 17:30:00+00:00,0.36891,0.3695,0.36055,0.36055,3376662.0
2023-05-08 18:00:00+00:00,0.36055,0.36223,0.35286,0.36062,3453964.0
2023-05-08 18:30:00+00:00,0.36062,0.36114,0.35837,0.35937,351662.0
2023-05-08 19:00:00+00:00,0.35937,0.36241,0.35845,0.36228,159965.0
2023-05-08 19:30:00+00:00,0.36228,0.36346,0.35988,0.36073,441615.0
2023-05-08 20:00:00+00:00,0.36073,0.36292,0.35987,0.36236,218858.0
2023-05-08 20:30:00+00:00,0.36236,0.363,0.36175,0.36213,500463.0
2023-05-08 21:00:00+00:00,0.36213,0.36239,0.35943,0.36146,245667.0
2023-05-08 21:30:00+00:00,0.36146,0.36317,0.36054,0.36193,305755.0
2023-05-08 22:00:00+00:00,0.36193,0.36312,0.36136,0.36263,148190.0
2023-05-08 22:30:00+00:00,0.36263,0.36376,0.36237,0.36358,52304.0
2023-05-08 23:00:00+00:00,0.36358,0.36505,0.36316,0.36424,160401.0
2023-05-08 23:30:00+00:00,0.36424,0.36563,0.3637,0.36506,94312.0
2023-05-09 00:00:00+00:00,0.36506,0.36633,0.36409,0.36595,254088.0
2023-05-09 00:30:00+00:00,0.36595,0.36688,0.36505,0.36626,121196.0
2023-05-09 01:00:00+00:00,0.36626,0.37013,0.36604,0.36787,534183.0
2023-05-09 01:30:00+00:00,0.36787,0.36892,0.36658,0.36696,189046.0
2023-05-09 02:00:00+00:00,0.36696,0.36701,0.36436,0.36568,166177.0
2023-05-09 02:30:00+00:00,0.36568,0.36673,0.36545,0.3662,206192.0
2023-05-09 03:00:00+00:00,0.3662,0.36638,0.36425,0.36457,159156.0
2023-05-09 03:30:00+00:00,0.36457,0.36489,0.36371,0.36371,70487.0
2023-05-09 04:00:00+00:00,0.36371,0.36537,0.36364,0.365,196436.0
2023-05-09 04:30:00+00:00,0.365,0.36504,0.36302,0.36351,62149.0
2023-05-09 05:00:00+00:00,0.36351,0.36401,0.36259,0.36318,50834.0
2023-05-09 05:30:00+00:00,0.36318,0.36479,0.36293,0.36405,117331.0
2023-05-09 06:00:00+00:00,0.36405,0.36425,0.3618,0.36223,177871.0
2023-05-09 06:30:00+00:00,0.36223,0.36343,0.36083,0.36164,186048.0
2023-05-09 07:00:00+00:00,0.36164,0.36374,0.3613,0.36337,121416.0
2023-05-09 07:30:00+00:00,0.36337,0.36509,0.36283,0.36477,182688.0
2023-05-09 08:00:00+00:00,0.36477,0.36485,0.3631,0.36311,174187.0
2023-05-09 08:30:00+00:00,0.36311,0.36311,0.3618,0.36199,214329.0
2023-05-09 09:00:00+00:00,0.36199,0.36286,0.3616,0.36286,210209.0
2023-05-09 09:30:00+00:00,0.36286,0.36286,0.36139,0.36196,168394.0
2023-05-09 10:00:00+00:00,0.36196,0.36382,0.36149,0.36382,106139.0
2023-05-09 10:30:00+00:00,0.36382,0.36401,0.36259,0.3634,130431.0
2023-05-09 11:00:00+00:00,0.3634,0.36385,0.36197,0.363,104580.0
2023-05-09 11:30:00+00:00,0.363,0.36503,0.363,0.3644,136664.0
2023-05-09 12:00:00+00:00,0.3644,0.36581,0.36365,0.36473,310159.0
2023-05-09 12:30:00+00:00,0.36473,0.36595,0.36473,0.36594,548742.0
2023-05-09 13:00:00+00:00,0.36594,0.36715,0.36486,0.36543,315342.0
2023-05-09 13:30:00+00:00,0.36543,0.36569,0.3634,0.36459,133391.0
2023-05-09 14:00:00+00:00,0.36459,0.36502,0.36234,0.36298,193838.0
2023-05-09 14:30:00+00:00,0.36298,0.36516,0.36298,0.36359,123230.0
2023-05-09 15:00:00+00:00,0.36359,0.36432,0.36153,0.36204,340803.0
2023-05-09 15:30:00+00:00,0.36204,0.36265,0.35983,0.36081,1029149.0
2023-05-09 16:00:00+00:00,0.36081,0.36188,0.35953,0.36153,547247.0
2023-05-09 16:30:00+00:00,0.36153,0.36462,0.36134,0.36462,397144.0
2023-05-09 17:00:00+00:00,0.36462,0.36555,0.36275,0.36351,223086.0
2023-05-09 17:30:00+00:00,0.36351,0.36427,0.36242,0.36293,128014.0
2023-05-09 18:00:00+00:00,0.36293,0.36354,0.36188,0.36264,90112.0
2023-05-09 18:30:00+00:00,0.36264,0.36397,0.36162,0.36264,157854.0
2023-05-09 19:00:00+00:00,0.36264,0.36391,0.36225,0.3638,53195.0
2023-05-09 19:30:00+00:00,0.3638,0.36421,0.36307,0.36415,74330.0
2023-05-09 20:00:00+00:00,0.36415,0.36554,0.36331,0.36366,152759.0
2023-05-09 20:30:00+00:00,0.36366,0.36366,0.36182,0.36225,215113.0
2023-05-09 21:00:00+00:00,0.36225,0.36242,0.36112,0.36189,166188.0
2023-05-09 21:30:00+00:00,0.36189,0.36254,0.36089,0.36119,41658.0
2023-05-09 22:00:00+00:00,0.36119,0.36134,0.35989,0.36122,357171.0
2023-05-09 22:30:00+00:00,0.36122,0.36145,0.36089,0.36129,42528.0
2023-05-09 23:00:00+00:00,0.36129,0.3625,0.36129,0.36226,317328.0
2023-05-09 23:30:00+00:00,0.36226,0.36383,0.36226,0.36298,366530.0
2023-05-10 00:00:00+00:00,0.36298,0.36482,0.36285,0.3647,87935.0
2023-05-10 00:30:00+00:00,0.3647,0.36489,0.36313,0.36421,130998.0
2023-05-10 01:00:00+00:00,0.36421,0.3652,0.36329,0.36424,410801.0
2023-05-10 01:30:00+00:00,0.36424,0.36534,0.36394,0.36449,163836.0
2023-05-10 02:00:00+00:00,0.36449,0.3657,0.36423,0.36466,97697.0
2023-05-10 02:30:00+00:00,0.36466,0.36505,0.36349,0.36364,55318.0
2023-05-10 03:00:00+00:00,0.36364,0.36446,0.36359,0.3636,77524.0
2023-05-10 03:30:00+00:00,0.3636,0.36426,0.36343,0.36399,55806.0
2023-05-10 04:00:00+00:00,0.36399,0.3648,0.36324,0.36379,39526.0
2023-05-10 04:30:00+00:00,0.36379,0.36454,0.36373,0.3642,137838.0
2023-05-10 05:00:00+00:00,0.3642,0.36585,0.36409,0.36432,127974.0
2023-05-10 05:30:00+00:00,0.36432,0.36442,0.36339,0.36351,48754.0
2023-05-10 06:00:00+00:00,0.36351,0.36371,0.3617,0.36197,217870.0
2023-05-10 06:30:00+00:00,0.36197,0.36273,0.36105,0.36213,43435.0
2023-05-10 07:00:00+00:00,0.36213,0.36283,0.36131,0.36192,206855.0
2023-05-10 07:30:00+00:00,0.36192,0.36233,0.36071,0.3609,94176.0
2023-05-10 08:00:00+00:00,0.3609,0.36145,0.35917,0.35949,590810.0
2023-05-10 08:30:00+00:00,0.35949,0.36043,0.3589,0.36002,350042.0
2023-05-10 09:00:00+00:00,0.36002,0.36002,0.35837,0.35915,196685.0
2023-05-10 09:30:00+00:00,0.35915,0.36055,0.3587,0.36044,133764.0
2023-05-10 10:00:00+00:00,0.36044,0.36044,0.35446,0.35468,1392711.0
2023-05-10 10:30:00+00:00,0.35468,0.35702,0.35426,0.35681,797991.0
2023-05-10 11:00:00+00:00,0.35681,0.35763,0.35593,0.35731,534523.0
2023-05-10 11:30:00+00:00,0.35731,0.3581,0.35664,0.35779,448726.0
2023-05-10 12:00:00+00:00,0.35779,0.35852,0.35596,0.35731,528566.0
2023-05-10 12:30:00+00:00,0.35731,0.36925,0.35731,0.36842,3438645.0
2023-05-10 13:00:00+00:00,0.36842,0.37151,0.36644,0.36803,1280938.0
2023-05-10 13:30:00+00:00,0.36803,0.371,0.36778,0.36928,692245.0
2023-05-10 14:00:00+00:00,0.36928,0.3705,0.36871,0.36968,472528.0
2023-05-10 14:30:00+00:00,0.36968,0.3705,0.36753,0.36763,273005.0
2023-05-10 15:00:00+00:00,0.36763,0.36833,0.36586,0.3664,641345.0
2023-05-10 15:30:00+00:00,0.3664,0.36988,0.36639,0.36983,665643.0
2023-05-10 16:00:00+00:00,0.36983,0.37252,0.36958,0.372,800044.0
2023-05-10 16:30:00+00:00,0.372,0.37209,0.37082,0.37137,335766.0
2023-05-10 17:00:00+00:00,0.37137,0.37209,0.35752,0.36331,3984163.0
2023-05-10 17:30:00+00:00,0.36331,0.36523,0.36216,0.36447,677759.0
2023-05-10 18:00:00+00:00,0.36447,0.36535,0.36329,0.36486,383238.0
2023-05-10 18:30:00+00:00,0.36486,0.36575,0.36446,0.36532,157120.0
2023-05-10 19:00:00+00:00,0.36532,0.3719,0.365,0.37019,1026938.0
2023-05-10 19:30:00+00:00,0.37019,0.37113,0.36906,0.36921,391536.0
2023-05-10 20:00:00+00:00,0.36921,0.372,0.36845,0.36965,337403.0
2023-05-10 20:30:00+00:00,0.36965,0.3719,0.36965,0.37134,221206.0
2023-05-10 21:00:00+00:00,0.37134,0.37152,0.36629,0.36791,1094737.0
2023-05-10 21:30:00+00:00,0.36791,0.36815,0.36582,0.36685,439048.0
2023-05-10 22:00:00+00:00,0.36685,0.36815,0.36664,0.36748,214530.0
2023-05-10 22:30:00+00:00,0.36748,0.37017,0.3672,0.36966,207875.0
2023-05-10 23:00:00+00:00,0.36966,0.37084,0.36914,0.36914,172402.0
2023-05-10 23:30:00+00:00,0.36914,0.3702,0.36877,0.36892,132366.0
2023-05-11 00:00:00+00:00,0.36892,0.3692,0.36665,0.3677,289608.0
2023-05-11 00:30:00+00:00,0.3677,0.36793,0.36524,0.36593,218176.0
2023-05-11 01:00:00+00:00,0.36593,0.36785,0.36581,0.3675,99822.0
2023-05-11 01:30:00+00:00,0.3675,0.36781,0.36548,0.36633,145367.0
2023-05-11 02:00:00+00:00,0.36633,0.36661,0.36536,0.36543,102713.0
2023-05-11 02:30:00+00:00,0.36543,0.36598,0.3646,0.36551,275139.0
2023-05-11 03:00:00+00:00,0.36551,0.36555,0.36328,0.36397,136038.0
2023-05-11 03:30:00+00:00,0.36397,0.36557,0.36354,0.36532,50509.0
2023-05-11 04:00:00+00:00,0.36532,0.36574,0.36389,0.36428,151750.0
2023-05-11 04:30:00+00:00,0.36428,0.36593,0.36414,0.36573,186413.0
2023-05-11 05:00:00+00:00,0.36573,0.36621,0.36432,0.36522,784873.0
2023-05-11 05:30:00+00:00,0.36522,0.36654,0.36432,0.36643,285347.0
2023-05-11 06:00:00+00:00,0.36643,0.36661,0.36513,0.36562,2106623.0
2023-05-11 06:30:00+00:00,0.36562,0.36592,0.36335,0.36431,175070.0
2023-05-11 07:00:00+00:00,0.36431,0.36511,0.36395,0.36446,2096176.0
2023-05-11 07:30:00+00:00,0.36446,0.3653,0.3636,0.36416,2340322.0
2023-05-11 08:00:00+00:00,0.36416,0.36417,0.3598,0.36106,5003466.0
2023-05-11 08:30:00+00:00,0.36106,0.36167,0.36019,0.36068,2281460.0
2023-05-11 09:00:00+00:00,0.36068,0.36164,0.36038,0.36104,2250720.0
2023-05-11 09:30:00+00:00,0.36104,0.36108,0.35995,0.36012,2532849.0
2023-05-11 10:00:00+00:00,0.36012,0.36064,0.35954,0.36054,331544.0
2023-05-11 10:30:00+00:00,0.36054,0.36088,0.3598,0.36014,336012.0
2023-05-11 11:00:00+00:00,0.36014,0.36074,0.35983,0.36027,198755.0
2023-05-11 11:30:00+00:00,0.36027,0.36104,0.35873,0.35883,579896.0
2023-05-11 12:00:00+00:00,0.35883,0.36087,0.35853,0.36035,568579.0
2023-05-11 12:30:00+00:00,0.36035,0.3622,0.35672,0.35706,1310981.0
2023-05-11 13:00:00+00:00,0.35706,0.3581,0.3555,0.35704,685930.0
2023-05-11 13:30:00+00:00,0.35704,0.35917,0.35462,0.35612,2892605.0
2023-05-11 14:00:00+00:00,0.35612,0.35675,0.3523,0.35472,5415473.0
2023-05-11 14:30:00+00:00,0.35472,0.35544,0.35035,0.3536,3332242.0
2023-05-11 15:00:00+00:00,0.3536,0.35436,0.3513,0.35412,2789095.0
2023-05-11 15:30:00+00:00,0.35412,0.35527,0.354,0.35429,362607.0
2023-05-11 16:00:00+00:00,0.35429,0.35528,0.35329,0.35416,2601844.0
2023-05-11 16:30:00+00:00,0.35416,0.3559,0.35373,0.35411,322819.0
2023-05-11 17:00:00+00:00,0.35411,0.3543,0.34813,0.35248,2680520.0
2023-05-11 17:30:00+00:00,0.35248,0.35399,0.35143,0.35227,794133.0
2023-05-11 18:00:00+00:00,0.35227,0.35227,0.34996,0.35203,1025356.0
2023-05-11 18:30:00+00:00,0.35203,0.35419,0.35123,0.35317,887019.0
2023-05-11 19:00:00+00:00,0.35317,0.35409,0.35218,0.35297,295619.0
2023-05-11 19:30:00+00:00,0.35297,0.35384,0.35113,0.35353,420601.0
2023-05-11 20:00:00+00:00,0.35353,0.35515,0.35284,0.3549,185142.0
2023-05-11 20:30:00+00:00,0.3549,0.35725,0.3549,0.35694,387849.0
2023-05-11 21:00:00+00:00,0.35694,0.3583,0.35665,0.35803,387864.0
2023-05-28 13:00:00+00:00,0.37681,0.37766,0.37646,0.37728,149851.0
2023-05-28 13:30:00+00:00,0.37728,0.37913,0.37644,0.37718,869016.0
2023-05-28 14:00:00+00:00,0.37718,0.37718,0.37546,0.37558,1306261.0
2023-05-28 14:30:00+00:00,0.37558,0.376,0.37477,0.37499,234533.0
2023-05-28 15:00:00+00:00,0.37499,0.37574,0.37435,0.37488,134153.0
2023-05-28 15:30:00+00:00,0.37488,0.3757,0.37463,0.3757,131933.0
2023-05-28 16:00:00+00:00,0.3757,0.37611,0.37494,0.3761,161048.0
2023-05-28 16:30:00+00:00,0.3761,0.37703,0.3758,0.37601,238231.0
2023-05-28 17:00:00+00:00,0.37601,0.37713,0.37523,0.37699,237765.0
2023-05-28 17:30:00+00:00,0.37699,0.37724,0.3761,0.37639,196123.0
2023-05-28 18:00:00+00:00,0.37639,0.37866,0.37567,0.37826,308337.0
2023-05-28 18:30:00+00:00,0.37826,0.37863,0.37709,0.37799,421165.0
2023-05-28 19:00:00+00:00,0.37799,0.37866,0.37751,0.37821,203404.0
2023-05-28 19:30:00+00:00,0.37821,0.37886,0.3762,0.3768,376830.0
2023-05-28 20:00:00+00:00,0.3768,0.37803,0.3768,0.3775,316498.0
2023-05-28 20:30:00+00:00,0.3775,0.37775,0.37703,0.37752,201535.0
2023-05-28 21:00:00+00:00,0.37752,0.37773,0.37633,0.37689,167261.0
2023-05-28 21:30:00+00:00,0.37689,0.3793,0.37658,0.3793,774499.0
2023-05-28 22:00:00+00:00,0.3793,0.38449,0.37926,0.38268,2217401.0
2023-05-28 22:30:00+00:00,0.38268,0.38318,0.38113,0.38271,705769.0
2023-05-28 23:00:00+00:00,0.38271,0.38378,0.38251,0.38271,113138.0
2023-05-28 23:30:00+00:00,0.38271,0.38309,0.38168,0.38239,189684.0
2023-05-29 00:00:00+00:00,0.38239,0.38477,0.38239,0.38362,243393.0
2023-05-29 00:30:00+00:00,0.38362,0.38563,0.38356,0.38408,391683.0
2023-05-29 01:00:00+00:00,0.38408,0.38593,0.38387,0.38534,401717.0
2023-05-29 01:30:00+00:00,0.38534,0.38594,0.38363,0.38372,463120.0
2023-05-29 02:00:00+00:00,0.38372,0.38432,0.38277,0.38277,248735.0
2023-05-29 02:30:00+00:00,0.38277,0.38351,0.38204,0.3823,269703.0
2023-05-29 03:00:00+00:00,0.3823,0.38259,0.38028,0.38099,414633.0
2023-05-29 03:30:00+00:00,0.38099,0.38142,0.37953,0.37961,400225.0
2023-05-29 04:00:00+00:00,0.37961,0.38066,0.37816,0.37971,488363.0
2023-05-29 04:30:00+00:00,0.37971,0.38033,0.37868,0.38009,122238.0
2023-05-29 05:00:00+00:00,0.38009,0.38073,0.37991,0.3802,158199.0
2023-05-29 05:30:00+00:00,0.3802,0.38073,0.38,0.38042,140109.0
2023-05-29 06:00:00+00:00,0.38042,0.38107,0.37961,0.3802,145469.0
2023-05-29 06:30:00+00:00,0.3802,0.3806,0.37986,0.38009,55217.0
2023-05-29 07:00:00+00:00,0.38009,0.38009,0.37851,0.37886,205794.0
2023-05-29 07:30:00+00:00,0.37886,0.37946,0.37858,0.37887,99463.0
2023-05-29 08:00:00+00:00,0.37887,0.3792,0.37807,0.37832,227359.0
2023-05-29 08:30:00+00:00,0.37832,0.37873,0.37795,0.37831,273975.0
2023-05-29 09:00:00+00:00,0.37831,0.37863,0.37764,0.37817,338334.0
2023-05-29 09:30:00+00:00,0.37817,0.3798,0.37816,0.37968,245256.0
2023-05-29 10:00:00+00:00,0.37968,0.37979,0.37905,0.37912,82762.0
2023-05-29 10:30:00+00:00,0.37912,0.37921,0.37756,0.37861,164829.0
2023-05-29 11:00:00+00:00,0.37861,0.37953,0.3779,0.3794,204114.0
2023-05-29 11:30:00+00:00,0.3794,0.37973,0.37868,0.37939,96228.0
2023-05-29 12:00:00+00:00,0.37939,0.37966,0.37875,0.37919,135772.0
2023-05-29 12:30:00+00:00,0.37919,0.37921,0.37806,0.37844,187845.0
2023-05-29 13:00:00+00:00,0.37844,0.37961,0.3784,0.3792,112317.0
2023-05-29 13:30:00+00:00,0.3792,0.37972,0.37794,0.3786,279882.0
2023-05-29 14:00:00+00:00,0.3786,0.37901,0.3783,0.37839,96839.0
2023-05-29 14:30:00+00:00,0.37839,0.37849,0.3765,0.37751,648156.0
2023-05-29 15:00:00+00:00,0.37751,0.37853,0.37636,0.37652,373829.0
2023-05-29 15:30:00+00:00,0.37652,0.38074,0.37541,0.3775,8178746.0
2023-05-29 16:00:00+00:00,0.3775,0.37914,0.37595,0.37723,650715.0
2023-05-29 16:30:00+00:00,0.37723,0.37762,0.37604,0.37611,240804.0
2023-05-29 17:00:00+00:00,0.37611,0.37817,0.37558,0.37799,383036.0
2023-05-29 17:30:00+00:00,0.37799,0.37912,0.37744,0.37897,412174.0
2023-05-29 18:00:00+00:00,0.37897,0.37914,0.37849,0.37869,245804.0
2023-05-29 18:30:00+00:00,0.37869,0.37901,0.37843,0.3789,89269.0
2023-05-29 19:00:00+00:00,0.3789,0.37977,0.37856,0.37967,171644.0
2023-05-29 19:30:00+00:00,0.37967,0.38032,0.37751,0.37831,108135.0
2023-05-29 20:00:00+00:00,0.37831,0.37905,0.37809,0.37811,172158.0
2023-05-29 20:30:00+00:00,0.37811,0.37925,0.37794,0.37904,117430.0
2023-05-29 21:00:00+00:00,0.37904,0.37934,0.37825,0.37884,159425.0
2023-05-29 21:30:00+00:00,0.37884,0.37934,0.37877,0.37885,82619.0
2023-05-29 22:00:00+00:00,0.37885,0.37888,0.37726,0.37736,547997.0
2023-05-29 22:30:00+00:00,0.37736,0.37876,0.37685,0.37853,886955.0
2023-05-29 23:00:00+00:00,0.37853,0.37955,0.37814,0.37889,109788.0
2023-05-29 23:30:00+00:00,0.37889,0.3792,0.37838,0.37859,33153.0
2023-05-30 00:00:00+00:00,0.37859,0.3795,0.37852,0.37871,114048.0
2023-05-30 00:30:00+00:00,0.37871,0.37943,0.37762,0.3789,402308.0
2023-05-30 01:00:00+00:00,0.3789,0.37945,0.37853,0.37912,54140.0
2023-05-30 01:30:00+00:00,0.37912,0.38024,0.37912,0.38022,137699.0
2023-05-30 02:00:00+00:00,0.38022,0.38083,0.38009,0.38083,370439.0
2023-05-30 02:30:00+00:00,0.38083,0.38136,0.37993,0.38046,178081.0
2023-05-30 03:00:00+00:00,0.38046,0.38278,0.38046,0.38192,233035.0
2023-05-30 03:30:00+00:00,0.38192,0.38236,0.38096,0.38098,146497.0
2023-05-30 04:00:00+00:00,0.38098,0.38156,0.3797,0.38023,787104.0
2023-05-30 04:30:00+00:00,0.38023,0.38023,0.37943,0.37956,79011.0
2023-05-30 05:00:00+00:00,0.37956,0.38,0.37838,0.37923,175068.0
2023-05-30 05:30:00+00:00,0.37923,0.3802,0.37919,0.37983,708322.0
2023-05-30 06:00:00+00:00,0.37983,0.38103,0.37968,0.38016,74068.0
2023-05-30 06:30:00+00:00,0.38016,0.38109,0.38013,0.38108,101429.0
2023-05-30 07:00:00+00:00,0.38108,0.38155,0.37979,0.3803,320924.0
2023-05-30 07:30:00+00:00,0.3803,0.38045,0.37928,0.37928,123065.0
2023-05-30 08:00:00+00:00,0.37928,0.38023,0.37876,0.38022,188038.0
2023-05-30 08:30:00+00:00,0.38022,0.38052,0.37994,0.37994,112214.0
2023-05-30 09:00:00+00:00,0.37994,0.38089,0.37969,0.3804,99131.0
2023-05-30 09:30:00+00:00,0.3804,0.38141,0.38034,0.38071,538749.0
2023-05-30 10:00:00+00:00,0.38071,0.38143,0.38042,0.38135,153696.0
2023-05-30 10:30:00+00:00,0.38135,0.38308,0.38124,0.38124,581374.0
2023-05-30 11:00:00+00:00,0.38124,0.38244,0.38066,0.38204,378200.0
2023-05-30 11:30:00+00:00,0.38204,0.38222,0.38104,0.38162,190351.0
2023-05-30 12:00:00+00:00,0.38162,0.38164,0.37978,0.38004,275235.0
2023-05-30 12:30:00+00:00,0.38004,0.38055,0.3788,0.38023,375421.0
2023-05-30 13:00:00+00:00,0.38023,0.38066,0.37992,0.38053,244564.0
2023-05-30 13:30:00+00:00,0.38053,0.38054,0.3782,0.37861,446174.0
2023-05-30 14:00:00+00:00,0.37861,0.37871,0.377,0.37714,829187.0
2023-05-30 14:30:00+00:00,0.37714,0.37793,0.37469,0.375,2569252.0
2023-05-30 15:00:00+00:00,0.375,0.3762,0.37455,0.37521,763425.0
2023-05-30 15:30:00+00:00,0.37521,0.37676,0.37477,0.3764,366652.0
2023-05-30 16:00:00+00:00,0.3764,0.37781,0.37533,0.37767,385703.0
2023-05-30 16:30:00+00:00,0.37767,0.37807,0.37688,0.37764,188666.0
2023-05-30 17:00:00+00:00,0.37764,0.37789,0.37639,0.37679,304542.0
2023-05-30 17:30:00+00:00,0.37679,0.37829,0.37621,0.37731,155020.0
2023-05-30 18:00:00+00:00,0.37731,0.37757,0.37657,0.37691,147087.0
2023-05-30 18:30:00+00:00,0.37691,0.37856,0.37686,0.37817,138025.0
2023-05-30 19:00:00+00:00,0.37817,0.37838,0.37755,0.37812,108888.0
2023-05-30 19:30:00+00:00,0.37812,0.37916,0.37796,0.37852,107493.0
2023-05-30 20:00:00+00:00,0.37852,0.37883,0.37771,0.37793,177263.0
2023-05-30 20:30:00+00:00,0.37793,0.37812,0.37728,0.37739,262750.0
2023-05-30 21:00:00+00:00,0.37739,0.37873,0.37727,0.37752,177582.0
2023-05-30 21:30:00+00:00,0.37752,0.37789,0.37612,0.37777,192184.0
2023-05-30 22:00:00+00:00,0.37777,0.37778,0.37662,0.37753,104814.0
2023-05-30 22:30:00+00:00,0.37753,0.37803,0.3772,0.37799,51766.0
2023-05-30 23:00:00+00:00,0.37799,0.37822,0.37735,0.3781,95015.0
2023-05-30 23:30:00+00:00,0.3781,0.3782,0.3772,0.37753,119382.0
2023-05-31 00:00:00+00:00,0.37753,0.37831,0.37702,0.378,238656.0
2023-05-31 00:30:00+00:00,0.378,0.37957,0.37764,0.37916,167689.0
2023-05-31 01:00:00+00:00,0.37916,0.38046,0.37878,0.38001,101587.0
2023-05-31 01:30:00+00:00,0.38001,0.38012,0.37869,0.37882,104538.0
2023-05-31 02:00:00+00:00,0.37882,0.37885,0.37571,0.3772,391992.0
2023-05-31 02:30:00+00:00,0.3772,0.37751,0.3762,0.37747,126182.0
2023-05-31 03:00:00+00:00,0.37747,0.37831,0.37687,0.37831,126089.0
2023-05-31 03:30:00+00:00,0.37831,0.37951,0.37817,0.37898,682951.0
2023-05-31 04:00:00+00:00,0.37898,0.37995,0.37898,0.37968,889723.0
2023-05-31 04:30:00+00:00,0.37968,0.38018,0.37421,0.37459,978278.0
2023-05-31 05:00:00+00:00,0.37459,0.37472,0.37189,0.37457,839546.0
2023-05-31 05:30:00+00:00,0.37457,0.37523,0.37332,0.37407,1406499.0
2023-05-31 06:00:00+00:00,0.37407,0.37512,0.37293,0.37467,175399.0
2023-05-31 06:30:00+00:00,0.37467,0.37531,0.37402,0.37512,118092.0
2023-05-31 07:00:00+00:00,0.37512,0.37544,0.37428,0.3754,40637.0
2023-05-31 07:30:00+00:00,0.3754,0.37581,0.375,0.37532,255178.0
2023-05-31 08:00:00+00:00,0.37532,0.37578,0.37493,0.3753,178032.0
2023-05-31 08:30:00+00:00,0.3753,0.37572,0.37381,0.37384,216980.0
2023-05-31 09:00:00+00:00,0.37384,0.37462,0.37326,0.37436,97690.0
2023-05-31 09:30:00+00:00,0.37436,0.37479,0.37396,0.3746,173591.0
2023-05-31 10:00:00+00:00,0.3746,0.37471,0.3737,0.37415,48809.0
2023-05-31 10:30:00+00:00,0.37415,0.3747,0.37261,0.37296,1241675.0
2023-05-31 11:00:00+00:00,0.37296,0.37361,0.37244,0.37348,86403.0
2023-05-31 11:30:00+00:00,0.37348,0.37421,0.3731,0.37319,264941.0
2023-05-31 12:00:00+00:00,0.37319,0.37398,0.37235,0.3739,171298.0
2023-05-31 12:30:00+00:00,0.3739,0.37475,0.37321,0.37324,180362.0
2023-05-31 13:00:00+00:00,0.37324,0.37532,0.37322,0.37479,299586.0
2023-05-31 13:30:00+00:00,0.37479,0.37502,0.37372,0.37377,144924.0
2023-05-31 14:00:00+00:00,0.37377,0.37407,0.37066,0.37187,707936.0
2023-05-31 14:30:00+00:00,0.37187,0.37411,0.3715,0.37347,360887.0
2023-05-31 15:00:00+00:00,0.37347,0.3737,0.37242,0.37259,189318.0
2023-05-31 15:30:00+00:00,0.37259,0.37302,0.37181,0.37182,345888.0
2023-05-31 16:00:00+00:00,0.37182,0.37182,0.3701,0.37128,841344.0
2023-05-31 16:30:00+00:00,0.37128,0.37131,0.37017,0.37086,311949.0
2023-05-31 17:00:00+00:00,0.37086,0.37346,0.37027,0.37346,2947625.0
2023-05-31 17:30:00+00:00,0.37346,0.37433,0.37327,0.37421,417747.0
2023-05-31 18:00:00+00:00,0.37421,0.3744,0.37354,0.37426,247993.0
2023-05-31 18:30:00+00:00,0.37426,0.37502,0.37403,0.37472,153805.0
2023-05-31 19:00:00+00:00,0.37472,0.37493,0.37445,0.37449,211657.0
2023-05-31 19:30:00+00:00,0.37449,0.37552,0.37433,0.37549,1205807.0
2023-05-31 20:00:00+00:00,0.37549,0.3769,0.37502,0.3763,379232.0
2023-05-31 20:30:00+00:00,0.3763,0.37659,0.3751,0.37516,169312.0
2023-05-31 21:00:00+00:00,0.37516,0.37593,0.37437,0.37482,135707.0
2023-05-31 21:30:00+00:00,0.37482,0.37547,0.37472,0.3749,63384.0
2023-05-31 22:00:00+00:00,0.3749,0.37592,0.37484,0.37566,281902.0
2023-05-31 22:30:00+00:00,0.37566,0.37572,0.37439,0.37441,191199.0
2023-05-31 23:00:00+00:00,0.37441,0.37446,0.37362,0.37384,254736.0
2023-05-31 23:30:00+00:00,0.37384,0.37499,0.37312,0.37419,234305.0
2023-06-01 00:00:00+00:00,0.37419,0.37557,0.37387,0.3743,176651.0
2023-06-01 00:30:00+00:00,0.3743,0.3746,0.37142,0.3717,313193.0
2023-06-01 01:00:00+00:00,0.3717,0.37212,0.37083,0.37141,223518.0
2023-06-01 01:30:00+00:00,0.37141,0.37162,0.37067,0.37075,99896.0
2023-06-01 02:00:00+00:00,0.37075,0.37098,0.36993,0.37023,346067.0
2023-06-01 02:30:00+00:00,0.37023,0.37062,0.36451,0.36451,2304828.0
2023-06-01 03:00:00+00:00,0.36451,0.36551,0.36266,0.36338,675930.0
2023-06-01 03:30:00+00:00,0.36338,0.3651,0.36338,0.36491,613322.0
2023-06-01 04:00:00+00:00,0.36491,0.36513,0.36382,0.3642,492514.0
2023-06-01 04:30:00+00:00,0.3642,0.36454,0.3636,0.36419,288359.0
2023-06-01 05:00:00+00:00,0.36419,0.36492,0.36377,0.36489,250011.0
2023-06-01 05:30:00+00:00,0.36489,0.36524,0.36445,0.36503,118138.0
2023-06-01 06:00:00+00:00,0.36503,0.36503,0.3643,0.36432,93575.0
2023-06-01 06:30:00+00:00,0.36432,0.365,0.36417,0.36419,286380.0
2023-06-01 07:00:00+00:00,0.36419,0.36421,0.3636,0.36411,337459.0
2023-06-01 07:30:00+00:00,0.36411,0.36424,0.36304,0.36324,202795.0
2023-06-01 08:00:00+00:00,0.36324,0.36324,0.36188,0.3621,929478.0
2023-06-01 08:30:00+00:00,0.3621,0.36256,0.36188,0.36253,281635.0
2023-06-01 09:00:00+00:00,0.36253,0.36274,0.3623,0.36269,312950.0
2023-06-01 09:30:00+00:00,0.36269,0.36284,0.36197,0.36198,286886.0
2023-06-01 10:00:00+00:00,0.36198,0.36202,0.36066,0.36186,546006.0
2023-06-01 10:30:00+00:00,0.36186,0.36223,0.36136,0.36218,226615.0
2023-06-01 11:00:00+00:00,0.36218,0.3633,0.36218,0.36326,421535.0
2023-06-01 11:30:00+00:00,0.36326,0.36517,0.36268,0.36311,1311174.0
2023-06-01 12:00:00+00:00,0.36311,0.36314,0.362,0.36277,1023459.0
2023-06-01 12:30:00+00:00,0.36277,0.36421,0.36249,0.36413,375957.0
2023-06-01 13:00:00+00:00,0.36413,0.3647,0.36361,0.36388,718134.0
2023-06-01 13:30:00+00:00,0.36388,0.36404,0.36264,0.36353,526755.0
2023-06-01 14:00:00+00:00,0.36353,0.36453,0.36319,0.3637,208175.0
2023-06-01 14:30:00+00:00,0.3637,0.36428,0.3634,0.36413,146417.0
2023-06-01 15:00:00+00:00,0.36413,0.36484,0.36364,0.36453,95655.0
2023-06-01 15:30:00+00:00,0.36453,0.36453,0.36378,0.36402,263183.0
2023-06-01 16:00:00+00:00,0.36402,0.36494,0.36387,0.3646,265092.0
2023-06-01 16:30:00+00:00,0.3646,0.36664,0.36286,0.36594,1368288.0
2023-06-18 08:30:00+00:00,0.26594,0.26668,0.26582,0.26594,129335.0
2023-06-18 09:00:00+00:00,0.26594,0.26636,0.2655,0.26604,169425.0
2023-06-18 09:30:00+00:00,0.26604,0.26768,0.26602,0.26751,340495.0
2023-06-18 10:00:00+00:00,0.26751,0.26769,0.26649,0.26713,259692.0
2023-06-18 10:30:00+00:00,0.26713,0.26749,0.26635,0.26685,275868.0
2023-06-18 11:00:00+00:00,0.26685,0.26694,0.26561,0.26574,318800.0
2023-06-18 11:30:00+00:00,0.26574,0.26654,0.26548,0.26624,548069.0
2023-06-18 12:00:00+00:00,0.26624,0.26659,0.26557,0.2656,171254.0
2023-06-18 12:30:00+00:00,0.2656,0.26712,0.26536,0.26707,600627.0
2023-06-18 13:00:00+00:00,0.26707,0.26729,0.26644,0.26689,368792.0
2023-06-18 13:30:00+00:00,0.26689,0.26695,0.26569,0.26584,240460.0
2023-06-18 14:00:00+00:00,0.26584,0.2669,0.26547,0.26683,316421.0
2023-06-18 14:30:00+00:00,0.26683,0.2671,0.26628,0.26709,145042.0
2023-06-18 15:00:00+00:00,0.26709,0.2671,0.26619,0.26636,157527.0
2023-06-18 15:30:00+00:00,0.26636,0.2671,0.26595,0.2671,154562.0
2023-06-18 16:00:00+00:00,0.2671,0.26876,0.26655,0.26807,1155109.0
2023-06-18 16:30:00+00:00,0.26807,0.26855,0.26791,0.26813,322992.0
2023-06-18 17:00:00+00:00,0.26813,0.26849,0.26661,0.26733,627381.0
2023-06-18 17:30:00+00:00,0.26733,0.26816,0.26695,0.26779,509404.0
2023-06-18 18:00:00+00:00,0.26779,0.26788,0.26666,0.26702,220820.0
2023-06-18 18:30:00+00:00,0.26702,0.26738,0.26667,0.26725,177030.0
2023-06-18 19:00:00+00:00,0.26725,0.26799,0.26713,0.26792,344552.0
2023-06-18 19:30:00+00:00,0.26792,0.26811,0.2671,0.26761,239916.0
2023-06-18 20:00:00+00:00,0.26761,0.26789,0.25932,0.26207,4962572.0
2023-06-18 20:30:00+00:00,0.26207,0.26312,0.26136,0.26218,1078527.0
2023-06-18 21:00:00+00:00,0.26218,0.26249,0.26065,0.26148,1129022.0
2023-06-18 21:30:00+00:00,0.26148,0.26189,0.26019,0.26044,941078.0
2023-06-18 22:00:00+00:00,0.26044,0.26188,0.26029,0.26127,396635.0
2023-06-18 22:30:00+00:00,0.26127,0.26159,0.25991,0.26029,499432.0
2023-06-18 23:00:00+00:00,0.26029,0.26164,0.2584,0.26068,2406692.0
2023-06-18 23:30:00+00:00,0.26068,0.26087,0.25964,0.26063,1610752.0
2023-06-19 00:00:00+00:00,0.26063,0.26071,0.25966,0.25999,236654.0
2023-06-19 00:30:00+00:00,0.25999,0.26,0.25666,0.25906,1568479.0
2023-06-19 01:00:00+00:00,0.25906,0.26038,0.25858,0.26037,686692.0
2023-06-19 01:30:00+00:00,0.26037,0.26074,0.26022,0.26047,205431.0
2023-06-19 02:00:00+00:00,0.26047,0.26149,0.26047,0.26085,328310.0
2023-06-19 02:30:00+00:00,0.26085,0.26179,0.2608,0.26143,153342.0
2023-06-19 03:00:00+00:00,0.26143,0.26148,0.26005,0.26051,452330.0
2023-06-19 03:30:00+00:00,0.26051,0.26078,0.25982,0.26037,200531.0
2023-06-19 04:00:00+00:00,0.26037,0.26136,0.26031,0.26046,397756.0
2023-06-19 04:30:00+00:00,0.26046,0.26169,0.2603,0.2616,1008920.0
2023-06-19 05:00:00+00:00,0.2616,0.26209,0.26114,0.26142,356671.0
2023-06-19 05:30:00+00:00,0.26142,0.26189,0.26119,0.26161,314861.0
2023-06-19 06:00:00+00:00,0.26161,0.26219,0.2616,0.26192,375018.0
2023-06-19 06:30:00+00:00,0.26192,0.26197,0.2613,0.26134,223924.0
2023-06-19 07:00:00+00:00,0.26134,0.26136,0.2606,0.26077,344292.0
2023-06-19 07:30:00+00:00,0.26077,0.26084,0.25984,0.25988,504791.0
2023-06-19 08:00:00+00:00,0.25988,0.25994,0.25906,0.25917,982526.0
2023-06-19 08:30:00+00:00,0.25917,0.25968,0.2577,0.25861,1227237.0
2023-06-19 09:00:00+00:00,0.25861,0.25889,0.25788,0.25853,334995.0
2023-06-19 09:30:00+00:00,0.25853,0.25899,0.25808,0.2585,374626.0
2023-06-19 10:00:00+00:00,0.2585,0.25937,0.25812,0.25918,418720.0
2023-06-19 10:30:00+00:00,0.25918,0.25918,0.25844,0.25855,170392.0
2023-06-19 11:00:00+00:00,0.25855,0.25963,0.25847,0.25951,301742.0
2023-06-19 11:30:00+00:00,0.25951,0.26039,0.25937,0.26035,355913.0
2023-06-19 12:00:00+00:00,0.26035,0.26159,0.26009,0.2613,1222133.0
2023-06-19 12:30:00+00:00,0.2613,0.26155,0.2606,0.26061,818060.0
2023-06-19 13:00:00+00:00,0.26061,0.26105,0.26029,0.26072,294564.0
2023-06-19 13:30:00+00:00,0.26072,0.26116,0.26037,0.26041,263503.0
2023-06-19 14:00:00+00:00,0.26041,0.26046,0.2573,0.2588,1574633.0
2023-06-19 14:30:00+00:00,0.2588,0.25886,0.2574,0.25784,1145310.0
2023-06-19 15:00:00+00:00,0.25784,0.25888,0.25764,0.25845,561297.0
2023-06-19 15:30:00+00:00,0.25845,0.25914,0.25845,0.25874,261707.0
2023-06-19 16:00:00+00:00,0.25874,0.25879,0.25822,0.25832,273207.0
2023-06-19 16:30:00+00:00,0.25832,0.25903,0.25676,0.25863,1969037.0
2023-06-19 17:00:00+00:00,0.25863,0.26058,0.25837,0.25982,496465.0
2023-06-19 17:30:00+00:00,0.25982,0.26038,0.2591,0.25975,719852.0
2023-06-19 18:00:00+00:00,0.25975,0.26349,0.25952,0.26202,1273476.0
2023-06-19 18:30:00+00:00,0.26202,0.26253,0.25856,0.25909,1464300.0
2023-06-19 19:00:00+00:00,0.25909,0.26039,0.25731,0.2601,2220811.0
2023-06-19 19:30:00+00:00,0.2601,0.26109,0.25926,0.26103,375545.0
2023-06-19 20:00:00+00:00,0.26103,0.26212,0.26094,0.26161,541259.0
2023-06-19 20:30:00+00:00,0.26161,0.26259,0.26153,0.26218,746186.0
2023-06-19 21:00:00+00:00,0.26218,0.26269,0.26001,0.26039,848117.0
2023-06-19 21:30:00+00:00,0.26039,0.26198,0.26028,0.26188,648472.0
2023-06-19 22:00:00+00:00,0.26188,0.26276,0.26126,0.26276,201649.0
2023-06-19 22:30:00+00:00,0.26276,0.26329,0.26231,0.26251,276521.0
2023-06-19 23:00:00+00:00,0.26251,0.26299,0.26185,0.2627,224041.0
2023-06-19 23:30:00+00:00,0.2627,0.2633,0.26228,0.26308,186041.0
2023-06-20 00:00:00+00:00,0.26308,0.26314,0.26146,0.26268,289716.0
2023-06-20 00:30:00+00:00,0.26268,0.26359,0.26157,0.26314,219689.0
2023-06-20 01:00:00+00:00,0.26314,0.26466,0.26266,0.26292,676728.0
2023-06-20 01:30:00+00:00,0.26292,0.26292,0.25975,0.26006,1173565.0
2023-06-20 02:00:00+00:00,0.26006,0.26059,0.25958,0.25979,309017.0
2023-06-20 02:30:00+00:00,0.25979,0.26205,0.25978,0.26061,1366753.0
2023-06-20 03:00:00+00:00,0.26061,0.26099,0.26027,0.26028,744291.0
2023-06-20 03:30:00+00:00,0.26028,0.26049,0.25916,0.25937,493254.0
2023-06-20 04:00:00+00:00,0.25937,0.26032,0.25931,0.25956,297401.0
2023-06-20 04:30:00+00:00,0.25956,0.26008,0.25902,0.26004,237187.0
2023-06-20 05:00:00+00:00,0.26004,0.26025,0.25907,0.25923,239996.0
2023-06-20 05:30:00+00:00,0.25923,0.25926,0.25808,0.25868,774763.0
2023-06-20 06:00:00+00:00,0.25868,0.25899,0.25791,0.25886,238278.0
2023-06-20 06:30:00+00:00,0.25886,0.25888,0.25811,0.25842,241901.0
2023-06-20 07:00:00+00:00,0.25842,0.25949,0.25797,0.25944,384135.0
2023-06-20 07:30:00+00:00,0.25944,0.25945,0.25834,0.25899,318742.0
2023-06-20 08:00:00+00:00,0.25899,0.25908,0.25774,0.25804,671194.0
2023-06-20 08:30:00+00:00,0.25804,0.25815,0.25708,0.25756,295104.0
2023-06-20 09:00:00+00:00,0.25756,0.25802,0.25734,0.25766,247975.0
2023-06-20 09:30:00+00:00,0.25766,0.25838,0.25731,0.25803,237563.0
2023-06-20 10:00:00+00:00,0.25803,0.25878,0.25768,0.25863,335455.0
2023-06-20 10:30:00+00:00,0.25863,0.25923,0.25836,0.25852,566110.0
2023-06-20 11:00:00+00:00,0.25852,0.25917,0.25828,0.25915,278736.0
2023-06-20 11:30:00+00:00,0.25915,0.2599,0.259,0.25989,491981.0
2023-06-20 12:00:00+00:00,0.25989,0.26015,0.25886,0.25905,839047.0
2023-06-20 12:30:00+00:00,0.25905,0.26008,0.25884,0.26003,302473.0
2023-06-20 13:00:00+00:00,0.26003,0.26007,0.25915,0.25945,244814.0
2023-06-20 13:30:00+00:00,0.25945,0.25999,0.2574,0.25765,476751.0
2023-06-20 14:00:00+00:00,0.25765,0.25817,0.25194,0.25287,7191013.0
2023-06-20 14:30:00+00:00,0.25287,0.25518,0.25276,0.25495,1482272.0
2023-06-20 15:00:00+00:00,0.25495,0.25548,0.25434,0.2552,946112.0
2023-06-20 15:30:00+00:00,0.2552,0.25756,0.25504,0.25675,850140.0
2023-06-20 16:00:00+00:00,0.25675,0.25975,0.25615,0.25928,1003406.0
2023-06-20 16:30:00+00:00,0.25928,0.26117,0.25844,0.25956,1805489.0
2023-06-20 17:00:00+00:00,0.25956,0.26269,0.25955,0.26126,613374.0
2023-06-20 17:30:00+00:00,0.26126,0.26645,0.26108,0.26503,3667582.0
2023-06-20 18:00:00+00:00,0.26503,0.26685,0.26503,0.26541,1049442.0
2023-06-20 18:30:00+00:00,0.26541,0.2663,0.2642,0.26542,555641.0
2023-06-20 19:00:00+00:00,0.26542,0.26619,0.26387,0.2649,500588.0
2023-06-20 19:30:00+00:00,0.2649,0.26659,0.26485,0.26612,763802.0
2023-06-20 20:00:00+00:00,0.26612,0.26869,0.26601,0.2669,862176.0
2023-06-20 20:30:00+00:00,0.2669,0.26913,0.26652,0.26806,958274.0
2023-06-20 21:00:00+00:00,0.26806,0.26855,0.26638,0.26649,454748.0
2023-06-20 21:30:00+00:00,0.26649,0.26691,0.26517,0.26603,553749.0
2023-06-20 22:00:00+00:00,0.26603,0.26789,0.26601,0.26761,555831.0
2023-06-20 22:30:00+00:00,0.26761,0.26799,0.26713,0.26765,450069.0
2023-06-20 23:00:00+00:00,0.26765,0.26954,0.26755,0.26939,511574.0
2023-06-20 23:30:00+00:00,0.26939,0.27033,0.26861,0.27024,786159.0
2023-06-21 00:00:00+00:00,0.27024,0.27068,0.26847,0.26954,570135.0
2023-06-21 00:30:00+00:00,0.26954,0.2729,0.26951,0.27166,1122768.0
2023-06-21 01:00:00+00:00,0.27166,0.27835,0.27158,0.27792,3533498.0
2023-06-21 01:30:00+00:00,0.27792,0.27805,0.27511,0.27784,1811016.0
2023-06-21 02:00:00+00:00,0.27784,0.28118,0.27712,0.28088,2017057.0
2023-06-21 02:30:00+00:00,0.28088,0.28266,0.27972,0.2804,4575124.0
2023-06-21 03:00:00+00:00,0.2804,0.28059,0.27821,0.27852,882871.0
2023-06-21 03:30:00+00:00,0.27852,0.28126,0.27847,0.28064,845060.0
2023-06-21 04:00:00+00:00,0.28064,0.28106,0.27868,0.27875,766485.0
2023-06-21 04:30:00+00:00,0.27875,0.27924,0.27756,0.27851,1039860.0
2023-06-21 05:00:00+00:00,0.27851,0.27888,0.27744,0.27777,597331.0
2023-06-21 05:30:00+00:00,0.27777,0.28139,0.27689,0.28122,1273936.0
2023-06-21 06:00:00+00:00,0.28122,0.28178,0.27889,0.27954,1163867.0
2023-06-21 06:30:00+00:00,0.27954,0.27996,0.27735,0.27831,1083963.0
2023-06-21 07:00:00+00:00,0.27831,0.27898,0.2777,0.27859,377797.0
2023-06-21 07:30:00+00:00,0.27859,0.27907,0.27781,0.27782,254123.0
2023-06-21 08:00:00+00:00,0.27782,0.27824,0.27703,0.27719,543280.0
2023-06-21 08:30:00+00:00,0.27719,0.278,0.27679,0.27739,1411942.0
2023-06-21 09:00:00+00:00,0.27739,0.279,0.27735,0.27838,352090.0
2023-06-21 09:30:00+00:00,0.27838,0.27886,0.27796,0.27868,228004.0
2023-06-21 10:00:00+00:00,0.27868,0.27979,0.27807,0.27913,372478.0
2023-06-21 10:30:00+00:00,0.27913,0.2801,0.27565,0.27647,2004515.0
2023-06-21 11:00:00+00:00,0.27647,0.27772,0.27587,0.27748,600827.0
2023-06-21 11:30:00+00:00,0.27748,0.27931,0.27716,0.27854,398412.0
2023-06-21 12:00:00+00:00,0.27854,0.2792,0.27769,0.2782,1237673.0
2023-06-21 12:30:00+00:00,0.2782,0.27849,0.27538,0.2765,3261941.0
2023-06-21 13:00:00+00:00,0.2765,0.27713,0.27561,0.27705,387616.0
2023-06-21 13:30:00+00:00,0.27705,0.27945,0.27622,0.27809,1107612.0
2023-06-21 14:00:00+00:00,0.27809,0.27945,0.27663,0.27866,945545.0
2023-06-21 14:30:00+00:00,0.27866,0.28165,0.27855,0.28141,2042823.0
2023-06-21 15:00:00+00:00,0.28141,0.28279,0.28024,0.28254,1277146.0
2023-06-21 15:30:00+00:00,0.28254,0.2827,0.28078,0.2818,1025740.0
2023-06-21 16:00:00+00:00,0.2818,0.28781,0.28144,0.28717,3414067.0
2023-06-21 16:30:00+00:00,0.28717,0.28794,0.28307,0.28345,1869832.0
2023-06-21 17:00:00+00:00,0.28345,0.2856,0.28068,0.2825,2116422.0
2023-06-21 17:30:00+00:00,0.2825,0.28363,0.28189,0.28323,397126.0
2023-06-21 18:00:00+00:00,0.28323,0.28689,0.28272,0.2865,2391582.0
2023-06-21 18:30:00+00:00,0.2865,0.28659,0.28384,0.28442,807842.0
2023-06-21 19:00:00+00:00,0.28442,0.28514,0.28241,0.28328,447785.0
2023-06-21 19:30:00+00:00,0.28328,0.28585,0.28318,0.28585,441943.0
2023-06-21 20:00:00+00:00,0.28585,0.28669,0.28538,0.28651,524718.0
2023-06-21 20:30:00+00:00,0.28651,0.2872,0.28382,0.28493,1013510.0
2023-06-21 21:00:00+00:00,0.28493,0.28589,0.28339,0.28472,508457.0
2023-06-21 21:30:00+00:00,0.28472,0.28547,0.28265,0.28425,284934.0
2023-06-21 22:00:00+00:00,0.28425,0.28596,0.28382,0.2858,445077.0
2023-06-21 22:30:00+00:00,0.2858,0.28742,0.28558,0.28727,551306.0
2023-06-21 23:00:00+00:00,0.28727,0.28841,0.28684,0.28834,1579637.0
2023-06-21 23:30:00+00:00,0.28834,0.28869,0.28589,0.28593,623904.0
2023-06-22 00:00:00+00:00,0.28593,0.28935,0.28538,0.28934,491878.0
2023-06-22 00:30:00+00:00,0.28934,0.29298,0.28865,0.29149,3220591.0
2023-06-22 01:00:00+00:00,0.29149,0.29497,0.29054,0.29356,2199420.0
2023-06-22 01:30:00+00:00,0.29356,0.29847,0.29247,0.29752,2807699.0
2023-06-22 02:00:00+00:00,0.29752,0.30015,0.29684,0.29874,1473483.0
2023-06-22 02:30:00+00:00,0.29874,0.30099,0.29792,0.29898,1083618.0
2023-06-22 03:00:00+00:00,0.29898,0.30047,0.298,0.2985,872909.0
2023-06-22 03:30:00+00:00,0.2985,0.29899,0.29712,0.29761,337748.0
2023-06-22 04:00:00+00:00,0.29761,0.29817,0.29612,0.29628,1369010.0
2023-06-22 04:30:00+00:00,0.29628,0.29929,0.29628,0.29908,638314.0
2023-06-22 05:00:00+00:00,0.29908,0.29909,0.29788,0.29865,260021.0
2023-06-22 05:30:00+00:00,0.29865,0.29909,0.29543,0.29627,914135.0
2023-06-22 06:00:00+00:00,0.29627,0.29658,0.29301,0.29492,1223250.0
2023-06-22 06:30:00+00:00,0.29492,0.29559,0.29444,0.29494,736089.0
2023-06-22 07:00:00+00:00,0.29494,0.29657,0.29483,0.29617,605317.0
2023-06-22 07:30:00+00:00,0.29617,0.30391,0.29603,0.30185,4295153.0
2023-06-22 08:00:00+00:00,0.30185,0.30199,0.29898,0.30026,2082263.0
2023-06-22 08:30:00+00:00,0.30026,0.30299,0.30026,0.30269,1694893.0
2023-06-22 09:00:00+00:00,0.30269,0.30459,0.30121,0.30419,810558.0
2023-06-22 09:30:00+00:00,0.30419,0.30459,0.30016,0.30054,2812796.0
2023-06-22 10:00:00+00:00,0.30054,0.30239,0.29947,0.30235,1438246.0
2023-06-22 10:30:00+00:00,0.30235,0.30328,0.30055,0.30074,488301.0
2023-06-22 11:00:00+00:00,0.30074,0.30086,0.2895,0.29614,7146847.0
2023-06-22 11:30:00+00:00,0.29614,0.2964,0.29132,0.29245,1868624.0
2023-06-22 12:00:00+00:00,0.29245,0.29545,0.29226,0.29429,790984.0
2023-07-09 04:00:00+00:00,0.28987,0.28999,0.28875,0.28875,747999.0
2023-07-09 04:30:00+00:00,0.28875,0.28897,0.28792,0.28792,695301.0
2023-07-09 05:00:00+00:00,0.28792,0.28841,0.28764,0.28835,1209380.0
2023-07-09 05:30:00+00:00,0.28835,0.28835,0.2875,0.28766,396799.0
2023-07-09 06:00:00+00:00,0.28766,0.28788,0.28655,0.28685,819729.0
2023-07-09 06:30:00+00:00,0.28685,0.28707,0.28629,0.28647,726274.0
2023-07-09 07:00:00+00:00,0.28647,0.28714,0.28599,0.28663,693980.0
2023-07-09 07:30:00+00:00,0.28663,0.28664,0.28513,0.28613,1961725.0
2023-07-09 08:00:00+00:00,0.28613,0.28676,0.2858,0.28654,665456.0
2023-07-09 08:30:00+00:00,0.28654,0.28683,0.28631,0.28669,126532.0
2023-07-09 09:00:00+00:00,0.28669,0.28691,0.28624,0.28647,159578.0
2023-07-09 09:30:00+00:00,0.28647,0.28667,0.28604,0.28648,92017.0
2023-07-09 10:00:00+00:00,0.28648,0.28667,0.28595,0.28619,795865.0
2023-07-09 10:30:00+00:00,0.28619,0.28622,0.28564,0.28565,820855.0
2023-07-09 11:00:00+00:00,0.28565,0.28665,0.28536,0.28654,362733.0
2023-07-09 11:30:00+00:00,0.28654,0.2869,0.28628,0.28646,499688.0
2023-07-09 12:00:00+00:00,0.28646,0.28727,0.28593,0.28699,690459.0
2023-07-09 12:30:00+00:00,0.28699,0.28799,0.28698,0.28751,1031706.0
2023-07-09 13:00:00+00:00,0.28751,0.28769,0.2867,0.28701,1069954.0
2023-07-09 13:30:00+00:00,0.28701,0.28701,0.28609,0.28609,479253.0
2023-07-09 14:00:00+00:00,0.28609,0.28823,0.28456,0.2876,2941200.0
2023-07-09 14:30:00+00:00,0.2876,0.28833,0.28625,0.28715,3270926.0
2023-07-09 15:00:00+00:00,0.28715,0.28768,0.28594,0.28666,847845.0
2023-07-09 15:30:00+00:00,0.28666,0.28688,0.2857,0.28606,2137770.0
2023-07-09 16:00:00+00:00,0.28606,0.28629,0.2855,0.28568,1404793.0
2023-07-09 16:30:00+00:00,0.28568,0.28613,0.28509,0.28517,524096.0
2023-07-09 17:00:00+00:00,0.28517,0.28548,0.28431,0.28512,398869.0
2023-07-09 17:30:00+00:00,0.28512,0.2858,0.28507,0.28571,141618.0
2023-07-09 18:00:00+00:00,0.28571,0.28589,0.285,0.2852,135111.0
2023-07-09 18:30:00+00:00,0.2852,0.28548,0.28487,0.28495,196064.0
2023-07-09 19:00:00+00:00,0.28495,0.28513,0.28376,0.28453,611508.0
2023-07-09 19:30:00+00:00,0.28453,0.28507,0.28435,0.28507,320398.0
2023-07-09 20:00:00+00:00,0.28507,0.28527,0.28421,0.28421,261673.0
2023-07-09 20:30:00+00:00,0.28421,0.28445,0.28303,0.28442,470042.0
2023-07-09 21:00:00+00:00,0.28442,0.28477,0.28343,0.28437,355692.0
2023-07-09 21:30:00+00:00,0.28437,0.28465,0.28383,0.28414,277082.0
2023-07-09 22:00:00+00:00,0.28414,0.28444,0.28281,0.28377,583726.0
2023-07-09 22:30:00+00:00,0.28377,0.28533,0.28354,0.28522,543873.0
2023-07-09 23:00:00+00:00,0.28522,0.2855,0.2839,0.28393,649595.0
2023-07-09 23:30:00+00:00,0.28393,0.28458,0.28358,0.28419,295371.0
2023-07-10 00:00:00+00:00,0.28419,0.28439,0.27783,0.28002,6894286.0
2023-07-10 00:30:00+00:00,0.28002,0.2819,0.27997,0.28056,524792.0
2023-07-10 01:00:00+00:00,0.28056,0.28124,0.27977,0.28075,556837.0
2023-07-10 01:30:00+00:00,0.28075,0.28131,0.27938,0.27955,334856.0
2023-07-10 02:00:00+00:00,0.27955,0.28235,0.27955,0.28235,457729.0
2023-07-10 02:30:00+00:00,0.28235,0.28507,0.28233,0.28482,983268.0
2023-07-10 03:00:00+00:00,0.28482,0.28583,0.28466,0.28504,884299.0
2023-07-10 03:30:00+00:00,0.28504,0.28513,0.28377,0.28393,390588.0
2023-07-10 04:00:00+00:00,0.28393,0.285,0.2836,0.28495,711106.0
2023-07-10 04:30:00+00:00,0.28495,0.28627,0.28495,0.28541,792067.0
2023-07-10 05:00:00+00:00,0.28541,0.28607,0.28401,0.28445,335832.0
2023-07-10 05:30:00+00:00,0.28445,0.28464,0.28265,0.28275,556342.0
2023-07-10 06:00:00+00:00,0.28275,0.28325,0.28199,0.2823,1161346.0
2023-07-10 06:30:00+00:00,0.2823,0.28234,0.28135,0.28172,616606.0
2023-07-10 07:00:00+00:00,0.28172,0.28324,0.28163,0.28219,321360.0
2023-07-10 07:30:00+00:00,0.28219,0.28314,0.28205,0.28305,418277.0
2023-07-10 08:00:00+00:00,0.28305,0.2832,0.28002,0.2822,1483383.0
2023-07-10 08:30:00+00:00,0.2822,0.28275,0.28121,0.2822,515150.0
2023-07-10 09:00:00+00:00,0.2822,0.28618,0.28154,0.28589,1923288.0
2023-07-10 09:30:00+00:00,0.28589,0.28628,0.28482,0.28514,794379.0
2023-07-10 10:00:00+00:00,0.28514,0.28578,0.28467,0.28492,700961.0
2023-07-10 10:30:00+00:00,0.28492,0.28589,0.28483,0.28517,311506.0
2023-07-10 11:00:00+00:00,0.28517,0.28569,0.28463,0.28489,333490.0
2023-07-10 11:30:00+00:00,0.28489,0.28518,0.28434,0.28488,427295.0
2023-07-10 12:00:00+00:00,0.28488,0.28683,0.28485,0.28646,1483632.0
2023-07-10 12:30:00+00:00,0.28646,0.28888,0.2848,0.28514,1668929.0
2023-07-10 13:00:00+00:00,0.28514,0.28585,0.28468,0.28576,379634.0
2023-07-10 13:30:00+00:00,0.28576,0.28729,0.2855,0.28578,951322.0
2023-07-10 14:00:00+00:00,0.28578,0.287,0.28574,0.28669,536538.0
2023-07-10 14:30:00+00:00,0.28669,0.28757,0.28606,0.28692,784648.0
2023-07-10 15:00:00+00:00,0.28692,0.28741,0.28641,0.28691,259372.0
2023-07-10 15:30:00+00:00,0.28691,0.28807,0.28672,0.28767,481562.0
2023-07-10 16:00:00+00:00,0.28767,0.2882,0.28608,0.28609,464306.0
2023-07-10 16:30:00+00:00,0.28609,0.28775,0.28605,0.28721,187323.0
2023-07-10 17:00:00+00:00,0.28721,0.28819,0.2866,0.28795,322153.0
2023-07-10 17:30:00+00:00,0.28795,0.28818,0.28665,0.28791,535973.0
2023-07-10 18:00:00+00:00,0.28791,0.28852,0.28685,0.28847,1996606.0
2023-07-10 18:30:00+00:00,0.28847,0.29094,0.28845,0.2901,2095412.0
2023-07-10 19:00:00+00:00,0.2901,0.29041,0.28905,0.29015,1684981.0
2023-07-10 19:30:00+00:00,0.29015,0.29137,0.28951,0.29111,770761.0
2023-07-10 20:00:00+00:00,0.29111,0.29252,0.29039,0.29106,1821357.0
2023-07-10 20:30:00+00:00,0.29106,0.29159,0.28959,0.29032,480355.0
2023-07-10 21:00:00+00:00,0.29032,0.2905,0.28914,0.29007,494594.0
2023-07-10 21:30:00+00:00,0.29007,0.2908,0.2873,0.28757,1059923.0
2023-07-10 22:00:00+00:00,0.28757,0.28831,0.28622,0.28738,1204998.0
2023-07-10 22:30:00+00:00,0.28738,0.288,0.28702,0.28791,184320.0
2023-07-10 23:00:00+00:00,0.28791,0.28869,0.28774,0.28815,462579.0
2023-07-10 23:30:00+00:00,0.28815,0.28821,0.28725,0.28781,106028.0
2023-07-11 00:00:00+00:00,0.28781,0.28891,0.28746,0.28887,465442.0
2023-07-11 00:30:00+00:00,0.28887,0.29073,0.28861,0.29041,918875.0
2023-07-11 01:00:00+00:00,0.29041,0.291,0.28927,0.29043,1869716.0
2023-07-11 01:30:00+00:00,0.29043,0.29105,0.29001,0.29038,778556.0
2023-07-11 02:00:00+00:00,0.29038,0.29131,0.29004,0.29004,587443.0
2023-07-11 02:30:00+00:00,0.29004,0.29092,0.2888,0.28934,249346.0
2023-07-11 03:00:00+00:00,0.28934,0.2902,0.28877,0.28892,487355.0
2023-07-11 03:30:00+00:00,0.28892,0.2903,0.28891,0.29024,317743.0
2023-07-11 04:00:00+00:00,0.29024,0.29073,0.2897,0.28974,199688.0
2023-07-11 04:30:00+00:00,0.28974,0.29039,0.28958,0.28959,299055.0
2023-07-11 05:00:00+00:00,0.28959,0.28998,0.28941,0.28967,231088.0
2023-07-11 05:30:00+00:00,0.28967,0.29015,0.28944,0.28995,61833.0
2023-07-11 06:00:00+00:00,0.28995,0.29055,0.28964,0.29046,381132.0
2023-07-11 06:30:00+00:00,0.29046,0.29288,0.29046,0.29282,2103014.0
2023-07-11 07:00:00+00:00,0.29282,0.29387,0.29162,0.29187,1788048.0
2023-07-11 07:30:00+00:00,0.29187,0.29239,0.29129,0.2914,830091.0
2023-07-11 08:00:00+00:00,0.2914,0.29217,0.29124,0.29211,589285.0
2023-07-11 08:30:00+00:00,0.29211,0.29341,0.2916,0.29173,2711766.0
2023-07-11 09:00:00+00:00,0.29173,0.29173,0.2895,0.2902,766409.0
2023-07-11 09:30:00+00:00,0.2902,0.29073,0.28964,0.29058,594254.0
2023-07-11 10:00:00+00:00,0.29058,0.29098,0.28992,0.29003,244277.0
2023-07-11 10:30:00+00:00,0.29003,0.29016,0.28944,0.28987,293343.0
2023-07-11 11:00:00+00:00,0.28987,0.29147,0.28983,0.29143,663771.0
2023-07-11 11:30:00+00:00,0.29143,0.29168,0.29101,0.29125,800108.0
2023-07-11 12:00:00+00:00,0.29125,0.29167,0.29061,0.2912,507690.0
2023-07-11 12:30:00+00:00,0.2912,0.29207,0.29119,0.29191,773157.0
2023-07-11 13:00:00+00:00,0.29191,0.29223,0.291,0.29136,582565.0
2023-07-11 13:30:00+00:00,0.29136,0.29218,0.29048,0.29085,816591.0
2023-07-11 14:00:00+00:00,0.29085,0.29152,0.28961,0.29144,706488.0
2023-07-11 14:30:00+00:00,0.29144,0.29238,0.29107,0.29158,572973.0
2023-07-11 15:00:00+00:00,0.29158,0.2924,0.29003,0.29034,633292.0
2023-07-11 15:30:00+00:00,0.29034,0.29106,0.28968,0.29048,331224.0
2023-07-11 16:00:00+00:00,0.29048,0.29111,0.29003,0.29017,415657.0
2023-07-11 16:30:00+00:00,0.29017,0.292,0.29002,0.29123,391988.0
2023-07-11 17:00:00+00:00,0.29123,0.29147,0.29036,0.29072,133098.0
2023-07-11 17:30:00+00:00,0.29072,0.29081,0.28996,0.29008,176996.0
2023-07-11 18:00:00+00:00,0.29008,0.29079,0.2898,0.29012,185628.0
2023-07-11 18:30:00+00:00,0.29012,0.29031,0.28901,0.28977,1122927.0
2023-07-11 19:00:00+00:00,0.28977,0.29003,0.2882,0.28896,1779764.0
2023-07-11 19:30:00+00:00,0.28896,0.28992,0.28896,0.28955,467726.0
2023-07-11 20:00:00+00:00,0.28955,0.29071,0.28955,0.28972,691303.0
2023-07-11 20:30:00+00:00,0.28972,0.29056,0.28957,0.29017,137309.0
2023-07-11 21:00:00+00:00,0.29017,0.2911,0.28999,0.29052,400899.0
2023-07-11 21:30:00+00:00,0.29052,0.2912,0.29032,0.29076,52043.0
2023-07-11 22:00:00+00:00,0.29076,0.29181,0.29049,0.29178,511486.0
2023-07-11 22:30:00+00:00,0.29178,0.292,0.29136,0.29199,255199.0
2023-07-11 23:00:00+00:00,0.29199,0.29295,0.29184,0.29276,1372446.0
2023-07-11 23:30:00+00:00,0.29276,0.29295,0.29227,0.29273,176077.0
2023-07-12 00:00:00+00:00,0.29273,0.2951,0.29221,0.29351,2811756.0
2023-07-12 00:30:00+00:00,0.29351,0.29475,0.29319,0.2936,897790.0
2023-07-12 01:00:00+00:00,0.2936,0.29524,0.2936,0.29419,2350664.0
2023-07-12 01:30:00+00:00,0.29419,0.2949,0.29341,0.29379,601784.0
2023-07-12 02:00:00+00:00,0.29379,0.29409,0.29271,0.29287,371464.0
2023-07-12 02:30:00+00:00,0.29287,0.29345,0.29286,0.29301,167880.0
2023-07-12 03:00:00+00:00,0.29301,0.29344,0.29231,0.29334,270695.0
2023-07-12 03:30:00+00:00,0.29334,0.29383,0.29298,0.29305,172470.0
2023-07-12 04:00:00+00:00,0.29305,0.2933,0.29241,0.29326,367495.0
2023-07-12 04:30:00+00:00,0.29326,0.29406,0.29325,0.29395,538324.0
2023-07-12 05:00:00+00:00,0.29395,0.29439,0.29365,0.29376,436221.0
2023-07-12 05:30:00+00:00,0.29376,0.29429,0.29334,0.29336,436508.0
2023-07-12 06:00:00+00:00,0.29336,0.29427,0.29275,0.29379,838588.0
2023-07-12 06:30:00+00:00,0.29379,0.2945,0.29319,0.2937,692921.0
2023-07-12 07:00:00+00:00,0.2937,0.29397,0.29313,0.29351,188603.0
2023-07-12 07:30:00+00:00,0.29351,0.29439,0.29333,0.29343,215920.0
2023-07-12 08:00:00+00:00,0.29343,0.29358,0.29264,0.2928,431835.0
2023-07-12 08:30:00+00:00,0.2928,0.2929,0.29193,0.29268,488784.0
2023-07-12 09:00:00+00:00,0.29268,0.29301,0.29239,0.29255,188426.0
2023-07-12 09:30:00+00:00,0.29255,0.29325,0.29244,0.29296,36817.0
2023-07-12 10:00:00+00:00,0.29296,0.29319,0.2915,0.29155,611857.0
2023-07-12 10:30:00+00:00,0.29155,0.29225,0.2915,0.2922,375618.0
2023-07-12 11:00:00+00:00,0.2922,0.2929,0.29186,0.2926,197624.0
2023-07-12 11:30:00+00:00,0.2926,0.29266,0.29202,0.29233,226788.0
2023-07-12 12:00:00+00:00,0.29233,0.2925,0.29086,0.29188,397422.0
2023-07-12 12:30:00+00:00,0.29188,0.2948,0.29151,0.29282,3360830.0
2023-07-12 13:00:00+00:00,0.29282,0.29382,0.29206,0.29231,847066.0
2023-07-12 13:30:00+00:00,0.29231,0.29298,0.28987,0.2917,2329348.0
2023-07-12 14:00:00+00:00,0.2917,0.29272,0.29146,0.29223,535463.0
2023-07-12 14:30:00+00:00,0.29223,0.29338,0.2922,0.2924,391534.0
2023-07-12 15:00:00+00:00,0.2924,0.29328,0.2916,0.29191,432133.0
2023-07-12 15:30:00+00:00,0.29191,0.29217,0.29,0.29038,702203.0
2023-07-12 16:00:00+00:00,0.29038,0.29041,0.28773,0.28864,1450308.0
2023-07-12 16:30:00+00:00,0.28864,0.2893,0.28823,0.28928,514717.0
2023-07-12 17:00:00+00:00,0.28928,0.28986,0.28894,0.28937,314975.0
2023-07-12 17:30:00+00:00,0.28937,0.28986,0.28864,0.28889,289298.0
2023-07-12 18:00:00+00:00,0.28889,0.2896,0.28874,0.28927,154187.0
2023-07-12 18:30:00+00:00,0.28927,0.2894,0.28874,0.28929,380499.0
2023-07-12 19:00:00+00:00,0.28929,0.28929,0.28585,0.28709,1032533.0
2023-07-12 19:30:00+00:00,0.28709,0.28709,0.28466,0.28599,1336255.0
2023-07-12 20:00:00+00:00,0.28599,0.2875,0.2855,0.28741,694706.0
2023-07-12 20:30:00+00:00,0.28741,0.28753,0.28686,0.28728,99049.0
2023-07-12 21:00:00+00:00,0.28728,0.28728,0.28694,0.28708,106738.0
2023-07-12 21:30:00+00:00,0.28708,0.2874,0.28625,0.28721,344640.0
2023-07-12 22:00:00+00:00,0.28721,0.28741,0.28667,0.28732,107338.0
2023-07-12 22:30:00+00:00,0.28732,0.28765,0.2871,0.28748,388662.0
2023-07-12 23:00:00+00:00,0.28748,0.288,0.28739,0.28799,103958.0
2023-07-12 23:30:00+00:00,0.28799,0.28879,0.28799,0.2887,161560.0
2023-07-13 00:00:00+00:00,0.2887,0.28871,0.28766,0.28792,453058.0
2023-07-13 00:30:00+00:00,0.28792,0.28794,0.2865,0.2866,296305.0
2023-07-13 01:00:00+00:00,0.2866,0.28716,0.2857,0.28628,484138.0
2023-07-13 01:30:00+00:00,0.28628,0.28757,0.2855,0.28746,466424.0
2023-07-13 02:00:00+00:00,0.28746,0.28757,0.28689,0.28749,178415.0
2023-07-13 02:30:00+00:00,0.28749,0.28757,0.2863,0.28662,83395.0
2023-07-13 03:00:00+00:00,0.28662,0.28687,0.28575,0.28589,84102.0
2023-07-13 03:30:00+00:00,0.28589,0.28642,0.28569,0.28633,296395.0
2023-07-13 04:00:00+00:00,0.28633,0.28687,0.2856,0.28683,471376.0
2023-07-13 04:30:00+00:00,0.28683,0.28736,0.28658,0.2868,144962.0
2023-07-13 05:00:00+00:00,0.2868,0.28717,0.28634,0.28662,328203.0
2023-07-13 05:30:00+00:00,0.28662,0.28693,0.2862,0.28693,470757.0
2023-07-13 06:00:00+00:00,0.28693,0.28747,0.28636,0.28747,875227.0
2023-07-13 06:30:00+00:00,0.28747,0.28761,0.28694,0.28711,700270.0
2023-07-13 07:00:00+00:00,0.28711,0.28797,0.28685,0.28733,573874.0
2023-07-13 07:30:00+00:00,0.28733,0.28755,0.28599,0.28604,786403.0
2023-07-29 23:30:00+00:00,0.31258,0.31295,0.31239,0.3128,194365.0
2023-07-30 00:00:00+00:00,0.3128,0.31298,0.31183,0.31214,517956.0
2023-07-30 00:30:00+00:00,0.31214,0.31305,0.31188,0.31304,375836.0
2023-07-30 01:00:00+00:00,0.31304,0.31364,0.31261,0.31361,391297.0
2023-07-30 01:30:00+00:00,0.31361,0.31373,0.31278,0.31292,120083.0
2023-07-30 02:00:00+00:00,0.31292,0.3139,0.31291,0.31336,241919.0
2023-07-30 02:30:00+00:00,0.31336,0.31383,0.31313,0.3133,337716.0
2023-07-30 03:00:00+00:00,0.3133,0.31381,0.31314,0.31332,193927.0
2023-07-30 03:30:00+00:00,0.31332,0.31381,0.31297,0.31351,153571.0
2023-07-30 04:00:00+00:00,0.31351,0.31565,0.31329,0.31564,975317.0
2023-07-30 04:30:00+00:00,0.31564,0.31645,0.31488,0.31578,634299.0
2023-07-30 05:00:00+00:00,0.31578,0.31719,0.31518,0.31701,901706.0
2023-07-30 05:30:00+00:00,0.31701,0.31793,0.31684,0.31711,1369793.0
2023-07-30 06:00:00+00:00,0.31711,0.31764,0.3159,0.31594,769123.0
2023-07-30 06:30:00+00:00,0.31594,0.3163,0.31509,0.31526,795999.0
2023-07-30 07:00:00+00:00,0.31526,0.31565,0.31495,0.31495,382004.0
2023-07-30 07:30:00+00:00,0.31495,0.31501,0.31437,0.31458,395645.0
2023-07-30 08:00:00+00:00,0.31458,0.31533,0.31455,0.31496,198433.0
2023-07-30 08:30:00+00:00,0.31496,0.31553,0.31452,0.31545,279138.0
2023-07-30 09:00:00+00:00,0.31545,0.31552,0.31468,0.31477,148620.0
2023-07-30 09:30:00+00:00,0.31477,0.31477,0.31415,0.31441,725102.0
2023-07-30 10:00:00+00:00,0.31441,0.31605,0.31438,0.31544,665633.0
2023-07-30 10:30:00+00:00,0.31544,0.31565,0.31396,0.31434,534372.0
2023-07-30 11:00:00+00:00,0.31434,0.31551,0.31408,0.31413,386804.0
2023-07-30 11:30:00+00:00,0.31413,0.31464,0.31392,0.31423,375463.0
2023-07-30 12:00:00+00:00,0.31423,0.31425,0.31362,0.31382,642029.0
2023-07-30 12:30:00+00:00,0.31382,0.31395,0.31352,0.31365,575129.0
2023-07-30 13:00:00+00:00,0.31365,0.31384,0.31259,0.31278,845386.0
2023-07-30 13:30:00+00:00,0.31278,0.31304,0.3118,0.31234,633008.0
2023-07-30 14:00:00+00:00,0.31234,0.31364,0.31227,0.31359,343733.0
2023-07-30 14:30:00+00:00,0.31359,0.31508,0.31288,0.3149,583139.0
2023-07-30 15:00:00+00:00,0.3149,0.31575,0.31433,0.31482,558852.0
2023-07-30 15:30:00+00:00,0.31482,0.3151,0.31313,0.31369,472192.0
2023-07-30 16:00:00+00:00,0.31369,0.31459,0.31337,0.31399,279155.0
2023-07-30 16:30:00+00:00,0.31399,0.31402,0.31297,0.31393,180655.0
2023-07-30 17:00:00+00:00,0.31393,0.31483,0.31358,0.31471,285304.0
2023-07-30 17:30:00+00:00,0.31471,0.31493,0.3142,0.31492,166208.0
2023-07-30 18:00:00+00:00,0.31492,0.31504,0.31422,0.31425,128946.0
2023-07-30 18:30:00+00:00,0.31425,0.31445,0.31376,0.31385,152614.0
2023-07-30 19:00:00+00:00,0.31385,0.31405,0.31284,0.31325,488314.0
2023-07-30 19:30:00+00:00,0.31325,0.31345,0.3074,0.30886,3255564.0
2023-07-30 20:00:00+00:00,0.30886,0.30945,0.30484,0.30914,2007458.0
2023-07-30 20:30:00+00:00,0.30914,0.31141,0.30873,0.31114,448663.0
2023-07-30 21:00:00+00:00,0.31114,0.31115,0.30986,0.31062,260856.0
2023-07-30 21:30:00+00:00,0.31062,0.31091,0.31028,0.31059,137350.0
2023-07-30 22:00:00+00:00,0.31059,0.31065,0.30963,0.30988,161393.0
2023-07-30 22:30:00+00:00,0.30988,0.31068,0.30953,0.31055,167153.0
2023-07-30 23:00:00+00:00,0.31055,0.31307,0.3105,0.31303,417857.0
2023-07-30 23:30:00+00:00,0.31303,0.31584,0.31297,0.31543,1583239.0
2023-07-31 00:00:00+00:00,0.31543,0.31544,0.31356,0.31425,632931.0
2023-07-31 00:30:00+00:00,0.31425,0.31713,0.31345,0.31706,1156988.0
2023-07-31 01:00:00+00:00,0.31706,0.31872,0.31501,0.31513,828408.0
2023-07-31 01:30:00+00:00,0.31513,0.31586,0.31456,0.31584,520577.0
2023-07-31 02:00:00+00:00,0.31584,0.31654,0.31485,0.3162,460031.0
2023-07-31 02:30:00+00:00,0.3162,0.31675,0.31566,0.31568,610308.0
2023-07-31 03:00:00+00:00,0.31568,0.31601,0.31491,0.31493,798339.0
2023-07-31 03:30:00+00:00,0.31493,0.31522,0.3144,0.31475,546071.0
2023-07-31 04:00:00+00:00,0.31475,0.31535,0.31349,0.31349,584697.0
2023-07-31 04:30:00+00:00,0.31349,0.31361,0.31261,0.31273,499533.0
2023-07-31 05:00:00+00:00,0.31273,0.31384,0.31271,0.3136,151393.0
2023-07-31 05:30:00+00:00,0.3136,0.31406,0.31214,0.31215,432506.0
2023-07-31 06:00:00+00:00,0.31215,0.31292,0.31135,0.31262,764711.0
2023-07-31 06:30:00+00:00,0.31262,0.31296,0.31207,0.3128,313643.0
2023-07-31 07:00:00+00:00,0.3128,0.31319,0.31239,0.31286,126078.0
2023-07-31 07:30:00+00:00,0.31286,0.31326,0.3121,0.3122,542954.0
2023-07-31 08:00:00+00:00,0.3122,0.31376,0.3122,0.31375,391784.0
2023-07-31 08:30:00+00:00,0.31375,0.31406,0.31275,0.314,634789.0
2023-07-31 09:00:00+00:00,0.314,0.31416,0.31246,0.31266,401350.0
2023-07-31 09:30:00+00:00,0.31266,0.31311,0.31246,0.31298,153172.0
2023-07-31 10:00:00+00:00,0.31298,0.31314,0.31267,0.31303,411029.0
2023-07-31 10:30:00+00:00,0.31303,0.31309,0.31259,0.3128,144411.0
2023-07-31 11:00:00+00:00,0.3128,0.31315,0.31266,0.31283,151956.0
2023-07-31 11:30:00+00:00,0.31283,0.31333,0.31275,0.31327,225700.0
2023-07-31 12:00:00+00:00,0.31327,0.31335,0.31252,0.31305,202804.0
2023-07-31 12:30:00+00:00,0.31305,0.31496,0.31305,0.31492,669398.0
2023-07-31 13:00:00+00:00,0.31492,0.31496,0.31361,0.31371,472839.0
2023-07-31 13:30:00+00:00,0.31371,0.31383,0.30974,0.31178,1911336.0
2023-07-31 14:00:00+00:00,0.31178,0.31246,0.31063,0.31149,747243.0
2023-07-31 14:30:00+00:00,0.31149,0.31276,0.31078,0.31263,212984.0
2023-07-31 15:00:00+00:00,0.31263,0.31324,0.31159,0.31192,548195.0
2023-07-31 15:30:00+00:00,0.31192,0.31226,0.3107,0.31124,382254.0
2023-07-31 16:00:00+00:00,0.31124,0.31206,0.31017,0.31173,479283.0
2023-07-31 16:30:00+00:00,0.31173,0.31226,0.31156,0.31167,207527.0
2023-07-31 17:00:00+00:00,0.31167,0.31191,0.31089,0.31109,432928.0
2023-07-31 17:30:00+00:00,0.31109,0.3126,0.31089,0.31182,265251.0
2023-07-31 18:00:00+00:00,0.31182,0.31184,0.30983,0.31068,831228.0
2023-07-31 18:30:00+00:00,0.31068,0.31096,0.3104,0.31045,104139.0
2023-07-31 19:00:00+00:00,0.31045,0.31098,0.3099,0.31055,239332.0
2023-07-31 19:30:00+00:00,0.31055,0.31126,0.30782,0.30915,583101.0
2023-07-31 20:00:00+00:00,0.30915,0.31006,0.30712,0.30983,975708.0
2023-07-31 20:30:00+00:00,0.30983,0.31005,0.30711,0.30858,1102649.0
2023-07-31 21:00:00+00:00,0.30858,0.30967,0.30702,0.3078,483207.0
2023-07-31 21:30:00+00:00,0.3078,0.30807,0.30663,0.30709,1014758.0
2023-07-31 22:00:00+00:00,0.30709,0.30751,0.30613,0.30738,601366.0
2023-07-31 22:30:00+00:00,0.30738,0.3074,0.30613,0.30676,583349.0
2023-07-31 23:00:00+00:00,0.30676,0.30762,0.30647,0.3072,85951.0
2023-07-31 23:30:00+00:00,0.3072,0.30775,0.30672,0.30681,233551.0
2023-08-01 00:00:00+00:00,0.30681,0.30697,0.30538,0.30695,967407.0
2023-08-01 00:30:00+00:00,0.30695,0.30802,0.30683,0.30769,531628.0
2023-08-01 01:00:00+00:00,0.30769,0.30816,0.30637,0.30642,663850.0
2023-08-01 01:30:00+00:00,0.30642,0.30647,0.30316,0.30433,2798386.0
2023-08-01 02:00:00+00:00,0.30433,0.30474,0.29441,0.30017,7169042.0
2023-08-01 02:30:00+00:00,0.30017,0.3012,0.29989,0.30116,549631.0
2023-08-01 03:00:00+00:00,0.30116,0.30161,0.30034,0.30097,171974.0
2023-08-01 03:30:00+00:00,0.30097,0.30187,0.30033,0.30132,1499269.0
2023-08-01 04:00:00+00:00,0.30132,0.30135,0.3005,0.30077,1172110.0
2023-08-01 04:30:00+00:00,0.30077,0.30156,0.30045,0.30076,726411.0
2023-08-01 05:00:00+00:00,0.30076,0.30186,0.30064,0.30174,158522.0
2023-08-01 05:30:00+00:00,0.30174,0.30517,0.30173,0.30442,652883.0
2023-08-01 06:00:00+00:00,0.30442,0.3045,0.30342,0.30437,414441.0
2023-08-01 06:30:00+00:00,0.30437,0.30557,0.30417,0.30438,406742.0
2023-08-01 07:00:00+00:00,0.30438,0.30555,0.30414,0.30502,312420.0
2023-08-01 07:30:00+00:00,0.30502,0.30555,0.30437,0.30443,154809.0
2023-08-01 08:00:00+00:00,0.30443,0.30537,0.30405,0.30494,1645864.0
2023-08-01 08:30:00+00:00,0.30494,0.30585,0.30462,0.30561,155043.0
2023-08-01 09:00:00+00:00,0.30561,0.30565,0.30461,0.30483,279231.0
2023-08-01 09:30:00+00:00,0.30483,0.30516,0.30451,0.3047,221969.0
2023-08-01 10:00:00+00:00,0.3047,0.30479,0.30418,0.30446,173034.0
2023-08-01 10:30:00+00:00,0.30446,0.30515,0.30446,0.30473,265705.0
2023-08-01 11:00:00+00:00,0.30473,0.30545,0.30463,0.30466,208501.0
2023-08-01 11:30:00+00:00,0.30466,0.30647,0.30392,0.30436,3193690.0
2023-08-01 12:00:00+00:00,0.30436,0.30469,0.30294,0.30337,1028655.0
2023-08-01 12:30:00+00:00,0.30337,0.30626,0.30302,0.3048,2828190.0
2023-08-01 13:00:00+00:00,0.3048,0.30542,0.30459,0.30496,523709.0
2023-08-01 13:30:00+00:00,0.30496,0.30513,0.30432,0.30452,205903.0
2023-08-01 14:00:00+00:00,0.30452,0.30527,0.30352,0.30488,521194.0
2023-08-01 14:30:00+00:00,0.30488,0.30514,0.30292,0.30366,332595.0
2023-08-01 15:00:00+00:00,0.30366,0.30371,0.30267,0.30287,505180.0
2023-08-01 15:30:00+00:00,0.30287,0.30547,0.29957,0.30512,2982005.0
2023-08-01 16:00:00+00:00,0.30512,0.30665,0.30439,0.30452,790991.0
2023-08-01 16:30:00+00:00,0.30452,0.30458,0.30319,0.30397,369852.0
2023-08-01 17:00:00+00:00,0.30397,0.30483,0.30397,0.30451,280498.0
2023-08-01 17:30:00+00:00,0.30451,0.30483,0.30418,0.30427,91085.0
2023-08-01 18:00:00+00:00,0.30427,0.30626,0.30426,0.30566,481948.0
2023-08-01 18:30:00+00:00,0.30566,0.30695,0.30545,0.30695,147694.0
2023-08-01 19:00:00+00:00,0.30695,0.30763,0.306,0.30628,1115339.0
2023-08-01 19:30:00+00:00,0.30628,0.30667,0.30564,0.30634,168130.0
2023-08-01 20:00:00+00:00,0.30634,0.30694,0.30577,0.30594,72407.0
2023-08-01 20:30:00+00:00,0.30594,0.30679,0.30578,0.30654,50747.0
2023-08-01 21:00:00+00:00,0.30654,0.30714,0.30644,0.30712,257774.0
2023-08-01 21:30:00+00:00,0.30712,0.30761,0.30629,0.30675,123602.0
2023-08-01 22:00:00+00:00,0.30675,0.3073,0.30618,0.30704,135335.0
2023-08-01 22:30:00+00:00,0.30704,0.30717,0.30639,0.3064,165619.0
2023-08-01 23:00:00+00:00,0.3064,0.30906,0.30639,0.30872,936382.0
2023-08-01 23:30:00+00:00,0.30872,0.31036,0.3087,0.31005,650750.0
2023-08-02 00:00:00+00:00,0.31005,0.31168,0.30988,0.31036,688003.0
2023-08-02 00:30:00+00:00,0.31036,0.31056,0.3089,0.30912,436455.0
2023-08-02 01:00:00+00:00,0.30912,0.31096,0.30892,0.31073,337439.0
2023-08-02 01:30:00+00:00,0.31073,0.31115,0.30902,0.30904,152888.0
2023-08-02 02:00:00+00:00,0.30904,0.30925,0.30838,0.3086,401992.0
2023-08-02 02:30:00+00:00,0.3086,0.30883,0.30822,0.30864,163406.0
2023-08-02 03:00:00+00:00,0.30864,0.30864,0.30773,0.30812,311194.0
2023-08-02 03:30:00+00:00,0.30812,0.30823,0.30712,0.30713,264596.0
2023-08-02 04:00:00+00:00,0.30713,0.30735,0.30643,0.30722,281776.0
2023-08-02 04:30:00+00:00,0.30722,0.30737,0.3067,0.30672,203202.0
2023-08-02 05:00:00+00:00,0.30672,0.30675,0.30582,0.30586,391829.0
2023-08-02 05:30:00+00:00,0.30586,0.30632,0.30517,0.30601,342297.0
2023-08-02 06:00:00+00:00,0.30601,0.30626,0.30568,0.30603,76665.0
2023-08-02 06:30:00+00:00,0.30603,0.30607,0.30515,0.30519,147530.0
2023-08-02 07:00:00+00:00,0.30519,0.30627,0.30515,0.30587,167083.0
2023-08-02 07:30:00+00:00,0.30587,0.30621,0.30546,0.30546,204211.0
2023-08-02 08:00:00+00:00,0.30546,0.3061,0.30441,0.30571,506089.0
2023-08-02 08:30:00+00:00,0.30571,0.30637,0.30538,0.30598,294590.0
2023-08-02 09:00:00+00:00,0.30598,0.30647,0.30586,0.30644,161771.0
2023-08-02 09:30:00+00:00,0.30644,0.30647,0.30583,0.30615,269595.0
2023-08-02 10:00:00+00:00,0.30615,0.30687,0.30595,0.30652,222042.0
2023-08-02 10:30:00+00:00,0.30652,0.30747,0.3064,0.30747,314587.0
2023-08-02 11:00:00+00:00,0.30747,0.3078,0.30704,0.30773,235931.0
2023-08-02 11:30:00+00:00,0.30773,0.30813,0.30752,0.30771,270785.0
2023-08-02 12:00:00+00:00,0.30771,0.30786,0.30661,0.30684,180209.0
2023-08-02 12:30:00+00:00,0.30684,0.30693,0.3057,0.30597,744787.0
2023-08-02 13:00:00+00:00,0.30597,0.30615,0.30541,0.3059,401468.0
2023-08-02 13:30:00+00:00,0.3059,0.30606,0.30477,0.3053,440360.0
2023-08-02 14:00:00+00:00,0.3053,0.30556,0.30351,0.30405,924976.0
2023-08-02 14:30:00+00:00,0.30405,0.30415,0.30131,0.30252,1768086.0
2023-08-02 15:00:00+00:00,0.30252,0.30277,0.30109,0.30227,562015.0
2023-08-02 15:30:00+00:00,0.30227,0.30374,0.30219,0.30278,1404600.0
2023-08-02 16:00:00+00:00,0.30278,0.30318,0.30195,0.30232,185871.0
2023-08-02 16:30:00+00:00,0.30232,0.30356,0.29734,0.29971,2808890.0
2023-08-02 17:00:00+00:00,0.29971,0.30188,0.2991,0.30144,1426470.0
2023-08-02 17:30:00+00:00,0.30144,0.30217,0.3006,0.30125,99874.0
2023-08-02 18:00:00+00:00,0.30125,0.30217,0.30102,0.30164,570869.0
2023-08-02 18:30:00+00:00,0.30164,0.30164,0.30055,0.3011,274957.0
2023-08-02 19:00:00+00:00,0.3011,0.30147,0.30083,0.30118,85274.0
2023-08-02 19:30:00+00:00,0.30118,0.30218,0.30101,0.30172,98536.0
2023-08-02 20:00:00+00:00,0.30172,0.30215,0.30136,0.30196,222217.0
2023-08-02 20:30:00+00:00,0.30196,0.30228,0.30179,0.30183,71668.0
2023-08-02 21:00:00+00:00,0.30183,0.30206,0.30001,0.30166,816932.0
2023-08-02 21:30:00+00:00,0.30166,0.30186,0.3012,0.30165,255034.0
2023-08-02 22:00:00+00:00,0.30165,0.302,0.30116,0.30142,224033.0
2023-08-02 22:30:00+00:00,0.30142,0.30142,0.29852,0.29939,753810.0
2023-08-02 23:00:00+00:00,0.29939,0.29977,0.29868,0.299,117988.0
2023-08-02 23:30:00+00:00,0.299,0.29923,0.29817,0.29904,1512940.0
2023-08-03 00:00:00+00:00,0.29904,0.29968,0.29773,0.2992,695978.0
2023-08-03 00:30:00+00:00,0.2992,0.30001,0.29857,0.2988,295079.0
2023-08-03 01:00:00+00:00,0.2988,0.29996,0.29863,0.29981,221119.0
2023-08-03 01:30:00+00:00,0.29981,0.30103,0.29979,0.3007,741683.0
2023-08-03 02:00:00+00:00,0.3007,0.30105,0.29934,0.29936,75549.0
2023-08-03 02:30:00+00:00,0.29936,0.29994,0.29902,0.29981,94945.0
2023-08-03 03:00:00+00:00,0.29981,0.29997,0.29879,0.29919,248611.0
2023-08-19 19:00:00+00:00,0.26807,0.26832,0.26756,0.26783,81327.0
2023-08-19 19:30:00+00:00,0.26783,0.26872,0.26772,0.26797,269000.0
2023-08-19 20:00:00+00:00,0.26797,0.2681,0.26602,0.26667,525799.0
2023-08-19 20:30:00+00:00,0.26667,0.2681,0.2665,0.26776,806932.0
2023-08-19 21:00:00+00:00,0.26776,0.26915,0.26745,0.26768,517531.0
2023-08-19 21:30:00+00:00,0.26768,0.26789,0.26719,0.26728,243390.0
2023-08-19 22:00:00+00:00,0.26728,0.26761,0.26699,0.26756,134852.0
2023-08-19 22:30:00+00:00,0.26756,0.2678,0.26682,0.26721,260845.0
2023-08-19 23:00:00+00:00,0.26721,0.26847,0.26689,0.26835,236999.0
2023-08-19 23:30:00+00:00,0.26835,0.26872,0.26769,0.2686,121108.0
2023-08-20 00:00:00+00:00,0.2686,0.27038,0.26849,0.26915,2126299.0
2023-08-20 00:30:00+00:00,0.26915,0.26918,0.26794,0.26876,744809.0
2023-08-20 01:00:00+00:00,0.26876,0.26898,0.26725,0.26747,709416.0
2023-08-20 01:30:00+00:00,0.26747,0.26811,0.26706,0.26783,198616.0
2023-08-20 02:00:00+00:00,0.26783,0.26789,0.26744,0.26771,130409.0
2023-08-20 02:30:00+00:00,0.26771,0.26798,0.26706,0.26713,213938.0
2023-08-20 03:00:00+00:00,0.26713,0.26738,0.267,0.26721,243738.0
2023-08-20 03:30:00+00:00,0.26721,0.26722,0.266,0.26615,1761363.0
2023-08-20 04:00:00+00:00,0.26615,0.26668,0.26602,0.26634,252129.0
2023-08-20 04:30:00+00:00,0.26634,0.26689,0.2661,0.26667,143109.0
2023-08-20 05:00:00+00:00,0.26667,0.26699,0.26624,0.26697,294837.0
2023-08-20 05:30:00+00:00,0.26697,0.26697,0.26511,0.26536,489667.0
2023-08-20 06:00:00+00:00,0.26536,0.26575,0.26467,0.26538,483973.0
2023-08-20 06:30:00+00:00,0.26538,0.26567,0.26502,0.26543,100878.0
2023-08-20 07:00:00+00:00,0.26543,0.26609,0.26515,0.26575,121352.0
2023-08-20 07:30:00+00:00,0.26575,0.26586,0.26493,0.26537,132284.0
2023-08-20 08:00:00+00:00,0.26537,0.26538,0.2644,0.26484,718058.0
2023-08-20 08:30:00+00:00,0.26484,0.26594,0.26474,0.26555,466647.0
2023-08-20 09:00:00+00:00,0.26555,0.26579,0.26499,0.26546,245386.0
2023-08-20 09:30:00+00:00,0.26546,0.26672,0.26525,0.26663,220587.0
2023-08-20 10:00:00+00:00,0.26663,0.26779,0.26628,0.26716,438055.0
2023-08-20 10:30:00+00:00,0.26716,0.26739,0.26676,0.26736,331677.0
2023-08-20 11:00:00+00:00,0.26736,0.26877,0.26715,0.26787,711946.0
2023-08-20 11:30:00+00:00,0.26787,0.26802,0.26719,0.26788,370477.0
2023-08-20 12:00:00+00:00,0.26788,0.26789,0.26693,0.26733,161633.0
2023-08-20 12:30:00+00:00,0.26733,0.26869,0.26699,0.26869,315006.0
2023-08-20 13:00:00+00:00,0.26869,0.26909,0.26742,0.26801,873188.0
2023-08-20 13:30:00+00:00,0.26801,0.26859,0.26785,0.26795,420244.0
2023-08-20 14:00:00+00:00,0.26795,0.26889,0.26781,0.26869,202487.0
2023-08-20 14:30:00+00:00,0.26869,0.26876,0.26623,0.26681,533572.0
2023-08-20 15:00:00+00:00,0.26681,0.26959,0.26669,0.26885,1145733.0
2023-08-20 15:30:00+00:00,0.26885,0.26958,0.26809,0.26864,240005.0
2023-08-20 16:00:00+00:00,0.26864,0.26889,0.26765,0.26876,379501.0
2023-08-20 16:30:00+00:00,0.26876,0.26897,0.26754,0.26885,321753.0
2023-08-20 17:00:00+00:00,0.26885,0.27296,0.2688,0.27066,2196781.0
2023-08-20 17:30:00+00:00,0.27066,0.27157,0.26939,0.2697,706709.0
2023-08-20 18:00:00+00:00,0.2697,0.27008,0.269,0.26958,298276.0
2023-08-20 18:30:00+00:00,0.26958,0.27032,0.26942,0.26977,234284.0
2023-08-20 19:00:00+00:00,0.26977,0.27077,0.26977,0.2706,237986.0
2023-08-20 19:30:00+00:00,0.2706,0.27194,0.2706,0.27153,216470.0
2023-08-20 20:00:00+00:00,0.27153,0.27268,0.27068,0.27092,447924.0
2023-08-20 20:30:00+00:00,0.27092,0.27198,0.27078,0.27107,267094.0
2023-08-20 21:00:00+00:00,0.27107,0.27178,0.27073,0.27173,264750.0
2023-08-20 21:30:00+00:00,0.27173,0.27188,0.27024,0.27026,519209.0
2023-08-20 22:00:00+00:00,0.27026,0.27084,0.27005,0.27033,189548.0
2023-08-20 22:30:00+00:00,0.27033,0.27093,0.27014,0.27025,166487.0
2023-08-20 23:00:00+00:00,0.27025,0.27084,0.26984,0.27072,80115.0
2023-08-20 23:30:00+00:00,0.27072,0.27108,0.27003,0.27011,103770.0
2023-08-21 00:00:00+00:00,0.27011,0.27102,0.26974,0.26986,371750.0
2023-08-21 00:30:00+00:00,0.26986,0.27136,0.26956,0.27054,590022.0
2023-08-21 01:00:00+00:00,0.27054,0.27235,0.27036,0.27174,259662.0
2023-08-21 01:30:00+00:00,0.27174,0.27176,0.27068,0.27114,171505.0
2023-08-21 02:00:00+00:00,0.27114,0.27126,0.27053,0.27062,130156.0
2023-08-21 02:30:00+00:00,0.27062,0.27125,0.27052,0.27087,152128.0
2023-08-21 03:00:00+00:00,0.27087,0.27095,0.27027,0.27051,102802.0
2023-08-21 03:30:00+00:00,0.27051,0.27066,0.27003,0.27005,91130.0
2023-08-21 04:00:00+00:00,0.27005,0.2702,0.26843,0.26874,748823.0
2023-08-21 04:30:00+00:00,0.26874,0.26898,0.26799,0.26865,644273.0
2023-08-21 05:00:00+00:00,0.26865,0.26955,0.26852,0.26955,385472.0
2023-08-21 05:30:00+00:00,0.26955,0.27117,0.26955,0.26962,716642.0
2023-08-21 06:00:00+00:00,0.26962,0.26978,0.26909,0.26909,259409.0
2023-08-21 06:30:00+00:00,0.26909,0.26918,0.26723,0.26772,462141.0
2023-08-21 07:00:00+00:00,0.26772,0.26827,0.26699,0.26703,722064.0
2023-08-21 07:30:00+00:00,0.26703,0.26743,0.26685,0.26724,562915.0
2023-08-21 08:00:00+00:00,0.26724,0.26726,0.26624,0.26723,380153.0
2023-08-21 08:30:00+00:00,0.26723,0.26742,0.26675,0.26708,174312.0
2023-08-21 09:00:00+00:00,0.26708,0.26728,0.2668,0.26698,266600.0
2023-08-21 09:30:00+00:00,0.26698,0.26698,0.26594,0.26641,681062.0
2023-08-21 10:00:00+00:00,0.26641,0.26648,0.26445,0.2655,1195772.0
2023-08-21 10:30:00+00:00,0.2655,0.26566,0.26445,0.26535,437354.0
2023-08-21 11:00:00+00:00,0.26535,0.26608,0.26517,0.26607,1247800.0
2023-08-21 11:30:00+00:00,0.26607,0.26728,0.266,0.26705,699660.0
2023-08-21 12:00:00+00:00,0.26705,0.2681,0.26705,0.26746,729315.0
2023-08-21 12:30:00+00:00,0.26746,0.26757,0.2657,0.26593,463404.0
2023-08-21 13:00:00+00:00,0.26593,0.26622,0.2648,0.26526,846340.0
2023-08-21 13:30:00+00:00,0.26526,0.26798,0.26526,0.26786,1456569.0
2023-08-21 14:00:00+00:00,0.26786,0.26888,0.26656,0.26677,632917.0
2023-08-21 14:30:00+00:00,0.26677,0.26702,0.26621,0.26627,396455.0
2023-08-21 15:00:00+00:00,0.26627,0.26658,0.25832,0.26059,10304820.0
2023-08-21 15:30:00+00:00,0.26059,0.263,0.26024,0.26112,1033901.0
2023-08-21 16:00:00+00:00,0.26112,0.26283,0.26108,0.26193,838785.0
2023-08-21 16:30:00+00:00,0.26193,0.26199,0.261,0.26146,302945.0
2023-08-21 17:00:00+00:00,0.26146,0.26259,0.26107,0.26252,519483.0
2023-08-21 17:30:00+00:00,0.26252,0.26283,0.26202,0.26263,239565.0
2023-08-21 18:00:00+00:00,0.26263,0.26309,0.26229,0.26266,266977.0
2023-08-21 18:30:00+00:00,0.26266,0.26364,0.2623,0.26322,112682.0
2023-08-21 19:00:00+00:00,0.26322,0.26429,0.26318,0.26402,530043.0
2023-08-21 19:30:00+00:00,0.26402,0.26532,0.26399,0.26438,479263.0
2023-08-21 20:00:00+00:00,0.26438,0.26527,0.26414,0.26426,146471.0
2023-08-21 20:30:00+00:00,0.26426,0.26479,0.26411,0.26419,197128.0
2023-08-21 21:00:00+00:00,0.26419,0.26438,0.26339,0.26397,155291.0
2023-08-21 21:30:00+00:00,0.26397,0.2651,0.26393,0.26469,620388.0
2023-08-21 22:00:00+00:00,0.26469,0.26478,0.26379,0.26384,336838.0
2023-08-21 22:30:00+00:00,0.26384,0.26405,0.26293,0.26294,699071.0
2023-08-21 23:00:00+00:00,0.26294,0.26367,0.2629,0.2633,384493.0
2023-08-21 23:30:00+00:00,0.2633,0.26349,0.26239,0.26255,241554.0
2023-08-22 00:00:00+00:00,0.26255,0.26299,0.26199,0.26242,176756.0
2023-08-22 00:30:00+00:00,0.26242,0.26299,0.26242,0.26244,63278.0
2023-08-22 01:00:00+00:00,0.26244,0.26288,0.26189,0.26197,286655.0
2023-08-22 01:30:00+00:00,0.26197,0.2622,0.26149,0.26159,89284.0
2023-08-22 02:00:00+00:00,0.26159,0.26249,0.26149,0.26237,256676.0
2023-08-22 02:30:00+00:00,0.26237,0.26249,0.26186,0.26204,116625.0
2023-08-22 03:00:00+00:00,0.26204,0.26231,0.26119,0.26127,158629.0
2023-08-22 03:30:00+00:00,0.26127,0.26174,0.26073,0.26172,168307.0
2023-08-22 04:00:00+00:00,0.26172,0.26173,0.26108,0.26139,142455.0
2023-08-22 04:30:00+00:00,0.26139,0.26154,0.26051,0.2607,124567.0
2023-08-22 05:00:00+00:00,0.2607,0.26108,0.25986,0.26013,322192.0
2023-08-22 05:30:00+00:00,0.26013,0.26039,0.2597,0.26022,267807.0
2023-08-22 06:00:00+00:00,0.26022,0.26089,0.25965,0.26038,146936.0
2023-08-22 06:30:00+00:00,0.26038,0.26129,0.25986,0.26124,174078.0
2023-08-22 07:00:00+00:00,0.26124,0.26155,0.26099,0.26108,269261.0
2023-08-22 07:30:00+00:00,0.26108,0.26155,0.26097,0.26139,237630.0
2023-08-22 08:00:00+00:00,0.26139,0.26152,0.26082,0.26113,184437.0
2023-08-22 08:30:00+00:00,0.26113,0.26129,0.26079,0.26101,86345.0
2023-08-22 09:00:00+00:00,0.26101,0.26182,0.26092,0.26118,306202.0
2023-08-22 09:30:00+00:00,0.26118,0.26137,0.26059,0.26073,256381.0
2023-08-22 10:00:00+00:00,0.26073,0.26078,0.25955,0.26017,562548.0
2023-08-22 10:30:00+00:00,0.26017,0.26019,0.25881,0.25946,259750.0
2023-08-22 11:00:00+00:00,0.25946,0.25948,0.25759,0.25919,1546389.0
2023-08-22 11:30:00+00:00,0.25919,0.25919,0.25817,0.25884,154235.0
2023-08-22 12:00:00+00:00,0.25884,0.25996,0.2586,0.25978,677988.0
2023-08-22 12:30:00+00:00,0.25978,0.2604,0.25935,0.25944,544396.0
2023-08-22 13:00:00+00:00,0.25944,0.25967,0.25805,0.25825,555818.0
2023-08-22 13:30:00+00:00,0.25825,0.25839,0.25639,0.25695,1579395.0
2023-08-22 14:00:00+00:00,0.25695,0.25789,0.25635,0.25667,592017.0
2023-08-22 14:30:00+00:00,0.25667,0.25696,0.25561,0.25666,983648.0
2023-08-22 15:00:00+00:00,0.25666,0.2572,0.25624,0.25715,283929.0
2023-08-22 15:30:00+00:00,0.25715,0.25719,0.25507,0.25575,790812.0
2023-08-22 16:00:00+00:00,0.25575,0.25614,0.25319,0.25453,1608314.0
2023-08-22 16:30:00+00:00,0.25453,0.25719,0.25407,0.25676,906253.0
2023-08-22 17:00:00+00:00,0.25676,0.25689,0.25433,0.25496,501225.0
2023-08-22 17:30:00+00:00,0.25496,0.25499,0.25147,0.25276,2083735.0
2023-08-22 18:00:00+00:00,0.25276,0.25391,0.25138,0.25364,602019.0
2023-08-22 18:30:00+00:00,0.25364,0.25582,0.25362,0.25485,463818.0
2023-08-22 19:00:00+00:00,0.25485,0.25589,0.254,0.25404,486495.0
2023-08-22 19:30:00+00:00,0.25404,0.25419,0.25301,0.25326,719218.0
2023-08-22 20:00:00+00:00,0.25326,0.25528,0.25326,0.25527,2744738.0
2023-08-22 20:30:00+00:00,0.25527,0.25588,0.25478,0.25575,1599081.0
2023-08-22 21:00:00+00:00,0.25575,0.25609,0.24972,0.25259,2883833.0
2023-08-22 21:30:00+00:00,0.25259,0.25368,0.25238,0.25321,846207.0
2023-08-22 22:00:00+00:00,0.25321,0.25538,0.25285,0.25512,284938.0
2023-08-22 22:30:00+00:00,0.25512,0.25624,0.25492,0.25571,718596.0
2023-08-22 23:00:00+00:00,0.25571,0.25919,0.25559,0.25695,926845.0
2023-08-22 23:30:00+00:00,0.25695,0.25839,0.25675,0.25823,321997.0
2023-08-23 00:00:00+00:00,0.25823,0.25922,0.25776,0.25897,519146.0
2023-08-23 00:30:00+00:00,0.25897,0.25939,0.25814,0.25838,583156.0
2023-08-23 01:00:00+00:00,0.25838,0.25898,0.25804,0.25884,413193.0
2023-08-23 01:30:00+00:00,0.25884,0.25979,0.25877,0.25946,431189.0
2023-08-23 02:00:00+00:00,0.25946,0.25998,0.25899,0.25942,298086.0
2023-08-23 02:30:00+00:00,0.25942,0.25978,0.25849,0.25861,297719.0
2023-08-23 03:00:00+00:00,0.25861,0.25927,0.25828,0.25843,117548.0
2023-08-23 03:30:00+00:00,0.25843,0.25858,0.25774,0.25798,353500.0
2023-08-23 04:00:00+00:00,0.25798,0.25888,0.25785,0.25873,126056.0
2023-08-23 04:30:00+00:00,0.25873,0.25914,0.25844,0.25896,94037.0
2023-08-23 05:00:00+00:00,0.25896,0.25898,0.25825,0.25837,47266.0
2023-08-23 05:30:00+00:00,0.25837,0.25926,0.25819,0.25891,145787.0
2023-08-23 06:00:00+00:00,0.25891,0.25987,0.25891,0.25921,252076.0
2023-08-23 06:30:00+00:00,0.25921,0.26119,0.25915,0.25995,644337.0
2023-08-23 07:00:00+00:00,0.25995,0.26058,0.25916,0.26049,168117.0
2023-08-23 07:30:00+00:00,0.26049,0.26059,0.25921,0.25962,1123816.0
2023-08-23 08:00:00+00:00,0.25962,0.26099,0.25956,0.26034,424997.0
2023-08-23 08:30:00+00:00,0.26034,0.26058,0.26005,0.26013,1796609.0
2023-08-23 09:00:00+00:00,0.26013,0.2604,0.25988,0.26035,142250.0
2023-08-23 09:30:00+00:00,0.26035,0.26099,0.26011,0.26036,81216.0
2023-08-23 10:00:00+00:00,0.26036,0.26053,0.25972,0.25984,147533.0
2023-08-23 10:30:00+00:00,0.25984,0.26042,0.25965,0.25969,306234.0
2023-08-23 11:00:00+00:00,0.25969,0.25991,0.25912,0.2594,396372.0
2023-08-23 11:30:00+00:00,0.2594,0.26011,0.25938,0.25958,207608.0
2023-08-23 12:00:00+00:00,0.25958,0.26023,0.25933,0.25976,1821889.0
2023-08-23 12:30:00+00:00,0.25976,0.25989,0.25868,0.25887,625818.0
2023-08-23 13:00:00+00:00,0.25887,0.25949,0.25828,0.25926,463873.0
2023-08-23 13:30:00+00:00,0.25926,0.2615,0.25912,0.26117,547491.0
2023-08-23 14:00:00+00:00,0.26117,0.26249,0.26037,0.2611,1093597.0
2023-08-23 14:30:00+00:00,0.2611,0.26274,0.26102,0.26175,1218834.0
2023-08-23 15:00:00+00:00,0.26175,0.26217,0.2613,0.26184,212540.0
2023-08-23 15:30:00+00:00,0.26184,0.26289,0.26176,0.2626,359194.0
2023-08-23 16:00:00+00:00,0.2626,0.2664,0.26214,0.26507,1229956.0
2023-08-23 16:30:00+00:00,0.26507,0.26709,0.26459,0.26613,508950.0
2023-08-23 17:00:00+00:00,0.26613,0.26805,0.26549,0.26737,704358.0
2023-08-23 17:30:00+00:00,0.26737,0.2679,0.26699,0.26731,446553.0
2023-08-23 18:00:00+00:00,0.26731,0.26805,0.26659,0.26673,361284.0
2023-08-23 18:30:00+00:00,0.26673,0.26678,0.26599,0.2665,646196.0
2023-08-23 19:00:00+00:00,0.2665,0.26721,0.26629,0.26717,217690.0
2023-08-23 19:30:00+00:00,0.26717,0.2696,0.26672,0.26814,1754615.0
2023-08-23 20:00:00+00:00,0.26814,0.26879,0.26682,0.26753,1638899.0
2023-08-23 20:30:00+00:00,0.26753,0.26769,0.26683,0.26686,197088.0
2023-08-23 21:00:00+00:00,0.26686,0.26699,0.26646,0.26692,532217.0
2023-08-23 21:30:00+00:00,0.26692,0.26729,0.26467,0.26581,997116.0
2023-08-23 22:00:00+00:00,0.26581,0.26644,0.26537,0.26617,439233.0
2023-08-23 22:30:00+00:00,0.26617,0.26687,0.26611,0.26641,389666.0
2023-09-09 14:30:00+00:00,0.25393,0.25408,0.25384,0.25406,80716.0
2023-09-09 15:00:00+00:00,0.25406,0.25468,0.25401,0.25415,106890.0
2023-09-09 15:30:00+00:00,0.25415,0.25435,0.25399,0.25406,65095.0
2023-09-09 16:00:00+00:00,0.25406,0.25438,0.25387,0.25426,160571.0
2023-09-09 16:30:00+00:00,0.25426,0.25447,0.25384,0.25385,135125.0
2023-09-09 17:00:00+00:00,0.25385,0.25385,0.25317,0.25321,409033.0
2023-09-09 17:30:00+00:00,0.25321,0.2536,0.25309,0.25355,245391.0
2023-09-09 18:00:00+00:00,0.25355,0.25356,0.25311,0.25322,52172.0
2023-09-09 18:30:00+00:00,0.25322,0.25338,0.25305,0.25335,105828.0
2023-09-09 19:00:00+00:00,0.25335,0.25348,0.25321,0.25333,61517.0
2023-09-09 19:30:00+00:00,0.25333,0.25335,0.253,0.25333,114464.0
2023-09-09 20:00:00+00:00,0.25333,0.25337,0.25302,0.25316,134663.0
2023-09-09 20:30:00+00:00,0.25316,0.25318,0.25294,0.25302,111964.0
2023-09-09 21:00:00+00:00,0.25302,0.25328,0.2529,0.25316,161069.0
2023-09-09 21:30:00+00:00,0.25316,0.25327,0.25304,0.25326,37111.0
2023-09-09 22:00:00+00:00,0.25326,0.25358,0.2531,0.25314,254712.0
2023-09-09 22:30:00+00:00,0.25314,0.25319,0.25304,0.25318,291585.0
2023-09-09 23:00:00+00:00,0.25318,0.25318,0.253,0.25304,50635.0
2023-09-09 23:30:00+00:00,0.25304,0.25308,0.25296,0.25303,64588.0
2023-09-10 00:00:00+00:00,0.25303,0.25303,0.24972,0.25118,2054349.0
2023-09-10 00:30:00+00:00,0.25118,0.25118,0.25054,0.25115,179058.0
2023-09-10 01:00:00+00:00,0.25115,0.25118,0.25007,0.25027,192782.0
2023-09-10 01:30:00+00:00,0.25027,0.25088,0.24985,0.25085,137018.0
2023-09-10 02:00:00+00:00,0.25085,0.25108,0.25008,0.25026,80720.0
2023-09-10 02:30:00+00:00,0.25026,0.25107,0.25014,0.25102,192172.0
2023-09-10 03:00:00+00:00,0.25102,0.25108,0.25042,0.25047,108564.0
2023-09-10 03:30:00+00:00,0.25047,0.25077,0.25029,0.25047,228440.0
2023-09-10 04:00:00+00:00,0.25047,0.25063,0.24189,0.24444,3549832.0
2023-09-10 04:30:00+00:00,0.24444,0.24793,0.2443,0.24746,1664737.0
2023-09-10 05:00:00+00:00,0.24746,0.24765,0.24645,0.24735,506893.0
2023-09-10 05:30:00+00:00,0.24735,0.24818,0.24685,0.24815,430389.0
2023-09-10 06:00:00+00:00,0.24815,0.24939,0.24801,0.24928,618657.0
2023-09-10 06:30:00+00:00,0.24928,0.24939,0.24878,0.24915,228834.0
2023-09-10 07:00:00+00:00,0.24915,0.24978,0.24889,0.24942,315794.0
2023-09-10 07:30:00+00:00,0.24942,0.24956,0.24905,0.24918,434988.0
2023-09-10 08:00:00+00:00,0.24918,0.2493,0.24853,0.24905,203737.0
2023-09-10 08:30:00+00:00,0.24905,0.24989,0.24904,0.24934,203927.0
2023-09-10 09:00:00+00:00,0.24934,0.2496,0.2488,0.2494,597120.0
2023-09-10 09:30:00+00:00,0.2494,0.24984,0.24938,0.24957,466577.0
2023-09-10 10:00:00+00:00,0.24957,0.2497,0.24937,0.24953,181421.0
2023-09-10 10:30:00+00:00,0.24953,0.2496,0.2492,0.24922,99670.0
2023-09-10 11:00:00+00:00,0.24922,0.25009,0.24911,0.24978,227382.0
2023-09-10 11:30:00+00:00,0.24978,0.25066,0.24974,0.24995,793004.0
2023-09-10 12:00:00+00:00,0.24995,0.25058,0.24989,0.25054,191662.0
2023-09-10 12:30:00+00:00,0.25054,0.25062,0.25012,0.25031,135300.0
2023-09-10 13:00:00+00:00,0.25031,0.25043,0.2496,0.24984,269910.0
2023-09-10 13:30:00+00:00,0.24984,0.25023,0.24937,0.24998,574640.0
2023-09-10 14:00:00+00:00,0.24998,0.25016,0.2492,0.2492,1355165.0
2023-09-10 14:30:00+00:00,0.2492,0.2495,0.24775,0.24809,758858.0
2023-09-10 15:00:00+00:00,0.24809,0.24814,0.24588,0.24734,1404263.0
2023-09-10 15:30:00+00:00,0.24734,0.2482,0.24723,0.2476,434168.0
2023-09-10 16:00:00+00:00,0.2476,0.24769,0.24569,0.24602,1158045.0
2023-09-10 16:30:00+00:00,0.24602,0.2466,0.24387,0.2466,1614659.0
2023-09-10 17:00:00+00:00,0.2466,0.2468,0.2454,0.24637,1723345.0
2023-09-10 17:30:00+00:00,0.24637,0.247,0.24582,0.24618,302301.0
2023-09-10 18:00:00+00:00,0.24618,0.24759,0.24613,0.24745,539278.0
2023-09-10 18:30:00+00:00,0.24745,0.2475,0.24681,0.24696,140037.0
2023-09-10 19:00:00+00:00,0.24696,0.24719,0.24652,0.24659,105522.0
2023-09-10 19:30:00+00:00,0.24659,0.2488,0.24543,0.24789,3316461.0
2023-09-10 20:00:00+00:00,0.24789,0.24931,0.2475,0.24867,853667.0
2023-09-10 20:30:00+00:00,0.24867,0.24909,0.24802,0.2484,261069.0
2023-09-10 21:00:00+00:00,0.2484,0.24919,0.24807,0.24897,159569.0
2023-09-10 21:30:00+00:00,0.24897,0.24906,0.24873,0.24895,168492.0
2023-09-10 22:00:00+00:00,0.24895,0.2495,0.24866,0.24913,1972621.0
2023-09-10 22:30:00+00:00,0.24913,0.24989,0.24856,0.24858,143416.0
2023-09-10 23:00:00+00:00,0.24858,0.2489,0.24841,0.24854,132611.0
2023-09-10 23:30:00+00:00,0.24854,0.2491,0.24851,0.24877,256330.0
2023-09-11 00:00:00+00:00,0.24877,0.2494,0.2482,0.24835,379461.0
2023-09-11 00:30:00+00:00,0.24835,0.2489,0.24605,0.24694,3330086.0
2023-09-11 01:00:00+00:00,0.24694,0.24756,0.24671,0.24717,133294.0
2023-09-11 01:30:00+00:00,0.24717,0.24749,0.24613,0.24737,55828.0
2023-09-11 02:00:00+00:00,0.24737,0.24779,0.24682,0.2477,333041.0
2023-09-11 02:30:00+00:00,0.2477,0.24821,0.24755,0.24779,55565.0
2023-09-11 03:00:00+00:00,0.24779,0.24844,0.24778,0.2478,330853.0
2023-09-11 03:30:00+00:00,0.2478,0.24816,0.24752,0.24767,126641.0
2023-09-11 04:00:00+00:00,0.24767,0.24784,0.24684,0.24717,2014696.0
2023-09-11 04:30:00+00:00,0.24717,0.24738,0.24693,0.24728,146301.0
2023-09-11 05:00:00+00:00,0.24728,0.2473,0.24695,0.24714,99935.0
2023-09-11 05:30:00+00:00,0.24714,0.24829,0.24695,0.24828,339381.0
2023-09-11 06:00:00+00:00,0.24828,0.2484,0.24769,0.24776,1089478.0
2023-09-11 06:30:00+00:00,0.24776,0.24787,0.24729,0.24747,74371.0
2023-09-11 07:00:00+00:00,0.24747,0.2476,0.24586,0.2462,353086.0
2023-09-11 07:30:00+00:00,0.2462,0.2469,0.24591,0.2463,513120.0
2023-09-11 08:00:00+00:00,0.2463,0.24632,0.24415,0.2443,926577.0
2023-09-11 08:30:00+00:00,0.2443,0.24517,0.2437,0.24506,700061.0
2023-09-11 09:00:00+00:00,0.24506,0.2458,0.242,0.24345,935813.0
2023-09-11 09:30:00+00:00,0.24345,0.24431,0.24301,0.24311,371234.0
2023-09-11 10:00:00+00:00,0.24311,0.24318,0.23807,0.24066,3491675.0
2023-09-11 10:30:00+00:00,0.24066,0.2433,0.24066,0.24289,464457.0
2023-09-11 11:00:00+00:00,0.24289,0.24367,0.24256,0.24303,558557.0
2023-09-11 11:30:00+00:00,0.24303,0.24357,0.24247,0.24292,2449657.0
2023-09-11 12:00:00+00:00,0.24292,0.244,0.24283,0.24359,890866.0
2023-09-11 12:30:00+00:00,0.24359,0.24495,0.24359,0.24495,2128794.0
2023-09-11 13:00:00+00:00,0.24495,0.24513,0.24441,0.24499,1062659.0
2023-09-11 13:30:00+00:00,0.24499,0.24555,0.2439,0.24399,355382.0
2023-09-11 14:00:00+00:00,0.24399,0.24441,0.24122,0.24402,1871373.0
2023-09-11 14:30:00+00:00,0.24402,0.24465,0.2413,0.24248,2069678.0
2023-09-11 15:00:00+00:00,0.24248,0.24359,0.2413,0.24223,556881.0
2023-09-11 15:30:00+00:00,0.24223,0.24277,0.2418,0.24233,405742.0
2023-09-11 16:00:00+00:00,0.24233,0.24299,0.24143,0.2421,333463.0
2023-09-11 16:30:00+00:00,0.2421,0.2421,0.24095,0.24111,225463.0
2023-09-11 17:00:00+00:00,0.24111,0.2413,0.23982,0.24085,564965.0
2023-09-11 17:30:00+00:00,0.24085,0.2418,0.2408,0.24164,224576.0
2023-09-11 18:00:00+00:00,0.24164,0.24164,0.2406,0.24099,211383.0
2023-09-11 18:30:00+00:00,0.24099,0.2411,0.23931,0.23955,960412.0
2023-09-11 19:00:00+00:00,0.23955,0.23955,0.23685,0.23881,1306510.0
2023-09-11 19:30:00+00:00,0.23881,0.23903,0.2365,0.23762,2323747.0
2023-09-11 20:00:00+00:00,0.23762,0.23947,0.23721,0.23887,2627193.0
2023-09-11 20:30:00+00:00,0.23887,0.24,0.23885,0.23996,208309.0
2023-09-11 21:00:00+00:00,0.23996,0.24092,0.23976,0.24009,267769.0
2023-09-11 21:30:00+00:00,0.24009,0.24046,0.23961,0.23999,124060.0
2023-09-11 22:00:00+00:00,0.23999,0.2411,0.23993,0.24093,65250.0
2023-09-11 22:30:00+00:00,0.24093,0.24109,0.24025,0.24044,208639.0
2023-09-11 23:00:00+00:00,0.24044,0.24096,0.24027,0.24068,81351.0
2023-09-11 23:30:00+00:00,0.24068,0.24191,0.24068,0.24174,459149.0
2023-09-12 00:00:00+00:00,0.24174,0.2421,0.24099,0.24117,253005.0
2023-09-12 00:30:00+00:00,0.24117,0.2434,0.24099,0.24205,918816.0
2023-09-12 01:00:00+00:00,0.24205,0.24221,0.24065,0.24088,265857.0
2023-09-12 01:30:00+00:00,0.24088,0.2411,0.2405,0.24066,101684.0
2023-09-12 02:00:00+00:00,0.24066,0.2412,0.24066,0.24093,232824.0
2023-09-12 02:30:00+00:00,0.24093,0.24176,0.24086,0.24164,194051.0
2023-09-12 03:00:00+00:00,0.24164,0.2495,0.24164,0.24853,5159831.0
2023-09-12 03:30:00+00:00,0.24853,0.24862,0.24616,0.24669,1221759.0
2023-09-12 04:00:00+00:00,0.24669,0.24749,0.24595,0.24656,442179.0
2023-09-12 04:30:00+00:00,0.24656,0.24675,0.24525,0.24544,214714.0
2023-09-12 05:00:00+00:00,0.24544,0.24567,0.24445,0.24473,305382.0
2023-09-12 05:30:00+00:00,0.24473,0.24565,0.24471,0.24555,116463.0
2023-09-12 06:00:00+00:00,0.24555,0.24628,0.24508,0.24534,134492.0
2023-09-12 06:30:00+00:00,0.24534,0.24577,0.24485,0.24493,173153.0
2023-09-12 07:00:00+00:00,0.24493,0.24556,0.24433,0.24497,248541.0
2023-09-12 07:30:00+00:00,0.24497,0.24571,0.24497,0.24554,193441.0
2023-09-12 08:00:00+00:00,0.24554,0.24649,0.2454,0.24615,205623.0
2023-09-12 08:30:00+00:00,0.24615,0.24618,0.24521,0.24527,276197.0
2023-09-12 09:00:00+00:00,0.24527,0.24609,0.24482,0.24609,84800.0
2023-09-12 09:30:00+00:00,0.24609,0.24782,0.24604,0.24781,395778.0
2023-09-12 10:00:00+00:00,0.24781,0.25239,0.2473,0.25105,1130009.0
2023-09-12 10:30:00+00:00,0.25105,0.2511,0.24856,0.24948,722593.0
2023-09-12 11:00:00+00:00,0.24948,0.24964,0.2483,0.24855,152727.0
2023-09-12 11:30:00+00:00,0.24855,0.24855,0.24807,0.24839,221656.0
2023-09-12 12:00:00+00:00,0.24839,0.24909,0.24781,0.24831,181415.0
2023-09-12 12:30:00+00:00,0.24831,0.2493,0.24828,0.24863,106595.0
2023-09-12 13:00:00+00:00,0.24863,0.24877,0.24755,0.24797,837915.0
2023-09-12 13:30:00+00:00,0.24797,0.24938,0.24764,0.24935,302993.0
2023-09-12 14:00:00+00:00,0.24935,0.25018,0.24799,0.24845,3417333.0
2023-09-12 14:30:00+00:00,0.24845,0.2491,0.24747,0.24814,957662.0
2023-09-12 15:00:00+00:00,0.24814,0.24897,0.248,0.24866,1017419.0
2023-09-12 15:30:00+00:00,0.24866,0.24886,0.248,0.24853,4884192.0
2023-09-12 16:00:00+00:00,0.24853,0.24965,0.24822,0.2494,605439.0
2023-09-12 16:30:00+00:00,0.2494,0.25092,0.2472,0.24786,470776.0
2023-09-12 17:00:00+00:00,0.24786,0.24787,0.24535,0.24729,512099.0
2023-09-12 17:30:00+00:00,0.24729,0.24737,0.24614,0.24619,132672.0
2023-09-12 18:00:00+00:00,0.24619,0.24699,0.24593,0.2469,282785.0
2023-09-12 18:30:00+00:00,0.2469,0.2472,0.24662,0.24716,91025.0
2023-09-12 19:00:00+00:00,0.24716,0.24911,0.24707,0.24776,304391.0
2023-09-12 19:30:00+00:00,0.24776,0.24785,0.24689,0.24699,808489.0
2023-09-12 20:00:00+00:00,0.24699,0.24721,0.24654,0.24715,610999.0
2023-09-12 20:30:00+00:00,0.24715,0.24731,0.24658,0.24667,124037.0
2023-09-12 21:00:00+00:00,0.24667,0.24767,0.24631,0.24763,80885.0
2023-09-12 21:30:00+00:00,0.24763,0.24766,0.24681,0.24699,109847.0
2023-09-12 22:00:00+00:00,0.24699,0.24699,0.24574,0.24596,131148.0
2023-09-12 22:30:00+00:00,0.24596,0.24641,0.24568,0.24617,49936.0
2023-09-12 23:00:00+00:00,0.24617,0.24629,0.24491,0.24607,99514.0
2023-09-12 23:30:00+00:00,0.24607,0.24607,0.24507,0.24537,71098.0
2023-09-13 00:00:00+00:00,0.24537,0.24619,0.24465,0.24586,192690.0
2023-09-13 00:30:00+00:00,0.24586,0.24676,0.24558,0.24617,173609.0
2023-09-13 01:00:00+00:00,0.24617,0.24688,0.24581,0.24643,49090.0
2023-09-13 01:30:00+00:00,0.24643,0.24671,0.24605,0.2466,41976.0
2023-09-13 02:00:00+00:00,0.2466,0.2466,0.2459,0.24606,36385.0
2023-09-13 02:30:00+00:00,0.24606,0.24609,0.2445,0.24471,108575.0
2023-09-13 03:00:00+00:00,0.24471,0.24501,0.24379,0.24385,316989.0
2023-09-13 03:30:00+00:00,0.24385,0.24421,0.24321,0.24395,707506.0
2023-09-13 04:00:00+00:00,0.24395,0.24458,0.24347,0.24426,128002.0
2023-09-13 04:30:00+00:00,0.24426,0.2447,0.24426,0.24452,128022.0
2023-09-13 05:00:00+00:00,0.24452,0.2448,0.24382,0.24397,59967.0
2023-09-13 05:30:00+00:00,0.24397,0.24448,0.24352,0.24413,157125.0
2023-09-13 06:00:00+00:00,0.24413,0.24469,0.24378,0.24467,122971.0
2023-09-13 06:30:00+00:00,0.24467,0.24537,0.24452,0.24516,335455.0
2023-09-13 07:00:00+00:00,0.24516,0.24574,0.24516,0.24551,109244.0
2023-09-13 07:30:00+00:00,0.24551,0.24919,0.24458,0.24504,880588.0
2023-09-13 08:00:00+00:00,0.24504,0.24652,0.24481,0.24651,288291.0
2023-09-13 08:30:00+00:00,0.24651,0.24702,0.24646,0.24688,109671.0
2023-09-13 09:00:00+00:00,0.24688,0.2474,0.24639,0.24707,314741.0
2023-09-13 09:30:00+00:00,0.24707,0.24816,0.24681,0.24778,682016.0
2023-09-13 10:00:00+00:00,0.24778,0.24818,0.24709,0.24709,388079.0
2023-09-13 10:30:00+00:00,0.24709,0.24732,0.24661,0.24724,478421.0
2023-09-13 11:00:00+00:00,0.24724,0.24749,0.24689,0.24735,155102.0
2023-09-13 11:30:00+00:00,0.24735,0.24849,0.24735,0.24809,353442.0
2023-09-13 12:00:00+00:00,0.24809,0.249,0.24809,0.2484,133568.0
2023-09-13 12:30:00+00:00,0.2484,0.2484,0.24684,0.24821,923870.0
2023-09-13 13:00:00+00:00,0.24821,0.24839,0.24735,0.24748,499683.0
2023-09-13 13:30:00+00:00,0.24748,0.24827,0.24742,0.24776,141941.0
2023-09-13 14:00:00+00:00,0.24776,0.24837,0.24735,0.24823,149182.0
2023-09-13 14:30:00+00:00,0.24823,0.24951,0.24814,0.24856,747130.0
2023-09-13 15:00:00+00:00,0.24856,0.24982,0.24839,0.24928,312337.0
2023-09-13 15:30:00+00:00,0.24928,0.24959,0.24827,0.2484,179361.0
2023-09-13 16:00:00+00:00,0.2484,0.24931,0.24805,0.24921,376789.0
2023-09-13 16:30:00+00:00,0.24921,0.24936,0.24874,0.24891,226003.0
2023-09-13 17:00:00+00:00,0.24891,0.24952,0.24779,0.2481,109158.0
2023-09-13 17:30:00+00:00,0.2481,0.24939,0.24755,0.24766,402039.0
2023-09-13 18:00:00+00:00,0.24766,0.24865,0.24759,0.24778,156050.0
2023-09-30 10:00:00+00:00,0.2513,0.25168,0.25118,0.25167,115365.0
2023-09-30 10:30:00+00:00,0.25167,0.25168,0.25122,0.25126,145339.0
2023-09-30 11:00:00+00:00,0.25126,0.25135,0.2511,0.2511,100918.0
2023-09-30 11:30:00+00:00,0.2511,0.2511,0.2502,0.25069,562584.0
2023-09-30 12:00:00+00:00,0.25069,0.2508,0.25017,0.25048,398780.0
2023-09-30 12:30:00+00:00,0.25048,0.25048,0.24981,0.24991,257193.0
2023-09-30 13:00:00+00:00,0.24991,0.25003,0.24966,0.24969,292215.0
2023-09-30 13:30:00+00:00,0.24969,0.25031,0.2496,0.25028,163848.0
2023-09-30 14:00:00+00:00,0.25028,0.25053,0.24998,0.25044,161714.0
2023-09-30 14:30:00+00:00,0.25044,0.25097,0.2503,0.25088,142778.0
2023-09-30 15:00:00+00:00,0.25088,0.25168,0.2505,0.25118,328976.0
2023-09-30 15:30:00+00:00,0.25118,0.25298,0.25115,0.25255,1496589.0
2023-09-30 16:00:00+00:00,0.25255,0.25338,0.2524,0.25286,323922.0
2023-09-30 16:30:00+00:00,0.25286,0.25358,0.25285,0.25328,590423.0
2023-09-30 17:00:00+00:00,0.25328,0.25373,0.2521,0.25355,394598.0
2023-09-30 17:30:00+00:00,0.25355,0.25435,0.25327,0.25434,1052820.0
2023-09-30 18:00:00+00:00,0.25434,0.25458,0.2536,0.25388,1749912.0
2023-09-30 18:30:00+00:00,0.25388,0.25398,0.25328,0.25392,1396978.0
2023-09-30 19:00:00+00:00,0.25392,0.25427,0.2537,0.2539,842360.0
2023-09-30 19:30:00+00:00,0.2539,0.25418,0.2535,0.2535,67184.0
2023-09-30 20:00:00+00:00,0.2535,0.25367,0.25299,0.25306,565610.0
2023-09-30 20:30:00+00:00,0.25306,0.25375,0.253,0.2536,180737.0
2023-09-30 21:00:00+00:00,0.2536,0.25386,0.25351,0.25368,131767.0
2023-09-30 21:30:00+00:00,0.25368,0.25368,0.2525,0.25332,323017.0
2023-09-30 22:00:00+00:00,0.25332,0.25428,0.25325,0.254,334519.0
2023-09-30 22:30:00+00:00,0.254,0.25414,0.2532,0.25328,1381149.0
2023-09-30 23:00:00+00:00,0.25328,0.2539,0.2532,0.25355,1015779.0
2023-09-30 23:30:00+00:00,0.25355,0.25376,0.2533,0.25371,33971.0
2023-10-01 00:00:00+00:00,0.25371,0.25464,0.25371,0.25393,2799381.0
2023-10-01 00:30:00+00:00,0.25393,0.25461,0.25354,0.25445,1024057.0
2023-10-01 01:00:00+00:00,0.25445,0.25467,0.25395,0.2545,1299180.0
2023-10-01 01:30:00+00:00,0.2545,0.25526,0.25446,0.2547,1467781.0
2023-10-01 02:00:00+00:00,0.2547,0.25547,0.25467,0.25523,1683511.0
2023-10-01 02:30:00+00:00,0.25523,0.25541,0.2549,0.25518,98530.0
2023-10-01 03:00:00+00:00,0.25518,0.25556,0.25495,0.25496,154924.0
2023-10-01 03:30:00+00:00,0.25496,0.25507,0.2544,0.25506,157487.0
2023-10-01 04:00:00+00:00,0.25506,0.25568,0.25506,0.25522,196698.0
2023-10-01 04:30:00+00:00,0.25522,0.25548,0.2549,0.25503,254468.0
2023-10-01 05:00:00+00:00,0.25503,0.25568,0.25485,0.25568,238733.0
2023-10-01 05:30:00+00:00,0.25568,0.25568,0.25526,0.25548,159663.0
2023-10-01 06:00:00+00:00,0.25548,0.25616,0.2552,0.2553,419572.0
2023-10-01 06:30:00+00:00,0.2553,0.25558,0.25505,0.25505,282719.0
2023-10-01 07:00:00+00:00,0.25505,0.25541,0.25495,0.25502,131760.0
2023-10-01 07:30:00+00:00,0.25502,0.25559,0.255,0.25538,436738.0
2023-10-01 08:00:00+00:00,0.25538,0.25538,0.25475,0.25505,433586.0
2023-10-01 08:30:00+00:00,0.25505,0.25591,0.25497,0.25588,761362.0
2023-10-01 09:00:00+00:00,0.25588,0.25654,0.25561,0.25638,501900.0
2023-10-01 09:30:00+00:00,0.25638,0.25694,0.2562,0.25677,1192572.0
2023-10-01 10:00:00+00:00,0.25677,0.26239,0.2567,0.26129,10473463.0
2023-10-01 10:30:00+00:00,0.26129,0.26159,0.26001,0.26099,782755.0
2023-10-01 11:00:00+00:00,0.26099,0.26184,0.26019,0.26171,425044.0
2023-10-01 11:30:00+00:00,0.26171,0.26312,0.26171,0.26192,2065034.0
2023-10-01 12:00:00+00:00,0.26192,0.2623,0.26032,0.26125,2648431.0
2023-10-01 12:30:00+00:00,0.26125,0.262,0.26101,0.2615,268210.0
2023-10-01 13:00:00+00:00,0.2615,0.26171,0.2608,0.26164,352697.0
2023-10-01 13:30:00+00:00,0.26164,0.26275,0.2611,0.26169,750185.0
2023-10-01 14:00:00+00:00,0.26169,0.262,0.26154,0.26195,77471.0
2023-10-01 14:30:00+00:00,0.26195,0.26195,0.25906,0.25968,1394285.0
2023-10-01 15:00:00+00:00,0.25968,0.26011,0.25938,0.25949,191836.0
2023-10-01 15:30:00+00:00,0.25949,0.26014,0.25925,0.26014,273146.0
2023-10-01 16:00:00+00:00,0.26014,0.26026,0.25909,0.25943,194179.0
2023-10-01 16:30:00+00:00,0.25943,0.25978,0.25851,0.25873,269102.0
2023-10-01 17:00:00+00:00,0.25873,0.25947,0.25857,0.25903,221958.0
2023-10-01 17:30:00+00:00,0.25903,0.25914,0.25773,0.25827,391686.0
2023-10-01 18:00:00+00:00,0.25827,0.25939,0.25805,0.25926,142747.0
2023-10-01 18:30:00+00:00,0.25926,0.25939,0.25891,0.25923,84904.0
2023-10-01 19:00:00+00:00,0.25923,0.25999,0.25902,0.25994,544381.0
2023-10-01 19:30:00+00:00,0.25994,0.26019,0.25962,0.25989,494042.0
2023-10-01 20:00:00+00:00,0.25989,0.26104,0.25903,0.26077,1483378.0
2023-10-01 20:30:00+00:00,0.26077,0.26139,0.26014,0.26055,563447.0
2023-10-01 21:00:00+00:00,0.26055,0.26129,0.26039,0.26128,1299109.0
2023-10-01 21:30:00+00:00,0.26128,0.26185,0.26126,0.26184,1119757.0
2023-10-01 22:00:00+00:00,0.26184,0.26768,0.26166,0.26584,5357001.0
2023-10-01 22:30:00+00:00,0.26584,0.26759,0.26539,0.26744,2660219.0
2023-10-01 23:00:00+00:00,0.26744,0.26757,0.26527,0.26531,880768.0
2023-10-01 23:30:00+00:00,0.26531,0.26606,0.265,0.26553,493314.0
2023-10-02 00:00:00+00:00,0.26553,0.26649,0.26379,0.26428,818101.0
2023-10-02 00:30:00+00:00,0.26428,0.26458,0.26328,0.26364,272329.0
2023-10-02 01:00:00+00:00,0.26364,0.26458,0.26329,0.26392,354908.0
2023-10-02 01:30:00+00:00,0.26392,0.26572,0.26391,0.26571,111923.0
2023-10-02 02:00:00+00:00,0.26571,0.26571,0.26514,0.26536,141982.0
2023-10-02 02:30:00+00:00,0.26536,0.26546,0.26493,0.26493,224359.0
2023-10-02 03:00:00+00:00,0.26493,0.26499,0.26449,0.26479,538621.0
2023-10-02 03:30:00+00:00,0.26479,0.26526,0.2641,0.26445,121913.0
2023-10-02 04:00:00+00:00,0.26445,0.26459,0.26414,0.26418,75719.0
2023-10-02 04:30:00+00:00,0.26418,0.26419,0.26334,0.26367,147472.0
2023-10-02 05:00:00+00:00,0.26367,0.26459,0.26315,0.26453,50110.0
2023-10-02 05:30:00+00:00,0.26453,0.26453,0.2623,0.26272,593352.0
2023-10-02 06:00:00+00:00,0.26272,0.26333,0.26257,0.26333,100845.0
2023-10-02 06:30:00+00:00,0.26333,0.26398,0.26324,0.26396,143543.0
2023-10-02 07:00:00+00:00,0.26396,0.26429,0.26318,0.26388,215357.0
2023-10-02 07:30:00+00:00,0.26388,0.26597,0.26379,0.26597,471782.0
2023-10-02 08:00:00+00:00,0.26597,0.26748,0.26504,0.26737,1075881.0
2023-10-02 08:30:00+00:00,0.26737,0.26766,0.26574,0.26576,511554.0
2023-10-02 09:00:00+00:00,0.26576,0.26829,0.26561,0.26818,797149.0
2023-10-02 09:30:00+00:00,0.26818,0.26923,0.2675,0.26809,1218874.0
2023-10-02 10:00:00+00:00,0.26809,0.26872,0.26794,0.26852,358326.0
2023-10-02 10:30:00+00:00,0.26852,0.26857,0.26735,0.26745,810424.0
2023-10-02 11:00:00+00:00,0.26745,0.26785,0.26654,0.26763,240023.0
2023-10-02 11:30:00+00:00,0.26763,0.26769,0.26638,0.26675,516701.0
2023-10-02 12:00:00+00:00,0.26675,0.26749,0.26665,0.26741,470955.0
2023-10-02 12:30:00+00:00,0.26741,0.26779,0.26693,0.26719,469800.0
2023-10-02 13:00:00+00:00,0.26719,0.26747,0.26684,0.26692,413964.0
2023-10-02 13:30:00+00:00,0.26692,0.26799,0.26624,0.26798,865280.0
2023-10-02 14:00:00+00:00,0.26798,0.26839,0.26507,0.26593,1262741.0
2023-10-02 14:30:00+00:00,0.26593,0.26667,0.26562,0.2661,765608.0
2023-10-02 15:00:00+00:00,0.2661,0.26659,0.2656,0.26637,320505.0
2023-10-02 15:30:00+00:00,0.26637,0.2665,0.26323,0.26368,1412644.0
2023-10-02 16:00:00+00:00,0.26368,0.26489,0.26296,0.2646,2466476.0
2023-10-02 16:30:00+00:00,0.2646,0.26498,0.26364,0.26389,1377926.0
2023-10-02 17:00:00+00:00,0.26389,0.26446,0.26321,0.26414,1368537.0
2023-10-02 17:30:00+00:00,0.26414,0.26509,0.26397,0.26465,228378.0
2023-10-02 18:00:00+00:00,0.26465,0.26465,0.26343,0.26344,163431.0
2023-10-02 18:30:00+00:00,0.26344,0.26377,0.25844,0.26001,1930386.0
2023-10-02 19:00:00+00:00,0.26001,0.26099,0.25901,0.26064,376078.0
2023-10-02 19:30:00+00:00,0.26064,0.26159,0.26024,0.26145,182110.0
2023-10-02 20:00:00+00:00,0.26145,0.26145,0.26,0.26034,122580.0
2023-10-02 20:30:00+00:00,0.26034,0.26034,0.25957,0.26001,146149.0
2023-10-02 21:00:00+00:00,0.26001,0.26082,0.25945,0.26064,983167.0
2023-10-02 21:30:00+00:00,0.26064,0.26099,0.25758,0.25917,1853444.0
2023-10-02 22:00:00+00:00,0.25917,0.25939,0.25831,0.25899,152939.0
2023-10-02 22:30:00+00:00,0.25899,0.25899,0.25716,0.25857,891087.0
2023-10-02 23:00:00+00:00,0.25857,0.25894,0.25808,0.25874,350414.0
2023-10-02 23:30:00+00:00,0.25874,0.2597,0.25871,0.25894,157530.0
2023-10-03 00:00:00+00:00,0.25894,0.25929,0.25859,0.2587,295292.0
2023-10-03 00:30:00+00:00,0.2587,0.25892,0.2582,0.25892,132516.0
2023-10-03 01:00:00+00:00,0.25892,0.26021,0.25884,0.26019,572373.0
2023-10-03 01:30:00+00:00,0.26019,0.26174,0.26001,0.26167,220666.0
2023-10-03 02:00:00+00:00,0.26167,0.2626,0.26154,0.26209,253129.0
2023-10-03 02:30:00+00:00,0.26209,0.26255,0.26154,0.26253,706747.0
2023-10-03 03:00:00+00:00,0.26253,0.26298,0.26184,0.26185,149209.0
2023-10-03 03:30:00+00:00,0.26185,0.26292,0.26173,0.26255,153118.0
2023-10-03 04:00:00+00:00,0.26255,0.26357,0.26244,0.26261,312779.0
2023-10-03 04:30:00+00:00,0.26261,0.26329,0.26241,0.26297,281676.0
2023-10-03 05:00:00+00:00,0.26297,0.26299,0.26118,0.26119,991661.0
2023-10-03 05:30:00+00:00,0.26119,0.26199,0.26058,0.26079,729697.0
2023-10-03 06:00:00+00:00,0.26079,0.26159,0.26076,0.26134,275997.0
2023-10-03 06:30:00+00:00,0.26134,0.26296,0.2613,0.2625,303682.0
2023-10-03 07:00:00+00:00,0.2625,0.26359,0.26249,0.26251,318952.0
2023-10-03 07:30:00+00:00,0.26251,0.26269,0.26164,0.26261,160443.0
2023-10-03 08:00:00+00:00,0.26261,0.26438,0.26256,0.26396,307206.0
2023-10-03 08:30:00+00:00,0.26396,0.26396,0.26234,0.2625,178280.0
2023-10-03 09:00:00+00:00,0.2625,0.26287,0.26174,0.26197,922067.0
2023-10-03 09:30:00+00:00,0.26197,0.26217,0.26129,0.26139,559424.0
2023-10-03 10:00:00+00:00,0.26139,0.2618,0.26088,0.26098,348497.0
2023-10-03 10:30:00+00:00,0.26098,0.26177,0.26062,0.26171,377943.0
2023-10-03 11:00:00+00:00,0.26171,0.2618,0.25992,0.25996,651362.0
2023-10-03 11:30:00+00:00,0.25996,0.26087,0.2599,0.26075,201571.0
2023-10-03 12:00:00+00:00,0.26075,0.26124,0.25953,0.26104,794017.0
2023-10-03 12:30:00+00:00,0.26104,0.2621,0.26101,0.26179,203133.0
2023-10-03 13:00:00+00:00,0.26179,0.26359,0.26157,0.26328,525848.0
2023-10-03 13:30:00+00:00,0.26328,0.26389,0.26279,0.26311,710657.0
2023-10-03 14:00:00+00:00,0.26311,0.26318,0.26154,0.26174,1472490.0
2023-10-03 14:30:00+00:00,0.26174,0.26228,0.2604,0.26201,520432.0
2023-10-03 15:00:00+00:00,0.26201,0.26298,0.26068,0.26266,984130.0
2023-10-03 15:30:00+00:00,0.26266,0.26292,0.26077,0.26165,1305187.0
2023-10-03 16:00:00+00:00,0.26165,0.26299,0.26152,0.26273,1286582.0
2023-10-03 16:30:00+00:00,0.26273,0.26339,0.26185,0.26185,175209.0
2023-10-03 17:00:00+00:00,0.26185,0.26191,0.26102,0.26118,156663.0
2023-10-03 17:30:00+00:00,0.26118,0.26179,0.26081,0.26084,44831.0
2023-10-03 18:00:00+00:00,0.26084,0.26129,0.26062,0.26065,131543.0
2023-10-03 18:30:00+00:00,0.26065,0.26065,0.25917,0.25918,527031.0
2023-10-03 19:00:00+00:00,0.25918,0.26069,0.25884,0.26034,819632.0
2023-10-03 19:30:00+00:00,0.26034,0.26036,0.25917,0.25923,331042.0
2023-10-03 20:00:00+00:00,0.25923,0.26109,0.258,0.26107,604635.0
2023-10-03 20:30:00+00:00,0.26107,0.2611,0.26006,0.26029,233969.0
2023-10-03 21:00:00+00:00,0.26029,0.26029,0.25894,0.25919,963934.0
2023-10-03 21:30:00+00:00,0.25919,0.25921,0.25839,0.25871,852496.0
2023-10-03 22:00:00+00:00,0.25871,0.25903,0.25811,0.25864,121004.0
2023-10-03 22:30:00+00:00,0.25864,0.25987,0.25723,0.25979,403806.0
2023-10-03 23:00:00+00:00,0.25979,0.26199,0.25961,0.26094,594412.0
2023-10-03 23:30:00+00:00,0.26094,0.26127,0.26004,0.26072,260063.0
2023-10-04 00:00:00+00:00,0.26072,0.26112,0.25739,0.25777,375894.0
2023-10-04 00:30:00+00:00,0.25777,0.25804,0.2521,0.25485,2706616.0
2023-10-04 01:00:00+00:00,0.25485,0.25599,0.25405,0.25595,105756.0
2023-10-04 01:30:00+00:00,0.25595,0.25616,0.25521,0.25559,119157.0
2023-10-04 02:00:00+00:00,0.25559,0.25719,0.25525,0.25638,84575.0
2023-10-04 02:30:00+00:00,0.25638,0.25665,0.25578,0.25614,169999.0
2023-10-04 03:00:00+00:00,0.25614,0.25694,0.25584,0.25651,56343.0
2023-10-04 03:30:00+00:00,0.25651,0.25668,0.25543,0.25558,159644.0
2023-10-04 04:00:00+00:00,0.25558,0.25558,0.25435,0.25459,216564.0
2023-10-04 04:30:00+00:00,0.25459,0.25528,0.2541,0.25485,121345.0
2023-10-04 05:00:00+00:00,0.25485,0.25559,0.25443,0.25559,90680.0
2023-10-04 05:30:00+00:00,0.25559,0.25623,0.2555,0.25623,146175.0
2023-10-04 06:00:00+00:00,0.25623,0.25639,0.25559,0.25575,58109.0
2023-10-04 06:30:00+00:00,0.25575,0.25729,0.25521,0.25719,1272802.0
2023-10-04 07:00:00+00:00,0.25719,0.25735,0.2561,0.25619,136146.0
2023-10-04 07:30:00+00:00,0.25619,0.25645,0.25595,0.25629,61464.0
2023-10-04 08:00:00+00:00,0.25629,0.25695,0.25589,0.25695,79996.0
2023-10-04 08:30:00+00:00,0.25695,0.25826,0.25664,0.25709,466402.0
2023-10-04 09:00:00+00:00,0.25709,0.25759,0.25679,0.25705,133433.0
2023-10-04 09:30:00+00:00,0.25705,0.25809,0.25705,0.25797,62825.0
2023-10-04 10:00:00+00:00,0.25797,0.25812,0.25706,0.25715,715775.0
2023-10-04 10:30:00+00:00,0.25715,0.25738,0.25663,0.25663,201531.0
2023-10-04 11:00:00+00:00,0.25663,0.25698,0.25608,0.25665,767318.0
2023-10-04 11:30:00+00:00,0.25665,0.25665,0.25569,0.25607,123375.0
2023-10-04 12:00:00+00:00,0.25607,0.2568,0.25574,0.25664,149976.0
2023-10-04 12:30:00+00:00,0.25664,0.25687,0.25605,0.25615,117404.0
2023-10-04 13:00:00+00:00,0.25615,0.25628,0.255,0.25557,182434.0
2023-10-04 13:30:00+00:00,0.25557,0.25586,0.25453,0.25509,240338.0
2023-10-21 05:30:00+00:00,0.25001,0.25046,0.24982,0.25046,32253.0
2023-10-21 06:00:00+00:00,0.25046,0.25145,0.2504,0.25133,44724.0
2023-10-21 06:30:00+00:00,0.25133,0.25204,0.25108,0.25201,128325.0
2023-10-21 07:00:00+00:00,0.25201,0.25215,0.25164,0.25215,108595.0
2023-10-21 07:30:00+00:00,0.25215,0.25248,0.2519,0.2523,135789.0
2023-10-21 08:00:00+00:00,0.2523,0.25294,0.2523,0.25276,228621.0
2023-10-21 08:30:00+00:00,0.25276,0.25276,0.25195,0.25215,3356105.0
2023-10-21 09:00:00+00:00,0.25215,0.2525,0.25206,0.2525,38669.0
2023-10-21 09:30:00+00:00,0.2525,0.2543,0.2525,0.25429,572875.0
2023-10-21 10:00:00+00:00,0.25429,0.25475,0.25399,0.25399,378683.0
2023-10-21 10:30:00+00:00,0.25399,0.25497,0.25399,0.25449,490965.0
2023-10-21 11:00:00+00:00,0.25449,0.25587,0.25446,0.25578,809850.0
2023-10-21 11:30:00+00:00,0.25578,0.2569,0.25574,0.2564,1893986.0
2023-10-21 12:00:00+00:00,0.2564,0.25775,0.2564,0.25775,1517371.0
2023-10-21 12:30:00+00:00,0.25775,0.25775,0.25635,0.2564,455700.0
2023-10-21 13:00:00+00:00,0.2564,0.25692,0.25556,0.25683,675578.0
2023-10-21 13:30:00+00:00,0.25683,0.25866,0.25652,0.25861,4764616.0
2023-10-21 14:00:00+00:00,0.25861,0.25956,0.25845,0.25907,796677.0
2023-10-21 14:30:00+00:00,0.25907,0.25955,0.258,0.25899,479739.0
2023-10-21 15:00:00+00:00,0.25899,0.25926,0.25755,0.2587,599182.0
2023-10-21 15:30:00+00:00,0.2587,0.2599,0.25809,0.2597,489112.0
2023-10-21 16:00:00+00:00,0.2597,0.2598,0.25875,0.25932,358040.0
2023-10-21 16:30:00+00:00,0.25932,0.25974,0.25835,0.2586,180651.0
2023-10-21 17:00:00+00:00,0.2586,0.25937,0.2583,0.25934,421913.0
2023-10-21 17:30:00+00:00,0.25934,0.26183,0.25933,0.26165,883922.0
2023-10-21 18:00:00+00:00,0.26165,0.26277,0.25946,0.26056,2519973.0
2023-10-21 18:30:00+00:00,0.26056,0.26113,0.25963,0.26107,461224.0
2023-10-21 19:00:00+00:00,0.26107,0.26135,0.26003,0.26014,173363.0
2023-10-21 19:30:00+00:00,0.26014,0.26082,0.26011,0.26055,58278.0
2023-10-21 20:00:00+00:00,0.26055,0.26074,0.25907,0.25914,416366.0
2023-10-21 20:30:00+00:00,0.25914,0.26027,0.25914,0.25966,313126.0
2023-10-21 21:00:00+00:00,0.25966,0.26007,0.25946,0.25968,244063.0
2023-10-21 21:30:00+00:00,0.25968,0.25996,0.25893,0.25945,255014.0
2023-10-21 22:00:00+00:00,0.25945,0.25986,0.25848,0.25866,102895.0
2023-10-21 22:30:00+00:00,0.25866,0.25888,0.25822,0.25866,447279.0
2023-10-21 23:00:00+00:00,0.25866,0.25872,0.25771,0.25864,349754.0
2023-10-21 23:30:00+00:00,0.25864,0.25864,0.25768,0.25843,54929.0
2023-10-22 00:00:00+00:00,0.25843,0.25937,0.25807,0.25933,242291.0
2023-10-22 00:30:00+00:00,0.25933,0.26029,0.2589,0.25977,346891.0
2023-10-22 01:00:00+00:00,0.25977,0.26068,0.25944,0.25944,457766.0
2023-10-22 01:30:00+00:00,0.25944,0.26015,0.25918,0.26012,145375.0
2023-10-22 02:00:00+00:00,0.26012,0.26019,0.25861,0.25866,199184.0
2023-10-22 02:30:00+00:00,0.25866,0.25918,0.2584,0.2588,145378.0
2023-10-22 03:00:00+00:00,0.2588,0.25901,0.25822,0.25889,238959.0
2023-10-22 03:30:00+00:00,0.25889,0.25889,0.25841,0.25884,38168.0
2023-10-22 04:00:00+00:00,0.25884,0.25989,0.25862,0.25989,467632.0
2023-10-22 04:30:00+00:00,0.25989,0.26021,0.25979,0.26006,218159.0
2023-10-22 05:00:00+00:00,0.26006,0.26118,0.26006,0.2608,292059.0
2023-10-22 05:30:00+00:00,0.2608,0.26303,0.26067,0.26249,604531.0
2023-10-22 06:00:00+00:00,0.26249,0.26301,0.26153,0.26164,1536052.0
2023-10-22 06:30:00+00:00,0.26164,0.26187,0.261,0.26114,197525.0
2023-10-22 07:00:00+00:00,0.26114,0.26114,0.25936,0.25952,368531.0
2023-10-22 07:30:00+00:00,0.25952,0.25952,0.25508,0.25746,3305690.0
2023-10-22 08:00:00+00:00,0.25746,0.25857,0.25684,0.25692,359515.0
2023-10-22 08:30:00+00:00,0.25692,0.258,0.25683,0.25727,111745.0
2023-10-22 09:00:00+00:00,0.25727,0.25868,0.25725,0.25828,225318.0
2023-10-22 09:30:00+00:00,0.25828,0.25853,0.25744,0.25744,383789.0
2023-10-22 10:00:00+00:00,0.25744,0.25764,0.25678,0.25707,287470.0
2023-10-22 10:30:00+00:00,0.25707,0.25828,0.25701,0.25796,183378.0
2023-10-22 11:00:00+00:00,0.25796,0.25796,0.25724,0.25725,111924.0
2023-10-22 11:30:00+00:00,0.25725,0.25725,0.25615,0.25668,420233.0
2023-10-22 12:00:00+00:00,0.25668,0.25808,0.25658,0.25803,273139.0
2023-10-22 12:30:00+00:00,0.25803,0.25803,0.25727,0.25733,141793.0
2023-10-22 13:00:00+00:00,0.25733,0.25798,0.25723,0.25776,147958.0
2023-10-22 13:30:00+00:00,0.25776,0.25827,0.25738,0.25813,123398.0
2023-10-22 14:00:00+00:00,0.25813,0.2582,0.25679,0.25688,279922.0
2023-10-22 14:30:00+00:00,0.25688,0.25764,0.2566,0.25688,146805.0
2023-10-22 15:00:00+00:00,0.25688,0.25696,0.25613,0.25676,355831.0
2023-10-22 15:30:00+00:00,0.25676,0.25713,0.25615,0.25713,65169.0
2023-10-22 16:00:00+00:00,0.25713,0.258,0.25675,0.25798,222026.0
2023-10-22 16:30:00+00:00,0.25798,0.25839,0.25771,0.25806,335794.0
2023-10-22 17:00:00+00:00,0.25806,0.25946,0.25806,0.25946,370716.0
2023-10-22 17:30:00+00:00,0.25946,0.26111,0.2593,0.26097,549879.0
2023-10-22 18:00:00+00:00,0.26097,0.26207,0.25991,0.25991,708366.0
2023-10-22 18:30:00+00:00,0.25991,0.25999,0.25885,0.25889,1601114.0
2023-10-22 19:00:00+00:00,0.25889,0.26049,0.25889,0.26047,1285457.0
2023-10-22 19:30:00+00:00,0.26047,0.2611,0.25994,0.26018,272711.0
2023-10-22 20:00:00+00:00,0.26018,0.26078,0.25978,0.26023,161320.0
2023-10-22 20:30:00+00:00,0.26023,0.2611,0.26023,0.2611,221615.0
2023-10-22 21:00:00+00:00,0.2611,0.26134,0.25996,0.26019,293512.0
2023-10-22 21:30:00+00:00,0.26019,0.26093,0.25998,0.25998,427087.0
2023-10-22 22:00:00+00:00,0.25998,0.26023,0.25939,0.26023,267152.0
2023-10-22 22:30:00+00:00,0.26023,0.26348,0.25992,0.26334,2566116.0
2023-10-22 23:00:00+00:00,0.26334,0.264,0.26283,0.26335,498829.0
2023-10-22 23:30:00+00:00,0.26335,0.26413,0.26306,0.26374,350975.0
2023-10-23 00:00:00+00:00,0.26374,0.265,0.26269,0.26345,418740.0
2023-10-23 00:30:00+00:00,0.26345,0.26524,0.26324,0.26499,311796.0
2023-10-23 01:00:00+00:00,0.26499,0.26862,0.26428,0.26748,1691214.0
2023-10-23 01:30:00+00:00,0.26748,0.2684,0.26574,0.26631,419296.0
2023-10-23 02:00:00+00:00,0.26631,0.26687,0.26495,0.26506,173225.0
2023-10-23 02:30:00+00:00,0.26506,0.26584,0.26466,0.26516,591063.0
2023-10-23 03:00:00+00:00,0.26516,0.26611,0.26402,0.26602,261501.0
2023-10-23 03:30:00+00:00,0.26602,0.26701,0.26505,0.26632,629516.0
2023-10-23 04:00:00+00:00,0.26632,0.26692,0.26577,0.26641,390087.0
2023-10-23 04:30:00+00:00,0.26641,0.26768,0.26627,0.26757,504640.0
2023-10-23 05:00:00+00:00,0.26757,0.2683,0.26658,0.26778,721179.0
2023-10-23 05:30:00+00:00,0.26778,0.26859,0.26651,0.26656,1990062.0
2023-10-23 06:00:00+00:00,0.26656,0.26772,0.26539,0.26571,263506.0
2023-10-23 06:30:00+00:00,0.26571,0.26593,0.26431,0.26431,269802.0
2023-10-23 07:00:00+00:00,0.26431,0.26481,0.26378,0.26421,341530.0
2023-10-23 07:30:00+00:00,0.26421,0.26483,0.26214,0.26323,1582206.0
2023-10-23 08:00:00+00:00,0.26323,0.2641,0.26282,0.26408,196960.0
2023-10-23 08:30:00+00:00,0.26408,0.26513,0.264,0.26498,143393.0
2023-10-23 09:00:00+00:00,0.26498,0.26498,0.26364,0.26403,546890.0
2023-10-23 09:30:00+00:00,0.26403,0.26409,0.26155,0.26358,763589.0
2023-10-23 10:00:00+00:00,0.26358,0.26469,0.26338,0.26469,268873.0
2023-10-23 10:30:00+00:00,0.26469,0.26564,0.26446,0.26541,416921.0
2023-10-23 11:00:00+00:00,0.26541,0.26583,0.265,0.26528,184726.0
2023-10-23 11:30:00+00:00,0.26528,0.2656,0.26459,0.26478,324149.0
2023-10-23 12:00:00+00:00,0.26478,0.26533,0.26428,0.26493,264415.0
2023-10-23 12:30:00+00:00,0.26493,0.26501,0.26396,0.26448,226677.0
2023-10-23 13:00:00+00:00,0.26448,0.26493,0.26302,0.26307,544121.0
2023-10-23 13:30:00+00:00,0.26307,0.26318,0.26168,0.26299,1567124.0
2023-10-23 14:00:00+00:00,0.26299,0.26379,0.26266,0.26336,293988.0
2023-10-23 14:30:00+00:00,0.26336,0.26387,0.26256,0.26316,330663.0
2023-10-23 15:00:00+00:00,0.26316,0.2639,0.26258,0.26386,199107.0
2023-10-23 15:30:00+00:00,0.26386,0.26452,0.26331,0.26409,696408.0
2023-10-23 16:00:00+00:00,0.26409,0.26474,0.2636,0.26391,306869.0
2023-10-23 16:30:00+00:00,0.26391,0.2673,0.26386,0.26699,597897.0
2023-10-23 17:00:00+00:00,0.26699,0.26748,0.26424,0.26488,338033.0
2023-10-23 17:30:00+00:00,0.26488,0.26689,0.2645,0.26625,127799.0
2023-10-23 18:00:00+00:00,0.26625,0.26696,0.26608,0.26627,699126.0
2023-10-23 18:30:00+00:00,0.26627,0.26797,0.26551,0.26796,472547.0
2023-10-23 19:00:00+00:00,0.26796,0.2695,0.26758,0.26789,768562.0
2023-10-23 19:30:00+00:00,0.26789,0.26959,0.2672,0.26939,753393.0
2023-10-23 20:00:00+00:00,0.26939,0.27074,0.26884,0.27016,1716691.0
2023-10-23 20:30:00+00:00,0.27016,0.27191,0.26899,0.26943,1378079.0
2023-10-23 21:00:00+00:00,0.26943,0.27045,0.26839,0.2686,297128.0
2023-10-23 21:30:00+00:00,0.2686,0.27018,0.26848,0.26975,290490.0
2023-10-23 22:00:00+00:00,0.26975,0.27255,0.26944,0.27236,751066.0
2023-10-23 22:30:00+00:00,0.27236,0.28085,0.27202,0.27927,3676594.0
2023-10-23 23:00:00+00:00,0.27927,0.28115,0.27445,0.27965,1554836.0
2023-10-23 23:30:00+00:00,0.27965,0.28074,0.27714,0.28052,828569.0
2023-10-24 00:00:00+00:00,0.28052,0.28163,0.27793,0.28015,480981.0
2023-10-24 00:30:00+00:00,0.28015,0.28244,0.27974,0.28176,447794.0
2023-10-24 01:00:00+00:00,0.28176,0.28374,0.28048,0.28074,663483.0
2023-10-24 01:30:00+00:00,0.28074,0.28135,0.27982,0.2812,542491.0
2023-10-24 02:00:00+00:00,0.2812,0.28719,0.28068,0.28554,1738566.0
2023-10-24 02:30:00+00:00,0.28554,0.28962,0.28366,0.28851,799883.0
2023-10-24 03:00:00+00:00,0.28851,0.28912,0.28608,0.28626,589300.0
2023-10-24 03:30:00+00:00,0.28626,0.28652,0.28214,0.28214,844996.0
2023-10-24 04:00:00+00:00,0.28214,0.28462,0.28214,0.28438,509129.0
2023-10-24 04:30:00+00:00,0.28438,0.28447,0.28162,0.28291,208214.0
2023-10-24 05:00:00+00:00,0.28291,0.28431,0.28263,0.28424,260514.0
2023-10-24 05:30:00+00:00,0.28424,0.28432,0.27909,0.27991,317873.0
2023-10-24 06:00:00+00:00,0.27991,0.28094,0.27713,0.27713,480365.0
2023-10-24 06:30:00+00:00,0.27713,0.27944,0.27684,0.27925,290467.0
2023-10-24 07:00:00+00:00,0.27925,0.27972,0.27801,0.27801,232429.0
2023-10-24 07:30:00+00:00,0.27801,0.28,0.27753,0.27999,357714.0
2023-10-24 08:00:00+00:00,0.27999,0.28093,0.27951,0.28082,269329.0
2023-10-24 08:30:00+00:00,0.28082,0.282,0.28034,0.28174,200336.0
2023-10-24 09:00:00+00:00,0.28174,0.28222,0.28087,0.28209,210714.0
2023-10-24 09:30:00+00:00,0.28209,0.28443,0.28168,0.28341,1360751.0
2023-10-24 10:00:00+00:00,0.28341,0.2849,0.28305,0.28446,258017.0
2023-10-24 10:30:00+00:00,0.28446,0.2849,0.28351,0.28409,413886.0
2023-10-24 11:00:00+00:00,0.28409,0.2852,0.28385,0.28418,251751.0
2023-10-24 11:30:00+00:00,0.28418,0.28643,0.28369,0.2864,637735.0
2023-10-24 12:00:00+00:00,0.2864,0.2896,0.28599,0.28911,661172.0
2023-10-24 12:30:00+00:00,0.28911,0.29371,0.28899,0.29059,1143373.0
2023-10-24 13:00:00+00:00,0.29059,0.2907,0.2855,0.28879,599764.0
2023-10-24 13:30:00+00:00,0.28879,0.29061,0.2873,0.29049,571484.0
2023-10-24 14:00:00+00:00,0.29049,0.2905,0.28538,0.28666,526162.0
2023-10-24 14:30:00+00:00,0.28666,0.28749,0.28564,0.28724,290620.0
2023-10-24 15:00:00+00:00,0.28724,0.28879,0.28025,0.28074,674231.0
2023-10-24 15:30:00+00:00,0.28074,0.28074,0.27319,0.27783,3807889.0
2023-10-24 16:00:00+00:00,0.27783,0.27924,0.27452,0.27778,2086558.0
2023-10-24 16:30:00+00:00,0.27778,0.28053,0.27752,0.27809,638295.0
2023-10-24 17:00:00+00:00,0.27809,0.27972,0.27802,0.27897,198977.0
2023-10-24 17:30:00+00:00,0.27897,0.27897,0.27635,0.27635,730828.0
2023-10-24 18:00:00+00:00,0.27635,0.27678,0.27386,0.2751,1272023.0
2023-10-24 18:30:00+00:00,0.2751,0.27865,0.27472,0.27844,612066.0
2023-10-24 19:00:00+00:00,0.27844,0.27876,0.27753,0.27874,210154.0
2023-10-24 19:30:00+00:00,0.27874,0.27941,0.2781,0.27828,285068.0
2023-10-24 20:00:00+00:00,0.27828,0.27904,0.27727,0.2785,112526.0
2023-10-24 20:30:00+00:00,0.2785,0.27856,0.27576,0.276,241887.0
2023-10-24 21:00:00+00:00,0.276,0.27715,0.27488,0.27702,259506.0
2023-10-24 21:30:00+00:00,0.27702,0.27969,0.27554,0.27914,162890.0
2023-10-24 22:00:00+00:00,0.27914,0.27991,0.27782,0.27944,220836.0
2023-10-24 22:30:00+00:00,0.27944,0.28034,0.279,0.2801,212945.0
2023-10-24 23:00:00+00:00,0.2801,0.28053,0.27885,0.27899,222080.0
2023-10-24 23:30:00+00:00,0.27899,0.2792,0.27799,0.27914,245008.0
2023-10-25 00:00:00+00:00,0.27914,0.27946,0.27832,0.27884,108061.0
2023-10-25 00:30:00+00:00,0.27884,0.28215,0.27864,0.28194,298679.0
2023-10-25 01:00:00+00:00,0.28194,0.2847,0.28178,0.28453,419556.0
2023-10-25 01:30:00+00:00,0.28453,0.28471,0.2825,0.28269,237480.0
2023-10-25 02:00:00+00:00,0.28269,0.28299,0.27978,0.28014,273144.0
2023-10-25 02:30:00+00:00,0.28014,0.28163,0.28013,0.28137,402356.0
2023-10-25 03:00:00+00:00,0.28137,0.28148,0.27939,0.27966,80627.0
2023-10-25 03:30:00+00:00,0.27966,0.28098,0.27966,0.28007,52963.0
2023-10-25 04:00:00+00:00,0.28007,0.28094,0.27948,0.28091,42965.0
2023-10-25 04:30:00+00:00,0.28091,0.28231,0.28048,0.28231,229217.0
2023-10-25 05:00:00+00:00,0.28231,0.28249,0.28051,0.28078,296248.0
2023-10-25 05:30:00+00:00,0.28078,0.28107,0.27943,0.28026,83087.0
2023-10-25 06:00:00+00:00,0.28026,0.28235,0.28024,0.28212,70716.0
2023-10-25 06:30:00+00:00,0.28212,0.28292,0.2819,0.28217,291680.0
2023-10-25 07:00:00+00:00,0.28217,0.2829,0.27869,0.27888,371982.0
2023-10-25 07:30:00+00:00,0.27888,0.2797,0.2759,0.27804,791866.0
2023-10-25 08:00:00+00:00,0.27804,0.27872,0.27611,0.27776,387804.0
2023-10-25 08:30:00+00:00,0.27776,0.27932,0.27776,0.27837,190284.0
2023-10-25 09:00:00+00:00,0.27837,0.28165,0.27788,0.28143,327645.0
2023-11-11 01:00:00+00:00,0.38401,0.38684,0.38147,0.38302,753562.0
2023-11-11 01:30:00+00:00,0.38302,0.38316,0.37651,0.37904,1123459.0
2023-11-11 02:00:00+00:00,0.37904,0.38053,0.37467,0.37717,761243.0
2023-11-11 02:30:00+00:00,0.37717,0.3801,0.37568,0.37971,205203.0
2023-11-11 03:00:00+00:00,0.37971,0.38009,0.37621,0.37662,318460.0
2023-11-11 03:30:00+00:00,0.37662,0.37795,0.37412,0.37412,398228.0
2023-11-11 04:00:00+00:00,0.37412,0.37535,0.36958,0.37039,896939.0
2023-11-11 04:30:00+00:00,0.37039,0.37435,0.36968,0.37257,296944.0
2023-11-11 05:00:00+00:00,0.37257,0.37618,0.37153,0.37594,439852.0
2023-11-11 05:30:00+00:00,0.37594,0.37755,0.3756,0.37717,154584.0
2023-11-11 06:00:00+00:00,0.37717,0.37835,0.37568,0.37825,114926.0
2023-11-11 06:30:00+00:00,0.37825,0.38096,0.37771,0.37895,525893.0
2023-11-11 07:00:00+00:00,0.37895,0.37925,0.37746,0.37816,257531.0
2023-11-11 07:30:00+00:00,0.37816,0.37934,0.37675,0.37847,286390.0
2023-11-11 08:00:00+00:00,0.37847,0.38,0.37681,0.37987,574720.0
2023-11-11 08:30:00+00:00,0.37987,0.38074,0.37857,0.38042,183272.0
2023-11-11 09:00:00+00:00,0.38042,0.38519,0.38042,0.385,777819.0
2023-11-11 09:30:00+00:00,0.385,0.38516,0.38196,0.3832,346668.0
2023-11-11 10:00:00+00:00,0.3832,0.3832,0.38136,0.38154,164832.0
2023-11-11 10:30:00+00:00,0.38154,0.38426,0.38151,0.38398,535390.0
2023-11-11 11:00:00+00:00,0.38398,0.38415,0.37933,0.38004,2825049.0
2023-11-11 11:30:00+00:00,0.38004,0.38055,0.3791,0.37952,1124634.0
2023-11-11 12:00:00+00:00,0.37952,0.37952,0.37735,0.37859,717033.0
2023-11-11 12:30:00+00:00,0.37859,0.37975,0.37765,0.37965,365533.0
2023-11-11 13:00:00+00:00,0.37965,0.37965,0.37677,0.3769,454539.0
2023-11-11 13:30:00+00:00,0.3769,0.38126,0.37687,0.37956,357313.0
2023-11-11 14:00:00+00:00,0.37956,0.38687,0.37935,0.38612,873839.0
2023-11-11 14:30:00+00:00,0.38612,0.38966,0.38327,0.38845,1554523.0
2023-11-11 15:00:00+00:00,0.38845,0.38846,0.3835,0.3841,4642440.0
2023-11-11 15:30:00+00:00,0.3841,0.39055,0.38321,0.38778,3041446.0
2023-11-11 16:00:00+00:00,0.38778,0.39553,0.38778,0.3919,3455537.0
2023-11-11 16:30:00+00:00,0.3919,0.39495,0.39115,0.39232,702104.0
2023-11-11 17:00:00+00:00,0.39232,0.39435,0.38708,0.39087,745132.0
2023-11-11 17:30:00+00:00,0.39087,0.39143,0.38847,0.38936,308625.0
2023-11-11 18:00:00+00:00,0.38936,0.39003,0.38743,0.38914,211160.0
2023-11-11 18:30:00+00:00,0.38914,0.39135,0.389,0.39066,214086.0
2023-11-11 19:00:00+00:00,0.39066,0.39335,0.3904,0.39335,347286.0
2023-11-11 19:30:00+00:00,0.39335,0.39455,0.38956,0.39075,1312297.0
2023-11-11 20:00:00+00:00,0.39075,0.39075,0.38586,0.38606,1054147.0
2023-11-11 20:30:00+00:00,0.38606,0.38696,0.38338,0.38492,680205.0
2023-11-11 21:00:00+00:00,0.38492,0.38755,0.38376,0.38612,406802.0
2023-11-11 21:30:00+00:00,0.38612,0.38696,0.38304,0.38442,178980.0
2023-11-11 22:00:00+00:00,0.38442,0.38469,0.38055,0.38436,704777.0
2023-11-11 22:30:00+00:00,0.38436,0.38716,0.38372,0.38632,382389.0
2023-11-11 23:00:00+00:00,0.38632,0.38654,0.38356,0.38479,323939.0
2023-11-11 23:30:00+00:00,0.38479,0.38506,0.38052,0.3844,295158.0
2023-11-12 00:00:00+00:00,0.3844,0.38543,0.38001,0.38004,312999.0
2023-11-12 00:30:00+00:00,0.38004,0.38004,0.3705,0.37584,2055445.0
2023-11-12 01:00:00+00:00,0.37584,0.37743,0.37278,0.37743,390339.0
2023-11-12 01:30:00+00:00,0.37743,0.38064,0.37634,0.37988,432089.0
2023-11-12 02:00:00+00:00,0.37988,0.38014,0.37548,0.37687,248042.0
2023-11-12 02:30:00+00:00,0.37687,0.37754,0.37452,0.37689,178218.0
2023-11-12 03:00:00+00:00,0.37689,0.37882,0.37571,0.37814,1078011.0
2023-11-12 03:30:00+00:00,0.37814,0.38071,0.37733,0.38071,247300.0
2023-11-12 04:00:00+00:00,0.38071,0.38192,0.3793,0.37961,306669.0
2023-11-12 04:30:00+00:00,0.37961,0.37971,0.37724,0.379,208784.0
2023-11-12 05:00:00+00:00,0.379,0.379,0.37727,0.37879,211756.0
2023-11-12 05:30:00+00:00,0.37879,0.38223,0.37874,0.38213,198642.0
2023-11-12 06:00:00+00:00,0.38213,0.38221,0.38024,0.38221,148887.0
2023-11-12 06:30:00+00:00,0.38221,0.38367,0.38158,0.38367,537625.0
2023-11-12 07:00:00+00:00,0.38367,0.38674,0.38367,0.38638,964576.0
2023-11-12 07:30:00+00:00,0.38638,0.3889,0.38488,0.38808,852959.0
2023-11-12 08:00:00+00:00,0.38808,0.3882,0.38419,0.38803,791236.0
2023-11-12 08:30:00+00:00,0.38803,0.38944,0.38791,0.38884,448214.0
2023-11-12 09:00:00+00:00,0.38884,0.391,0.38748,0.39098,482324.0
2023-11-12 09:30:00+00:00,0.39098,0.39155,0.38588,0.38774,983769.0
2023-11-12 10:00:00+00:00,0.38774,0.38889,0.38538,0.38762,253146.0
2023-11-12 10:30:00+00:00,0.38762,0.38994,0.38701,0.38727,298186.0
2023-11-12 11:00:00+00:00,0.38727,0.38902,0.38695,0.38864,196450.0
2023-11-12 11:30:00+00:00,0.38864,0.38964,0.38658,0.38692,686509.0
2023-11-12 12:00:00+00:00,0.38692,0.38744,0.38216,0.38309,1087048.0
2023-11-12 12:30:00+00:00,0.38309,0.38434,0.382,0.38304,372829.0
2023-11-12 13:00:00+00:00,0.38304,0.38464,0.37982,0.38304,1560555.0
2023-11-12 13:30:00+00:00,0.38304,0.38464,0.38228,0.38294,764119.0
2023-11-12 14:00:00+00:00,0.38294,0.38679,0.38281,0.38632,396364.0
2023-11-12 14:30:00+00:00,0.38632,0.38713,0.38521,0.38558,206225.0
2023-11-12 15:00:00+00:00,0.38558,0.38747,0.38268,0.38404,881634.0
2023-11-12 15:30:00+00:00,0.38404,0.38665,0.38378,0.38591,281920.0
2023-11-12 16:00:00+00:00,0.38591,0.38689,0.38248,0.38367,499557.0
2023-11-12 16:30:00+00:00,0.38367,0.38382,0.38132,0.3815,314097.0
2023-11-12 17:00:00+00:00,0.3815,0.382,0.38022,0.38118,729103.0
2023-11-12 17:30:00+00:00,0.38118,0.38252,0.37961,0.38252,369767.0
2023-11-12 18:00:00+00:00,0.38252,0.38258,0.3783,0.37984,553487.0
2023-11-12 18:30:00+00:00,0.37984,0.38288,0.37984,0.38067,726586.0
2023-11-12 19:00:00+00:00,0.38067,0.38213,0.37938,0.37964,319063.0
2023-11-12 19:30:00+00:00,0.37964,0.38154,0.37874,0.38113,327159.0
2023-11-12 20:00:00+00:00,0.38113,0.38306,0.37966,0.38182,678529.0
2023-11-12 20:30:00+00:00,0.38182,0.38474,0.38149,0.38469,275979.0
2023-11-12 21:00:00+00:00,0.38469,0.38765,0.38458,0.38748,327055.0
2023-11-12 21:30:00+00:00,0.38748,0.38811,0.38629,0.38687,404445.0
2023-11-12 22:00:00+00:00,0.38687,0.38784,0.38569,0.38682,601371.0
2023-11-12 22:30:00+00:00,0.38682,0.38714,0.38538,0.38611,347859.0
2023-11-12 23:00:00+00:00,0.38611,0.38692,0.38073,0.38279,694182.0
2023-11-12 23:30:00+00:00,0.38279,0.38384,0.38048,0.38358,398966.0
2023-11-13 00:00:00+00:00,0.38358,0.38362,0.37898,0.38027,544998.0
2023-11-13 00:30:00+00:00,0.38027,0.38394,0.37968,0.38343,421057.0
2023-11-13 01:00:00+00:00,0.38343,0.38882,0.38311,0.38876,847947.0
2023-11-13 01:30:00+00:00,0.38876,0.38881,0.38538,0.38647,129156.0
2023-11-13 02:00:00+00:00,0.38647,0.38702,0.38478,0.38674,156310.0
2023-11-13 02:30:00+00:00,0.38674,0.38741,0.38338,0.38414,750575.0
2023-11-13 03:00:00+00:00,0.38414,0.38423,0.37979,0.38083,898239.0
2023-11-13 03:30:00+00:00,0.38083,0.38176,0.37583,0.37694,777262.0
2023-11-13 04:00:00+00:00,0.37694,0.37834,0.37435,0.37724,968326.0
2023-11-13 04:30:00+00:00,0.37724,0.37724,0.37377,0.37544,563578.0
2023-11-13 05:00:00+00:00,0.37544,0.37554,0.37308,0.37492,524357.0
2023-11-13 05:30:00+00:00,0.37492,0.37639,0.37411,0.37554,508373.0
2023-11-13 06:00:00+00:00,0.37554,0.37564,0.3725,0.37264,485112.0
2023-11-13 06:30:00+00:00,0.37264,0.37524,0.37221,0.37507,638261.0
2023-11-13 07:00:00+00:00,0.37507,0.3785,0.3744,0.37824,494180.0
2023-11-13 07:30:00+00:00,0.37824,0.3795,0.37717,0.37727,677881.0
2023-11-13 08:00:00+00:00,0.37727,0.37793,0.37608,0.37746,200331.0
2023-11-13 08:30:00+00:00,0.37746,0.37973,0.37707,0.3794,191846.0
2023-11-13 09:00:00+00:00,0.3794,0.37978,0.37691,0.37732,332886.0
2023-11-13 09:30:00+00:00,0.37732,0.37813,0.37607,0.37682,145338.0
2023-11-13 10:00:00+00:00,0.37682,0.37682,0.37318,0.37318,549856.0
2023-11-13 10:30:00+00:00,0.37318,0.37524,0.37315,0.37412,494107.0
2023-11-13 11:00:00+00:00,0.37412,0.37414,0.37,0.37004,1418194.0
2023-11-13 11:30:00+00:00,0.37004,0.37058,0.36529,0.36811,2081616.0
2023-11-13 12:00:00+00:00,0.36811,0.36894,0.36418,0.36655,2043588.0
2023-11-13 12:30:00+00:00,0.36655,0.36965,0.36647,0.36955,566913.0
2023-11-13 13:00:00+00:00,0.36955,0.36965,0.36651,0.36795,691865.0
2023-11-13 13:30:00+00:00,0.36795,0.36935,0.36784,0.36882,391514.0
2023-11-13 14:00:00+00:00,0.36882,0.37214,0.36874,0.37033,490484.0
2023-11-13 14:30:00+00:00,0.37033,0.37123,0.36015,0.36787,2174283.0
2023-11-13 15:00:00+00:00,0.36787,0.37064,0.36599,0.36696,529183.0
2023-11-13 15:30:00+00:00,0.36696,0.36985,0.36656,0.36979,520878.0
2023-11-13 16:00:00+00:00,0.36979,0.37344,0.36946,0.37318,1013507.0
2023-11-13 16:30:00+00:00,0.37318,0.37334,0.36771,0.36898,1133685.0
2023-11-13 17:00:00+00:00,0.36898,0.369,0.36209,0.36589,770839.0
2023-11-13 17:30:00+00:00,0.36589,0.36679,0.36238,0.36475,297762.0
2023-11-13 18:00:00+00:00,0.36475,0.36555,0.36301,0.36504,312035.0
2023-11-13 18:30:00+00:00,0.36504,0.36632,0.36464,0.36543,710756.0
2023-11-13 19:00:00+00:00,0.36543,0.36745,0.36539,0.36739,178181.0
2023-11-13 19:30:00+00:00,0.36739,0.36825,0.36679,0.36794,221487.0
2023-11-13 20:00:00+00:00,0.36794,0.36808,0.36654,0.36669,191826.0
2023-11-13 20:30:00+00:00,0.36669,0.37075,0.365,0.36735,869854.0
2023-11-13 21:00:00+00:00,0.36735,0.36823,0.35904,0.36005,1665517.0
2023-11-13 21:30:00+00:00,0.36005,0.36051,0.35269,0.35918,1963674.0
2023-11-13 22:00:00+00:00,0.35918,0.35987,0.35776,0.35833,642276.0
2023-11-13 22:30:00+00:00,0.35833,0.35903,0.35615,0.35655,206311.0
2023-11-13 23:00:00+00:00,0.35655,0.35926,0.35636,0.35917,140080.0
2023-11-13 23:30:00+00:00,0.35917,0.36026,0.35682,0.35682,484024.0
2023-11-14 00:00:00+00:00,0.35682,0.35742,0.35011,0.35244,1407695.0
2023-11-14 00:30:00+00:00,0.35244,0.35438,0.35023,0.35065,160832.0
2023-11-14 01:00:00+00:00,0.35065,0.35535,0.35057,0.35494,398844.0
2023-11-14 01:30:00+00:00,0.35494,0.35586,0.35347,0.35349,290553.0
2023-11-14 02:00:00+00:00,0.35349,0.35554,0.35349,0.35435,283156.0
2023-11-14 02:30:00+00:00,0.35435,0.35605,0.35399,0.356,313852.0
2023-11-14 03:00:00+00:00,0.356,0.35911,0.356,0.35868,269400.0
2023-11-14 03:30:00+00:00,0.35868,0.35995,0.35856,0.35893,180092.0
2023-11-14 04:00:00+00:00,0.35893,0.35982,0.35738,0.3575,332828.0
2023-11-14 04:30:00+00:00,0.3575,0.36055,0.35726,0.35962,221881.0
2023-11-14 05:00:00+00:00,0.35962,0.36158,0.35953,0.36105,329942.0
2023-11-14 05:30:00+00:00,0.36105,0.36285,0.36084,0.36282,656756.0
2023-11-14 06:00:00+00:00,0.36282,0.36524,0.36203,0.36384,987096.0
2023-11-14 06:30:00+00:00,0.36384,0.36465,0.36243,0.36415,611583.0
2023-11-14 07:00:00+00:00,0.36415,0.36495,0.36309,0.36488,650995.0
2023-11-14 07:30:00+00:00,0.36488,0.36823,0.36472,0.36782,968922.0
2023-11-14 08:00:00+00:00,0.36782,0.36954,0.36735,0.36954,680783.0
2023-11-14 08:30:00+00:00,0.36954,0.3696,0.36725,0.36875,271737.0
2023-11-14 09:00:00+00:00,0.36875,0.369,0.3661,0.36617,494878.0
2023-11-14 09:30:00+00:00,0.36617,0.36674,0.36304,0.36304,765991.0
2023-11-14 10:00:00+00:00,0.36304,0.3645,0.3614,0.36345,588950.0
2023-11-14 10:30:00+00:00,0.36345,0.36369,0.36059,0.36244,283006.0
2023-11-14 11:00:00+00:00,0.36244,0.36265,0.35484,0.35544,595819.0
2023-11-14 11:30:00+00:00,0.35544,0.35785,0.35544,0.35702,248961.0
2023-11-14 12:00:00+00:00,0.35702,0.35835,0.3548,0.35774,261113.0
2023-11-14 12:30:00+00:00,0.35774,0.35975,0.35518,0.35955,477468.0
2023-11-14 13:00:00+00:00,0.35955,0.36196,0.35889,0.35995,676353.0
2023-11-14 13:30:00+00:00,0.35995,0.36865,0.35995,0.36545,1314205.0
2023-11-14 14:00:00+00:00,0.36545,0.36874,0.36455,0.36674,441092.0
2023-11-14 14:30:00+00:00,0.36674,0.37174,0.36659,0.37158,892079.0
2023-11-14 15:00:00+00:00,0.37158,0.37194,0.36092,0.36202,1111627.0
2023-11-14 15:30:00+00:00,0.36202,0.36482,0.35932,0.36344,603022.0
2023-11-14 16:00:00+00:00,0.36344,0.36841,0.36335,0.36698,618225.0
2023-11-14 16:30:00+00:00,0.36698,0.36824,0.36529,0.36568,323673.0
2023-11-14 17:00:00+00:00,0.36568,0.36674,0.36139,0.36315,899773.0
2023-11-14 17:30:00+00:00,0.36315,0.36347,0.35903,0.35925,426071.0
2023-11-14 18:00:00+00:00,0.35925,0.3603,0.35569,0.35706,829818.0
2023-11-14 18:30:00+00:00,0.35706,0.35825,0.3395,0.34506,3665792.0
2023-11-14 19:00:00+00:00,0.34506,0.34966,0.34326,0.34906,945313.0
2023-11-14 19:30:00+00:00,0.34906,0.35175,0.34823,0.34974,463168.0
2023-11-14 20:00:00+00:00,0.34974,0.35511,0.34911,0.3535,427412.0
2023-11-14 20:30:00+00:00,0.3535,0.35565,0.35219,0.35255,479108.0
2023-11-14 21:00:00+00:00,0.35255,0.3547,0.35213,0.35319,157416.0
2023-11-14 21:30:00+00:00,0.35319,0.35831,0.35315,0.35765,642072.0
2023-11-14 22:00:00+00:00,0.35765,0.35887,0.35579,0.35664,308271.0
2023-11-14 22:30:00+00:00,0.35664,0.3588,0.35579,0.35862,887487.0
2023-11-14 23:00:00+00:00,0.35862,0.35975,0.35799,0.35952,1006406.0
2023-11-14 23:30:00+00:00,0.35952,0.3597,0.35705,0.35759,203405.0
2023-11-15 00:00:00+00:00,0.35759,0.36056,0.35699,0.3598,350565.0
2023-11-15 00:30:00+00:00,0.3598,0.36014,0.35781,0.35805,136423.0
2023-11-15 01:00:00+00:00,0.35805,0.36031,0.35782,0.35868,102426.0
2023-11-15 01:30:00+00:00,0.35868,0.3587,0.35539,0.35589,451673.0
2023-11-15 02:00:00+00:00,0.35589,0.35751,0.35579,0.35589,196617.0
2023-11-15 02:30:00+00:00,0.35589,0.35795,0.35562,0.35759,76417.0
2023-11-15 03:00:00+00:00,0.35759,0.35792,0.35603,0.35639,70852.0
2023-11-15 03:30:00+00:00,0.35639,0.35655,0.35383,0.35391,1306728.0
2023-11-15 04:00:00+00:00,0.35391,0.35654,0.3537,0.3565,246825.0
2023-11-15 04:30:00+00:00,0.3565,0.35961,0.3565,0.35961,408274.0
2023-12-01 20:30:00+00:00,0.38429,0.38479,0.38363,0.38369,133702.0
2023-12-01 21:00:00+00:00,0.38369,0.3841,0.38356,0.38389,129408.0
2023-12-01 21:30:00+00:00,0.38389,0.38436,0.38336,0.38361,123575.0
2023-12-01 22:00:00+00:00,0.38361,0.38393,0.38329,0.38373,458640.0
2023-12-01 22:30:00+00:00,0.38373,0.38373,0.3818,0.38208,1098756.0
2023-12-01 23:00:00+00:00,0.38208,0.38354,0.38208,0.38332,755321.0
2023-12-01 23:30:00+00:00,0.38332,0.38433,0.38309,0.38431,149862.0
2023-12-02 00:00:00+00:00,0.38431,0.3844,0.38278,0.38278,304253.0
2023-12-02 00:30:00+00:00,0.38278,0.3844,0.38274,0.38438,140567.0
2023-12-02 01:00:00+00:00,0.38438,0.38451,0.38383,0.38447,83876.0
2023-12-02 01:30:00+00:00,0.38447,0.38494,0.38432,0.38487,98971.0
2023-12-02 02:00:00+00:00,0.38487,0.38552,0.3848,0.38496,935860.0
2023-12-02 02:30:00+00:00,0.38496,0.38509,0.38396,0.38492,1043781.0
2023-12-02 03:00:00+00:00,0.38492,0.38562,0.38447,0.38562,205118.0
2023-12-02 03:30:00+00:00,0.38562,0.38625,0.38548,0.38616,227110.0
2023-12-02 04:00:00+00:00,0.38616,0.38645,0.38527,0.38578,257638.0
2023-12-02 04:30:00+00:00,0.38578,0.38642,0.38527,0.38595,99175.0
2023-12-02 05:00:00+00:00,0.38595,0.3863,0.38526,0.38612,59946.0
2023-12-02 05:30:00+00:00,0.38612,0.38644,0.38587,0.38601,543378.0
2023-12-02 06:00:00+00:00,0.38601,0.3862,0.38557,0.38605,604866.0
2023-12-02 06:30:00+00:00,0.38605,0.38643,0.38569,0.38639,203460.0
2023-12-02 07:00:00+00:00,0.38639,0.38714,0.386,0.38613,368736.0
2023-12-02 07:30:00+00:00,0.38613,0.38698,0.38567,0.3863,664797.0
2023-12-02 08:00:00+00:00,0.3863,0.38801,0.3863,0.38705,580235.0
2023-12-02 08:30:00+00:00,0.38705,0.38796,0.3869,0.38744,180915.0
2023-12-02 09:00:00+00:00,0.38744,0.38925,0.38744,0.38898,1450297.0
2023-12-02 09:30:00+00:00,0.38898,0.39078,0.38889,0.39048,1188857.0
2023-12-02 10:00:00+00:00,0.39048,0.39098,0.38976,0.38977,399570.0
2023-12-02 10:30:00+00:00,0.38977,0.38993,0.38876,0.38979,245976.0
2023-12-02 11:00:00+00:00,0.38979,0.39014,0.3888,0.38899,635897.0
2023-12-02 11:30:00+00:00,0.38899,0.38965,0.38878,0.389,774795.0
2023-12-02 12:00:00+00:00,0.389,0.39052,0.38865,0.39026,404214.0
2023-12-02 12:30:00+00:00,0.39026,0.39044,0.3893,0.38987,221045.0
2023-12-02 13:00:00+00:00,0.38987,0.38987,0.38902,0.38963,138524.0
2023-12-02 13:30:00+00:00,0.38963,0.39031,0.38902,0.3893,138778.0
2023-12-02 14:00:00+00:00,0.3893,0.38951,0.38827,0.38944,733271.0
2023-12-02 14:30:00+00:00,0.38944,0.38972,0.38513,0.38684,877944.0
2023-12-02 15:00:00+00:00,0.38684,0.38771,0.38569,0.38761,354023.0
2023-12-02 15:30:00+00:00,0.38761,0.38945,0.3875,0.38924,280498.0
2023-12-02 16:00:00+00:00,0.38924,0.38924,0.38811,0.38873,484949.0
2023-12-02 16:30:00+00:00,0.38873,0.3888,0.38687,0.38798,142469.0
2023-12-02 17:00:00+00:00,0.38798,0.38825,0.38737,0.38799,106675.0
2023-12-02 17:30:00+00:00,0.38799,0.38952,0.38799,0.38943,256353.0
2023-12-02 18:00:00+00:00,0.38943,0.39031,0.38902,0.3897,271401.0
2023-12-02 18:30:00+00:00,0.3897,0.39084,0.38917,0.39045,561349.0
2023-12-02 19:00:00+00:00,0.39045,0.39495,0.39015,0.39258,1971334.0
2023-12-02 19:30:00+00:00,0.39258,0.39351,0.39146,0.39343,474089.0
2023-12-02 20:00:00+00:00,0.39343,0.39419,0.39279,0.394,603858.0
2023-12-02 20:30:00+00:00,0.394,0.395,0.39339,0.39497,761252.0
2023-12-02 21:00:00+00:00,0.39497,0.39524,0.39386,0.39429,1004411.0
2023-12-02 21:30:00+00:00,0.39429,0.397,0.39429,0.39696,826843.0
2023-12-02 22:00:00+00:00,0.39696,0.39734,0.39451,0.39608,909859.0
2023-12-02 22:30:00+00:00,0.39608,0.39658,0.39379,0.39466,1448694.0
2023-12-02 23:00:00+00:00,0.39466,0.39579,0.39438,0.39578,1251754.0
2023-12-02 23:30:00+00:00,0.39578,0.39814,0.39578,0.39777,997606.0
2023-12-03 00:00:00+00:00,0.39777,0.39978,0.39759,0.3986,984067.0
2023-12-03 00:30:00+00:00,0.3986,0.39887,0.39711,0.39805,462087.0
2023-12-03 01:00:00+00:00,0.39805,0.39988,0.39795,0.3993,295817.0
2023-12-03 01:30:00+00:00,0.3993,0.39995,0.39875,0.39978,317437.0
2023-12-03 02:00:00+00:00,0.39978,0.40316,0.39976,0.40079,1180920.0
2023-12-03 02:30:00+00:00,0.40079,0.40136,0.39804,0.39824,1029532.0
2023-12-03 03:00:00+00:00,0.39824,0.39884,0.3962,0.39705,1002603.0
2023-12-03 03:30:00+00:00,0.39705,0.39725,0.39564,0.39676,308009.0
2023-12-03 04:00:00+00:00,0.39676,0.39769,0.39637,0.39762,110891.0
2023-12-03 04:30:00+00:00,0.39762,0.39776,0.39621,0.3966,126965.0
2023-12-03 05:00:00+00:00,0.3966,0.39693,0.39565,0.39651,141327.0
2023-12-03 05:30:00+00:00,0.39651,0.39725,0.39594,0.39626,97905.0
2023-12-03 06:00:00+00:00,0.39626,0.39636,0.39564,0.39617,136928.0
2023-12-03 06:30:00+00:00,0.39617,0.3964,0.39484,0.39514,246645.0
2023-12-03 07:00:00+00:00,0.39514,0.39536,0.39414,0.39495,313583.0
2023-12-03 07:30:00+00:00,0.39495,0.39681,0.39484,0.39669,254609.0
2023-12-03 08:00:00+00:00,0.39669,0.39736,0.39586,0.39645,372460.0
2023-12-03 08:30:00+00:00,0.39645,0.39651,0.39394,0.39401,422262.0
2023-12-03 09:00:00+00:00,0.39401,0.396,0.39381,0.39529,173810.0
2023-12-03 09:30:00+00:00,0.39529,0.39599,0.39464,0.3959,86675.0
2023-12-03 10:00:00+00:00,0.3959,0.3959,0.39416,0.39491,142389.0
2023-12-03 10:30:00+00:00,0.39491,0.39555,0.39437,0.39529,194615.0
2023-12-03 11:00:00+00:00,0.39529,0.39535,0.3922,0.39258,1036586.0
2023-12-03 11:30:00+00:00,0.39258,0.39416,0.39249,0.39411,173319.0
2023-12-03 12:00:00+00:00,0.39411,0.39411,0.39285,0.39368,229539.0
2023-12-03 12:30:00+00:00,0.39368,0.39386,0.38915,0.39026,1698739.0
2023-12-03 13:00:00+00:00,0.39026,0.393,0.39025,0.3928,572879.0
2023-12-03 13:30:00+00:00,0.3928,0.3932,0.39095,0.39206,359399.0
2023-12-03 14:00:00+00:00,0.39206,0.39261,0.39,0.39072,448658.0
2023-12-03 14:30:00+00:00,0.39072,0.39179,0.38924,0.38924,568057.0
2023-12-03 15:00:00+00:00,0.38924,0.38967,0.38806,0.38927,570268.0
2023-12-03 15:30:00+00:00,0.38927,0.39095,0.38917,0.39024,429410.0
2023-12-03 16:00:00+00:00,0.39024,0.39112,0.38908,0.39109,993533.0
2023-12-03 16:30:00+00:00,0.39109,0.39192,0.39075,0.39135,163589.0
2023-12-03 17:00:00+00:00,0.39135,0.39135,0.38834,0.38836,547297.0
2023-12-03 17:30:00+00:00,0.38836,0.38977,0.38835,0.38895,152691.0
2023-12-03 18:00:00+00:00,0.38895,0.39006,0.38887,0.39006,99930.0
2023-12-03 18:30:00+00:00,0.39006,0.39013,0.38917,0.38924,72103.0
2023-12-03 19:00:00+00:00,0.38924,0.38946,0.38789,0.38939,585323.0
2023-12-03 19:30:00+00:00,0.38939,0.39012,0.38929,0.38993,138695.0
2023-12-03 20:00:00+00:00,0.38993,0.39096,0.38993,0.3903,189339.0
2023-12-03 20:30:00+00:00,0.3903,0.39098,0.38994,0.39094,149503.0
2023-12-03 21:00:00+00:00,0.39094,0.39145,0.39084,0.39116,160899.0
2023-12-03 21:30:00+00:00,0.39116,0.39226,0.39103,0.39189,727594.0
2023-12-03 22:00:00+00:00,0.39189,0.39493,0.39182,0.39465,652206.0
2023-12-03 22:30:00+00:00,0.39465,0.3981,0.39441,0.39783,929278.0
2023-12-03 23:00:00+00:00,0.39783,0.39818,0.39367,0.39393,631736.0
2023-12-03 23:30:00+00:00,0.39393,0.3955,0.39194,0.39498,257260.0
2023-12-04 00:00:00+00:00,0.39498,0.39645,0.39434,0.39642,309558.0
2023-12-04 00:30:00+00:00,0.39642,0.398,0.39639,0.39749,808268.0
2023-12-04 01:00:00+00:00,0.39749,0.40012,0.39658,0.40011,500576.0
2023-12-04 01:30:00+00:00,0.40011,0.40527,0.39964,0.40422,1246892.0
2023-12-04 02:00:00+00:00,0.40422,0.40741,0.40263,0.40381,853802.0
2023-12-04 02:30:00+00:00,0.40381,0.40577,0.40381,0.40507,164907.0
2023-12-04 03:00:00+00:00,0.40507,0.40653,0.40505,0.40555,441757.0
2023-12-04 03:30:00+00:00,0.40555,0.40567,0.40303,0.40334,239513.0
2023-12-04 04:00:00+00:00,0.40334,0.40725,0.40334,0.40676,241943.0
2023-12-04 04:30:00+00:00,0.40676,0.40827,0.40625,0.40684,339231.0
2023-12-04 05:00:00+00:00,0.40684,0.40945,0.40603,0.40662,1505443.0
2023-12-04 05:30:00+00:00,0.40662,0.40807,0.40582,0.40792,447662.0
2023-12-04 06:00:00+00:00,0.40792,0.40961,0.40673,0.4095,650742.0
2023-12-04 06:30:00+00:00,0.4095,0.41207,0.40845,0.41072,606572.0
2023-12-04 07:00:00+00:00,0.41072,0.4127,0.40906,0.40969,1356095.0
2023-12-04 07:30:00+00:00,0.40969,0.41088,0.40805,0.40859,395057.0
2023-12-04 08:00:00+00:00,0.40859,0.4105,0.40771,0.41027,507325.0
2023-12-04 08:30:00+00:00,0.41027,0.41509,0.40951,0.41353,1225285.0
2023-12-04 09:00:00+00:00,0.41353,0.41408,0.4114,0.41194,677589.0
2023-12-04 09:30:00+00:00,0.41194,0.41236,0.40741,0.40771,1167307.0
2023-12-04 10:00:00+00:00,0.40771,0.41058,0.40765,0.40973,967223.0
2023-12-04 10:30:00+00:00,0.40973,0.41101,0.40905,0.40931,321330.0
2023-12-04 11:00:00+00:00,0.40931,0.40989,0.39047,0.39991,12158704.0
2023-12-04 11:30:00+00:00,0.39991,0.40404,0.39871,0.40373,4300718.0
2023-12-04 12:00:00+00:00,0.40373,0.40626,0.40072,0.40536,1286784.0
2023-12-04 12:30:00+00:00,0.40536,0.4069,0.40383,0.40557,504617.0
2023-12-04 13:00:00+00:00,0.40557,0.40581,0.40348,0.40472,274492.0
2023-12-04 13:30:00+00:00,0.40472,0.40595,0.4008,0.40153,668842.0
2023-12-04 14:00:00+00:00,0.40153,0.40267,0.3976,0.39824,1371914.0
2023-12-04 14:30:00+00:00,0.39824,0.40159,0.39794,0.40096,434410.0
2023-12-04 15:00:00+00:00,0.40096,0.40143,0.39967,0.39972,203841.0
2023-12-04 15:30:00+00:00,0.39972,0.3999,0.39651,0.39752,790216.0
2023-12-04 16:00:00+00:00,0.39752,0.40104,0.39742,0.40087,350242.0
2023-12-04 16:30:00+00:00,0.40087,0.40286,0.40061,0.40159,263311.0
2023-12-04 17:00:00+00:00,0.40159,0.40224,0.3999,0.40009,227487.0
2023-12-04 17:30:00+00:00,0.40009,0.40009,0.39901,0.3998,213211.0
2023-12-04 18:00:00+00:00,0.3998,0.40092,0.39934,0.40092,227630.0
2023-12-04 18:30:00+00:00,0.40092,0.40138,0.39976,0.39992,276424.0
2023-12-04 19:00:00+00:00,0.39992,0.40099,0.39902,0.40098,484012.0
2023-12-04 19:30:00+00:00,0.40098,0.40139,0.39985,0.40107,253058.0
2023-12-04 20:00:00+00:00,0.40107,0.40218,0.40003,0.40178,217656.0
2023-12-04 20:30:00+00:00,0.40178,0.40189,0.40021,0.40117,200064.0
2023-12-04 21:00:00+00:00,0.40117,0.40209,0.40096,0.40199,157834.0
2023-12-04 21:30:00+00:00,0.40199,0.40339,0.40191,0.40298,622461.0
2023-12-04 22:00:00+00:00,0.40298,0.4057,0.40247,0.40537,569276.0
2023-12-04 22:30:00+00:00,0.40537,0.40537,0.40021,0.40243,917842.0
2023-12-04 23:00:00+00:00,0.40243,0.40537,0.40151,0.40532,515245.0
2023-12-04 23:30:00+00:00,0.40532,0.40759,0.40529,0.40709,288105.0
2023-12-05 00:00:00+00:00,0.40709,0.40799,0.40464,0.40798,463030.0
2023-12-05 00:30:00+00:00,0.40798,0.41076,0.4079,0.41058,1631087.0
2023-12-05 01:00:00+00:00,0.41058,0.41096,0.4059,0.40749,442994.0
2023-12-05 01:30:00+00:00,0.40749,0.40928,0.40659,0.40763,186270.0
2023-12-05 02:00:00+00:00,0.40763,0.40771,0.40209,0.40444,372013.0
2023-12-05 02:30:00+00:00,0.40444,0.40479,0.40322,0.40363,95575.0
2023-12-05 03:00:00+00:00,0.40363,0.40674,0.40326,0.40628,127164.0
2023-12-05 03:30:00+00:00,0.40628,0.40667,0.40472,0.40527,289628.0
2023-12-05 04:00:00+00:00,0.40527,0.40558,0.40308,0.40409,156071.0
2023-12-05 04:30:00+00:00,0.40409,0.405,0.4032,0.40327,231590.0
2023-12-05 05:00:00+00:00,0.40327,0.4057,0.40231,0.40549,311996.0
2023-12-05 05:30:00+00:00,0.40549,0.40594,0.40496,0.40518,100199.0
2023-12-05 06:00:00+00:00,0.40518,0.40538,0.4033,0.40336,166746.0
2023-12-05 06:30:00+00:00,0.40336,0.40337,0.40039,0.40153,437581.0
2023-12-05 07:00:00+00:00,0.40153,0.40209,0.39781,0.39959,797866.0
2023-12-05 07:30:00+00:00,0.39959,0.40069,0.39671,0.39939,1016948.0
2023-12-05 08:00:00+00:00,0.39939,0.40089,0.39913,0.39981,275537.0
2023-12-05 08:30:00+00:00,0.39981,0.40023,0.39763,0.40001,432415.0
2023-12-05 09:00:00+00:00,0.40001,0.40197,0.39987,0.40173,1208108.0
2023-12-05 09:30:00+00:00,0.40173,0.40199,0.40091,0.40129,549620.0
2023-12-05 10:00:00+00:00,0.40129,0.40145,0.39963,0.40016,681474.0
2023-12-05 10:30:00+00:00,0.40016,0.40068,0.39813,0.39815,330877.0
2023-12-05 11:00:00+00:00,0.39815,0.40048,0.39721,0.39951,273342.0
2023-12-05 11:30:00+00:00,0.39951,0.39972,0.39762,0.39921,275665.0
2023-12-05 12:00:00+00:00,0.39921,0.40079,0.39898,0.4001,594685.0
2023-12-05 12:30:00+00:00,0.4001,0.40119,0.39955,0.40069,166209.0
2023-12-05 13:00:00+00:00,0.40069,0.40248,0.39911,0.39999,814680.0
2023-12-05 13:30:00+00:00,0.39999,0.40066,0.39805,0.39825,298485.0
2023-12-05 14:00:00+00:00,0.39825,0.40169,0.3973,0.40128,847002.0
2023-12-05 14:30:00+00:00,0.40128,0.40142,0.39961,0.39985,896281.0
2023-12-05 15:00:00+00:00,0.39985,0.40065,0.39904,0.39997,570072.0
2023-12-05 15:30:00+00:00,0.39997,0.40378,0.39981,0.40324,668761.0
2023-12-05 16:00:00+00:00,0.40324,0.40396,0.40135,0.40396,464769.0
2023-12-05 16:30:00+00:00,0.40396,0.40688,0.40362,0.40675,588943.0
2023-12-05 17:00:00+00:00,0.40675,0.41247,0.40635,0.41158,877221.0
2023-12-05 17:30:00+00:00,0.41158,0.41448,0.4079,0.41369,1908374.0
2023-12-05 18:00:00+00:00,0.41369,0.42205,0.41369,0.41659,3576507.0
2023-12-05 18:30:00+00:00,0.41659,0.41994,0.4153,0.41949,1987386.0
2023-12-05 19:00:00+00:00,0.41949,0.42269,0.4177,0.42149,1204520.0
2023-12-05 19:30:00+00:00,0.42149,0.42445,0.4201,0.42167,1516606.0
2023-12-05 20:00:00+00:00,0.42167,0.42399,0.41679,0.41831,894079.0
2023-12-05 20:30:00+00:00,0.41831,0.42019,0.41779,0.41959,741117.0
2023-12-05 21:00:00+00:00,0.41959,0.42008,0.41729,0.41919,368052.0
2023-12-05 21:30:00+00:00,0.41919,0.42301,0.4189,0.42013,473749.0
2023-12-05 22:00:00+00:00,0.42013,0.42498,0.41939,0.4245,494742.0
2023-12-05 22:30:00+00:00,0.4245,0.4245,0.42119,0.42224,495134.0
2023-12-05 23:00:00+00:00,0.42224,0.42586,0.42185,0.42527,510356.0
2023-12-05 23:30:00+00:00,0.42527,0.42619,0.42359,0.42601,350729.0
2023-12-06 00:00:00+00:00,0.42601,0.42658,0.42181,0.42244,922586.0
2023-12-22 16:00:00+00:00,0.62018,0.62083,0.61769,0.61942,1065907.0
2023-12-22 16:30:00+00:00,0.61942,0.62033,0.61173,0.61526,856326.0
2023-12-22 17:00:00+00:00,0.61526,0.61919,0.61517,0.61849,581514.0
2023-12-22 17:30:00+00:00,0.61849,0.62025,0.61657,0.61783,334734.0
2023-12-22 18:00:00+00:00,0.61783,0.62525,0.61754,0.62423,839052.0
2023-12-22 18:30:00+00:00,0.62423,0.62582,0.62165,0.62418,579101.0
2023-12-22 19:00:00+00:00,0.62418,0.62419,0.61686,0.61887,604806.0
2023-12-22 19:30:00+00:00,0.61887,0.6208,0.6148,0.61764,395909.0
2023-12-22 20:00:00+00:00,0.61764,0.62225,0.61764,0.62205,248660.0
2023-12-22 20:30:00+00:00,0.62205,0.62259,0.61882,0.62026,202679.0
2023-12-22 21:00:00+00:00,0.62026,0.62307,0.61998,0.62279,180685.0
2023-12-22 21:30:00+00:00,0.62279,0.62402,0.62094,0.62109,451529.0
2023-12-22 22:00:00+00:00,0.62109,0.62205,0.61872,0.62095,435604.0
2023-12-22 22:30:00+00:00,0.62095,0.62286,0.6194,0.62129,166930.0
2023-12-22 23:00:00+00:00,0.62129,0.62433,0.61919,0.62409,216045.0
2023-12-22 23:30:00+00:00,0.62409,0.62583,0.62201,0.62357,375955.0
2023-12-23 00:00:00+00:00,0.62357,0.62372,0.61528,0.61699,754514.0
2023-12-23 00:30:00+00:00,0.61699,0.61973,0.61315,0.61678,508140.0
2023-12-23 01:00:00+00:00,0.61678,0.61798,0.60762,0.60827,1008924.0
2023-12-23 01:30:00+00:00,0.60827,0.61274,0.60136,0.6032,1685547.0
2023-12-23 02:00:00+00:00,0.6032,0.6068,0.60219,0.60446,725230.0
2023-12-23 02:30:00+00:00,0.60446,0.6059,0.60101,0.60139,439773.0
2023-12-23 03:00:00+00:00,0.60139,0.60529,0.59776,0.60433,691212.0
2023-12-23 03:30:00+00:00,0.60433,0.60519,0.59775,0.60073,412552.0
2023-12-23 04:00:00+00:00,0.60073,0.60246,0.59737,0.60137,549333.0
2023-12-23 04:30:00+00:00,0.60137,0.60364,0.59889,0.60262,512782.0
2023-12-23 05:00:00+00:00,0.60262,0.60382,0.60122,0.60367,305855.0
2023-12-23 05:30:00+00:00,0.60367,0.60666,0.60333,0.60649,432617.0
2023-12-23 06:00:00+00:00,0.60649,0.60713,0.60396,0.60626,178579.0
2023-12-23 06:30:00+00:00,0.60626,0.608,0.60572,0.60713,388873.0
2023-12-23 07:00:00+00:00,0.60713,0.60781,0.60401,0.60424,385032.0
2023-12-23 07:30:00+00:00,0.60424,0.60586,0.60275,0.60438,241362.0
2023-12-23 08:00:00+00:00,0.60438,0.60729,0.60436,0.60482,323927.0
2023-12-23 08:30:00+00:00,0.60482,0.6093,0.60478,0.60926,505562.0
2023-12-23 09:00:00+00:00,0.60926,0.6094,0.60715,0.60824,285722.0
2023-12-23 09:30:00+00:00,0.60824,0.6091,0.60592,0.60804,196806.0
2023-12-23 10:00:00+00:00,0.60804,0.60918,0.60596,0.6081,397273.0
2023-12-23 10:30:00+00:00,0.6081,0.6083,0.60481,0.60715,778712.0
2023-12-23 11:00:00+00:00,0.60715,0.60715,0.60307,0.60436,604248.0
2023-12-23 11:30:00+00:00,0.60436,0.60665,0.60106,0.6049,601888.0
2023-12-23 12:00:00+00:00,0.6049,0.60875,0.60436,0.60803,261081.0
2023-12-23 12:30:00+00:00,0.60803,0.6099,0.60599,0.60733,450961.0
2023-12-23 13:00:00+00:00,0.60733,0.60858,0.60396,0.60539,454784.0
2023-12-23 13:30:00+00:00,0.60539,0.60599,0.60259,0.60542,329017.0
2023-12-23 14:00:00+00:00,0.60542,0.60704,0.6036,0.60455,304191.0
2023-12-23 14:30:00+00:00,0.60455,0.60651,0.60305,0.60638,182165.0
2023-12-23 15:00:00+00:00,0.60638,0.60699,0.60483,0.60522,228824.0
2023-12-23 15:30:00+00:00,0.60522,0.60669,0.60354,0.60431,368369.0
2023-12-23 16:00:00+00:00,0.60431,0.60516,0.60352,0.60457,162301.0
2023-12-23 16:30:00+00:00,0.60457,0.6067,0.60428,0.60569,163180.0
2023-12-23 17:00:00+00:00,0.60569,0.60646,0.6014,0.60237,367101.0
2023-12-23 17:30:00+00:00,0.60237,0.60474,0.60119,0.6017,289222.0
2023-12-23 18:00:00+00:00,0.6017,0.60283,0.60038,0.60189,333639.0
2023-12-23 18:30:00+00:00,0.60189,0.60816,0.60189,0.60628,384262.0
2023-12-23 19:00:00+00:00,0.60628,0.60778,0.60358,0.60665,434755.0
2023-12-23 19:30:00+00:00,0.60665,0.60721,0.60448,0.60513,472155.0
2023-12-23 20:00:00+00:00,0.60513,0.60814,0.6028,0.60343,318455.0
2023-12-23 20:30:00+00:00,0.60343,0.6042,0.6008,0.60395,417418.0
2023-12-23 21:00:00+00:00,0.60395,0.60579,0.60031,0.60517,509064.0
2023-12-23 21:30:00+00:00,0.60517,0.60777,0.60398,0.60736,206667.0
2023-12-23 22:00:00+00:00,0.60736,0.61157,0.60615,0.61061,435838.0
2023-12-23 22:30:00+00:00,0.61061,0.61525,0.6087,0.6141,633143.0
2023-12-23 23:00:00+00:00,0.6141,0.61739,0.61194,0.61721,477847.0
2023-12-23 23:30:00+00:00,0.61721,0.61744,0.613,0.61327,570349.0
2023-12-24 00:00:00+00:00,0.61327,0.61487,0.60631,0.61445,1229821.0
2023-12-24 00:30:00+00:00,0.61445,0.61864,0.61119,0.61447,1086760.0
2023-12-24 01:00:00+00:00,0.61447,0.62333,0.61427,0.62259,858989.0
2023-12-24 01:30:00+00:00,0.62259,0.625,0.61932,0.62459,825686.0
2023-12-24 02:00:00+00:00,0.62459,0.62751,0.62416,0.62659,615609.0
2023-12-24 02:30:00+00:00,0.62659,0.62659,0.61852,0.62263,663940.0
2023-12-24 03:00:00+00:00,0.62263,0.62442,0.61797,0.62006,524764.0
2023-12-24 03:30:00+00:00,0.62006,0.62138,0.61656,0.61896,485233.0
2023-12-24 04:00:00+00:00,0.61896,0.6286,0.61846,0.62531,536714.0
2023-12-24 04:30:00+00:00,0.62531,0.62677,0.62025,0.62329,598193.0
2023-12-24 05:00:00+00:00,0.62329,0.62384,0.6202,0.62124,168634.0
2023-12-24 05:30:00+00:00,0.62124,0.62133,0.6022,0.61085,2214884.0
2023-12-24 06:00:00+00:00,0.61085,0.61391,0.60496,0.60806,464421.0
2023-12-24 06:30:00+00:00,0.60806,0.611,0.60413,0.60769,414669.0
2023-12-24 07:00:00+00:00,0.60769,0.61346,0.60476,0.61284,537344.0
2023-12-24 07:30:00+00:00,0.61284,0.616,0.61069,0.61539,464168.0
2023-12-24 08:00:00+00:00,0.61539,0.61747,0.61382,0.6167,445416.0
2023-12-24 08:30:00+00:00,0.6167,0.62081,0.61502,0.61926,635454.0
2023-12-24 09:00:00+00:00,0.61926,0.61996,0.61363,0.61611,548850.0
2023-12-24 09:30:00+00:00,0.61611,0.62166,0.61496,0.61831,620716.0
2023-12-24 10:00:00+00:00,0.61831,0.62012,0.61244,0.61337,598186.0
2023-12-24 10:30:00+00:00,0.61337,0.61368,0.6036,0.61058,1172756.0
2023-12-24 11:00:00+00:00,0.61058,0.615,0.60851,0.61499,503673.0
2023-12-24 11:30:00+00:00,0.61499,0.61654,0.61235,0.61457,355889.0
2023-12-24 12:00:00+00:00,0.61457,0.6155,0.60903,0.61023,509963.0
2023-12-24 12:30:00+00:00,0.61023,0.6179,0.60932,0.6153,399330.0
2023-12-24 13:00:00+00:00,0.6153,0.61828,0.613,0.61813,331121.0
2023-12-24 13:30:00+00:00,0.61813,0.61953,0.61634,0.61861,362698.0
2023-12-24 14:00:00+00:00,0.61861,0.6225,0.61861,0.61998,434129.0
2023-12-24 14:30:00+00:00,0.61998,0.62036,0.61255,0.61444,713559.0
2023-12-24 15:00:00+00:00,0.61444,0.61744,0.61426,0.6151,256677.0
2023-12-24 15:30:00+00:00,0.6151,0.61707,0.61356,0.61593,125030.0
2023-12-24 16:00:00+00:00,0.61593,0.61619,0.61055,0.61429,325183.0
2023-12-24 16:30:00+00:00,0.61429,0.61655,0.61325,0.615,166224.0
2023-12-24 17:00:00+00:00,0.615,0.61631,0.61195,0.61453,300522.0
2023-12-24 17:30:00+00:00,0.61453,0.61537,0.6113,0.61267,429937.0
2023-12-24 18:00:00+00:00,0.61267,0.61933,0.61264,0.6174,546245.0
2023-12-24 18:30:00+00:00,0.6174,0.61897,0.61372,0.61862,273344.0
2023-12-24 19:00:00+00:00,0.61862,0.61891,0.61422,0.61553,120337.0
2023-12-24 19:30:00+00:00,0.61553,0.61877,0.61257,0.61833,155199.0
2023-12-24 20:00:00+00:00,0.61833,0.6211,0.61614,0.61678,413947.0
2023-12-24 20:30:00+00:00,0.61678,0.6169,0.607,0.61151,563252.0
2023-12-24 21:00:00+00:00,0.61151,0.6126,0.60843,0.60909,395755.0
2023-12-24 21:30:00+00:00,0.60909,0.60961,0.60573,0.60727,431156.0
2023-12-24 22:00:00+00:00,0.60727,0.60871,0.58428,0.598,4151812.0
2023-12-24 22:30:00+00:00,0.598,0.59955,0.58971,0.59474,1225890.0
2023-12-24 23:00:00+00:00,0.59474,0.59849,0.59338,0.59526,793376.0
2023-12-24 23:30:00+00:00,0.59526,0.59603,0.59032,0.59229,1131381.0
2023-12-25 00:00:00+00:00,0.59229,0.59832,0.58821,0.59311,1224621.0
2023-12-25 00:30:00+00:00,0.59311,0.597,0.59004,0.59676,541082.0
2023-12-25 01:00:00+00:00,0.59676,0.60246,0.59658,0.60032,449685.0
2023-12-25 01:30:00+00:00,0.60032,0.60061,0.5976,0.59901,281905.0
2023-12-25 02:00:00+00:00,0.59901,0.60111,0.59698,0.59741,268641.0
2023-12-25 02:30:00+00:00,0.59741,0.60241,0.5956,0.60112,390183.0
2023-12-25 03:00:00+00:00,0.60112,0.60614,0.59957,0.60497,371774.0
2023-12-25 03:30:00+00:00,0.60497,0.60591,0.60287,0.60462,223524.0
2023-12-25 04:00:00+00:00,0.60462,0.60634,0.604,0.60514,220787.0
2023-12-25 04:30:00+00:00,0.60514,0.60584,0.60386,0.60461,153664.0
2023-12-25 05:00:00+00:00,0.60461,0.608,0.60443,0.60789,122170.0
2023-12-25 05:30:00+00:00,0.60789,0.61025,0.60753,0.60819,331300.0
2023-12-25 06:00:00+00:00,0.60819,0.60901,0.60693,0.60887,152360.0
2023-12-25 06:30:00+00:00,0.60887,0.60899,0.60426,0.60512,357186.0
2023-12-25 07:00:00+00:00,0.60512,0.60515,0.60068,0.6028,676277.0
2023-12-25 07:30:00+00:00,0.6028,0.60484,0.60127,0.60245,268967.0
2023-12-25 08:00:00+00:00,0.60245,0.6081,0.60233,0.60587,182653.0
2023-12-25 08:30:00+00:00,0.60587,0.60597,0.60068,0.60105,140493.0
2023-12-25 09:00:00+00:00,0.60105,0.60412,0.60045,0.60307,334057.0
2023-12-25 09:30:00+00:00,0.60307,0.60465,0.59953,0.60359,355174.0
2023-12-25 10:00:00+00:00,0.60359,0.6068,0.6031,0.6065,225980.0
2023-12-25 10:30:00+00:00,0.6065,0.60664,0.60417,0.60579,224884.0
2023-12-25 11:00:00+00:00,0.60579,0.60936,0.60425,0.60936,297416.0
2023-12-25 11:30:00+00:00,0.60936,0.61083,0.60672,0.60685,484603.0
2023-12-25 12:00:00+00:00,0.60685,0.60864,0.60568,0.60611,312526.0
2023-12-25 12:30:00+00:00,0.60611,0.61541,0.60557,0.61459,491075.0
2023-12-25 13:00:00+00:00,0.61459,0.61543,0.61085,0.61352,474197.0
2023-12-25 13:30:00+00:00,0.61352,0.61519,0.61106,0.61433,459823.0
2023-12-25 14:00:00+00:00,0.61433,0.61527,0.61093,0.61491,413837.0
2023-12-25 14:30:00+00:00,0.61491,0.61828,0.6134,0.61818,450335.0
2023-12-25 15:00:00+00:00,0.61818,0.61944,0.61285,0.61639,456595.0
2023-12-25 15:30:00+00:00,0.61639,0.62,0.61525,0.61717,642960.0
2023-12-25 16:00:00+00:00,0.61717,0.62667,0.61715,0.62526,885565.0
2023-12-25 16:30:00+00:00,0.62526,0.62679,0.61655,0.62229,815379.0
2023-12-25 17:00:00+00:00,0.62229,0.62364,0.61967,0.62287,350662.0
2023-12-25 17:30:00+00:00,0.62287,0.62435,0.62056,0.62411,348202.0
2023-12-25 18:00:00+00:00,0.62411,0.6254,0.62075,0.62218,204160.0
2023-12-25 18:30:00+00:00,0.62218,0.6261,0.61923,0.62094,684997.0
2023-12-25 19:00:00+00:00,0.62094,0.62499,0.61943,0.62282,470378.0
2023-12-25 19:30:00+00:00,0.62282,0.62341,0.61978,0.62001,317881.0
2023-12-25 20:00:00+00:00,0.62001,0.62165,0.6165,0.61678,860617.0
2023-12-25 20:30:00+00:00,0.61678,0.61833,0.61225,0.61789,949040.0
2023-12-25 21:00:00+00:00,0.61789,0.61934,0.61267,0.6162,407286.0
2023-12-25 21:30:00+00:00,0.6162,0.62163,0.6153,0.62088,358739.0
2023-12-25 22:00:00+00:00,0.62088,0.62836,0.62021,0.62716,782433.0
2023-12-25 22:30:00+00:00,0.62716,0.63529,0.62658,0.62823,1325912.0
2023-12-25 23:00:00+00:00,0.62823,0.6293,0.62392,0.62826,468613.0
2023-12-25 23:30:00+00:00,0.62826,0.62887,0.624,0.62453,246337.0
2023-12-26 00:00:00+00:00,0.62453,0.62836,0.62025,0.6214,579289.0
2023-12-26 00:30:00+00:00,0.6214,0.62278,0.6175,0.61895,331325.0
2023-12-26 01:00:00+00:00,0.61895,0.62025,0.6175,0.61976,326522.0
2023-12-26 01:30:00+00:00,0.61976,0.61983,0.61535,0.61719,333549.0
2023-12-26 02:00:00+00:00,0.61719,0.62027,0.61719,0.61964,151538.0
2023-12-26 02:30:00+00:00,0.61964,0.62085,0.6177,0.6177,106833.0
2023-12-26 03:00:00+00:00,0.6177,0.62093,0.61592,0.61922,572868.0
2023-12-26 03:30:00+00:00,0.61922,0.61933,0.61646,0.61913,122067.0
2023-12-26 04:00:00+00:00,0.61913,0.6202,0.61748,0.61932,195930.0
2023-12-26 04:30:00+00:00,0.61932,0.62009,0.61738,0.61988,178693.0
2023-12-26 05:00:00+00:00,0.61988,0.62008,0.60786,0.61033,785237.0
2023-12-26 05:30:00+00:00,0.61033,0.61127,0.60042,0.60412,1638063.0
2023-12-26 06:00:00+00:00,0.60412,0.60495,0.59656,0.59963,1559587.0
2023-12-26 06:30:00+00:00,0.59963,0.6029,0.59685,0.59752,896618.0
2023-12-26 07:00:00+00:00,0.59752,0.60495,0.59444,0.60478,891675.0
2023-12-26 07:30:00+00:00,0.60478,0.60576,0.60193,0.60482,258821.0
2023-12-26 08:00:00+00:00,0.60482,0.6063,0.60137,0.60453,305526.0
2023-12-26 08:30:00+00:00,0.60453,0.60797,0.603,0.60752,431175.0
2023-12-26 09:00:00+00:00,0.60752,0.60854,0.60497,0.60681,528532.0
2023-12-26 09:30:00+00:00,0.60681,0.60836,0.59991,0.60469,993810.0
2023-12-26 10:00:00+00:00,0.60469,0.61017,0.60281,0.61016,811870.0
2023-12-26 10:30:00+00:00,0.61016,0.61332,0.60989,0.61214,568921.0
2023-12-26 11:00:00+00:00,0.61214,0.61252,0.60833,0.61064,609517.0
2023-12-26 11:30:00+00:00,0.61064,0.61566,0.61022,0.61482,855681.0
2023-12-26 12:00:00+00:00,0.61482,0.61548,0.61276,0.61457,366325.0
2023-12-26 12:30:00+00:00,0.61457,0.6177,0.61283,0.61764,464832.0
2023-12-26 13:00:00+00:00,0.61764,0.61945,0.61595,0.61855,307509.0
2023-12-26 13:30:00+00:00,0.61855,0.62414,0.617,0.62163,900147.0
2023-12-26 14:00:00+00:00,0.62163,0.62277,0.61331,0.62176,751340.0
2023-12-26 14:30:00+00:00,0.62176,0.62176,0.61376,0.615,459204.0
2023-12-26 15:00:00+00:00,0.615,0.61703,0.61011,0.61535,852991.0
2023-12-26 15:30:00+00:00,0.61535,0.61929,0.60677,0.60809,1277898.0
2023-12-26 16:00:00+00:00,0.60809,0.61521,0.60594,0.61341,794143.0
2023-12-26 16:30:00+00:00,0.61341,0.61551,0.60829,0.61039,660498.0
2023-12-26 17:00:00+00:00,0.61039,0.6112,0.6015,0.60248,761938.0
2023-12-26 17:30:00+00:00,0.60248,0.60292,0.5583,0.58717,7854664.0
2023-12-26 18:00:00+00:00,0.58717,0.59231,0.58341,0.58449,1528335.0
2023-12-26 18:30:00+00:00,0.58449,0.59407,0.58181,0.59287,908188.0
2023-12-26 19:00:00+00:00,0.59287,0.59454,0.5885,0.59452,724126.0
2023-12-26 19:30:00+00:00,0.59452,0.59468,0.58849,0.59008,407103.0
2024-01-12 11:30:00+00:00,0.58508,0.58599,0.58084,0.58126,408138.0
2024-01-12 12:00:00+00:00,0.58126,0.58717,0.58087,0.58522,443174.0
2024-01-12 12:30:00+00:00,0.58522,0.58597,0.5744,0.57833,862712.0
2024-01-12 13:00:00+00:00,0.57833,0.58298,0.57782,0.57964,327776.0
2024-01-12 13:30:00+00:00,0.57964,0.58397,0.57948,0.5827,278321.0
2024-01-12 14:00:00+00:00,0.5827,0.58787,0.58053,0.58724,716559.0
2024-01-12 14:30:00+00:00,0.58724,0.58724,0.57849,0.58459,848201.0
2024-01-12 15:00:00+00:00,0.58459,0.58528,0.56755,0.57495,1369260.0
2024-01-12 15:30:00+00:00,0.57495,0.57495,0.56319,0.56666,1485129.0
2024-01-12 16:00:00+00:00,0.56666,0.5718,0.56347,0.56886,974701.0
2024-01-12 16:30:00+00:00,0.56886,0.57043,0.54854,0.55438,2194406.0
2024-01-12 17:00:00+00:00,0.55438,0.55772,0.53909,0.54598,1959675.0
2024-01-12 17:30:00+00:00,0.54598,0.55837,0.54598,0.55837,822908.0
2024-01-12 18:00:00+00:00,0.55837,0.56264,0.55711,0.55944,1336275.0
2024-01-12 18:30:00+00:00,0.55944,0.5598,0.55268,0.55805,542659.0
2024-01-12 19:00:00+00:00,0.55805,0.56141,0.55516,0.56104,310555.0
2024-01-12 19:30:00+00:00,0.56104,0.56146,0.55706,0.55879,255962.0
2024-01-12 20:00:00+00:00,0.55879,0.56458,0.55825,0.56382,580365.0
2024-01-12 20:30:00+00:00,0.56382,0.56609,0.56116,0.56541,622629.0
2024-01-12 21:00:00+00:00,0.56541,0.56616,0.55534,0.5588,707740.0
2024-01-12 21:30:00+00:00,0.5588,0.56007,0.547,0.55272,759354.0
2024-01-12 22:00:00+00:00,0.55272,0.55311,0.52629,0.53261,1905760.0
2024-01-12 22:30:00+00:00,0.53261,0.54495,0.53261,0.54415,1491022.0
2024-01-12 23:00:00+00:00,0.54415,0.54782,0.54338,0.54751,729836.0
2024-01-12 23:30:00+00:00,0.54751,0.54881,0.54538,0.548,765598.0
2024-01-13 00:00:00+00:00,0.548,0.55082,0.54546,0.54598,403270.0
2024-01-13 00:30:00+00:00,0.54598,0.54898,0.54248,0.54248,338031.0
2024-01-13 01:00:00+00:00,0.54248,0.54346,0.53144,0.53942,608846.0
2024-01-13 01:30:00+00:00,0.53942,0.54366,0.53845,0.5425,439819.0
2024-01-13 02:00:00+00:00,0.5425,0.547,0.54073,0.54495,375500.0
2024-01-13 02:30:00+00:00,0.54495,0.54761,0.54373,0.54385,166003.0
2024-01-13 03:00:00+00:00,0.54385,0.54598,0.54232,0.54457,95698.0
2024-01-13 03:30:00+00:00,0.54457,0.54738,0.54413,0.54596,133312.0
2024-01-13 04:00:00+00:00,0.54596,0.5475,0.54492,0.54744,85821.0
2024-01-13 04:30:00+00:00,0.54744,0.54872,0.5463,0.54738,159318.0
2024-01-13 05:00:00+00:00,0.54738,0.55058,0.54559,0.55034,215547.0
2024-01-13 05:30:00+00:00,0.55034,0.55359,0.55012,0.55359,367484.0
2024-01-13 06:00:00+00:00,0.55359,0.55466,0.55199,0.55314,142185.0
2024-01-13 06:30:00+00:00,0.55314,0.55316,0.54959,0.55161,300281.0
2024-01-13 07:00:00+00:00,0.55161,0.5536,0.55095,0.55228,167857.0
2024-01-13 07:30:00+00:00,0.55228,0.55258,0.54841,0.54893,333775.0
2024-01-13 08:00:00+00:00,0.54893,0.55277,0.54878,0.55237,451740.0
2024-01-13 08:30:00+00:00,0.55237,0.55237,0.54936,0.55092,221919.0
2024-01-13 09:00:00+00:00,0.55092,0.55199,0.54591,0.54806,193047.0
2024-01-13 09:30:00+00:00,0.54806,0.54896,0.54602,0.54743,202292.0
2024-01-13 10:00:00+00:00,0.54743,0.54964,0.54506,0.5489,516605.0
2024-01-13 10:30:00+00:00,0.5489,0.55062,0.54824,0.54919,179382.0
2024-01-13 11:00:00+00:00,0.54919,0.55121,0.54824,0.55002,135113.0
2024-01-13 11:30:00+00:00,0.55002,0.55102,0.54817,0.5488,166650.0
2024-01-13 12:00:00+00:00,0.5488,0.55107,0.5463,0.54892,274265.0
2024-01-13 12:30:00+00:00,0.54892,0.55033,0.54723,0.54723,240451.0
2024-01-13 13:00:00+00:00,0.54723,0.54863,0.54504,0.54856,195128.0
2024-01-13 13:30:00+00:00,0.54856,0.5487,0.5447,0.5463,155679.0
2024-01-13 14:00:00+00:00,0.5463,0.54689,0.54339,0.54457,119926.0
2024-01-13 14:30:00+00:00,0.54457,0.54951,0.54367,0.54628,236791.0
2024-01-13 15:00:00+00:00,0.54628,0.55095,0.54603,0.55052,165397.0
2024-01-13 15:30:00+00:00,0.55052,0.55304,0.54846,0.55094,259867.0
2024-01-13 16:00:00+00:00,0.55094,0.5516,0.54567,0.5474,260718.0
2024-01-13 16:30:00+00:00,0.5474,0.54876,0.54285,0.54381,559934.0
2024-01-13 17:00:00+00:00,0.54381,0.54659,0.54073,0.54659,572056.0
2024-01-13 17:30:00+00:00,0.54659,0.54757,0.54424,0.54564,196734.0
2024-01-13 18:00:00+00:00,0.54564,0.5457,0.54363,0.54408,150619.0
2024-01-13 18:30:00+00:00,0.54408,0.54545,0.54362,0.54538,94835.0
2024-01-13 19:00:00+00:00,0.54538,0.54803,0.54528,0.54745,192793.0
2024-01-13 19:30:00+00:00,0.54745,0.54965,0.54683,0.54698,375126.0
2024-01-13 20:00:00+00:00,0.54698,0.54915,0.5461,0.54809,157311.0
2024-01-13 20:30:00+00:00,0.54809,0.55079,0.54782,0.54935,265478.0
2024-01-13 21:00:00+00:00,0.54935,0.55072,0.54772,0.54895,144477.0
2024-01-13 21:30:00+00:00,0.54895,0.55084,0.54723,0.55056,203378.0
2024-01-13 22:00:00+00:00,0.55056,0.55216,0.5485,0.54851,468576.0
2024-01-13 22:30:00+00:00,0.54851,0.55153,0.54807,0.55096,111324.0
2024-01-13 23:00:00+00:00,0.55096,0.55173,0.54932,0.54991,108243.0
2024-01-13 23:30:00+00:00,0.54991,0.55055,0.54764,0.54945,96350.0
2024-01-14 00:00:00+00:00,0.54945,0.5497,0.54427,0.54525,454060.0
2024-01-14 00:30:00+00:00,0.54525,0.54656,0.54078,0.54303,568772.0
2024-01-14 01:00:00+00:00,0.54303,0.54699,0.54278,0.54664,430507.0
2024-01-14 01:30:00+00:00,0.54664,0.54716,0.5452,0.54689,90793.0
2024-01-14 02:00:00+00:00,0.54689,0.54755,0.54268,0.54301,102610.0
2024-01-14 02:30:00+00:00,0.54301,0.54627,0.5429,0.54545,66553.0
2024-01-14 03:00:00+00:00,0.54545,0.54665,0.54358,0.54588,104469.0
2024-01-14 03:30:00+00:00,0.54588,0.54588,0.54326,0.54422,44317.0
2024-01-14 04:00:00+00:00,0.54422,0.54673,0.54155,0.54358,522651.0
2024-01-14 04:30:00+00:00,0.54358,0.54497,0.54073,0.54114,95923.0
2024-01-14 05:00:00+00:00,0.54114,0.54573,0.54109,0.54573,175315.0
2024-01-14 05:30:00+00:00,0.54573,0.54827,0.54564,0.54822,109148.0
2024-01-14 06:00:00+00:00,0.54822,0.55039,0.54781,0.55035,114286.0
2024-01-14 06:30:00+00:00,0.55035,0.55035,0.54834,0.54911,115214.0
2024-01-14 07:00:00+00:00,0.54911,0.5494,0.54624,0.54721,87115.0
2024-01-14 07:30:00+00:00,0.54721,0.54723,0.54525,0.54689,84763.0
2024-01-14 08:00:00+00:00,0.54689,0.54714,0.5448,0.54514,50777.0
2024-01-14 08:30:00+00:00,0.54514,0.54714,0.54339,0.5464,83905.0
2024-01-14 09:00:00+00:00,0.5464,0.54707,0.54476,0.5455,73876.0
2024-01-14 09:30:00+00:00,0.5455,0.54771,0.54375,0.54757,263321.0
2024-01-14 10:00:00+00:00,0.54757,0.54817,0.54613,0.54817,175008.0
2024-01-14 10:30:00+00:00,0.54817,0.54941,0.54603,0.54648,169496.0
2024-01-14 11:00:00+00:00,0.54648,0.54708,0.54371,0.54696,294935.0
2024-01-14 11:30:00+00:00,0.54696,0.5471,0.54388,0.54463,69299.0
2024-01-14 12:00:00+00:00,0.54463,0.54595,0.5438,0.54547,86250.0
2024-01-14 12:30:00+00:00,0.54547,0.54627,0.542,0.54201,197896.0
2024-01-14 13:00:00+00:00,0.54201,0.54492,0.54173,0.54343,212817.0
2024-01-14 13:30:00+00:00,0.54343,0.54583,0.54219,0.54548,111689.0
2024-01-14 14:00:00+00:00,0.54548,0.54775,0.54446,0.54487,149114.0
2024-01-14 14:30:00+00:00,0.54487,0.54568,0.54382,0.54437,109507.0
2024-01-14 15:00:00+00:00,0.54437,0.54596,0.54407,0.54588,130297.0
2024-01-14 15:30:00+00:00,0.54588,0.54766,0.54576,0.54608,145483.0
2024-01-14 16:00:00+00:00,0.54608,0.54801,0.54576,0.54695,81931.0
2024-01-14 16:30:00+00:00,0.54695,0.54738,0.54288,0.54502,314450.0
2024-01-14 17:00:00+00:00,0.54502,0.54833,0.54459,0.54636,209762.0
2024-01-14 17:30:00+00:00,0.54636,0.54915,0.54602,0.5468,274131.0
2024-01-14 18:00:00+00:00,0.5468,0.54864,0.54328,0.54332,335453.0
2024-01-14 18:30:00+00:00,0.54332,0.54583,0.54259,0.54552,183752.0
2024-01-14 19:00:00+00:00,0.54552,0.54598,0.53957,0.54183,1108842.0
2024-01-14 19:30:00+00:00,0.54183,0.54216,0.53476,0.53582,859408.0
2024-01-14 20:00:00+00:00,0.53582,0.53808,0.52908,0.537,1794060.0
2024-01-14 20:30:00+00:00,0.537,0.53948,0.53561,0.53629,765540.0
2024-01-14 21:00:00+00:00,0.53629,0.53721,0.5319,0.53286,237459.0
2024-01-14 21:30:00+00:00,0.53286,0.5402,0.53169,0.5397,405009.0
2024-01-14 22:00:00+00:00,0.5397,0.54071,0.53589,0.53599,371366.0
2024-01-14 22:30:00+00:00,0.53599,0.53737,0.53237,0.53378,270141.0
2024-01-14 23:00:00+00:00,0.53378,0.53433,0.52638,0.52749,1308926.0
2024-01-14 23:30:00+00:00,0.52749,0.5306,0.52386,0.52526,727551.0
2024-01-15 00:00:00+00:00,0.52526,0.53256,0.52467,0.53094,1037851.0
2024-01-15 00:30:00+00:00,0.53094,0.53363,0.52927,0.53345,225819.0
2024-01-15 01:00:00+00:00,0.53345,0.53478,0.53091,0.53315,539397.0
2024-01-15 01:30:00+00:00,0.53315,0.53642,0.53249,0.53532,326592.0
2024-01-15 02:00:00+00:00,0.53532,0.53532,0.5332,0.53441,101341.0
2024-01-15 02:30:00+00:00,0.53441,0.53727,0.53344,0.5371,127995.0
2024-01-15 03:00:00+00:00,0.5371,0.53947,0.53643,0.53923,278944.0
2024-01-15 03:30:00+00:00,0.53923,0.53968,0.53703,0.5382,151167.0
2024-01-15 04:00:00+00:00,0.5382,0.53969,0.538,0.5388,78005.0
2024-01-15 04:30:00+00:00,0.5388,0.54,0.5367,0.53975,292977.0
2024-01-15 05:00:00+00:00,0.53975,0.54188,0.53944,0.5396,258219.0
2024-01-15 05:30:00+00:00,0.5396,0.53988,0.53818,0.53971,385023.0
2024-01-15 06:00:00+00:00,0.53971,0.5406,0.53876,0.53961,220458.0
2024-01-15 06:30:00+00:00,0.53961,0.53986,0.53614,0.53694,1450894.0
2024-01-15 07:00:00+00:00,0.53694,0.53795,0.53624,0.53677,237077.0
2024-01-15 07:30:00+00:00,0.53677,0.53829,0.53344,0.53759,1417689.0
2024-01-15 08:00:00+00:00,0.53759,0.53872,0.53626,0.53728,320727.0
2024-01-15 08:30:00+00:00,0.53728,0.539,0.53728,0.53827,198580.0
2024-01-15 09:00:00+00:00,0.53827,0.53908,0.536,0.53908,355018.0
2024-01-15 09:30:00+00:00,0.53908,0.54045,0.53754,0.53965,539746.0
2024-01-15 10:00:00+00:00,0.53965,0.5404,0.53801,0.53813,658984.0
2024-01-15 10:30:00+00:00,0.53813,0.5404,0.53735,0.53839,301136.0
2024-01-15 11:00:00+00:00,0.53839,0.53942,0.53741,0.53784,314265.0
2024-01-15 11:30:00+00:00,0.53784,0.53842,0.53584,0.53675,232586.0
2024-01-15 12:00:00+00:00,0.53675,0.53872,0.535,0.53702,499090.0
2024-01-15 12:30:00+00:00,0.53702,0.53757,0.53162,0.53451,651656.0
2024-01-15 13:00:00+00:00,0.53451,0.5355,0.53204,0.53402,298692.0
2024-01-15 13:30:00+00:00,0.53402,0.53792,0.53328,0.53527,657052.0
2024-01-15 14:00:00+00:00,0.53527,0.53565,0.53,0.53145,543684.0
2024-01-15 14:30:00+00:00,0.53145,0.53146,0.52424,0.526,982145.0
2024-01-15 15:00:00+00:00,0.526,0.52961,0.52585,0.52882,760406.0
2024-01-15 15:30:00+00:00,0.52882,0.52944,0.52326,0.52511,672025.0
2024-01-15 16:00:00+00:00,0.52511,0.52741,0.52384,0.52647,644282.0
2024-01-15 16:30:00+00:00,0.52647,0.52854,0.52518,0.52792,423797.0
2024-01-15 17:00:00+00:00,0.52792,0.52974,0.52707,0.52851,521399.0
2024-01-15 17:30:00+00:00,0.52851,0.52986,0.52717,0.52908,616480.0
2024-01-15 18:00:00+00:00,0.52908,0.53462,0.52808,0.53434,931961.0
2024-01-15 18:30:00+00:00,0.53434,0.53658,0.53151,0.53206,1263072.0
2024-01-15 19:00:00+00:00,0.53206,0.53704,0.53132,0.53646,396883.0
2024-01-15 19:30:00+00:00,0.53646,0.53646,0.53304,0.53439,482809.0
2024-01-15 20:00:00+00:00,0.53439,0.5375,0.53422,0.53577,199994.0
2024-01-15 20:30:00+00:00,0.53577,0.53617,0.53138,0.5325,318105.0
2024-01-15 21:00:00+00:00,0.5325,0.53281,0.52781,0.52827,595355.0
2024-01-15 21:30:00+00:00,0.52827,0.53098,0.52811,0.52867,200163.0
2024-01-15 22:00:00+00:00,0.52867,0.5301,0.52166,0.52857,1114362.0
2024-01-15 22:30:00+00:00,0.52857,0.53144,0.52739,0.52853,263578.0
2024-01-15 23:00:00+00:00,0.52853,0.53066,0.5278,0.5291,183544.0
2024-01-15 23:30:00+00:00,0.5291,0.52987,0.52751,0.52793,163803.0
2024-01-16 00:00:00+00:00,0.52793,0.53292,0.52769,0.53215,245349.0
2024-01-16 00:30:00+00:00,0.53215,0.53283,0.53091,0.53257,196819.0
2024-01-16 01:00:00+00:00,0.53257,0.53596,0.53244,0.53384,291450.0
2024-01-16 01:30:00+00:00,0.53384,0.53384,0.5313,0.53221,93764.0
2024-01-16 02:00:00+00:00,0.53221,0.53364,0.53133,0.53353,263748.0
2024-01-16 02:30:00+00:00,0.53353,0.53462,0.53136,0.53269,157708.0
2024-01-16 03:00:00+00:00,0.53269,0.53519,0.53251,0.53407,106185.0
2024-01-16 03:30:00+00:00,0.53407,0.53626,0.53326,0.53613,113019.0
2024-01-16 04:00:00+00:00,0.53613,0.53675,0.53357,0.53376,130289.0
2024-01-16 04:30:00+00:00,0.53376,0.53386,0.53251,0.53315,80120.0
2024-01-16 05:00:00+00:00,0.53315,0.53471,0.53254,0.5345,60940.0
2024-01-16 05:30:00+00:00,0.5345,0.5354,0.53175,0.53182,168326.0
2024-01-16 06:00:00+00:00,0.53182,0.53234,0.53056,0.53103,226150.0
2024-01-16 06:30:00+00:00,0.53103,0.53301,0.53086,0.53288,145264.0
2024-01-16 07:00:00+00:00,0.53288,0.5344,0.53056,0.53091,210238.0
2024-01-16 07:30:00+00:00,0.53091,0.53379,0.53091,0.53303,208746.0
2024-01-16 08:00:00+00:00,0.53303,0.53464,0.53166,0.53325,533137.0
2024-01-16 08:30:00+00:00,0.53325,0.53711,0.53312,0.5363,969121.0
2024-01-16 09:00:00+00:00,0.5363,0.53872,0.5354,0.53801,260912.0
2024-01-16 09:30:00+00:00,0.53801,0.53896,0.53504,0.53577,824947.0
2024-01-16 10:00:00+00:00,0.53577,0.53615,0.53412,0.5358,207141.0
2024-01-16 10:30:00+00:00,0.5358,0.53854,0.53487,0.53704,286062.0
2024-01-16 11:00:00+00:00,0.53704,0.53866,0.53601,0.53639,200085.0
2024-01-16 11:30:00+00:00,0.53639,0.53827,0.53455,0.53779,445293.0
2024-01-16 12:00:00+00:00,0.53779,0.53949,0.53715,0.53889,279800.0
2024-01-16 12:30:00+00:00,0.53889,0.54233,0.53877,0.54184,721676.0
2024-01-16 13:00:00+00:00,0.54184,0.54304,0.53838,0.53996,874131.0
2024-01-16 13:30:00+00:00,0.53996,0.54245,0.53705,0.53759,598718.0
2024-01-16 14:00:00+00:00,0.53759,0.53939,0.53434,0.53739,1299108.0
2024-01-16 14:30:00+00:00,0.53739,0.53953,0.5257,0.53388,2490890.0
2024-01-16 15:00:00+00:00,0.53388,0.54566,0.53137,0.54267,1281509.0
