timestamp,open,high,low,close,volume
2023-01-23 16:00:00+00:00,22840.0,22925.0,22798.0,22804.0,5198.605
2023-01-23 16:30:00+00:00,22804.0,22921.0,22761.0,22901.5,4494.239
2023-01-23 17:00:00+00:00,22901.5,22917.0,22849.0,22899.5,2507.578
2023-01-23 17:30:00+00:00,22899.5,23064.5,22845.0,23063.0,6475.923
2023-01-23 18:00:00+00:00,23063.0,23185.0,22997.5,23112.0,8962.577
2023-01-23 18:30:00+00:00,23112.0,23153.5,22870.0,22941.0,5990.179
2023-01-23 19:00:00+00:00,22941.0,22973.5,22809.5,22860.0,6713.661
2023-01-23 19:30:00+00:00,22860.0,22888.0,22653.0,22787.5,6375.412
2023-01-23 20:00:00+00:00,22787.5,22866.0,22755.0,22842.5,3029.707
2023-01-23 20:30:00+00:00,22842.5,23028.0,22816.5,23015.5,4601.708
2023-01-23 21:00:00+00:00,23015.5,23038.5,22933.0,22975.5,3831.808
2023-01-23 21:30:00+00:00,22975.5,23008.0,22936.5,22986.0,2750.892
2023-01-23 22:00:00+00:00,22986.0,23024.5,22953.5,22971.0,2712.096
2023-01-23 22:30:00+00:00,22971.0,22996.0,22850.0,22919.5,2764.542
2023-01-23 23:00:00+00:00,22919.5,22937.0,22868.0,22921.0,2492.484
2023-01-23 23:30:00+00:00,22921.0,22952.0,22888.5,22910.0,2296.522
2023-01-24 00:00:00+00:00,22910.0,22985.5,22864.5,22977.0,3022.481
2023-01-24 00:30:00+00:00,22977.0,23005.5,22938.5,22981.5,1867.759
2023-01-24 01:00:00+00:00,22981.5,23028.0,22932.0,22948.0,2111.48
2023-01-24 01:30:00+00:00,22948.0,23108.5,22935.0,23095.0,3251.083
2023-01-24 02:00:00+00:00,23095.0,23148.5,23078.0,23123.0,3563.557
2023-01-24 02:30:00+00:00,23123.0,23132.0,23045.0,23045.5,3652.077
2023-01-24 03:00:00+00:00,23045.5,23062.5,23011.0,23027.0,2888.659
2023-01-24 03:30:00+00:00,23027.0,23088.0,23027.0,23083.5,2248.401
2023-01-24 04:00:00+00:00,23083.5,23125.5,23076.0,23110.5,2062.19
2023-01-24 04:30:00+00:00,23110.5,23112.0,23067.5,23077.5,2400.516
2023-01-24 05:00:00+00:00,23077.5,23080.0,23032.5,23078.0,2231.524
2023-01-24 05:30:00+00:00,23078.0,23167.5,23077.0,23124.0,4001.286
2023-01-24 06:00:00+00:00,23124.0,23159.5,23113.5,23134.5,2487.487
2023-01-24 06:30:00+00:00,23134.5,23135.5,23071.5,23100.5,2236.464
2023-01-24 07:00:00+00:00,23100.5,23132.0,23091.0,23098.5,1275.95
2023-01-24 07:30:00+00:00,23098.5,23101.0,23018.5,23057.5,3123.87
2023-01-24 08:00:00+00:00,23057.5,23094.5,23038.5,23077.5,2024.983
2023-01-24 08:30:00+00:00,23077.5,23089.0,23048.0,23054.5,2285.062
2023-01-24 09:00:00+00:00,23054.5,23060.0,22835.5,22908.0,10622.758
2023-01-24 09:30:00+00:00,22908.0,22913.5,22762.5,22840.5,9021.571
2023-01-24 10:00:00+00:00,22840.5,22914.0,22837.5,22906.5,3663.56
2023-01-24 10:30:00+00:00,22906.5,22931.0,22892.5,22892.5,3047.528
2023-01-24 11:00:00+00:00,22892.5,22922.0,22868.5,22914.0,2313.662
2023-01-24 11:30:00+00:00,22914.0,22924.0,22855.5,22907.5,2653.155
2023-01-24 12:00:00+00:00,22907.5,22987.0,22875.0,22985.0,3785.222
2023-01-24 12:30:00+00:00,22985.0,23023.5,22944.0,22951.5,4382.878
2023-01-24 13:00:00+00:00,22951.5,23004.5,22933.5,22941.5,4049.492
2023-01-24 13:30:00+00:00,22941.5,22961.5,22776.0,22853.5,7247.195
2023-01-24 14:00:00+00:00,22853.5,22938.5,22793.0,22845.5,5753.266
2023-01-24 14:30:00+00:00,22845.5,22949.0,22703.0,22851.5,11796.888
2023-01-24 15:00:00+00:00,22851.5,22909.5,22743.0,22898.0,5895.84
2023-01-24 15:30:00+00:00,22898.0,22947.0,22845.5,22918.0,3863.785
2023-01-24 16:00:00+00:00,22918.0,22938.5,22860.0,22935.0,3311.877
2023-01-24 16:30:00+00:00,22935.0,22935.5,22834.0,22865.5,2333.599
2023-01-24 17:00:00+00:00,22865.5,22918.0,22777.5,22898.5,3261.928
2023-01-24 17:30:00+00:00,22898.5,22912.0,22866.0,22903.0,2543.575
2023-01-24 18:00:00+00:00,22903.0,23043.0,22870.0,22986.0,5083.34
2023-01-24 18:30:00+00:00,22986.0,23033.0,22970.5,22987.0,2194.855
2023-01-24 19:00:00+00:00,22987.0,23005.0,22954.5,22988.5,1777.744
2023-01-24 19:30:00+00:00,22988.5,23062.0,22980.5,23011.0,4124.869
2023-01-24 20:00:00+00:00,23011.0,23028.0,22922.0,22970.0,2652.389
2023-01-24 20:30:00+00:00,22970.0,23016.5,22866.5,23004.5,2528.159
2023-01-24 21:00:00+00:00,23004.5,23068.0,22956.0,22990.5,2542.169
2023-01-24 21:30:00+00:00,22990.5,23010.0,22811.0,22892.5,3634.97
2023-01-24 22:00:00+00:00,22892.5,22913.0,22660.0,22693.0,7552.544
2023-01-24 22:30:00+00:00,22693.0,22840.0,22690.0,22748.5,4866.93
2023-01-24 23:00:00+00:00,22748.5,22772.0,22444.5,22610.0,14759.754
2023-01-24 23:30:00+00:00,22610.0,22654.5,22538.0,22623.5,4867.06
2023-01-25 00:00:00+00:00,22623.5,22658.0,22491.5,22538.0,5567.132
2023-01-25 00:30:00+00:00,22538.0,22695.0,22492.5,22648.0,4653.111
2023-01-25 01:00:00+00:00,22648.0,22658.0,22328.0,22375.5,11992.206
2023-01-25 01:30:00+00:00,22375.5,22487.5,22359.0,22487.5,5333.332
2023-01-25 02:00:00+00:00,22487.5,22576.5,22479.0,22571.0,4253.109
2023-01-25 02:30:00+00:00,22571.0,22583.0,22521.0,22540.5,3262.301
2023-01-25 03:00:00+00:00,22540.5,22636.0,22527.5,22614.0,3457.297
2023-01-25 03:30:00+00:00,22614.0,22639.5,22592.5,22637.5,2366.881
2023-01-25 04:00:00+00:00,22637.5,22640.5,22613.5,22638.5,2317.272
2023-01-25 04:30:00+00:00,22638.5,22648.5,22611.0,22614.5,1479.177
2023-01-25 05:00:00+00:00,22614.5,22683.0,22598.0,22677.5,2497.671
2023-01-25 05:30:00+00:00,22677.5,22724.0,22645.0,22662.5,3829.729
2023-01-25 06:00:00+00:00,22662.5,22687.0,22626.0,22685.5,2941.215
2023-01-25 06:30:00+00:00,22685.5,22728.5,22672.5,22700.5,4022.33
2023-01-25 07:00:00+00:00,22700.5,22753.5,22686.5,22712.5,3571.326
2023-01-25 07:30:00+00:00,22712.5,22735.0,22698.0,22702.0,2537.376
2023-01-25 08:00:00+00:00,22702.0,22725.0,22653.0,22664.0,3340.759
2023-01-25 08:30:00+00:00,22664.0,22699.0,22646.5,22649.0,2913.105
2023-01-25 09:00:00+00:00,22649.0,22669.5,22563.5,22648.0,5261.485
2023-01-25 09:30:00+00:00,22648.0,22695.0,22585.5,22596.5,4697.317
2023-01-25 10:00:00+00:00,22596.5,22620.0,22476.0,22578.0,6796.199
2023-01-25 10:30:00+00:00,22578.0,22617.0,22516.0,22598.5,2705.055
2023-01-25 11:00:00+00:00,22598.5,22616.5,22587.0,22615.5,1788.974
2023-01-25 11:30:00+00:00,22615.5,22615.5,22556.5,22592.5,3057.597
2023-01-25 12:00:00+00:00,22592.5,22735.5,22588.0,22684.5,5797.288
2023-01-25 12:30:00+00:00,22684.5,22733.5,22660.5,22687.5,2984.586
2023-01-25 13:00:00+00:00,22687.5,22721.0,22660.5,22674.0,3497.516
2023-01-25 13:30:00+00:00,22674.0,22686.0,22566.0,22595.0,4329.253
2023-01-25 14:00:00+00:00,22595.0,22620.5,22538.0,22560.5,3978.908
2023-01-25 14:30:00+00:00,22560.5,22569.5,22413.0,22429.5,8160.015
2023-01-25 15:00:00+00:00,22429.5,22541.0,22328.5,22536.5,9302.944
2023-01-25 15:30:00+00:00,22536.5,22600.5,22480.0,22572.5,5100.831
2023-01-25 16:00:00+00:00,22572.5,22690.0,22516.5,22639.0,5731.881
2023-01-25 16:30:00+00:00,22639.0,22655.0,22575.0,22624.0,3778.482
2023-01-25 17:00:00+00:00,22624.0,22645.0,22513.5,22513.5,3650.029
2023-01-25 17:30:00+00:00,22513.5,22579.5,22510.0,22565.5,3128.643
2023-01-25 18:00:00+00:00,22565.5,22650.0,22553.5,22626.0,2838.794
2023-01-25 18:30:00+00:00,22626.0,22718.5,22592.5,22716.0,2356.577
2023-01-25 19:00:00+00:00,22716.0,22741.5,22660.5,22684.5,2604.42
2023-01-25 19:30:00+00:00,22684.5,22750.0,22648.0,22741.5,2843.84
2023-01-25 20:00:00+00:00,22741.5,22934.0,22741.5,22889.5,8679.802
2023-01-25 20:30:00+00:00,22889.5,22944.0,22828.0,22929.0,2755.484
2023-01-25 21:00:00+00:00,22929.0,23042.5,22830.0,22982.5,7608.353
2023-01-25 21:30:00+00:00,22982.5,23730.0,22982.5,23593.5,21814.742
2023-01-25 22:00:00+00:00,23593.5,23828.0,23203.0,23401.0,18892.634
2023-01-25 22:30:00+00:00,23401.0,23472.5,22808.5,22930.5,14652.008
2023-01-25 23:00:00+00:00,22930.5,23138.5,22882.0,23090.0,6132.395
2023-01-25 23:30:00+00:00,23090.0,23207.5,23026.0,23051.5,5649.979
2023-01-26 00:00:00+00:00,23051.5,23143.5,23051.5,23052.0,4069.538
2023-01-26 00:30:00+00:00,23052.0,23270.0,23042.5,23229.5,4242.483
2023-01-26 01:00:00+00:00,23229.5,23236.5,23146.0,23171.5,3413.611
2023-01-26 01:30:00+00:00,23171.5,23225.0,23128.0,23153.0,2509.381
2023-01-26 02:00:00+00:00,23153.0,23253.0,23133.0,23210.5,2692.836
2023-01-26 02:30:00+00:00,23210.5,23228.5,23139.0,23173.0,2027.176
2023-01-26 03:00:00+00:00,23173.0,23220.0,23163.5,23177.5,1627.803
2023-01-26 03:30:00+00:00,23177.5,23180.5,23100.0,23128.0,3304.624
2023-01-26 04:00:00+00:00,23128.0,23161.5,23101.0,23155.5,2913.055
2023-01-26 04:30:00+00:00,23155.5,23187.5,23096.0,23170.0,2703.04
2023-01-26 05:00:00+00:00,23170.0,23181.5,23153.0,23163.0,1703.7
2023-01-26 05:30:00+00:00,23163.0,23170.0,23127.0,23142.0,2228.436
2023-01-26 06:00:00+00:00,23142.0,23155.0,22890.0,22992.0,8864.781
2023-01-26 06:30:00+00:00,22992.0,23080.5,22972.5,23080.0,4985.907
2023-01-26 07:00:00+00:00,23080.0,23083.0,23000.0,23021.0,3174.663
2023-01-26 07:30:00+00:00,23021.0,23037.5,22945.5,22962.5,3384.847
2023-01-26 08:00:00+00:00,22962.5,23028.0,22945.0,22977.0,4691.346
2023-01-26 08:30:00+00:00,22977.0,23041.5,22921.0,22992.0,5611.837
2023-01-26 09:00:00+00:00,22992.0,23026.5,22935.5,22961.5,4640.602
2023-01-26 09:30:00+00:00,22961.5,23005.0,22905.5,22967.5,4168.843
2023-01-26 10:00:00+00:00,22967.5,22979.0,22879.0,22970.0,4985.155
2023-01-26 10:30:00+00:00,22970.0,22986.5,22844.5,22930.0,5476.739
2023-01-26 11:00:00+00:00,22930.0,22963.0,22890.0,22954.0,3198.696
2023-01-26 11:30:00+00:00,22954.0,22986.5,22944.5,22986.0,2802.051
2023-01-26 12:00:00+00:00,22986.0,23054.0,22958.0,23037.5,4177.589
2023-01-26 12:30:00+00:00,23037.5,23136.0,23037.5,23110.0,6598.261
2023-01-26 13:00:00+00:00,23110.0,23142.0,23022.0,23067.5,6532.785
2023-01-26 13:30:00+00:00,23067.5,23140.5,22870.5,23116.5,15782.731
2023-01-26 14:00:00+00:00,23116.5,23205.5,23096.0,23179.0,6153.04
2023-01-26 14:30:00+00:00,23179.0,23234.5,22915.0,23034.0,12741.203
2023-01-26 15:00:00+00:00,23034.0,23167.5,23002.5,23117.0,6577.247
2023-01-26 15:30:00+00:00,23117.0,23133.5,22889.0,22950.5,6634.585
2023-01-26 16:00:00+00:00,22950.5,22997.5,22851.5,22987.0,7305.631
2023-01-26 16:30:00+00:00,22987.0,23026.0,22953.0,23001.5,3988.984
2023-01-26 17:00:00+00:00,23001.5,23051.5,22986.5,23020.0,2152.211
2023-01-26 17:30:00+00:00,23020.0,23038.5,22955.0,22974.5,2425.734
2023-01-26 18:00:00+00:00,22974.5,23085.0,22956.0,23078.0,2588.853
2023-01-26 18:30:00+00:00,23078.0,23101.5,23006.0,23031.5,2855.109
2023-01-26 19:00:00+00:00,23031.5,23051.0,22976.0,23036.5,2817.896
2023-01-26 19:30:00+00:00,23036.5,23083.5,23031.5,23067.5,1748.963
2023-01-26 20:00:00+00:00,23067.5,23097.0,23036.5,23095.5,1429.562
2023-01-26 20:30:00+00:00,23095.5,23166.0,23073.0,23109.5,2650.192
2023-01-26 21:00:00+00:00,23109.5,23110.0,22960.5,23039.0,2552.286
2023-01-26 21:30:00+00:00,23039.0,23080.5,23011.5,23074.0,1886.09
2023-01-26 22:00:00+00:00,23074.0,23143.5,23029.5,23047.0,3042.653
2023-01-26 22:30:00+00:00,23047.0,23047.5,22985.5,22997.0,2111.98
2023-01-26 23:00:00+00:00,22997.0,23022.0,22964.0,22992.5,2773.344
2023-01-26 23:30:00+00:00,22992.5,23025.0,22976.5,23000.5,1445.609
2023-01-27 00:00:00+00:00,23000.5,23066.5,22927.0,22960.5,3030.908
2023-01-27 00:30:00+00:00,22960.5,22986.0,22889.0,22918.0,3014.714
2023-01-27 01:00:00+00:00,22918.0,22958.0,22872.0,22886.0,3008.556
2023-01-27 01:30:00+00:00,22886.0,22904.0,22518.5,22638.0,15818.795
2023-01-27 02:00:00+00:00,22638.0,22762.5,22600.0,22743.0,4425.29
2023-01-27 02:30:00+00:00,22743.0,22801.0,22740.5,22771.5,2813.432
2023-01-27 03:00:00+00:00,22771.5,22825.5,22771.5,22801.5,2183.946
2023-01-27 03:30:00+00:00,22801.5,22827.5,22748.5,22759.0,2505.571
2023-01-27 04:00:00+00:00,22759.0,22843.0,22749.0,22830.5,3606.925
2023-01-27 04:30:00+00:00,22830.5,22830.5,22788.5,22789.0,2219.811
2023-01-27 05:00:00+00:00,22789.0,22825.0,22784.5,22823.0,1764.942
2023-01-27 05:30:00+00:00,22823.0,23090.0,22822.5,23021.5,9840.041
2023-01-27 06:00:00+00:00,23021.5,23034.0,22961.0,23030.0,3309.156
2023-01-27 06:30:00+00:00,23030.0,23042.5,22979.5,22992.5,3034.269
2023-01-27 07:00:00+00:00,22992.5,22996.5,22925.5,22975.5,4320.553
2023-01-27 07:30:00+00:00,22975.5,23074.5,22965.0,23072.0,4077.68
2023-01-27 08:00:00+00:00,23072.0,23083.0,22927.5,22984.0,5076.757
2023-01-27 08:30:00+00:00,22984.0,23019.0,22932.5,22957.0,3953.211
2023-01-27 09:00:00+00:00,22957.0,22974.0,22913.5,22921.0,3293.214
2023-01-27 09:30:00+00:00,22921.0,22959.5,22903.0,22940.5,1997.325
2023-01-27 10:00:00+00:00,22940.5,22985.5,22932.5,22965.0,1512.42
2023-01-27 10:30:00+00:00,22965.0,22981.0,22900.0,22943.0,2133.118
2023-01-27 11:00:00+00:00,22943.0,22956.5,22910.5,22953.0,1983.911
2023-01-27 11:30:00+00:00,22953.0,22967.5,22929.0,22958.5,1804.431
2023-01-27 12:00:00+00:00,22958.5,22976.5,22924.0,22930.5,2322.599
2023-01-27 12:30:00+00:00,22930.5,22964.5,22851.0,22923.0,3875.272
2023-01-27 13:00:00+00:00,22923.0,22957.0,22846.0,22921.0,3891.238
2023-01-27 13:30:00+00:00,22921.0,23015.0,22861.0,22897.0,9987.142
2023-01-27 14:00:00+00:00,22897.0,22924.5,22835.5,22876.5,4554.867
2023-01-27 14:30:00+00:00,22876.5,23047.5,22857.0,22957.0,7702.403
2023-01-27 15:00:00+00:00,22957.0,23121.5,22937.0,23078.0,7281.432
2023-01-27 15:30:00+00:00,23078.0,23139.0,22919.0,22929.0,10189.745
2023-01-27 16:00:00+00:00,22929.0,23131.0,22919.0,23074.5,5893.425
2023-01-27 16:30:00+00:00,23074.5,23134.0,23065.5,23123.0,2236.026
2023-01-27 17:00:00+00:00,23123.0,23194.5,23080.0,23119.5,4646.363
2023-01-27 17:30:00+00:00,23119.5,23231.5,23088.0,23200.5,3846.248
2023-01-27 18:00:00+00:00,23200.5,23245.0,23126.5,23157.0,3973.018
2023-01-27 18:30:00+00:00,23157.0,23198.5,23126.5,23175.0,1956.627
2023-01-27 19:00:00+00:00,23175.0,23190.0,23151.5,23164.0,1432.503
2023-01-27 19:30:00+00:00,23164.0,23278.5,23163.5,23246.5,2422.017
2023-02-13 11:30:00+00:00,21629.0,21629.5,21574.0,21593.5,2510.209
2023-02-13 12:00:00+00:00,21593.5,21690.0,21582.5,21683.5,3925.992
2023-02-13 12:30:00+00:00,21683.5,21690.0,21642.0,21647.5,3453.088
2023-02-13 13:00:00+00:00,21647.5,21663.0,21610.5,21615.0,3833.332
2023-02-13 13:30:00+00:00,21615.0,21638.5,21560.5,21568.0,3083.638
2023-02-13 14:00:00+00:00,21568.0,21604.0,21555.0,21557.5,2552.757
2023-02-13 14:30:00+00:00,21557.5,21677.0,21552.5,21662.0,4478.121
2023-02-13 15:00:00+00:00,21662.0,21671.0,21593.5,21636.5,3338.945
2023-02-13 15:30:00+00:00,21636.5,21665.0,21551.5,21555.0,2656.106
2023-02-13 16:00:00+00:00,21555.0,21641.5,21502.0,21522.0,4158.6
2023-02-13 16:30:00+00:00,21522.0,21582.5,21398.0,21502.0,8925.257
2023-02-13 17:00:00+00:00,21502.0,21539.5,21448.5,21471.0,3723.991
2023-02-13 17:30:00+00:00,21471.0,21510.5,21340.0,21458.0,6223.603
2023-02-13 18:00:00+00:00,21458.0,21585.5,21448.5,21581.0,3350.627
2023-02-13 18:30:00+00:00,21581.0,21674.5,21574.0,21631.5,3054.233
2023-02-13 19:00:00+00:00,21631.5,21655.5,21604.0,21605.5,1670.534
2023-02-13 19:30:00+00:00,21605.5,21612.5,21530.0,21602.0,1993.73
2023-02-13 20:00:00+00:00,21602.0,21636.5,21558.0,21636.0,1528.258
2023-02-13 20:30:00+00:00,21636.0,21662.5,21621.0,21652.0,1771.623
2023-02-13 21:00:00+00:00,21652.0,21667.5,21588.5,21614.0,1529.728
2023-02-13 21:30:00+00:00,21614.0,21621.0,21578.0,21608.0,1871.79
2023-02-13 22:00:00+00:00,21608.0,21618.5,21594.0,21604.5,1859.936
2023-02-13 22:30:00+00:00,21604.5,21670.0,21602.5,21630.5,2782.231
2023-02-13 23:00:00+00:00,21630.5,21805.5,21626.5,21800.0,6678.045
2023-02-13 23:30:00+00:00,21800.0,21838.0,21762.5,21764.0,5008.673
2023-02-14 00:00:00+00:00,21764.0,21806.5,21736.0,21748.5,3113.569
2023-02-14 00:30:00+00:00,21748.5,21769.0,21721.0,21721.5,2746.469
2023-02-14 01:00:00+00:00,21721.5,21744.0,21690.5,21691.0,2586.23
2023-02-14 01:30:00+00:00,21691.0,21710.0,21672.5,21693.0,3025.167
2023-02-14 02:00:00+00:00,21693.0,21729.0,21687.0,21707.5,2732.329
2023-02-14 02:30:00+00:00,21707.5,21725.5,21693.5,21702.5,1874.282
2023-02-14 03:00:00+00:00,21702.5,21736.5,21685.5,21686.0,2066.207
2023-02-14 03:30:00+00:00,21686.0,21709.5,21681.5,21687.0,2493.225
2023-02-14 04:00:00+00:00,21687.0,21723.0,21675.0,21722.0,3266.261
2023-02-14 04:30:00+00:00,21722.0,21722.5,21694.5,21694.5,1802.597
2023-02-14 05:00:00+00:00,21694.5,21730.0,21694.5,21709.5,1411.313
2023-02-14 05:30:00+00:00,21709.5,21725.5,21690.5,21720.5,1825.71
2023-02-14 06:00:00+00:00,21720.5,21753.5,21710.0,21735.5,2515.429
2023-02-14 06:30:00+00:00,21735.5,21749.0,21715.5,21734.5,1766.496
2023-02-14 07:00:00+00:00,21734.5,21750.0,21731.5,21739.5,1674.046
2023-02-14 07:30:00+00:00,21739.5,21776.0,21736.5,21754.5,2109.495
2023-02-14 08:00:00+00:00,21754.5,21758.5,21701.0,21710.0,2539.252
2023-02-14 08:30:00+00:00,21710.0,21712.5,21661.0,21687.0,2545.43
2023-02-14 09:00:00+00:00,21687.0,21726.0,21678.0,21706.5,2056.327
2023-02-14 09:30:00+00:00,21706.5,21869.0,21698.0,21805.5,5762.744
2023-02-14 10:00:00+00:00,21805.5,21827.5,21775.5,21807.5,4286.338
2023-02-14 10:30:00+00:00,21807.5,21829.0,21780.0,21795.5,2779.977
2023-02-14 11:00:00+00:00,21795.5,21807.0,21768.0,21803.5,2775.454
2023-02-14 11:30:00+00:00,21803.5,21807.5,21780.0,21796.0,2030.865
2023-02-14 12:00:00+00:00,21796.0,21825.5,21786.5,21816.5,3040.604
2023-02-14 12:30:00+00:00,21816.5,21882.5,21807.5,21845.0,3933.876
2023-02-14 13:00:00+00:00,21845.0,21883.0,21782.0,21825.5,5857.9
2023-02-14 13:30:00+00:00,21825.5,21841.0,21529.0,21712.5,27617.025
2023-02-14 14:00:00+00:00,21712.5,21737.0,21589.5,21597.0,6840.432
2023-02-14 14:30:00+00:00,21597.0,22243.0,21560.0,22231.0,28788.879
2023-02-14 15:00:00+00:00,22231.0,22300.0,22134.0,22138.5,14089.055
2023-02-14 15:30:00+00:00,22138.5,22177.5,21854.0,22028.5,17872.297
2023-02-14 16:00:00+00:00,22028.5,22121.0,21964.0,21971.5,7781.388
2023-02-14 16:30:00+00:00,21971.5,22006.5,21913.0,22000.5,5128.783
2023-02-14 17:00:00+00:00,22000.5,22073.0,21996.0,22034.5,3243.405
2023-02-14 17:30:00+00:00,22034.5,22076.0,21985.0,22037.5,3482.992
2023-02-14 18:00:00+00:00,22037.5,22171.0,22035.5,22097.0,5548.761
2023-02-14 18:30:00+00:00,22097.0,22128.0,22075.5,22105.5,2697.36
2023-02-14 19:00:00+00:00,22105.5,22202.0,22055.5,22169.5,4296.261
2023-02-14 19:30:00+00:00,22169.5,22231.5,22169.0,22197.5,2169.293
2023-02-14 20:00:00+00:00,22197.5,22211.5,22158.0,22184.5,1712.035
2023-02-14 20:30:00+00:00,22184.5,22242.5,22173.0,22235.5,2347.578
2023-02-14 21:00:00+00:00,22235.5,22265.5,22111.0,22229.5,4433.92
2023-02-14 21:30:00+00:00,22229.5,22237.5,22169.5,22228.0,2112.38
2023-02-14 22:00:00+00:00,22228.0,22232.0,22188.0,22189.5,2166.942
2023-02-14 22:30:00+00:00,22189.5,22196.0,22138.0,22173.0,2466.058
2023-02-14 23:00:00+00:00,22173.0,22245.0,22155.5,22201.0,3312.847
2023-02-14 23:30:00+00:00,22201.0,22225.0,22181.5,22185.5,2294.118
2023-02-15 00:00:00+00:00,22185.5,22185.5,22138.5,22166.5,3173.016
2023-02-15 00:30:00+00:00,22166.5,22179.0,22100.0,22133.5,2337.721
2023-02-15 01:00:00+00:00,22133.5,22153.0,22112.0,22139.5,1606.193
2023-02-15 01:30:00+00:00,22139.5,22143.0,22083.0,22097.5,1703.15
2023-02-15 02:00:00+00:00,22097.5,22116.5,22083.5,22086.5,1856.129
2023-02-15 02:30:00+00:00,22086.5,22086.5,22032.0,22060.5,2754.347
2023-02-15 03:00:00+00:00,22060.5,22120.5,22057.0,22088.0,2409.247
2023-02-15 03:30:00+00:00,22088.0,22098.0,22068.5,22089.0,1330.136
2023-02-15 04:00:00+00:00,22089.0,22103.5,22079.5,22095.5,1435.775
2023-02-15 04:30:00+00:00,22095.5,22101.0,22062.5,22069.5,2054.438
2023-02-15 05:00:00+00:00,22069.5,22100.0,22068.0,22087.5,2204.467
2023-02-15 05:30:00+00:00,22087.5,22129.5,22087.0,22121.5,2640.713
2023-02-15 06:00:00+00:00,22121.5,22140.5,22117.0,22122.5,2140.905
2023-02-15 06:30:00+00:00,22122.5,22122.5,22093.0,22099.0,1766.938
2023-02-15 07:00:00+00:00,22099.0,22144.5,22098.5,22135.5,2404.375
2023-02-15 07:30:00+00:00,22135.5,22155.0,22083.0,22100.5,3719.745
2023-02-15 08:00:00+00:00,22100.5,22113.0,22085.0,22104.0,3033.159
2023-02-15 08:30:00+00:00,22104.0,22116.5,22076.5,22083.5,1939.568
2023-02-15 09:00:00+00:00,22083.5,22107.0,22080.0,22106.5,1706.842
2023-02-15 09:30:00+00:00,22106.5,22178.0,22105.0,22150.0,2742.21
2023-02-15 10:00:00+00:00,22150.0,22164.0,22132.0,22152.0,2408.682
2023-02-15 10:30:00+00:00,22152.0,22238.5,22152.0,22215.5,4282.223
2023-02-15 11:00:00+00:00,22215.5,22256.5,22206.0,22221.0,3126.114
2023-02-15 11:30:00+00:00,22221.0,22494.5,22220.0,22439.0,15854.857
2023-02-15 12:00:00+00:00,22439.0,22899.5,22438.5,22768.5,25732.918
2023-02-15 12:30:00+00:00,22768.5,22829.5,22738.0,22767.0,7344.925
2023-02-15 13:00:00+00:00,22767.0,22777.0,22676.5,22767.5,6514.328
2023-02-15 13:30:00+00:00,22767.5,22767.5,22669.5,22695.0,6029.782
2023-02-15 14:00:00+00:00,22695.0,22719.0,22620.0,22697.0,4330.602
2023-02-15 14:30:00+00:00,22697.0,22795.0,22633.0,22684.0,7603.468
2023-02-15 15:00:00+00:00,22684.0,22779.0,22665.0,22764.0,4484.936
2023-02-15 15:30:00+00:00,22764.0,22884.0,22717.5,22810.5,7002.779
2023-02-15 16:00:00+00:00,22810.5,22946.5,22765.0,22835.0,10206.449
2023-02-15 16:30:00+00:00,22835.0,22835.5,22748.5,22762.5,3462.343
2023-02-15 17:00:00+00:00,22762.5,22810.5,22742.5,22790.0,2957.367
2023-02-15 17:30:00+00:00,22790.0,22832.5,22770.0,22800.0,2532.345
2023-02-15 18:00:00+00:00,22800.0,22885.5,22767.5,22869.5,3382.352
2023-02-15 18:30:00+00:00,22869.5,23052.0,22834.5,22974.0,10683.869
2023-02-15 19:00:00+00:00,22974.0,23249.5,22943.0,23243.5,13696.108
2023-02-15 19:30:00+00:00,23243.5,23355.5,23228.5,23316.0,7719.445
2023-02-15 20:00:00+00:00,23316.0,23855.5,23291.5,23820.5,22746.238
2023-02-15 20:30:00+00:00,23820.5,24359.5,23819.0,24154.0,19593.857
2023-02-15 21:00:00+00:00,24154.0,24172.5,24019.0,24108.5,4363.828
2023-02-15 21:30:00+00:00,24108.5,24267.0,24079.5,24188.5,4990.966
2023-02-15 22:00:00+00:00,24188.5,24406.5,24159.5,24264.5,8295.193
2023-02-15 22:30:00+00:00,24264.5,24332.0,24122.5,24162.5,4481.638
2023-02-15 23:00:00+00:00,24162.5,24355.5,24162.5,24300.0,3947.556
2023-02-15 23:30:00+00:00,24300.0,24360.0,24289.0,24340.0,3118.194
2023-02-16 00:00:00+00:00,24340.0,24937.5,24294.0,24784.0,21179.85
2023-02-16 00:30:00+00:00,24784.0,24811.5,24583.0,24610.5,7078.409
2023-02-16 01:00:00+00:00,24610.5,24706.5,24587.5,24644.5,3803.209
2023-02-16 01:30:00+00:00,24644.5,24677.5,24585.5,24650.0,3477.265
2023-02-16 02:00:00+00:00,24650.0,24707.0,24630.5,24685.5,3243.712
2023-02-16 02:30:00+00:00,24685.5,24757.0,24666.0,24694.5,3098.084
2023-02-16 03:00:00+00:00,24694.5,24771.0,24687.5,24708.0,3069.673
2023-02-16 03:30:00+00:00,24708.0,24749.5,24705.5,24746.5,1683.422
2023-02-16 04:00:00+00:00,24746.5,24767.0,24663.5,24695.0,2759.986
2023-02-16 04:30:00+00:00,24695.0,24732.0,24652.5,24656.5,3154.404
2023-02-16 05:00:00+00:00,24656.5,24730.0,24626.0,24718.5,3372.75
2023-02-16 05:30:00+00:00,24718.5,24724.0,24676.5,24695.0,2496.071
2023-02-16 06:00:00+00:00,24695.0,24750.0,24662.0,24737.0,2665.167
2023-02-16 06:30:00+00:00,24737.0,24747.0,24590.0,24603.5,3561.044
2023-02-16 07:00:00+00:00,24603.5,24652.0,24460.5,24602.5,8735.964
2023-02-16 07:30:00+00:00,24602.5,24631.0,24550.0,24631.0,2075.767
2023-02-16 08:00:00+00:00,24631.0,24657.5,24583.5,24652.0,2202.71
2023-02-16 08:30:00+00:00,24652.0,24671.5,24590.5,24592.5,2218.266
2023-02-16 09:00:00+00:00,24592.5,24625.5,24575.0,24625.0,1893.844
2023-02-16 09:30:00+00:00,24625.0,24673.5,24615.0,24667.0,2467.216
2023-02-16 10:00:00+00:00,24667.0,24680.0,24618.0,24667.5,2072.988
2023-02-16 10:30:00+00:00,24667.5,24667.5,24632.5,24634.5,2162.859
2023-02-16 11:00:00+00:00,24634.5,24640.5,24565.5,24592.5,3076.666
2023-02-16 11:30:00+00:00,24592.5,24595.0,24526.5,24587.5,3917.552
2023-02-16 12:00:00+00:00,24587.5,24589.5,24474.5,24532.5,4123.619
2023-02-16 12:30:00+00:00,24532.5,24637.0,24532.5,24611.0,3515.003
2023-02-16 13:00:00+00:00,24611.0,24634.0,24532.5,24595.5,3803.763
2023-02-16 13:30:00+00:00,24595.5,24696.5,24362.5,24464.5,16542.402
2023-02-16 14:00:00+00:00,24464.5,24526.5,24373.0,24416.0,7352.523
2023-02-16 14:30:00+00:00,24416.0,24477.0,24319.5,24448.5,7646.678
2023-02-16 15:00:00+00:00,24448.5,24605.0,24400.5,24559.5,6799.728
2023-02-16 15:30:00+00:00,24559.5,25081.0,24543.5,25074.5,17943.645
2023-02-16 16:00:00+00:00,25074.5,25255.0,24621.0,24853.0,28643.599
2023-02-16 16:30:00+00:00,24853.0,25052.0,24825.0,24895.5,9391.368
2023-02-16 17:00:00+00:00,24895.5,24931.0,24758.0,24840.0,4807.506
2023-02-16 17:30:00+00:00,24840.0,24956.0,24820.0,24882.5,3242.97
2023-02-16 18:00:00+00:00,24882.5,24936.0,24852.0,24874.0,3651.771
2023-02-16 18:30:00+00:00,24874.0,25030.0,24872.0,24965.5,3966.371
2023-02-16 19:00:00+00:00,24965.5,24990.5,24830.0,24884.5,3542.061
2023-02-16 19:30:00+00:00,24884.5,24905.0,24822.0,24868.0,2307.588
2023-02-16 20:00:00+00:00,24868.0,24868.0,24438.5,24465.0,7489.631
2023-02-16 20:30:00+00:00,24465.0,24640.0,24451.5,24561.5,5479.832
2023-02-16 21:00:00+00:00,24561.5,24572.0,24433.5,24477.0,4467.88
2023-02-16 21:30:00+00:00,24477.0,24545.0,24355.0,24537.0,3809.434
2023-02-16 22:00:00+00:00,24537.0,24550.5,24325.0,24353.5,3814.988
2023-02-16 22:30:00+00:00,24353.5,24355.0,23993.5,24010.5,13955.522
2023-02-16 23:00:00+00:00,24010.5,24110.0,23837.5,23868.5,9385.283
2023-02-16 23:30:00+00:00,23868.5,23944.0,23516.5,23520.0,14093.767
2023-02-17 00:00:00+00:00,23520.0,23708.0,23351.0,23641.0,11627.062
2023-02-17 00:30:00+00:00,23641.0,23780.0,23641.0,23717.0,5726.183
2023-02-17 01:00:00+00:00,23717.0,23777.0,23646.0,23759.0,3466.175
2023-02-17 01:30:00+00:00,23759.0,23855.0,23711.0,23849.0,4230.112
2023-02-17 02:00:00+00:00,23849.0,23852.0,23757.0,23830.0,3659.46
2023-02-17 02:30:00+00:00,23830.0,23850.0,23772.5,23773.0,3106.913
2023-02-17 03:00:00+00:00,23773.0,23881.0,23757.0,23867.5,3329.058
2023-02-17 03:30:00+00:00,23867.5,23905.5,23828.5,23833.0,2648.983
2023-02-17 04:00:00+00:00,23833.0,23876.0,23768.5,23773.0,2857.854
2023-02-17 04:30:00+00:00,23773.0,23811.5,23715.5,23804.5,3599.023
2023-02-17 05:00:00+00:00,23804.5,23807.5,23720.0,23726.5,2924.351
2023-02-17 05:30:00+00:00,23726.5,23759.5,23688.5,23705.0,3583.69
2023-02-17 06:00:00+00:00,23705.0,23750.0,23679.0,23723.0,3430.25
2023-02-17 06:30:00+00:00,23723.0,23729.5,23611.5,23664.5,3092.814
2023-02-17 07:00:00+00:00,23664.5,23791.0,23640.0,23770.5,3793.422
2023-02-17 07:30:00+00:00,23770.5,23770.5,23630.0,23637.5,4140.513
2023-02-17 08:00:00+00:00,23637.5,23682.5,23589.0,23620.5,5077.203
2023-02-17 08:30:00+00:00,23620.5,23815.5,23531.0,23797.5,7494.102
2023-02-17 09:00:00+00:00,23797.5,23862.0,23730.0,23746.5,5109.963
2023-02-17 09:30:00+00:00,23746.5,23809.5,23715.5,23741.5,3411.016
2023-02-17 10:00:00+00:00,23741.5,23774.5,23679.5,23737.0,3449.998
2023-02-17 10:30:00+00:00,23737.0,23788.0,23730.0,23753.0,1498.966
2023-02-17 11:00:00+00:00,23753.0,23827.5,23741.5,23819.5,2055.693
2023-02-17 11:30:00+00:00,23819.5,23842.0,23777.5,23790.5,2558.989
2023-02-17 12:00:00+00:00,23790.5,23842.0,23771.5,23826.0,2696.099
2023-02-17 12:30:00+00:00,23826.0,23909.0,23815.5,23866.5,3631.267
2023-02-17 13:00:00+00:00,23866.5,23880.0,23781.0,23809.5,2906.028
2023-02-17 13:30:00+00:00,23809.5,23825.0,23757.0,23787.5,4176.569
2023-02-17 14:00:00+00:00,23787.5,23970.5,23786.0,23874.5,6941.334
2023-02-17 14:30:00+00:00,23874.5,24243.0,23696.5,23856.5,27561.323
2023-02-17 15:00:00+00:00,23856.5,24159.5,23845.0,24016.5,13192.637
2023-03-06 07:00:00+00:00,22384.5,22407.5,22369.5,22404.5,2116.361
2023-03-06 07:30:00+00:00,22404.5,22413.0,22373.0,22377.5,2012.622
2023-03-06 08:00:00+00:00,22377.5,22383.0,22343.0,22381.0,2758.482
2023-03-06 08:30:00+00:00,22381.0,22433.0,22376.5,22401.5,2485.55
2023-03-06 09:00:00+00:00,22401.5,22405.0,22354.0,22367.0,1951.754
2023-03-06 09:30:00+00:00,22367.0,22390.0,22366.5,22385.0,1481.756
2023-03-06 10:00:00+00:00,22385.0,22397.0,22369.5,22377.0,1855.977
2023-03-06 10:30:00+00:00,22377.0,22392.0,22360.0,22385.5,1706.877
2023-03-06 11:00:00+00:00,22385.5,22386.0,22368.0,22373.5,1908.628
2023-03-06 11:30:00+00:00,22373.5,22374.0,22346.0,22365.5,1411.398
2023-03-06 12:00:00+00:00,22365.5,22379.5,22344.0,22379.0,1262.247
2023-03-06 12:30:00+00:00,22379.0,22396.0,22369.5,22384.0,1609.219
2023-03-06 13:00:00+00:00,22384.0,22391.5,22374.5,22388.0,1016.609
2023-03-06 13:30:00+00:00,22388.0,22468.5,22387.5,22423.0,4967.415
2023-03-06 14:00:00+00:00,22423.0,22426.0,22388.0,22423.0,2245.161
2023-03-06 14:30:00+00:00,22423.0,22465.0,22392.0,22430.0,2846.867
2023-03-06 15:00:00+00:00,22430.0,22462.0,22415.5,22422.0,3342.75
2023-03-06 15:30:00+00:00,22422.0,22583.0,22420.5,22534.5,7063.1
2023-03-06 16:00:00+00:00,22534.5,22566.0,22472.5,22479.5,4402.738
2023-03-06 16:30:00+00:00,22479.5,22535.0,22454.0,22509.0,4045.318
2023-03-06 17:00:00+00:00,22509.0,22516.0,22483.5,22492.0,1687.835
2023-03-06 17:30:00+00:00,22492.0,22506.0,22458.5,22466.5,2343.264
2023-03-06 18:00:00+00:00,22466.5,22521.5,22454.0,22507.5,2377.626
2023-03-06 18:30:00+00:00,22507.5,22517.0,22480.0,22486.0,2156.646
2023-03-06 19:00:00+00:00,22486.0,22493.5,22346.0,22387.5,5287.515
2023-03-06 19:30:00+00:00,22387.5,22439.5,22354.0,22379.5,2880.552
2023-03-06 20:00:00+00:00,22379.5,22398.5,22350.0,22355.0,2033.556
2023-03-06 20:30:00+00:00,22355.0,22385.0,22317.5,22337.0,2357.144
2023-03-06 21:00:00+00:00,22337.0,22375.5,22306.0,22371.0,1949.806
2023-03-06 21:30:00+00:00,22371.0,22423.5,22370.5,22391.0,1730.959
2023-03-06 22:00:00+00:00,22391.0,22417.5,22391.0,22411.0,1464.317
2023-03-06 22:30:00+00:00,22411.0,22428.5,22399.0,22417.5,2157.644
2023-03-06 23:00:00+00:00,22417.5,22426.0,22402.0,22405.5,1926.717
2023-03-06 23:30:00+00:00,22405.5,22418.0,22377.0,22392.5,2652.461
2023-03-07 00:00:00+00:00,22392.5,22402.0,22366.0,22379.5,2322.56
2023-03-07 00:30:00+00:00,22379.5,22411.0,22378.5,22398.0,1965.679
2023-03-07 01:00:00+00:00,22398.0,22491.5,22398.0,22449.5,3919.432
2023-03-07 01:30:00+00:00,22449.5,22476.5,22431.5,22467.5,2486.066
2023-03-07 02:00:00+00:00,22467.5,22478.0,22442.0,22454.0,1979.676
2023-03-07 02:30:00+00:00,22454.0,22490.0,22454.0,22482.0,1936.384
2023-03-07 03:00:00+00:00,22482.0,22539.0,22445.5,22452.5,3323.035
2023-03-07 03:30:00+00:00,22452.5,22459.5,22435.5,22442.5,1890.204
2023-03-07 04:00:00+00:00,22442.5,22455.0,22440.5,22454.0,1380.61
2023-03-07 04:30:00+00:00,22454.0,22461.0,22442.0,22458.0,2038.956
2023-03-07 05:00:00+00:00,22458.0,22462.0,22446.0,22447.5,2136.756
2023-03-07 05:30:00+00:00,22447.5,22452.5,22426.5,22442.0,1847.011
2023-03-07 06:00:00+00:00,22442.0,22442.5,22414.5,22422.5,2315.11
2023-03-07 06:30:00+00:00,22422.5,22430.0,22401.0,22427.0,2401.291
2023-03-07 07:00:00+00:00,22427.0,22436.5,22400.0,22410.5,2616.805
2023-03-07 07:30:00+00:00,22410.5,22421.5,22400.5,22402.5,1500.146
2023-03-07 08:00:00+00:00,22402.5,22408.5,22382.5,22398.0,2394.976
2023-03-07 08:30:00+00:00,22398.0,22408.5,22383.0,22405.5,2261.252
2023-03-07 09:00:00+00:00,22405.5,22409.0,22353.0,22372.0,2476.446
2023-03-07 09:30:00+00:00,22372.0,22387.5,22336.5,22367.5,3266.829
2023-03-07 10:00:00+00:00,22367.5,22413.5,22363.5,22413.0,2468.155
2023-03-07 10:30:00+00:00,22413.0,22414.0,22353.0,22359.5,1592.63
2023-03-07 11:00:00+00:00,22359.5,22380.0,22355.0,22367.0,1555.817
2023-03-07 11:30:00+00:00,22367.0,22377.0,22311.0,22334.0,3530.586
2023-03-07 12:00:00+00:00,22334.0,22374.5,22327.0,22355.0,2589.76
2023-03-07 12:30:00+00:00,22355.0,22391.0,22344.0,22384.0,2155.782
2023-03-07 13:00:00+00:00,22384.0,22393.5,22377.5,22382.5,1715.911
2023-03-07 13:30:00+00:00,22382.5,22382.5,22342.0,22349.0,2386.107
2023-03-07 14:00:00+00:00,22349.0,22366.0,22277.5,22324.5,5316.067
2023-03-07 14:30:00+00:00,22324.5,22344.0,22190.0,22298.0,7922.926
2023-03-07 15:00:00+00:00,22298.0,22390.0,21917.5,22197.5,34210.796
2023-03-07 15:30:00+00:00,22197.5,22477.0,22193.0,22305.5,13281.054
2023-03-07 16:00:00+00:00,22305.5,22376.0,22206.0,22218.5,7366.995
2023-03-07 16:30:00+00:00,22218.5,22301.5,22179.5,22225.0,5680.18
2023-03-07 17:00:00+00:00,22225.0,22343.5,22216.0,22307.5,4564.115
2023-03-07 17:30:00+00:00,22307.5,22342.5,22279.0,22298.0,2552.144
2023-03-07 18:00:00+00:00,22298.0,22313.5,22222.0,22253.5,3198.95
2023-03-07 18:30:00+00:00,22253.5,22271.0,22151.0,22187.5,3761.418
2023-03-07 19:00:00+00:00,22187.5,22235.5,22172.0,22199.5,2745.709
2023-03-07 19:30:00+00:00,22199.5,22207.5,22050.5,22118.0,5468.114
2023-03-07 20:00:00+00:00,22118.0,22130.0,21981.5,22019.5,7608.275
2023-03-07 20:30:00+00:00,22019.5,22119.0,22015.5,22047.5,3284.775
2023-03-07 21:00:00+00:00,22047.5,22066.0,21932.0,22005.0,4590.89
2023-03-07 21:30:00+00:00,22005.0,22104.0,22005.0,22044.5,2686.236
2023-03-07 22:00:00+00:00,22044.5,22103.0,21975.0,22101.5,2317.556
2023-03-07 22:30:00+00:00,22101.5,22109.5,22064.0,22098.0,2678.293
2023-03-07 23:00:00+00:00,22098.0,22138.0,22067.0,22127.0,2588.682
2023-03-07 23:30:00+00:00,22127.0,22212.5,22114.5,22183.0,3620.325
2023-03-08 00:00:00+00:00,22183.0,22272.0,22180.5,22203.0,4197.655
2023-03-08 00:30:00+00:00,22203.0,22241.0,22195.0,22227.0,2133.994
2023-03-08 01:00:00+00:00,22227.0,22237.0,22194.5,22208.0,1853.17
2023-03-08 01:30:00+00:00,22208.0,22229.5,22127.0,22160.5,3789.402
2023-03-08 02:00:00+00:00,22160.5,22188.0,22147.5,22172.0,2278.433
2023-03-08 02:30:00+00:00,22172.0,22189.5,22155.0,22163.0,2110.404
2023-03-08 03:00:00+00:00,22163.0,22176.5,22072.5,22095.0,3711.783
2023-03-08 03:30:00+00:00,22095.0,22144.0,22081.5,22137.5,2287.445
2023-03-08 04:00:00+00:00,22137.5,22151.5,22112.5,22113.0,2029.124
2023-03-08 04:30:00+00:00,22113.0,22134.5,22093.5,22129.5,2012.299
2023-03-08 05:00:00+00:00,22129.5,22132.5,22030.5,22032.0,3319.049
2023-03-08 05:30:00+00:00,22032.0,22055.5,21840.0,21946.5,12881.194
2023-03-08 06:00:00+00:00,21946.5,22015.5,21918.0,22001.5,3464.822
2023-03-08 06:30:00+00:00,22001.5,22039.0,21975.5,22017.5,3426.399
2023-03-08 07:00:00+00:00,22017.5,22025.5,21963.0,21976.5,2794.992
2023-03-08 07:30:00+00:00,21976.5,22023.0,21949.5,21957.0,2344.862
2023-03-08 08:00:00+00:00,21957.0,22013.0,21932.5,21996.0,2702.436
2023-03-08 08:30:00+00:00,21996.0,22018.5,21976.0,21979.0,1799.456
2023-03-08 09:00:00+00:00,21979.0,22007.0,21967.0,21976.0,1776.825
2023-03-08 09:30:00+00:00,21976.0,22015.5,21967.0,22004.0,1552.179
2023-03-08 10:00:00+00:00,22004.0,22052.0,21993.0,22026.5,2717.193
2023-03-08 10:30:00+00:00,22026.5,22126.5,22026.0,22097.5,5094.457
2023-03-08 11:00:00+00:00,22097.5,22121.5,22051.5,22077.5,3479.306
2023-03-08 11:30:00+00:00,22077.5,22084.0,22043.0,22058.0,2837.099
2023-03-08 12:00:00+00:00,22058.0,22092.5,22030.5,22033.0,3242.545
2023-03-08 12:30:00+00:00,22033.0,22055.0,21987.0,22006.5,4270.276
2023-03-08 13:00:00+00:00,22006.5,22047.5,21961.5,21999.5,4277.997
2023-03-08 13:30:00+00:00,21999.5,22033.5,21939.5,21979.5,4336.924
2023-03-08 14:00:00+00:00,21979.5,22005.5,21920.0,21971.0,4209.585
2023-03-08 14:30:00+00:00,21971.0,22015.0,21945.5,21960.5,3172.974
2023-03-08 15:00:00+00:00,21960.5,22217.5,21873.0,22092.5,17057.556
2023-03-08 15:30:00+00:00,22092.5,22188.0,22073.5,22124.5,5294.831
2023-03-08 16:00:00+00:00,22124.5,22202.5,22066.0,22076.5,4148.949
2023-03-08 16:30:00+00:00,22076.5,22165.5,22046.5,22127.0,4386.846
2023-03-08 17:00:00+00:00,22127.0,22136.0,22070.5,22073.5,2228.851
2023-03-08 17:30:00+00:00,22073.5,22081.0,22014.5,22019.5,2501.599
2023-03-08 18:00:00+00:00,22019.5,22048.5,21950.0,21960.5,3804.043
2023-03-08 18:30:00+00:00,21960.5,22038.5,21936.0,22013.5,3013.805
2023-03-08 19:00:00+00:00,22013.5,22020.0,21997.5,22006.0,1904.685
2023-03-08 19:30:00+00:00,22006.0,22051.0,21980.5,21988.5,1954.914
2023-03-08 20:00:00+00:00,21988.5,22001.0,21960.0,21995.0,1889.349
2023-03-08 20:30:00+00:00,21995.0,22120.0,21990.5,22089.5,3386.481
2023-03-08 21:00:00+00:00,22089.5,22099.0,22053.0,22065.0,1352.54
2023-03-08 21:30:00+00:00,22065.0,22067.0,21898.0,22002.0,5565.899
2023-03-08 22:00:00+00:00,22002.0,22005.0,21950.0,21984.0,2544.923
2023-03-08 22:30:00+00:00,21984.0,21984.5,21652.0,21792.5,9987.424
2023-03-08 23:00:00+00:00,21792.5,21827.5,21563.0,21693.5,12174.065
2023-03-08 23:30:00+00:00,21693.5,21739.5,21675.0,21703.0,2591.501
2023-03-09 00:00:00+00:00,21703.0,21756.5,21675.0,21744.0,4498.565
2023-03-09 00:30:00+00:00,21744.0,21746.0,21693.5,21711.5,2376.746
2023-03-09 01:00:00+00:00,21711.5,21755.0,21630.0,21729.5,4052.447
2023-03-09 01:30:00+00:00,21729.5,21740.5,21685.0,21696.5,2025.791
2023-03-09 02:00:00+00:00,21696.5,21782.0,21694.0,21778.0,3098.901
2023-03-09 02:30:00+00:00,21778.0,21781.5,21742.0,21763.5,2115.38
2023-03-09 03:00:00+00:00,21763.5,21772.0,21737.0,21751.0,1916.016
2023-03-09 03:30:00+00:00,21751.0,21796.5,21745.5,21761.0,1961.469
2023-03-09 04:00:00+00:00,21761.0,21762.5,21717.5,21718.0,1882.244
2023-03-09 04:30:00+00:00,21718.0,21743.5,21717.0,21735.0,2392.524
2023-03-09 05:00:00+00:00,21735.0,21754.0,21724.5,21731.0,1992.0
2023-03-09 05:30:00+00:00,21731.0,21743.5,21720.0,21728.0,2295.888
2023-03-09 06:00:00+00:00,21728.0,21737.0,21710.5,21720.0,1802.19
2023-03-09 06:30:00+00:00,21720.0,21733.5,21677.5,21730.0,3346.229
2023-03-09 07:00:00+00:00,21730.0,21731.5,21701.0,21701.5,1322.213
2023-03-09 07:30:00+00:00,21701.5,21703.5,21660.0,21680.0,3497.259
2023-03-09 08:00:00+00:00,21680.0,21688.5,21599.5,21635.5,5063.019
2023-03-09 08:30:00+00:00,21635.5,21695.5,21604.5,21679.0,3057.896
2023-03-09 09:00:00+00:00,21679.0,21696.5,21643.5,21650.0,2067.01
2023-03-09 09:30:00+00:00,21650.0,21652.0,21583.5,21634.5,3981.22
2023-03-09 10:00:00+00:00,21634.5,21646.0,21601.0,21634.5,1895.92
2023-03-09 10:30:00+00:00,21634.5,21680.0,21525.0,21643.0,7739.589
2023-03-09 11:00:00+00:00,21643.0,21652.5,21618.0,21628.5,3108.121
2023-03-09 11:30:00+00:00,21628.5,21669.0,21628.5,21668.0,2811.954
2023-03-09 12:00:00+00:00,21668.0,21669.5,21605.5,21627.5,3005.71
2023-03-09 12:30:00+00:00,21627.5,21633.0,21599.5,21606.5,2606.677
2023-03-09 13:00:00+00:00,21606.5,21617.0,21549.5,21575.5,4377.166
2023-03-09 13:30:00+00:00,21575.5,21724.5,21575.5,21701.5,8997.174
2023-03-09 14:00:00+00:00,21701.5,21825.5,21684.0,21740.0,8968.821
2023-03-09 14:30:00+00:00,21740.0,21780.0,21693.5,21716.0,4510.007
2023-03-09 15:00:00+00:00,21716.0,21794.0,21663.5,21714.5,5230.064
2023-03-09 15:30:00+00:00,21714.5,21726.0,21622.0,21634.0,2770.471
2023-03-09 16:00:00+00:00,21634.0,21666.5,21561.5,21596.5,4862.425
2023-03-09 16:30:00+00:00,21596.5,21620.0,21406.0,21469.5,14443.915
2023-03-09 17:00:00+00:00,21469.5,21517.5,21384.5,21497.0,5780.043
2023-03-09 17:30:00+00:00,21497.0,21500.0,21412.0,21467.5,3062.402
2023-03-09 18:00:00+00:00,21467.5,21487.0,21280.0,21316.5,8388.528
2023-03-09 18:30:00+00:00,21316.5,21316.5,20962.0,21005.0,22165.724
2023-03-09 19:00:00+00:00,21005.0,21009.0,20803.0,20897.0,16462.8
2023-03-09 19:30:00+00:00,20897.0,20912.0,20755.0,20848.5,7781.232
2023-03-09 20:00:00+00:00,20848.5,20864.0,20519.5,20621.0,16395.454
2023-03-09 20:30:00+00:00,20621.0,20732.0,20020.0,20104.5,26805.64
2023-03-09 21:00:00+00:00,20104.5,20400.0,20097.0,20343.5,10489.488
2023-03-09 21:30:00+00:00,20343.5,20372.5,20174.5,20212.5,5880.428
2023-03-09 22:00:00+00:00,20212.5,20484.5,20210.0,20339.0,7887.305
2023-03-09 22:30:00+00:00,20339.0,20379.0,20273.0,20329.5,3489.856
2023-03-09 23:00:00+00:00,20329.5,20346.0,20263.0,20334.5,3385.659
2023-03-09 23:30:00+00:00,20334.5,20366.0,20302.5,20349.5,2587.287
2023-03-10 00:00:00+00:00,20349.5,20352.0,20011.0,20131.5,11870.681
2023-03-10 00:30:00+00:00,20131.5,20161.0,20032.0,20106.5,5556.429
2023-03-10 01:00:00+00:00,20106.5,20123.0,19761.0,19977.5,21664.94
2023-03-10 01:30:00+00:00,19977.5,20142.5,19950.0,20096.5,7952.581
2023-03-10 02:00:00+00:00,20096.5,20125.5,20027.5,20032.0,3847.893
2023-03-10 02:30:00+00:00,20032.0,20084.0,20014.0,20024.5,2787.495
2023-03-10 03:00:00+00:00,20024.5,20117.0,19963.0,20069.0,3830.566
2023-03-10 03:30:00+00:00,20069.0,20089.5,20036.0,20039.5,2404.85
2023-03-10 04:00:00+00:00,20039.5,20050.5,19922.5,19940.5,6278.805
2023-03-10 04:30:00+00:00,19940.5,19941.5,19824.0,19866.0,7112.215
2023-03-10 05:00:00+00:00,19866.0,19971.0,19844.0,19939.5,4989.253
2023-03-10 05:30:00+00:00,19939.5,20030.0,19938.0,19975.0,4328.843
2023-03-10 06:00:00+00:00,19975.0,20007.0,19906.0,19937.0,4338.233
2023-03-10 06:30:00+00:00,19937.0,19977.0,19829.5,19868.0,5921.689
2023-03-10 07:00:00+00:00,19868.0,19944.0,19770.5,19928.0,8589.394
2023-03-10 07:30:00+00:00,19928.0,20022.0,19917.5,19939.0,5466.894
2023-03-10 08:00:00+00:00,19939.0,19952.0,19872.5,19917.0,3781.829
2023-03-10 08:30:00+00:00,19917.0,19963.5,19869.0,19943.0,3370.89
2023-03-10 09:00:00+00:00,19943.0,19953.0,19878.0,19902.5,2603.686
2023-03-10 09:30:00+00:00,19902.5,19911.0,19827.0,19843.5,3669.603
2023-03-10 10:00:00+00:00,19843.5,19910.5,19786.0,19806.5,4613.215
2023-03-10 10:30:00+00:00,19806.5,19844.0,19542.0,19611.5,16442.638
2023-03-27 02:30:00+00:00,27839.5,27889.0,27810.5,27874.0,1349.194
2023-03-27 03:00:00+00:00,27874.0,27898.5,27833.0,27833.5,1396.216
2023-03-27 03:30:00+00:00,27833.5,27923.0,27820.0,27886.0,1863.808
2023-03-27 04:00:00+00:00,27886.0,27932.5,27868.0,27924.0,2021.427
2023-03-27 04:30:00+00:00,27924.0,27924.0,27868.5,27897.0,2071.901
2023-03-27 05:00:00+00:00,27897.0,27913.0,27812.5,27847.5,2454.232
2023-03-27 05:30:00+00:00,27847.5,27861.5,27674.0,27718.5,4037.259
2023-03-27 06:00:00+00:00,27718.5,27782.0,27663.5,27775.5,2959.287
2023-03-27 06:30:00+00:00,27775.5,27794.0,27730.0,27781.0,1534.964
2023-03-27 07:00:00+00:00,27781.0,27849.0,27765.5,27802.5,2050.475
2023-03-27 07:30:00+00:00,27802.5,27829.5,27744.0,27799.0,2582.702
2023-03-27 08:00:00+00:00,27799.0,27824.5,27765.5,27791.0,2193.561
2023-03-27 08:30:00+00:00,27791.0,27860.0,27786.0,27839.0,2624.144
2023-03-27 09:00:00+00:00,27839.0,27966.0,27810.0,27902.0,4058.235
2023-03-27 09:30:00+00:00,27902.0,27947.0,27886.0,27923.5,2318.5
2023-03-27 10:00:00+00:00,27923.5,27941.5,27862.0,27862.5,2295.889
2023-03-27 10:30:00+00:00,27862.5,27935.5,27859.0,27907.5,1568.451
2023-03-27 11:00:00+00:00,27907.5,27992.5,27895.5,27929.5,2784.098
2023-03-27 11:30:00+00:00,27929.5,27947.5,27836.0,27888.5,2334.669
2023-03-27 12:00:00+00:00,27888.5,27920.5,27811.0,27826.5,2455.342
2023-03-27 12:30:00+00:00,27826.5,27849.0,27695.5,27746.5,4927.668
2023-03-27 13:00:00+00:00,27746.5,27799.0,27690.0,27781.0,3495.074
2023-03-27 13:30:00+00:00,27781.0,27840.0,27623.0,27691.5,5581.125
2023-03-27 14:00:00+00:00,27691.5,27732.0,27241.0,27345.5,11161.81
2023-03-27 14:30:00+00:00,27345.5,27412.0,26934.5,26948.5,10316.112
2023-03-27 15:00:00+00:00,26948.5,26958.0,26500.0,26944.5,19133.392
2023-03-27 15:30:00+00:00,26944.5,27013.5,26827.0,26896.5,4783.202
2023-03-27 16:00:00+00:00,26896.5,27304.0,26851.5,27175.0,8461.107
2023-03-27 16:30:00+00:00,27175.0,27235.0,27063.0,27142.0,3380.563
2023-03-27 17:00:00+00:00,27142.0,27209.0,26972.5,26994.0,3247.314
2023-03-27 17:30:00+00:00,26994.0,27064.0,26923.5,26955.5,3236.382
2023-03-27 18:00:00+00:00,26955.5,27171.0,26946.5,27050.5,2138.789
2023-03-27 18:30:00+00:00,27050.5,27151.0,27050.5,27084.5,1623.187
2023-03-27 19:00:00+00:00,27084.5,27142.5,27022.0,27105.0,1636.759
2023-03-27 19:30:00+00:00,27105.0,27107.5,26940.0,26964.5,2375.019
2023-03-27 20:00:00+00:00,26964.5,27055.5,26877.5,27049.0,3686.551
2023-03-27 20:30:00+00:00,27049.0,27059.5,26964.5,27035.5,1469.512
2023-03-27 21:00:00+00:00,27035.5,27192.5,27007.5,27111.5,2663.491
2023-03-27 21:30:00+00:00,27111.5,27164.0,27091.0,27159.5,2341.774
2023-03-27 22:00:00+00:00,27159.5,27248.0,27117.0,27143.5,2609.553
2023-03-27 22:30:00+00:00,27143.5,27159.5,27072.0,27090.0,1829.233
2023-03-27 23:00:00+00:00,27090.0,27141.5,27060.5,27139.5,1981.659
2023-03-27 23:30:00+00:00,27139.5,27170.0,27087.5,27118.5,1811.555
2023-03-28 00:00:00+00:00,27118.5,27152.0,27050.5,27082.5,1929.176
2023-03-28 00:30:00+00:00,27082.5,27099.5,26943.5,26963.0,3247.504
2023-03-28 01:00:00+00:00,26963.0,27019.5,26812.0,27004.5,5321.563
2023-03-28 01:30:00+00:00,27004.5,27169.0,26997.0,27064.5,3688.179
2023-03-28 02:00:00+00:00,27064.5,27080.5,26963.5,26980.5,2746.274
2023-03-28 02:30:00+00:00,26980.5,27044.5,26980.5,27033.5,2952.09
2023-03-28 03:00:00+00:00,27033.5,27042.0,26954.0,26963.5,2612.764
2023-03-28 03:30:00+00:00,26963.5,27003.5,26907.0,26967.0,2639.246
2023-03-28 04:00:00+00:00,26967.0,26995.0,26923.0,26955.5,3109.795
2023-03-28 04:30:00+00:00,26955.5,26966.5,26898.0,26966.0,2551.848
2023-03-28 05:00:00+00:00,26966.0,26997.0,26907.0,26921.0,2506.94
2023-03-28 05:30:00+00:00,26921.0,26974.0,26880.0,26973.0,2941.578
2023-03-28 06:00:00+00:00,26973.0,27116.0,26973.0,27080.5,4402.576
2023-03-28 06:30:00+00:00,27080.5,27138.0,27028.5,27065.0,1949.443
2023-03-28 07:00:00+00:00,27065.0,27097.0,27016.0,27033.0,1771.689
2023-03-28 07:30:00+00:00,27033.0,27070.0,26933.0,26969.0,2866.586
2023-03-28 08:00:00+00:00,26969.0,26990.0,26927.0,26972.0,2797.839
2023-03-28 08:30:00+00:00,26972.0,27033.0,26939.5,27009.5,2098.725
2023-03-28 09:00:00+00:00,27009.5,27045.0,26945.5,26981.5,1822.392
2023-03-28 09:30:00+00:00,26981.5,26981.5,26817.0,26882.0,4128.13
2023-03-28 10:00:00+00:00,26882.0,26930.5,26718.0,26771.0,4685.708
2023-03-28 10:30:00+00:00,26771.0,26805.0,26630.0,26729.5,5313.892
2023-03-28 11:00:00+00:00,26729.5,27022.0,26723.0,26902.5,5176.804
2023-03-28 11:30:00+00:00,26902.5,27151.5,26878.0,27053.0,6029.353
2023-03-28 12:00:00+00:00,27053.0,27205.0,26851.5,26870.5,6551.294
2023-03-28 12:30:00+00:00,26870.5,27059.0,26861.0,26977.0,3607.662
2023-03-28 13:00:00+00:00,26977.0,27005.0,26828.0,26907.5,3087.277
2023-03-28 13:30:00+00:00,26907.5,27024.5,26846.5,26881.0,5061.608
2023-03-28 14:00:00+00:00,26881.0,27015.5,26845.0,26998.0,3877.788
2023-03-28 14:30:00+00:00,26998.0,27000.0,26885.0,26942.0,2912.735
2023-03-28 15:00:00+00:00,26942.0,27000.0,26918.5,26996.0,3150.81
2023-03-28 15:30:00+00:00,26996.0,27071.0,26937.5,26996.5,3720.134
2023-03-28 16:00:00+00:00,26996.5,27016.5,26864.5,26905.0,2923.888
2023-03-28 16:30:00+00:00,26905.0,26928.0,26853.5,26883.5,2538.802
2023-03-28 17:00:00+00:00,26883.5,26926.0,26752.0,26891.5,4791.28
2023-03-28 17:30:00+00:00,26891.5,26908.0,26782.0,26864.5,3189.115
2023-03-28 18:00:00+00:00,26864.5,26906.0,26838.5,26898.5,2903.587
2023-03-28 18:30:00+00:00,26898.5,27387.0,26866.5,27337.5,6728.252
2023-03-28 19:00:00+00:00,27337.5,27400.0,27164.5,27259.5,4311.083
2023-03-28 19:30:00+00:00,27259.5,27509.0,27198.5,27413.5,4205.418
2023-03-28 20:00:00+00:00,27413.5,27485.5,27282.0,27343.0,2865.6
2023-03-28 20:30:00+00:00,27343.0,27346.0,27232.0,27299.0,2058.844
2023-03-28 21:00:00+00:00,27299.0,27320.0,27222.5,27255.0,1975.725
2023-03-28 21:30:00+00:00,27255.0,27257.5,27090.0,27183.5,4023.219
2023-03-28 22:00:00+00:00,27183.5,27231.5,27120.0,27207.5,2717.746
2023-03-28 22:30:00+00:00,27207.5,27212.5,27168.0,27212.0,1478.897
2023-03-28 23:00:00+00:00,27212.0,27305.0,27209.0,27268.0,2332.489
2023-03-28 23:30:00+00:00,27268.0,27317.5,27227.5,27256.0,1622.869
2023-03-29 00:00:00+00:00,27256.0,27330.0,27245.0,27300.0,1541.603
2023-03-29 00:30:00+00:00,27300.0,27308.0,27234.0,27262.0,2452.071
2023-03-29 01:00:00+00:00,27262.0,27468.0,27261.0,27393.5,4239.5
2023-03-29 01:30:00+00:00,27393.5,27409.5,27298.5,27325.5,3123.717
2023-03-29 02:00:00+00:00,27325.5,27379.0,27293.5,27354.0,2737.237
2023-03-29 02:30:00+00:00,27354.0,27405.5,27350.5,27392.5,1467.11
2023-03-29 03:00:00+00:00,27392.5,27401.5,27346.0,27380.0,1358.204
2023-03-29 03:30:00+00:00,27380.0,27387.5,27322.0,27363.0,1270.907
2023-03-29 04:00:00+00:00,27363.0,27433.5,27342.5,27398.5,1767.761
2023-03-29 04:30:00+00:00,27398.5,27618.0,27386.5,27554.5,6999.945
2023-03-29 05:00:00+00:00,27554.5,27642.0,27535.5,27575.0,4710.628
2023-03-29 05:30:00+00:00,27575.0,27583.5,27517.5,27537.0,2935.797
2023-03-29 06:00:00+00:00,27537.0,28051.5,27501.5,27991.5,10089.485
2023-03-29 06:30:00+00:00,27991.5,28189.5,27956.0,28048.5,8060.506
2023-03-29 07:00:00+00:00,28048.5,28114.0,27978.0,28056.0,4614.147
2023-03-29 07:30:00+00:00,28056.0,28163.5,28055.5,28086.0,3287.406
2023-03-29 08:00:00+00:00,28086.0,28508.0,28041.5,28465.0,10992.007
2023-03-29 08:30:00+00:00,28465.0,28654.0,28432.5,28507.5,7542.152
2023-03-29 09:00:00+00:00,28507.5,28562.0,28422.0,28424.5,3102.409
2023-03-29 09:30:00+00:00,28424.5,28458.0,28317.5,28322.5,4939.604
2023-03-29 10:00:00+00:00,28322.5,28443.0,28248.0,28390.0,5105.802
2023-03-29 10:30:00+00:00,28390.0,28441.5,28312.5,28381.0,2302.926
2023-03-29 11:00:00+00:00,28381.0,28386.5,28277.0,28341.0,2424.814
2023-03-29 11:30:00+00:00,28341.0,28371.0,28298.5,28357.5,3375.696
2023-03-29 12:00:00+00:00,28357.5,28393.5,28235.0,28353.0,4657.203
2023-03-29 12:30:00+00:00,28353.0,28486.0,28312.0,28443.0,4228.795
2023-03-29 13:00:00+00:00,28443.0,28488.5,28330.0,28362.0,4032.12
2023-03-29 13:30:00+00:00,28362.0,28458.0,28325.0,28420.0,3567.701
2023-03-29 14:00:00+00:00,28420.0,28599.0,28319.5,28360.5,6049.03
2023-03-29 14:30:00+00:00,28360.5,28401.0,28271.5,28295.0,4242.988
2023-03-29 15:00:00+00:00,28295.0,28432.5,28274.5,28420.5,2922.072
2023-03-29 15:30:00+00:00,28420.5,28488.0,28392.5,28437.5,2780.703
2023-03-29 16:00:00+00:00,28437.5,28446.5,28316.0,28333.0,2612.036
2023-03-29 16:30:00+00:00,28333.0,28362.5,28135.5,28157.0,4720.452
2023-03-29 17:00:00+00:00,28157.0,28335.0,28143.0,28311.5,2960.548
2023-03-29 17:30:00+00:00,28311.5,28326.0,28172.0,28254.5,2586.108
2023-03-29 18:00:00+00:00,28254.5,28296.5,28192.5,28241.5,1591.47
2023-03-29 18:30:00+00:00,28241.5,28358.5,28224.5,28315.0,2372.55
2023-03-29 19:00:00+00:00,28315.0,28396.0,28283.0,28352.5,2492.568
2023-03-29 19:30:00+00:00,28352.5,28450.0,28311.0,28402.5,2533.281
2023-03-29 20:00:00+00:00,28402.5,28450.0,28361.5,28439.0,2740.88
2023-03-29 20:30:00+00:00,28439.0,28469.5,28358.5,28383.5,2685.66
2023-03-29 21:00:00+00:00,28383.5,28508.0,28323.5,28466.5,3214.37
2023-03-29 21:30:00+00:00,28466.5,28467.0,28286.5,28291.0,2533.298
2023-03-29 22:00:00+00:00,28291.0,28407.0,28212.0,28387.5,2747.99
2023-03-29 22:30:00+00:00,28387.5,28421.0,28331.0,28383.5,1480.182
2023-03-29 23:00:00+00:00,28383.5,28450.0,28366.0,28417.5,1754.591
2023-03-29 23:30:00+00:00,28417.5,28417.5,28313.5,28343.5,2331.754
2023-03-30 00:00:00+00:00,28343.5,28441.0,28313.0,28415.0,3178.325
2023-03-30 00:30:00+00:00,28415.0,28462.5,28238.0,28329.5,2682.57
2023-03-30 01:00:00+00:00,28329.5,28370.0,28250.0,28354.0,2431.207
2023-03-30 01:30:00+00:00,28354.0,28374.0,28295.5,28343.0,2933.326
2023-03-30 02:00:00+00:00,28343.0,28947.0,28336.0,28812.0,10589.823
2023-03-30 02:30:00+00:00,28812.0,29185.0,28812.0,28962.5,10825.635
2023-03-30 03:00:00+00:00,28962.5,28994.0,28088.5,28407.0,14406.93
2023-03-30 03:30:00+00:00,28407.0,28565.0,28378.5,28483.5,3791.391
2023-03-30 04:00:00+00:00,28483.5,28674.5,28450.0,28633.5,3932.708
2023-03-30 04:30:00+00:00,28633.5,28698.0,28549.0,28580.0,2977.531
2023-03-30 05:00:00+00:00,28580.0,28597.5,28489.0,28493.5,2917.732
2023-03-30 05:30:00+00:00,28493.5,28622.5,28492.0,28609.5,2735.13
2023-03-30 06:00:00+00:00,28609.5,28668.0,28561.5,28590.5,2838.234
2023-03-30 06:30:00+00:00,28590.5,28639.5,28570.5,28612.5,1969.845
2023-03-30 07:00:00+00:00,28612.5,28659.5,28575.0,28655.5,2049.502
2023-03-30 07:30:00+00:00,28655.5,28782.0,28633.5,28719.0,4121.745
2023-03-30 08:00:00+00:00,28719.0,28743.5,28668.5,28699.5,2487.093
2023-03-30 08:30:00+00:00,28699.5,28705.0,28563.0,28568.0,3146.468
2023-03-30 09:00:00+00:00,28568.0,28585.5,28487.5,28580.0,3561.367
2023-03-30 09:30:00+00:00,28580.0,28598.5,28539.0,28585.0,1865.596
2023-03-30 10:00:00+00:00,28585.0,28616.5,28528.0,28551.5,2007.318
2023-03-30 10:30:00+00:00,28551.5,28615.5,28514.0,28603.0,1738.828
2023-03-30 11:00:00+00:00,28603.0,28648.5,28580.0,28610.5,1988.871
2023-03-30 11:30:00+00:00,28610.5,28690.0,28599.5,28640.0,3139.32
2023-03-30 12:00:00+00:00,28640.0,28656.5,28563.0,28601.5,3206.793
2023-03-30 12:30:00+00:00,28601.5,28691.5,28594.0,28637.0,3575.057
2023-03-30 13:00:00+00:00,28637.0,28637.0,28543.0,28568.0,3802.793
2023-03-30 13:30:00+00:00,28568.0,28593.5,28400.0,28515.0,4970.204
2023-03-30 14:00:00+00:00,28515.0,28538.5,28263.0,28404.5,7537.571
2023-03-30 14:30:00+00:00,28404.5,28490.0,28350.5,28428.0,3256.948
2023-03-30 15:00:00+00:00,28428.0,28478.0,28331.5,28351.0,3217.303
2023-03-30 15:30:00+00:00,28351.0,28384.0,28159.0,28299.0,6637.527
2023-03-30 16:00:00+00:00,28299.0,28299.5,28044.0,28226.0,7243.167
2023-03-30 16:30:00+00:00,28226.0,28288.0,28211.0,28241.5,2518.854
2023-03-30 17:00:00+00:00,28241.5,28271.0,28074.5,28099.0,2255.642
2023-03-30 17:30:00+00:00,28099.0,28099.5,27733.5,27842.0,11022.625
2023-03-30 18:00:00+00:00,27842.0,27880.0,27684.5,27880.0,5707.209
2023-03-30 18:30:00+00:00,27880.0,27935.0,27843.0,27899.0,2767.996
2023-03-30 19:00:00+00:00,27899.0,28050.0,27881.5,28037.0,3172.065
2023-03-30 19:30:00+00:00,28037.0,28071.0,27938.0,27976.0,3024.672
2023-03-30 20:00:00+00:00,27976.0,28005.0,27894.5,27979.5,3345.981
2023-03-30 20:30:00+00:00,27979.5,28177.0,27979.0,28143.5,3136.605
2023-03-30 21:00:00+00:00,28143.5,28188.0,28070.0,28086.5,2174.455
2023-03-30 21:30:00+00:00,28086.5,28098.5,28008.0,28070.5,1852.789
2023-03-30 22:00:00+00:00,28070.5,28133.0,28070.5,28103.0,1518.861
2023-03-30 22:30:00+00:00,28103.0,28141.5,27785.5,27894.5,4687.158
2023-03-30 23:00:00+00:00,27894.5,28001.0,27838.0,27981.0,2712.978
2023-03-30 23:30:00+00:00,27981.0,28045.5,27975.0,28021.0,1754.638
2023-03-31 00:00:00+00:00,28021.0,28136.5,27914.0,28120.5,2667.321
2023-03-31 00:30:00+00:00,28120.5,28341.0,28071.0,28241.0,4684.443
2023-03-31 01:00:00+00:00,28241.0,28376.5,28206.0,28223.5,3796.415
2023-03-31 01:30:00+00:00,28223.5,28239.5,28115.0,28158.0,3836.009
2023-03-31 02:00:00+00:00,28158.0,28163.0,28081.0,28159.0,3265.534
2023-03-31 02:30:00+00:00,28159.0,28206.5,28104.5,28145.0,2154.694
2023-03-31 03:00:00+00:00,28145.0,28218.0,28109.5,28214.5,2023.984
2023-03-31 03:30:00+00:00,28214.5,28228.0,28130.5,28169.0,2183.438
2023-03-31 04:00:00+00:00,28169.0,28169.0,28089.5,28156.0,2528.526
2023-03-31 04:30:00+00:00,28156.0,28198.0,28144.5,28171.5,1463.752
2023-03-31 05:00:00+00:00,28171.5,28211.5,28120.0,28134.0,1584.828
2023-03-31 05:30:00+00:00,28134.0,28166.0,27943.0,28031.0,4105.444
2023-03-31 06:00:00+00:00,28031.0,28083.5,28009.0,28061.0,2557.304
2023-04-16 22:00:00+00:00,30371.0,30393.0,30297.5,30302.0,2247.575
2023-04-16 22:30:00+00:00,30302.0,30317.0,30276.5,30308.5,2393.395
2023-04-16 23:00:00+00:00,30308.5,30324.0,30258.0,30258.5,1928.298
2023-04-16 23:30:00+00:00,30258.5,30285.5,30225.0,30285.5,1666.975
2023-04-17 00:00:00+00:00,30285.5,30298.0,30003.5,30034.5,4905.247
2023-04-17 00:30:00+00:00,30034.5,30097.5,29768.5,29827.5,10189.264
2023-04-17 01:00:00+00:00,29827.5,29960.0,29724.0,29928.0,4328.393
2023-04-17 01:30:00+00:00,29928.0,29974.0,29892.0,29925.0,2337.912
2023-04-17 02:00:00+00:00,29925.0,29961.5,29869.0,29958.0,1618.29
2023-04-17 02:30:00+00:00,29958.0,30078.5,29929.0,29998.0,3333.727
2023-04-17 03:00:00+00:00,29998.0,30020.5,29963.5,29973.0,1995.724
2023-04-17 03:30:00+00:00,29973.0,29977.5,29929.5,29960.5,1922.543
2023-04-17 04:00:00+00:00,29960.5,29964.0,29917.0,29925.5,2078.396
2023-04-17 04:30:00+00:00,29925.5,29968.5,29887.0,29965.5,2260.078
2023-04-17 05:00:00+00:00,29965.5,29988.0,29919.5,29944.0,1726.687
2023-04-17 05:30:00+00:00,29944.0,29977.0,29929.5,29977.0,2151.315
2023-04-17 06:00:00+00:00,29977.0,29987.0,29910.5,29934.5,2423.273
2023-04-17 06:30:00+00:00,29934.5,29934.5,29878.5,29890.0,2164.843
2023-04-17 07:00:00+00:00,29890.0,29925.0,29853.0,29895.0,2491.069
2023-04-17 07:30:00+00:00,29895.0,29911.0,29833.5,29837.5,2622.996
2023-04-17 08:00:00+00:00,29837.5,29890.0,29801.5,29863.5,3498.894
2023-04-17 08:30:00+00:00,29863.5,29909.5,29852.5,29907.5,1759.179
2023-04-17 09:00:00+00:00,29907.5,29913.0,29873.0,29890.5,1733.81
2023-04-17 09:30:00+00:00,29890.5,29901.5,29837.5,29865.5,1504.219
2023-04-17 10:00:00+00:00,29865.5,29876.0,29810.0,29828.0,1864.514
2023-04-17 10:30:00+00:00,29828.0,29889.5,29762.5,29886.0,3923.369
2023-04-17 11:00:00+00:00,29886.0,29887.5,29739.0,29760.0,2998.73
2023-04-17 11:30:00+00:00,29760.0,29788.5,29320.0,29554.5,12185.571
2023-04-17 12:00:00+00:00,29554.5,29590.0,29465.0,29513.0,3405.881
2023-04-17 12:30:00+00:00,29513.0,29535.5,29426.5,29520.5,3419.372
2023-04-17 13:00:00+00:00,29520.5,29523.5,29304.0,29355.0,5472.685
2023-04-17 13:30:00+00:00,29355.0,29457.0,29250.0,29393.5,5351.867
2023-04-17 14:00:00+00:00,29393.5,29474.5,29344.0,29443.0,2609.192
2023-04-17 14:30:00+00:00,29443.0,29466.0,29337.0,29434.0,3043.728
2023-04-17 15:00:00+00:00,29434.0,29458.0,29375.5,29377.0,2259.458
2023-04-17 15:30:00+00:00,29377.0,29382.5,29222.5,29350.5,4800.317
2023-04-17 16:00:00+00:00,29350.5,29400.0,29316.0,29399.5,2606.602
2023-04-17 16:30:00+00:00,29399.5,29470.5,29392.5,29446.5,2762.335
2023-04-17 17:00:00+00:00,29446.5,29520.0,29433.0,29467.5,2556.555
2023-04-17 17:30:00+00:00,29467.5,29504.5,29443.0,29444.0,2244.341
2023-04-17 18:00:00+00:00,29444.0,29515.0,29439.0,29511.0,2612.49
2023-04-17 18:30:00+00:00,29511.0,29561.5,29475.0,29515.5,2373.097
2023-04-17 19:00:00+00:00,29515.5,29551.0,29492.0,29544.5,1903.281
2023-04-17 19:30:00+00:00,29544.5,29572.0,29446.5,29459.5,2419.341
2023-04-17 20:00:00+00:00,29459.5,29490.0,29412.5,29433.5,2541.66
2023-04-17 20:30:00+00:00,29433.5,29476.0,29408.5,29431.0,2766.481
2023-04-17 21:00:00+00:00,29431.0,29448.5,29371.5,29420.0,2141.749
2023-04-17 21:30:00+00:00,29420.0,29456.5,29420.0,29437.5,1197.704
2023-04-17 22:00:00+00:00,29437.5,29494.5,29437.0,29487.0,1360.05
2023-04-17 22:30:00+00:00,29487.0,29522.0,29466.5,29487.0,2067.528
2023-04-17 23:00:00+00:00,29487.0,29491.5,29447.5,29452.5,1649.014
2023-04-17 23:30:00+00:00,29452.5,29460.0,29380.0,29414.5,1904.603
2023-04-18 00:00:00+00:00,29414.5,29435.5,29376.0,29384.5,1252.534
2023-04-18 00:30:00+00:00,29384.5,29412.0,29270.0,29347.5,2805.888
2023-04-18 01:00:00+00:00,29347.5,29361.0,29085.0,29273.0,7112.357
2023-04-18 01:30:00+00:00,29273.0,29401.5,29269.5,29355.5,3688.694
2023-04-18 02:00:00+00:00,29355.5,29457.0,29355.5,29419.5,2961.844
2023-04-18 02:30:00+00:00,29419.5,29472.0,29409.0,29450.0,2210.695
2023-04-18 03:00:00+00:00,29450.0,29496.5,29425.5,29434.0,3053.172
2023-04-18 03:30:00+00:00,29434.0,29461.5,29426.5,29429.0,2048.95
2023-04-18 04:00:00+00:00,29429.0,29472.5,29424.0,29444.0,1614.382
2023-04-18 04:30:00+00:00,29444.0,29492.5,29444.0,29478.0,1463.078
2023-04-18 05:00:00+00:00,29478.0,29549.5,29477.5,29527.5,2802.185
2023-04-18 05:30:00+00:00,29527.5,29584.5,29500.0,29526.0,3255.929
2023-04-18 06:00:00+00:00,29526.0,29729.5,29526.0,29681.0,5547.589
2023-04-18 06:30:00+00:00,29681.0,29710.0,29633.0,29698.0,3105.3
2023-04-18 07:00:00+00:00,29698.0,29724.5,29650.0,29705.5,2552.59
2023-04-18 07:30:00+00:00,29705.5,29783.5,29694.5,29751.5,3544.576
2023-04-18 08:00:00+00:00,29751.5,29811.5,29688.0,29704.5,4072.197
2023-04-18 08:30:00+00:00,29704.5,29716.0,29672.5,29679.5,2814.617
2023-04-18 09:00:00+00:00,29679.5,29818.5,29679.5,29807.0,3468.305
2023-04-18 09:30:00+00:00,29807.0,29914.0,29806.5,29875.0,5385.646
2023-04-18 10:00:00+00:00,29875.0,29948.0,29845.0,29902.0,4106.866
2023-04-18 10:30:00+00:00,29902.0,29916.0,29854.5,29878.0,2120.471
2023-04-18 11:00:00+00:00,29878.0,29999.0,29866.5,29969.5,3336.238
2023-04-18 11:30:00+00:00,29969.5,30368.0,29969.5,30365.0,13337.778
2023-04-18 12:00:00+00:00,30365.0,30470.0,30331.5,30375.0,7943.617
2023-04-18 12:30:00+00:00,30375.0,30390.0,30263.0,30284.5,5002.319
2023-04-18 13:00:00+00:00,30284.5,30319.0,30262.0,30318.5,3074.9
2023-04-18 13:30:00+00:00,30318.5,30414.0,30278.0,30359.5,3673.521
2023-04-18 14:00:00+00:00,30359.5,30369.0,30138.0,30165.5,5450.178
2023-04-18 14:30:00+00:00,30165.5,30261.5,30106.0,30224.0,3657.539
2023-04-18 15:00:00+00:00,30224.0,30266.5,30088.5,30168.5,3807.73
2023-04-18 15:30:00+00:00,30168.5,30222.0,30085.0,30164.0,3917.902
2023-04-18 16:00:00+00:00,30164.0,30242.0,30153.5,30181.0,3009.86
2023-04-18 16:30:00+00:00,30181.0,30238.0,30138.5,30200.5,2754.144
2023-04-18 17:00:00+00:00,30200.5,30237.0,30151.5,30163.0,1424.212
2023-04-18 17:30:00+00:00,30163.0,30210.5,30007.5,30013.5,3787.12
2023-04-18 18:00:00+00:00,30013.5,30234.0,29928.0,30221.0,4098.42
2023-04-18 18:30:00+00:00,30221.0,30262.0,30052.0,30133.0,2658.874
2023-04-18 19:00:00+00:00,30133.0,30216.0,30083.5,30148.0,1682.82
2023-04-18 19:30:00+00:00,30148.0,30224.0,30126.0,30207.5,1038.747
2023-04-18 20:00:00+00:00,30207.5,30272.0,30142.0,30243.0,1477.319
2023-04-18 20:30:00+00:00,30243.0,30451.0,30206.0,30409.5,3539.298
2023-04-18 21:00:00+00:00,30409.5,30438.0,30300.0,30335.5,2326.473
2023-04-18 21:30:00+00:00,30335.5,30375.5,30261.5,30364.5,1748.11
2023-04-18 22:00:00+00:00,30364.5,30392.5,30294.5,30321.0,1570.775
2023-04-18 22:30:00+00:00,30321.0,30350.0,30278.0,30349.5,1639.567
2023-04-18 23:00:00+00:00,30349.5,30353.0,30284.5,30319.0,1650.76
2023-04-18 23:30:00+00:00,30319.0,30395.0,30302.0,30365.5,2164.06
2023-04-19 00:00:00+00:00,30365.5,30394.0,30293.5,30302.5,2342.677
2023-04-19 00:30:00+00:00,30302.5,30343.0,30264.0,30303.5,1542.827
2023-04-19 01:00:00+00:00,30303.5,30330.5,30223.5,30303.0,1597.841
2023-04-19 01:30:00+00:00,30303.0,30319.5,30212.0,30224.5,1891.449
2023-04-19 02:00:00+00:00,30224.5,30246.0,30105.0,30235.5,3270.515
2023-04-19 02:30:00+00:00,30235.5,30243.0,30155.5,30186.5,1822.898
2023-04-19 03:00:00+00:00,30186.5,30261.5,30175.5,30244.5,1914.923
2023-04-19 03:30:00+00:00,30244.5,30244.5,30159.0,30193.5,2421.121
2023-04-19 04:00:00+00:00,30193.5,30210.5,30133.0,30209.0,2537.564
2023-04-19 04:30:00+00:00,30209.0,30217.0,30158.5,30182.5,1511.879
2023-04-19 05:00:00+00:00,30182.5,30226.0,30156.5,30203.0,1461.437
2023-04-19 05:30:00+00:00,30203.0,30310.0,30191.0,30248.0,3249.033
2023-04-19 06:00:00+00:00,30248.0,30255.0,30038.0,30099.0,5495.832
2023-04-19 06:30:00+00:00,30099.0,30115.0,29988.0,29991.0,3381.942
2023-04-19 07:00:00+00:00,29991.0,30093.5,29960.0,30092.5,3011.654
2023-04-19 07:30:00+00:00,30092.5,30098.0,30033.0,30061.0,2107.963
2023-04-19 08:00:00+00:00,30061.0,30061.0,28926.5,29271.0,30086.239
2023-04-19 08:30:00+00:00,29271.0,29370.5,29137.5,29160.0,9612.367
2023-04-19 09:00:00+00:00,29160.0,29220.0,29021.5,29200.0,6109.441
2023-04-19 09:30:00+00:00,29200.0,29310.0,29168.5,29184.5,3427.33
2023-04-19 10:00:00+00:00,29184.5,29211.5,29106.0,29183.5,2344.799
2023-04-19 10:30:00+00:00,29183.5,29257.0,29074.0,29239.0,2883.428
2023-04-19 11:00:00+00:00,29239.0,29290.5,29216.5,29254.0,2527.367
2023-04-19 11:30:00+00:00,29254.0,29320.0,29250.5,29296.5,1965.184
2023-04-19 12:00:00+00:00,29296.5,29298.0,29192.5,29235.5,1949.606
2023-04-19 12:30:00+00:00,29235.5,29251.0,29164.0,29210.5,1824.533
2023-04-19 13:00:00+00:00,29210.5,29265.0,29173.0,29251.5,1605.16
2023-04-19 13:30:00+00:00,29251.5,29319.5,29235.5,29309.5,2534.93
2023-04-19 14:00:00+00:00,29309.5,29447.5,29308.0,29381.5,4683.92
2023-04-19 14:30:00+00:00,29381.5,29483.0,29362.5,29377.5,4578.226
2023-04-19 15:00:00+00:00,29377.5,29411.5,29314.5,29364.0,3622.274
2023-04-19 15:30:00+00:00,29364.0,29377.5,29073.0,29246.5,7808.572
2023-04-19 16:00:00+00:00,29246.5,29363.0,29224.0,29299.0,3442.311
2023-04-19 16:30:00+00:00,29299.0,29343.0,29288.5,29300.0,2323.21
2023-04-19 17:00:00+00:00,29300.0,29313.5,29168.0,29240.5,3080.015
2023-04-19 17:30:00+00:00,29240.5,29306.0,29076.0,29304.0,3090.481
2023-04-19 18:00:00+00:00,29304.0,29341.0,29231.5,29268.5,1836.503
2023-04-19 18:30:00+00:00,29268.5,29270.0,29192.0,29254.0,2044.232
2023-04-19 19:00:00+00:00,29254.0,29330.5,29216.0,29274.5,2333.591
2023-04-19 19:30:00+00:00,29274.5,29311.0,29175.5,29208.0,2070.46
2023-04-19 20:00:00+00:00,29208.0,29295.5,29164.0,29192.5,2451.925
2023-04-19 20:30:00+00:00,29192.5,29221.5,29135.5,29219.5,1835.727
2023-04-19 21:00:00+00:00,29219.5,29221.0,28870.0,29045.5,8236.438
2023-04-19 21:30:00+00:00,29045.5,29150.0,28786.0,29150.0,8391.586
2023-04-19 22:00:00+00:00,29150.0,29218.5,29040.0,29061.5,3099.141
2023-04-19 22:30:00+00:00,29061.5,29151.5,29016.0,29061.0,2049.671
2023-04-19 23:00:00+00:00,29061.0,29071.5,28553.0,28703.0,10780.534
2023-04-19 23:30:00+00:00,28703.0,28857.0,28621.0,28795.5,5589.156
2023-04-20 00:00:00+00:00,28795.5,28908.0,28709.0,28886.5,2890.296
2023-04-20 00:30:00+00:00,28886.5,28949.0,28846.5,28905.0,2609.925
2023-04-20 01:00:00+00:00,28905.0,28939.0,28824.0,28844.5,1533.531
2023-04-20 01:30:00+00:00,28844.5,28981.5,28844.5,28921.0,2547.97
2023-04-20 02:00:00+00:00,28921.0,28939.0,28809.5,28870.0,2945.152
2023-04-20 02:30:00+00:00,28870.0,28870.5,28707.0,28728.5,3304.716
2023-04-20 03:00:00+00:00,28728.5,28840.0,28529.0,28810.5,6093.695
2023-04-20 03:30:00+00:00,28810.5,28865.0,28783.5,28835.5,2081.935
2023-04-20 04:00:00+00:00,28835.5,28923.0,28835.0,28909.0,1972.866
2023-04-20 04:30:00+00:00,28909.0,28934.5,28824.5,28849.0,1832.756
2023-04-20 05:00:00+00:00,28849.0,28917.0,28827.0,28851.5,1243.374
2023-04-20 05:30:00+00:00,28851.5,28885.0,28804.5,28870.0,2552.92
2023-04-20 06:00:00+00:00,28870.0,29068.5,28869.5,28959.0,5068.341
2023-04-20 06:30:00+00:00,28959.0,28979.0,28906.5,28909.5,2354.82
2023-04-20 07:00:00+00:00,28909.5,28928.5,28874.0,28898.0,2400.271
2023-04-20 07:30:00+00:00,28898.0,28900.0,28834.0,28851.5,1749.239
2023-04-20 08:00:00+00:00,28851.5,28940.0,28815.5,28906.0,1852.225
2023-04-20 08:30:00+00:00,28906.0,28933.0,28720.0,28807.5,3888.751
2023-04-20 09:00:00+00:00,28807.5,28859.5,28800.0,28836.0,1918.125
2023-04-20 09:30:00+00:00,28836.0,28888.5,28835.5,28844.5,1865.948
2023-04-20 10:00:00+00:00,28844.5,28885.5,28771.0,28799.5,1997.137
2023-04-20 10:30:00+00:00,28799.5,28850.0,28764.0,28837.5,2337.268
2023-04-20 11:00:00+00:00,28837.5,28842.5,28661.0,28736.0,3839.278
2023-04-20 11:30:00+00:00,28736.0,28743.0,28573.5,28594.0,5405.693
2023-04-20 12:00:00+00:00,28594.0,28766.0,28319.0,28700.0,12178.201
2023-04-20 12:30:00+00:00,28700.0,28931.5,28700.0,28869.0,6567.182
2023-04-20 13:00:00+00:00,28869.0,28878.0,28743.5,28761.0,2817.101
2023-04-20 13:30:00+00:00,28761.0,28860.5,28698.0,28803.0,3834.853
2023-04-20 14:00:00+00:00,28803.0,28850.5,28749.5,28755.0,2671.102
2023-04-20 14:30:00+00:00,28755.0,28792.5,28665.0,28700.5,2413.55
2023-04-20 15:00:00+00:00,28700.5,28718.5,28631.5,28683.5,2804.311
2023-04-20 15:30:00+00:00,28683.5,28684.0,28430.0,28494.5,6709.409
2023-04-20 16:00:00+00:00,28494.5,28641.5,28246.5,28556.0,10208.942
2023-04-20 16:30:00+00:00,28556.0,28614.0,28424.0,28424.0,2661.617
2023-04-20 17:00:00+00:00,28424.0,28595.0,28335.0,28557.0,4572.806
2023-04-20 17:30:00+00:00,28557.0,28573.0,28439.0,28439.0,2024.335
2023-04-20 18:00:00+00:00,28439.0,28512.0,28328.5,28329.0,2957.766
2023-04-20 18:30:00+00:00,28329.0,28386.0,28264.0,28347.0,3280.314
2023-04-20 19:00:00+00:00,28347.0,28349.5,28001.0,28074.5,9592.522
2023-04-20 19:30:00+00:00,28074.5,28208.5,27981.0,28098.5,4246.088
2023-04-20 20:00:00+00:00,28098.5,28227.5,28000.0,28210.5,3198.397
2023-04-20 20:30:00+00:00,28210.5,28316.0,28164.0,28200.0,3246.341
2023-04-20 21:00:00+00:00,28200.0,28282.0,28167.5,28199.5,2277.417
2023-04-20 21:30:00+00:00,28199.5,28226.0,28153.5,28225.5,1553.41
2023-04-20 22:00:00+00:00,28225.5,28356.0,28171.0,28274.0,2279.071
2023-04-20 22:30:00+00:00,28274.0,28275.5,28194.0,28245.5,1495.856
2023-04-20 23:00:00+00:00,28245.5,28308.5,28175.5,28215.5,1735.76
2023-04-20 23:30:00+00:00,28215.5,28263.0,28197.5,28230.5,2247.204
2023-04-21 00:00:00+00:00,28230.5,28307.0,28107.0,28142.0,3290.215
2023-04-21 00:30:00+00:00,28142.0,28360.0,28082.0,28282.0,3208.519
2023-04-21 01:00:00+00:00,28282.0,28309.0,28190.5,28241.5,1948.236
2023-04-21 01:30:00+00:00,28241.5,28264.5,28182.0,28195.0,2635.885
2023-05-07 17:30:00+00:00,28901.5,28921.0,28863.0,28888.0,1885.271
2023-05-07 18:00:00+00:00,28888.0,28916.0,28875.5,28888.5,1861.254
2023-05-07 18:30:00+00:00,28888.5,28938.0,28840.0,28842.0,1908.912
2023-05-07 19:00:00+00:00,28842.0,28870.0,28760.5,28848.0,2995.927
2023-05-07 19:30:00+00:00,28848.0,28915.0,28823.0,28892.0,1131.939
2023-05-07 20:00:00+00:00,28892.0,28936.0,28890.5,28910.0,989.185
2023-05-07 20:30:00+00:00,28910.0,28918.5,28870.0,28897.5,1327.808
2023-05-07 21:00:00+00:00,28897.5,28906.0,28829.0,28906.0,1296.769
2023-05-07 21:30:00+00:00,28906.0,28937.0,28731.0,28759.5,2578.133
2023-05-07 22:00:00+00:00,28759.5,28837.0,28710.0,28793.0,2339.184
2023-05-07 22:30:00+00:00,28793.0,28806.5,28728.0,28731.0,1390.623
2023-05-07 23:00:00+00:00,28731.0,28779.5,28646.0,28731.0,3181.246
2023-05-07 23:30:00+00:00,28731.0,28782.0,28383.5,28420.0,6476.371
2023-05-08 00:00:00+00:00,28420.0,28612.0,28350.0,28572.0,5187.984
2023-05-08 00:30:00+00:00,28572.0,28589.5,28526.0,28553.5,2178.359
2023-05-08 01:00:00+00:00,28553.5,28578.0,28432.0,28450.0,2489.746
2023-05-08 01:30:00+00:00,28450.0,28565.5,28053.0,28207.5,13825.549
2023-05-08 02:00:00+00:00,28207.5,28271.0,28117.5,28225.0,4842.984
2023-05-08 02:30:00+00:00,28225.0,28294.0,28164.5,28271.0,2765.704
2023-05-08 03:00:00+00:00,28271.0,28271.5,28141.5,28152.5,2837.764
2023-05-08 03:30:00+00:00,28152.5,28205.0,28008.5,28186.0,5812.378
2023-05-08 04:00:00+00:00,28186.0,28208.0,28148.0,28174.5,2868.802
2023-05-08 04:30:00+00:00,28174.5,28225.0,28102.5,28113.5,1878.574
2023-05-08 05:00:00+00:00,28113.5,28202.0,28065.5,28180.5,2672.481
2023-05-08 05:30:00+00:00,28180.5,28250.0,28163.5,28244.0,3035.893
2023-05-08 06:00:00+00:00,28244.0,28245.0,28191.0,28226.5,2585.713
2023-05-08 06:30:00+00:00,28226.5,28234.5,28128.0,28167.0,3039.989
2023-05-08 07:00:00+00:00,28167.0,28183.0,28090.0,28114.0,3109.148
2023-05-08 07:30:00+00:00,28114.0,28127.5,27804.0,27956.5,7956.373
2023-05-08 08:00:00+00:00,27956.5,27974.0,27831.0,27915.0,4042.455
2023-05-08 08:30:00+00:00,27915.0,27943.0,27567.0,27692.0,10311.114
2023-05-08 09:00:00+00:00,27692.0,27880.0,27665.5,27867.5,4078.513
2023-05-08 09:30:00+00:00,27867.5,27916.0,27826.5,27899.0,2099.386
2023-05-08 10:00:00+00:00,27899.0,27933.5,27856.0,27915.0,1879.31
2023-05-08 10:30:00+00:00,27915.0,27928.5,27886.5,27918.5,2116.3
2023-05-08 11:00:00+00:00,27918.5,27957.5,27854.5,27905.0,2613.753
2023-05-08 11:30:00+00:00,27905.0,27947.5,27876.0,27912.5,2415.171
2023-05-08 12:00:00+00:00,27912.5,27924.5,27800.5,27854.5,3308.664
2023-05-08 12:30:00+00:00,27854.5,27856.5,27733.5,27752.5,3557.955
2023-05-08 13:00:00+00:00,27752.5,27952.0,27718.5,27919.0,4632.29
2023-05-08 13:30:00+00:00,27919.0,27922.5,27818.5,27837.0,2843.102
2023-05-08 14:00:00+00:00,27837.0,27868.5,27741.5,27769.5,3143.502
2023-05-08 14:30:00+00:00,27769.5,27964.5,27668.0,27950.0,4717.208
2023-05-08 15:00:00+00:00,27950.0,28068.0,27866.5,27896.5,5391.232
2023-05-08 15:30:00+00:00,27896.5,27904.5,27836.0,27874.0,2796.014
2023-05-08 16:00:00+00:00,27874.0,27915.0,27817.5,27878.0,2911.208
2023-05-08 16:30:00+00:00,27878.0,27902.0,27823.5,27856.0,1413.205
2023-05-08 17:00:00+00:00,27856.0,27873.5,27789.0,27871.5,1335.846
2023-05-08 17:30:00+00:00,27871.5,27889.0,27518.0,27518.0,5938.341
2023-05-08 18:00:00+00:00,27518.0,27590.5,27295.0,27504.5,12650.953
2023-05-08 18:30:00+00:00,27504.5,27525.0,27417.0,27457.5,2540.564
2023-05-08 19:00:00+00:00,27457.5,27482.5,27318.0,27477.5,3568.121
2023-05-08 19:30:00+00:00,27477.5,27478.0,27266.5,27325.0,2930.658
2023-05-08 20:00:00+00:00,27325.0,27493.0,27250.0,27459.5,3239.786
2023-05-08 20:30:00+00:00,27459.5,27537.5,27458.5,27528.0,2085.87
2023-05-08 21:00:00+00:00,27528.0,27528.0,27408.0,27472.0,1904.735
2023-05-08 21:30:00+00:00,27472.0,27642.0,27437.5,27526.5,2176.37
2023-05-08 22:00:00+00:00,27526.5,27627.0,27510.5,27583.5,1445.485
2023-05-08 22:30:00+00:00,27583.5,27648.5,27582.0,27643.5,1317.41
2023-05-08 23:00:00+00:00,27643.5,27666.5,27565.5,27649.5,1565.613
2023-05-08 23:30:00+00:00,27649.5,27678.5,27612.0,27648.0,1996.008
2023-05-09 00:00:00+00:00,27648.0,27653.0,27572.0,27592.0,1964.894
2023-05-09 00:30:00+00:00,27592.0,27600.0,27530.0,27567.5,1989.497
2023-05-09 01:00:00+00:00,27567.5,27725.5,27550.5,27672.5,3069.467
2023-05-09 01:30:00+00:00,27672.5,27740.0,27626.0,27683.0,2479.312
2023-05-09 02:00:00+00:00,27683.0,27685.0,27563.5,27600.0,1774.54
2023-05-09 02:30:00+00:00,27600.0,27632.0,27551.0,27626.5,1189.407
2023-05-09 03:00:00+00:00,27626.5,27626.5,27533.5,27556.5,1359.585
2023-05-09 03:30:00+00:00,27556.5,27627.0,27556.5,27610.0,2268.423
2023-05-09 04:00:00+00:00,27610.0,27622.0,27567.0,27621.5,2241.937
2023-05-09 04:30:00+00:00,27621.5,27625.0,27560.0,27592.0,1996.979
2023-05-09 05:00:00+00:00,27592.0,27600.5,27542.0,27558.5,2138.189
2023-05-09 05:30:00+00:00,27558.5,27584.5,27503.0,27535.0,2993.739
2023-05-09 06:00:00+00:00,27535.0,27535.0,27444.5,27476.5,3061.437
2023-05-09 06:30:00+00:00,27476.5,27571.0,27431.5,27530.5,2425.112
2023-05-09 07:00:00+00:00,27530.5,27572.0,27491.0,27569.0,1960.984
2023-05-09 07:30:00+00:00,27569.0,27650.0,27536.0,27644.5,3047.64
2023-05-09 08:00:00+00:00,27644.5,27648.0,27579.5,27587.0,2496.181
2023-05-09 08:30:00+00:00,27587.0,27599.0,27538.0,27553.0,1678.023
2023-05-09 09:00:00+00:00,27553.0,27584.5,27527.0,27583.0,1449.728
2023-05-09 09:30:00+00:00,27583.0,27583.0,27525.0,27563.5,1623.085
2023-05-09 10:00:00+00:00,27563.5,27605.0,27540.5,27604.5,1492.566
2023-05-09 10:30:00+00:00,27604.5,27634.0,27551.5,27570.0,2469.819
2023-05-09 11:00:00+00:00,27570.0,27578.0,27506.0,27575.5,2561.573
2023-05-09 11:30:00+00:00,27575.5,27710.0,27575.5,27658.5,3934.692
2023-05-09 12:00:00+00:00,27658.5,27798.5,27627.0,27749.0,4766.655
2023-05-09 12:30:00+00:00,27749.0,27767.0,27700.5,27740.0,2171.95
2023-05-09 13:00:00+00:00,27740.0,27802.0,27672.5,27690.5,3390.114
2023-05-09 13:30:00+00:00,27690.5,27701.5,27543.5,27605.5,4985.019
2023-05-09 14:00:00+00:00,27605.5,27614.0,27400.0,27416.0,5922.524
2023-05-09 14:30:00+00:00,27416.0,27617.5,27401.5,27532.5,4476.562
2023-05-09 15:00:00+00:00,27532.5,27574.5,27438.0,27480.5,2986.554
2023-05-09 15:30:00+00:00,27480.5,27514.0,27361.0,27391.5,3600.516
2023-05-09 16:00:00+00:00,27391.5,27493.5,27330.0,27444.5,5152.827
2023-05-09 16:30:00+00:00,27444.5,27692.0,27443.5,27685.0,4474.093
2023-05-09 17:00:00+00:00,27685.0,27740.0,27590.0,27618.0,2708.773
2023-05-09 17:30:00+00:00,27618.0,27648.5,27543.5,27595.0,1598.133
2023-05-09 18:00:00+00:00,27595.0,27622.5,27555.0,27592.0,2503.998
2023-05-09 18:30:00+00:00,27592.0,27658.5,27506.5,27540.0,2580.73
2023-05-09 19:00:00+00:00,27540.0,27606.5,27467.5,27591.5,2462.918
2023-05-09 19:30:00+00:00,27591.5,27704.5,27557.5,27698.0,2024.604
2023-05-09 20:00:00+00:00,27698.0,27759.5,27607.5,27627.0,1880.997
2023-05-09 20:30:00+00:00,27627.0,27653.0,27595.5,27635.5,1381.783
2023-05-09 21:00:00+00:00,27635.5,27644.0,27590.0,27608.5,1080.016
2023-05-09 21:30:00+00:00,27608.5,27632.0,27561.5,27579.5,1190.598
2023-05-09 22:00:00+00:00,27579.5,27590.5,27513.0,27542.5,2226.339
2023-05-09 22:30:00+00:00,27542.5,27570.0,27523.5,27567.5,1809.797
2023-05-09 23:00:00+00:00,27567.5,27606.5,27567.0,27581.5,1885.018
2023-05-09 23:30:00+00:00,27581.5,27642.5,27569.5,27617.0,2101.296
2023-05-10 00:00:00+00:00,27617.0,27769.0,27610.5,27748.0,2948.64
2023-05-10 00:30:00+00:00,27748.0,27761.5,27671.5,27727.5,2586.754
2023-05-10 01:00:00+00:00,27727.5,27836.0,27697.0,27742.0,4209.538
2023-05-10 01:30:00+00:00,27742.0,27749.0,27657.0,27683.5,3084.937
2023-05-10 02:00:00+00:00,27683.5,27722.5,27680.0,27719.0,1379.224
2023-05-10 02:30:00+00:00,27719.0,27722.0,27639.0,27655.5,1815.428
2023-05-10 03:00:00+00:00,27655.5,27705.0,27653.5,27655.0,2112.437
2023-05-10 03:30:00+00:00,27655.0,27706.0,27628.0,27668.5,1697.812
2023-05-10 04:00:00+00:00,27668.5,27675.5,27635.0,27656.0,2076.28
2023-05-10 04:30:00+00:00,27656.0,27677.0,27648.0,27677.0,1946.434
2023-05-10 05:00:00+00:00,27677.0,27700.0,27650.0,27662.5,1422.002
2023-05-10 05:30:00+00:00,27662.5,27670.0,27635.5,27641.0,1201.744
2023-05-10 06:00:00+00:00,27641.0,27641.0,27570.0,27596.0,2490.826
2023-05-10 06:30:00+00:00,27596.0,27625.0,27565.0,27616.0,1905.894
2023-05-10 07:00:00+00:00,27616.0,27627.0,27518.5,27528.5,2141.139
2023-05-10 07:30:00+00:00,27528.5,27561.5,27517.0,27529.0,1459.6
2023-05-10 08:00:00+00:00,27529.0,27586.0,27468.5,27549.5,3227.583
2023-05-10 08:30:00+00:00,27549.5,27585.0,27527.5,27561.0,1931.518
2023-05-10 09:00:00+00:00,27561.0,27574.5,27527.5,27549.0,1628.334
2023-05-10 09:30:00+00:00,27549.0,27600.5,27529.5,27570.0,1427.214
2023-05-10 10:00:00+00:00,27570.0,27602.5,27524.0,27531.5,1371.296
2023-05-10 10:30:00+00:00,27531.5,27601.5,27531.5,27580.0,1173.913
2023-05-10 11:00:00+00:00,27580.0,27633.0,27578.0,27599.0,1975.852
2023-05-10 11:30:00+00:00,27599.0,27664.5,27582.5,27659.5,2365.354
2023-05-10 12:00:00+00:00,27659.5,27747.0,27623.5,27696.5,4032.12
2023-05-10 12:30:00+00:00,27696.5,28161.0,27696.5,28149.5,19212.314
2023-05-10 13:00:00+00:00,28149.5,28298.0,28020.0,28086.0,11901.308
2023-05-10 13:30:00+00:00,28086.0,28212.0,28064.5,28150.0,5777.015
2023-05-10 14:00:00+00:00,28150.0,28234.0,28101.0,28179.5,3606.297
2023-05-10 14:30:00+00:00,28179.5,28212.0,28037.5,28075.0,3528.604
2023-05-10 15:00:00+00:00,28075.0,28128.5,28062.5,28091.0,2876.092
2023-05-10 15:30:00+00:00,28091.0,28196.5,28086.5,28132.5,3154.585
2023-05-10 16:00:00+00:00,28132.5,28268.0,28126.5,28265.5,3486.872
2023-05-10 16:30:00+00:00,28265.5,28279.0,28153.0,28163.0,2465.641
2023-05-10 17:00:00+00:00,28163.0,28199.0,26730.0,27140.0,31148.566
2023-05-10 17:30:00+00:00,27140.0,27508.5,27107.5,27479.0,8493.527
2023-05-10 18:00:00+00:00,27479.0,27516.5,27339.0,27445.0,4233.636
2023-05-10 18:30:00+00:00,27445.0,27465.0,27375.0,27414.0,2169.815
2023-05-10 19:00:00+00:00,27414.0,27785.0,27391.5,27672.5,6460.559
2023-05-10 19:30:00+00:00,27672.5,27724.0,27630.5,27671.5,1909.435
2023-05-10 20:00:00+00:00,27671.5,27971.0,27634.5,27844.0,4806.646
2023-05-10 20:30:00+00:00,27844.0,27898.0,27830.0,27840.0,2465.36
2023-05-10 21:00:00+00:00,27840.0,27851.5,27197.5,27523.0,8521.574
2023-05-10 21:30:00+00:00,27523.0,27564.5,27352.0,27493.5,4473.84
2023-05-10 22:00:00+00:00,27493.5,27559.5,27475.5,27520.0,2225.178
2023-05-10 22:30:00+00:00,27520.0,27686.5,27504.5,27657.5,3166.216
2023-05-10 23:00:00+00:00,27657.5,27708.0,27570.0,27600.5,1931.383
2023-05-10 23:30:00+00:00,27600.5,27637.5,27558.5,27586.0,1891.317
2023-05-11 00:00:00+00:00,27586.0,27607.0,27489.0,27524.5,3313.859
2023-05-11 00:30:00+00:00,27524.5,27542.0,27408.5,27500.5,3920.745
2023-05-11 01:00:00+00:00,27500.5,27563.5,27498.5,27514.0,1888.656
2023-05-11 01:30:00+00:00,27514.0,27556.5,27459.0,27539.0,2266.574
2023-05-11 02:00:00+00:00,27539.0,27562.0,27500.5,27529.0,1247.089
2023-05-11 02:30:00+00:00,27529.0,27540.5,27481.5,27486.5,1670.846
2023-05-11 03:00:00+00:00,27486.5,27487.0,27353.0,27431.5,3646.052
2023-05-11 03:30:00+00:00,27431.5,27450.0,27396.0,27433.5,1867.223
2023-05-11 04:00:00+00:00,27433.5,27474.0,27379.0,27406.5,2112.212
2023-05-11 04:30:00+00:00,27406.5,27477.0,27397.0,27475.0,1788.828
2023-05-11 05:00:00+00:00,27475.0,27477.5,27408.0,27451.0,1608.795
2023-05-11 05:30:00+00:00,27451.0,27519.5,27428.0,27512.0,1812.983
2023-05-11 06:00:00+00:00,27512.0,27519.0,27461.0,27482.5,1875.0
2023-05-11 06:30:00+00:00,27482.5,27492.0,27442.5,27490.0,2090.231
2023-05-11 07:00:00+00:00,27490.0,27519.0,27475.0,27509.5,1470.662
2023-05-11 07:30:00+00:00,27509.5,27535.5,27401.0,27440.0,2782.792
2023-05-11 08:00:00+00:00,27440.0,27440.0,27253.0,27396.5,5253.313
2023-05-11 08:30:00+00:00,27396.5,27419.5,27362.0,27377.5,2305.468
2023-05-11 09:00:00+00:00,27377.5,27410.0,27338.5,27386.5,3254.608
2023-05-11 09:30:00+00:00,27386.5,27436.0,27360.5,27401.0,3004.905
2023-05-11 10:00:00+00:00,27401.0,27455.5,27392.5,27428.0,1948.845
2023-05-11 10:30:00+00:00,27428.0,27471.0,27406.0,27440.0,2045.404
2023-05-11 11:00:00+00:00,27440.0,27464.5,27383.5,27412.5,1747.19
2023-05-11 11:30:00+00:00,27412.5,27440.5,27356.5,27383.5,1720.899
2023-05-11 12:00:00+00:00,27383.5,27542.0,27368.5,27518.0,3583.761
2023-05-11 12:30:00+00:00,27518.0,27622.0,27289.5,27386.0,8563.454
2023-05-11 13:00:00+00:00,27386.0,27415.0,27266.5,27343.0,4253.239
2023-05-11 13:30:00+00:00,27343.0,27480.5,27091.5,27194.5,9532.696
2023-05-11 14:00:00+00:00,27194.5,27326.5,27000.0,27205.0,7706.685
2023-05-11 14:30:00+00:00,27205.0,27227.0,26927.5,27115.0,6297.985
2023-05-11 15:00:00+00:00,27115.0,27165.0,27029.0,27124.5,3889.985
2023-05-11 15:30:00+00:00,27124.5,27208.5,27110.5,27162.0,2956.381
2023-05-11 16:00:00+00:00,27162.0,27205.0,27087.5,27122.0,3564.273
2023-05-11 16:30:00+00:00,27122.0,27185.0,27094.5,27115.5,2425.499
2023-05-11 17:00:00+00:00,27115.5,27135.0,26810.0,26884.5,8110.695
2023-05-11 17:30:00+00:00,26884.5,26938.0,26734.5,26894.0,6765.397
2023-05-11 18:00:00+00:00,26894.0,26894.5,26755.5,26879.5,3577.684
2023-05-11 18:30:00+00:00,26879.5,26980.5,26861.5,26950.0,2914.708
2023-05-11 19:00:00+00:00,26950.0,27045.5,26903.0,26910.0,2662.037
2023-05-11 19:30:00+00:00,26910.0,26915.0,26685.0,26834.5,4596.164
2023-05-11 20:00:00+00:00,26834.5,26901.5,26796.5,26901.5,2354.852
2023-05-11 20:30:00+00:00,26901.5,27022.5,26898.5,26979.5,2599.714
2023-05-11 21:00:00+00:00,26979.5,27044.0,26958.0,26993.5,1865.32
2023-05-28 13:00:00+00:00,27140.0,27215.0,27139.5,27196.5,2466.916
2023-05-28 13:30:00+00:00,27196.5,27224.5,27175.0,27182.5,2218.652
2023-05-28 14:00:00+00:00,27182.5,27241.5,27175.5,27186.0,2120.912
2023-05-28 14:30:00+00:00,27186.0,27224.5,27184.0,27187.0,1336.931
2023-05-28 15:00:00+00:00,27187.0,27249.0,27171.0,27221.0,1785.464
2023-05-28 15:30:00+00:00,27221.0,27269.5,27221.0,27268.5,1588.433
2023-05-28 16:00:00+00:00,27268.5,27333.5,27224.5,27252.0,3846.7
2023-05-28 16:30:00+00:00,27252.0,27280.0,27232.0,27251.5,2224.006
2023-05-28 17:00:00+00:00,27251.5,27269.5,27208.5,27265.5,2002.283
2023-05-28 17:30:00+00:00,27265.5,27437.0,27264.0,27345.5,4648.285
2023-05-28 18:00:00+00:00,27345.5,27769.5,27310.0,27596.5,9579.809
2023-05-28 18:30:00+00:00,27596.5,27656.5,27538.0,27585.0,3743.849
2023-05-28 19:00:00+00:00,27585.0,27624.5,27567.0,27604.5,2565.319
2023-05-28 19:30:00+00:00,27604.5,27621.5,27474.0,27524.5,3303.597
2023-05-28 20:00:00+00:00,27524.5,27594.5,27523.5,27566.0,2203.422
2023-05-28 20:30:00+00:00,27566.0,27583.5,27544.0,27550.5,1983.756
2023-05-28 21:00:00+00:00,27550.5,27663.0,27548.5,27632.5,2411.013
2023-05-28 21:30:00+00:00,27632.5,27995.0,27604.5,27838.0,8257.394
2023-05-28 22:00:00+00:00,27838.0,28210.5,27838.0,28074.0,9764.908
2023-05-28 22:30:00+00:00,28074.0,28124.0,28033.0,28087.0,2853.686
2023-05-28 23:00:00+00:00,28087.0,28257.5,28083.5,28091.0,5343.989
2023-05-28 23:30:00+00:00,28091.0,28151.5,28052.5,28065.5,2014.696
2023-05-29 00:00:00+00:00,28065.5,28450.0,28065.0,28310.5,8674.138
2023-05-29 00:30:00+00:00,28310.5,28367.5,28180.0,28192.0,5153.06
2023-05-29 01:00:00+00:00,28192.0,28213.5,28157.0,28191.0,2504.428
2023-05-29 01:30:00+00:00,28191.0,28202.5,28136.0,28166.5,2064.221
2023-05-29 02:00:00+00:00,28166.5,28177.0,28122.5,28123.0,1698.165
2023-05-29 02:30:00+00:00,28123.0,28162.0,28094.0,28096.0,2053.803
2023-05-29 03:00:00+00:00,28096.0,28130.0,28060.5,28111.5,2086.276
2023-05-29 03:30:00+00:00,28111.5,28111.5,27917.0,27955.5,4639.609
2023-05-29 04:00:00+00:00,27955.5,28007.5,27860.0,27939.5,4114.539
2023-05-29 04:30:00+00:00,27939.5,27952.0,27859.0,27949.5,2940.841
2023-05-29 05:00:00+00:00,27949.5,28030.0,27937.0,28021.5,3101.016
2023-05-29 05:30:00+00:00,28021.5,28045.0,27974.5,27993.0,2264.012
2023-05-29 06:00:00+00:00,27993.0,28033.5,27984.5,28026.0,1461.955
2023-05-29 06:30:00+00:00,28026.0,28039.0,27986.5,28001.5,1627.385
2023-05-29 07:00:00+00:00,28001.5,28004.0,27870.5,27894.5,2998.178
2023-05-29 07:30:00+00:00,27894.5,27913.0,27836.0,27908.0,4635.709
2023-05-29 08:00:00+00:00,27908.0,27945.0,27849.0,27866.5,2866.957
2023-05-29 08:30:00+00:00,27866.5,27924.0,27866.0,27904.5,1994.23
2023-05-29 09:00:00+00:00,27904.5,27918.0,27856.5,27893.0,2098.087
2023-05-29 09:30:00+00:00,27893.0,27944.0,27892.5,27941.5,2300.315
2023-05-29 10:00:00+00:00,27941.5,27974.5,27901.0,27912.5,2920.532
2023-05-29 10:30:00+00:00,27912.5,27924.5,27749.0,27864.0,5949.591
2023-05-29 11:00:00+00:00,27864.0,27907.5,27843.0,27882.5,3235.441
2023-05-29 11:30:00+00:00,27882.5,27942.5,27882.5,27916.0,3182.614
2023-05-29 12:00:00+00:00,27916.0,27949.5,27867.0,27898.5,3082.528
2023-05-29 12:30:00+00:00,27898.5,27898.5,27861.5,27881.5,2415.297
2023-05-29 13:00:00+00:00,27881.5,27947.0,27876.5,27934.0,2304.894
2023-05-29 13:30:00+00:00,27934.0,27934.0,27865.0,27909.0,1956.813
2023-05-29 14:00:00+00:00,27909.0,27935.0,27877.0,27889.0,1621.643
2023-05-29 14:30:00+00:00,27889.0,27889.5,27686.5,27787.5,6099.868
2023-05-29 15:00:00+00:00,27787.5,27850.0,27632.5,27655.5,5531.053
2023-05-29 15:30:00+00:00,27655.5,27719.0,27580.0,27632.5,4536.597
2023-05-29 16:00:00+00:00,27632.5,27678.0,27542.0,27572.5,4614.738
2023-05-29 16:30:00+00:00,27572.5,27656.5,27559.5,27599.5,3902.314
2023-05-29 17:00:00+00:00,27599.5,27699.5,27527.5,27682.5,3876.392
2023-05-29 17:30:00+00:00,27682.5,27746.5,27646.5,27694.5,2763.929
2023-05-29 18:00:00+00:00,27694.5,27721.0,27676.5,27706.0,1382.313
2023-05-29 18:30:00+00:00,27706.0,27706.0,27605.0,27643.0,1699.564
2023-05-29 19:00:00+00:00,27643.0,27691.0,27632.5,27682.0,1199.506
2023-05-29 19:30:00+00:00,27682.0,27701.0,27625.5,27641.0,1308.174
2023-05-29 20:00:00+00:00,27641.0,27674.5,27629.0,27656.0,1443.288
2023-05-29 20:30:00+00:00,27656.0,27699.5,27651.0,27683.0,2231.14
2023-05-29 21:00:00+00:00,27683.0,27725.0,27670.0,27670.5,2002.575
2023-05-29 21:30:00+00:00,27670.5,27720.0,27650.5,27667.5,1732.226
2023-05-29 22:00:00+00:00,27667.5,27667.5,27554.5,27588.0,3506.3
2023-05-29 22:30:00+00:00,27588.0,27695.5,27577.5,27691.5,2666.571
2023-05-29 23:00:00+00:00,27691.5,27834.0,27682.0,27767.0,3904.821
2023-05-29 23:30:00+00:00,27767.0,27783.0,27725.5,27734.5,2550.08
2023-05-30 00:00:00+00:00,27734.5,27772.5,27672.5,27675.0,2750.991
2023-05-30 00:30:00+00:00,27675.0,27722.0,27581.5,27710.5,3399.7
2023-05-30 01:00:00+00:00,27710.5,27786.5,27697.0,27779.0,2438.122
2023-05-30 01:30:00+00:00,27779.0,27797.5,27729.0,27772.0,1326.153
2023-05-30 02:00:00+00:00,27772.0,27775.0,27721.5,27765.5,1561.208
2023-05-30 02:30:00+00:00,27765.5,27795.0,27743.5,27783.0,2179.141
2023-05-30 03:00:00+00:00,27783.0,27943.0,27772.5,27861.5,4688.62
2023-05-30 03:30:00+00:00,27861.5,27876.5,27819.0,27830.5,2023.486
2023-05-30 04:00:00+00:00,27830.5,27850.5,27782.5,27805.0,2241.976
2023-05-30 04:30:00+00:00,27805.0,27805.0,27765.5,27784.5,1985.321
2023-05-30 05:00:00+00:00,27784.5,27786.0,27681.5,27730.0,3573.886
2023-05-30 05:30:00+00:00,27730.0,27764.0,27723.0,27755.0,2517.254
2023-05-30 06:00:00+00:00,27755.0,27786.5,27753.5,27783.0,2193.274
2023-05-30 06:30:00+00:00,27783.0,27826.5,27782.0,27798.0,2529.584
2023-05-30 07:00:00+00:00,27798.0,27845.0,27786.0,27787.5,2316.57
2023-05-30 07:30:00+00:00,27787.5,27789.5,27731.5,27739.5,2743.761
2023-05-30 08:00:00+00:00,27739.5,27811.0,27716.5,27793.0,2913.536
2023-05-30 08:30:00+00:00,27793.0,27811.5,27769.0,27783.5,2241.548
2023-05-30 09:00:00+00:00,27783.5,27880.0,27783.5,27825.0,3125.841
2023-05-30 09:30:00+00:00,27825.0,27897.0,27824.5,27847.5,2923.225
2023-05-30 10:00:00+00:00,27847.5,27966.5,27847.5,27920.5,4197.998
2023-05-30 10:30:00+00:00,27920.5,28034.5,27896.5,27898.5,5739.124
2023-05-30 11:00:00+00:00,27898.5,27984.0,27848.0,27946.0,4037.763
2023-05-30 11:30:00+00:00,27946.0,28045.5,27939.0,28023.0,2812.212
2023-05-30 12:00:00+00:00,28023.0,28027.5,27870.5,27898.5,3723.613
2023-05-30 12:30:00+00:00,27898.5,27921.5,27791.5,27900.5,5307.601
2023-05-30 13:00:00+00:00,27900.5,27963.5,27886.5,27947.0,3086.693
2023-05-30 13:30:00+00:00,27947.0,27959.0,27755.0,27798.5,4344.856
2023-05-30 14:00:00+00:00,27798.5,27862.5,27734.5,27773.5,3442.304
2023-05-30 14:30:00+00:00,27773.5,27826.0,27624.0,27632.0,6484.628
2023-05-30 15:00:00+00:00,27632.0,27738.5,27620.0,27674.5,4011.7
2023-05-30 15:30:00+00:00,27674.5,27729.0,27654.5,27676.0,3130.584
2023-05-30 16:00:00+00:00,27676.0,27719.0,27550.0,27688.5,4688.952
2023-05-30 16:30:00+00:00,27688.5,27742.5,27677.0,27716.5,3172.112
2023-05-30 17:00:00+00:00,27716.5,27728.5,27647.0,27664.5,2274.559
2023-05-30 17:30:00+00:00,27664.5,27776.5,27629.0,27695.0,2670.395
2023-05-30 18:00:00+00:00,27695.0,27732.5,27667.0,27701.0,2093.202
2023-05-30 18:30:00+00:00,27701.0,27799.0,27701.0,27767.0,1923.461
2023-05-30 19:00:00+00:00,27767.0,27806.5,27749.5,27801.0,1925.842
2023-05-30 19:30:00+00:00,27801.0,27858.0,27788.0,27848.5,3224.678
2023-05-30 20:00:00+00:00,27848.5,27858.5,27767.0,27797.5,2987.365
2023-05-30 20:30:00+00:00,27797.5,27824.5,27757.0,27763.0,1715.453
2023-05-30 21:00:00+00:00,27763.0,27845.0,27757.5,27824.0,1819.137
2023-05-30 21:30:00+00:00,27824.0,27824.0,27655.0,27717.0,3603.195
2023-05-30 22:00:00+00:00,27717.0,27726.5,27648.0,27725.5,2653.142
2023-05-30 22:30:00+00:00,27725.5,27761.5,27724.5,27738.5,1466.988
2023-05-30 23:00:00+00:00,27738.5,27743.0,27675.5,27704.5,2180.632
2023-05-30 23:30:00+00:00,27704.5,27725.5,27681.5,27692.0,2469.015
2023-05-31 00:00:00+00:00,27692.0,27707.0,27659.5,27690.0,2281.525
2023-05-31 00:30:00+00:00,27690.0,27758.5,27685.0,27755.5,1870.206
2023-05-31 01:00:00+00:00,27755.5,27836.0,27739.0,27802.0,2013.387
2023-05-31 01:30:00+00:00,27802.0,27808.0,27738.5,27741.5,1315.633
2023-05-31 02:00:00+00:00,27741.5,27741.5,27570.5,27691.5,4143.064
2023-05-31 02:30:00+00:00,27691.5,27692.0,27625.0,27672.0,1787.113
2023-05-31 03:00:00+00:00,27672.0,27676.0,27604.5,27673.0,1905.356
2023-05-31 03:30:00+00:00,27673.0,27693.5,27646.0,27662.5,1840.398
2023-05-31 04:00:00+00:00,27662.5,27679.5,27617.0,27650.0,2011.292
2023-05-31 04:30:00+00:00,27650.0,27657.0,27231.0,27245.5,13948.442
2023-05-31 05:00:00+00:00,27245.5,27257.5,27068.0,27166.0,11785.5
2023-05-31 05:30:00+00:00,27166.0,27166.0,27007.0,27075.0,7160.824
2023-05-31 06:00:00+00:00,27075.0,27134.5,26966.5,27134.5,5264.579
2023-05-31 06:30:00+00:00,27134.5,27171.0,27097.0,27150.0,3039.604
2023-05-31 07:00:00+00:00,27150.0,27173.5,27102.0,27165.0,2750.727
2023-05-31 07:30:00+00:00,27165.0,27187.0,27144.0,27145.0,2490.073
2023-05-31 08:00:00+00:00,27145.0,27187.0,27110.5,27141.0,2516.505
2023-05-31 08:30:00+00:00,27141.0,27174.5,27098.0,27123.0,2526.056
2023-05-31 09:00:00+00:00,27123.0,27145.0,27070.0,27090.0,2219.289
2023-05-31 09:30:00+00:00,27090.0,27129.0,27039.0,27118.0,3014.632
2023-05-31 10:00:00+00:00,27118.0,27125.0,27055.5,27066.0,2487.999
2023-05-31 10:30:00+00:00,27066.0,27084.5,27030.0,27043.5,2548.89
2023-05-31 11:00:00+00:00,27043.5,27106.5,26980.0,27097.0,4207.723
2023-05-31 11:30:00+00:00,27097.0,27116.5,27064.0,27082.0,2518.931
2023-05-31 12:00:00+00:00,27082.0,27104.5,27049.0,27074.0,2130.892
2023-05-31 12:30:00+00:00,27074.0,27099.0,27055.0,27058.5,1582.092
2023-05-31 13:00:00+00:00,27058.5,27172.5,27045.5,27141.5,3302.217
2023-05-31 13:30:00+00:00,27141.5,27209.0,27091.5,27100.0,4369.065
2023-05-31 14:00:00+00:00,27100.0,27100.5,26821.0,26881.5,10203.832
2023-05-31 14:30:00+00:00,26881.5,27077.5,26843.0,27017.5,6142.758
2023-05-31 15:00:00+00:00,27017.5,27051.5,26907.5,26920.5,4072.603
2023-05-31 15:30:00+00:00,26920.5,26953.0,26859.0,26895.0,3288.708
2023-05-31 16:00:00+00:00,26895.0,26949.0,26826.5,26945.0,4006.181
2023-05-31 16:30:00+00:00,26945.0,26973.5,26871.5,26920.0,2752.449
2023-05-31 17:00:00+00:00,26920.0,26967.5,26897.0,26961.0,2280.378
2023-05-31 17:30:00+00:00,26961.0,27070.5,26948.5,27042.5,2499.893
2023-05-31 18:00:00+00:00,27042.5,27079.0,27001.0,27057.5,1941.812
2023-05-31 18:30:00+00:00,27057.5,27058.0,26997.5,27019.0,2028.426
2023-05-31 19:00:00+00:00,27019.0,27037.5,26988.0,27009.0,1741.097
2023-05-31 19:30:00+00:00,27009.0,27109.5,26976.0,26989.5,1334.502
2023-05-31 20:00:00+00:00,26989.5,27090.5,26988.5,27078.0,1575.731
2023-05-31 20:30:00+00:00,27078.0,27099.0,27063.0,27091.0,2018.753
2023-05-31 21:00:00+00:00,27091.0,27100.0,27030.0,27040.0,1760.624
2023-05-31 21:30:00+00:00,27040.0,27071.5,27036.0,27070.5,1382.053
2023-05-31 22:00:00+00:00,27070.5,27150.0,27065.0,27136.0,2218.958
2023-05-31 22:30:00+00:00,27136.0,27172.0,27113.0,27164.5,2117.346
2023-05-31 23:00:00+00:00,27164.5,27176.5,27137.5,27174.0,1774.867
2023-05-31 23:30:00+00:00,27174.0,27275.0,27164.5,27191.5,3544.03
2023-06-01 00:00:00+00:00,27191.5,27337.5,27178.0,27266.5,3088.004
2023-06-01 00:30:00+00:00,27266.5,27280.5,27006.0,27052.0,5977.262
2023-06-01 01:00:00+00:00,27052.0,27128.0,27041.5,27121.0,2651.993
2023-06-01 01:30:00+00:00,27121.0,27146.0,27060.5,27065.0,2323.151
2023-06-01 02:00:00+00:00,27065.0,27072.5,27023.0,27061.5,2082.42
2023-06-01 02:30:00+00:00,27061.5,27100.5,26624.0,26705.5,10877.383
2023-06-01 03:00:00+00:00,26705.5,26803.0,26595.0,26742.5,5726.27
2023-06-01 03:30:00+00:00,26742.5,26819.5,26725.0,26760.5,2446.961
2023-06-01 04:00:00+00:00,26760.5,26789.5,26736.5,26748.0,1950.522
2023-06-01 04:30:00+00:00,26748.0,26804.5,26748.0,26790.5,1985.374
2023-06-01 05:00:00+00:00,26790.5,26829.0,26771.5,26819.0,2142.947
2023-06-01 05:30:00+00:00,26819.0,26844.0,26808.0,26833.0,2373.071
2023-06-01 06:00:00+00:00,26833.0,26864.0,26782.0,26797.5,2549.922
2023-06-01 06:30:00+00:00,26797.5,26835.0,26762.0,26772.5,1384.963
2023-06-01 07:00:00+00:00,26772.5,26848.0,26748.0,26836.0,1886.313
2023-06-01 07:30:00+00:00,26836.0,26836.0,26766.0,26789.0,1260.76
2023-06-01 08:00:00+00:00,26789.0,26829.0,26771.5,26828.5,1550.814
2023-06-01 08:30:00+00:00,26828.5,26908.0,26815.0,26893.5,2892.177
2023-06-01 09:00:00+00:00,26893.5,26935.0,26876.5,26919.5,3147.614
2023-06-01 09:30:00+00:00,26919.5,26929.0,26883.0,26890.0,2138.687
2023-06-01 10:00:00+00:00,26890.0,26915.0,26842.5,26874.0,2727.407
2023-06-01 10:30:00+00:00,26874.0,26889.0,26842.0,26844.0,2216.512
2023-06-01 11:00:00+00:00,26844.0,26860.0,26825.5,26841.0,2172.477
2023-06-01 11:30:00+00:00,26841.0,26890.0,26840.0,26874.0,1437.601
2023-06-01 12:00:00+00:00,26874.0,26877.5,26774.0,26836.5,2919.169
2023-06-01 12:30:00+00:00,26836.5,26947.0,26826.0,26922.5,3515.327
2023-06-01 13:00:00+00:00,26922.5,26949.5,26891.0,26892.5,2433.136
2023-06-01 13:30:00+00:00,26892.5,26909.5,26850.5,26877.5,2552.842
2023-06-01 14:00:00+00:00,26877.5,26966.0,26815.0,26853.0,4151.071
2023-06-01 14:30:00+00:00,26853.0,26891.0,26830.0,26880.0,2102.304
2023-06-01 15:00:00+00:00,26880.0,26930.0,26851.0,26885.0,2137.342
2023-06-01 15:30:00+00:00,26885.0,26911.5,26843.0,26875.0,2443.939
2023-06-01 16:00:00+00:00,26875.0,26913.0,26873.5,26887.0,1976.729
2023-06-01 16:30:00+00:00,26887.0,27163.5,26790.0,27076.0,8116.43
2023-06-18 08:30:00+00:00,26553.5,26560.5,26497.5,26501.5,2006.944
2023-06-18 09:00:00+00:00,26501.5,26510.0,26455.5,26473.5,2312.884
2023-06-18 09:30:00+00:00,26473.5,26537.0,26473.5,26522.5,2554.403
2023-06-18 10:00:00+00:00,26522.5,26531.5,26479.5,26497.5,2376.349
2023-06-18 10:30:00+00:00,26497.5,26507.0,26475.0,26505.5,2058.403
2023-06-18 11:00:00+00:00,26505.5,26507.0,26472.0,26487.0,1982.776
2023-06-18 11:30:00+00:00,26487.0,26503.0,26483.0,26496.5,1682.681
2023-06-18 12:00:00+00:00,26496.5,26534.0,26468.0,26468.0,1827.135
2023-06-18 12:30:00+00:00,26468.0,26568.5,26434.5,26529.5,3576.309
2023-06-18 13:00:00+00:00,26529.5,26548.5,26501.5,26544.0,2547.247
2023-06-18 13:30:00+00:00,26544.0,26544.0,26480.0,26486.5,1809.866
2023-06-18 14:00:00+00:00,26486.5,26540.0,26456.0,26536.5,2137.42
2023-06-18 14:30:00+00:00,26536.5,26569.0,26522.0,26548.0,3188.34
2023-06-18 15:00:00+00:00,26548.0,26563.5,26523.0,26532.0,2412.395
2023-06-18 15:30:00+00:00,26532.0,26559.0,26522.0,26556.0,1217.909
2023-06-18 16:00:00+00:00,26556.0,26644.0,26522.5,26603.0,3300.714
2023-06-18 16:30:00+00:00,26603.0,26628.0,26568.0,26615.0,1419.535
2023-06-18 17:00:00+00:00,26615.0,26653.5,26571.5,26575.5,1693.957
2023-06-18 17:30:00+00:00,26575.5,26637.5,26558.5,26626.0,2743.425
2023-06-18 18:00:00+00:00,26626.0,26638.5,26576.0,26596.5,2363.538
2023-06-18 18:30:00+00:00,26596.5,26624.5,26588.5,26620.0,1878.877
2023-06-18 19:00:00+00:00,26620.0,26653.0,26597.0,26638.5,2344.146
2023-06-18 19:30:00+00:00,26638.5,26653.0,26622.0,26649.5,1696.297
2023-06-18 20:00:00+00:00,26649.5,26712.0,26357.0,26461.0,8066.315
2023-06-18 20:30:00+00:00,26461.0,26513.5,26410.0,26471.0,3140.287
2023-06-18 21:00:00+00:00,26471.0,26484.5,26436.5,26441.0,2015.187
2023-06-18 21:30:00+00:00,26441.0,26467.0,26392.5,26417.5,1440.573
2023-06-18 22:00:00+00:00,26417.5,26439.5,26375.5,26419.5,1454.475
2023-06-18 22:30:00+00:00,26419.5,26457.5,26399.5,26401.0,1794.571
2023-06-18 23:00:00+00:00,26401.0,26463.0,26251.0,26356.0,5308.621
2023-06-18 23:30:00+00:00,26356.0,26391.0,26319.0,26341.5,2782.127
2023-06-19 00:00:00+00:00,26341.5,26390.5,26328.0,26388.5,2110.861
2023-06-19 00:30:00+00:00,26388.5,26399.0,26249.0,26368.5,2334.017
2023-06-19 01:00:00+00:00,26368.5,26424.5,26350.0,26400.0,1888.352
2023-06-19 01:30:00+00:00,26400.0,26452.0,26397.0,26436.0,2012.292
2023-06-19 02:00:00+00:00,26436.0,26473.5,26417.5,26417.5,2256.306
2023-06-19 02:30:00+00:00,26417.5,26455.0,26417.5,26445.5,1824.083
2023-06-19 03:00:00+00:00,26445.5,26454.5,26402.0,26404.0,1855.861
2023-06-19 03:30:00+00:00,26404.0,26417.0,26381.0,26400.0,1124.604
2023-06-19 04:00:00+00:00,26400.0,26438.5,26380.0,26380.5,1288.189
2023-06-19 04:30:00+00:00,26380.5,26429.0,26364.5,26428.5,2051.686
2023-06-19 05:00:00+00:00,26428.5,26449.5,26425.0,26431.5,1877.894
2023-06-19 05:30:00+00:00,26431.5,26471.5,26424.5,26466.5,2730.151
2023-06-19 06:00:00+00:00,26466.5,26477.5,26439.0,26443.0,2731.428
2023-06-19 06:30:00+00:00,26443.0,26444.5,26410.0,26430.5,2408.424
2023-06-19 07:00:00+00:00,26430.5,26430.5,26402.0,26417.0,2615.386
2023-06-19 07:30:00+00:00,26417.0,26445.5,26388.0,26422.5,2134.36
2023-06-19 08:00:00+00:00,26422.5,26452.5,26412.0,26445.5,1922.748
2023-06-19 08:30:00+00:00,26445.5,26457.5,26395.0,26416.5,2421.613
2023-06-19 09:00:00+00:00,26416.5,26431.5,26371.0,26407.0,2944.03
2023-06-19 09:30:00+00:00,26407.0,26407.5,26382.5,26396.0,2135.106
2023-06-19 10:00:00+00:00,26396.0,26432.0,26395.0,26408.0,2024.101
2023-06-19 10:30:00+00:00,26408.0,26411.0,26375.5,26379.5,2382.018
2023-06-19 11:00:00+00:00,26379.5,26420.0,26365.5,26417.0,2405.647
2023-06-19 11:30:00+00:00,26417.0,26444.5,26404.5,26441.0,2389.936
2023-06-19 12:00:00+00:00,26441.0,26556.5,26423.5,26521.0,4759.825
2023-06-19 12:30:00+00:00,26521.0,26579.5,26492.0,26524.5,3236.091
2023-06-19 13:00:00+00:00,26524.5,26543.5,26494.5,26537.5,2186.795
2023-06-19 13:30:00+00:00,26537.5,26576.0,26519.5,26528.0,2239.481
2023-06-19 14:00:00+00:00,26528.0,26537.5,26385.0,26448.0,4167.981
2023-06-19 14:30:00+00:00,26448.0,26448.5,26400.5,26426.5,1958.481
2023-06-19 15:00:00+00:00,26426.5,26427.0,26349.5,26413.0,2556.576
2023-06-19 15:30:00+00:00,26413.0,26455.5,26411.5,26439.0,1760.048
2023-06-19 16:00:00+00:00,26439.0,26442.5,26409.0,26440.0,1570.604
2023-06-19 16:30:00+00:00,26440.0,26533.5,26305.0,26499.0,5941.326
2023-06-19 17:00:00+00:00,26499.0,26636.5,26483.0,26600.0,5317.704
2023-06-19 17:30:00+00:00,26600.0,26700.0,26557.0,26664.5,4523.766
2023-06-19 18:00:00+00:00,26664.5,27077.0,26664.0,26883.0,11553.733
2023-06-19 18:30:00+00:00,26883.0,26927.5,26473.0,26492.5,8548.751
2023-06-19 19:00:00+00:00,26492.5,26674.5,26368.5,26656.5,6216.618
2023-06-19 19:30:00+00:00,26656.5,26699.5,26572.0,26675.5,2442.545
2023-06-19 20:00:00+00:00,26675.5,26854.0,26670.5,26765.5,4578.749
2023-06-19 20:30:00+00:00,26765.5,26832.0,26690.0,26719.0,2640.628
2023-06-19 21:00:00+00:00,26719.0,26755.5,26648.0,26677.5,2440.325
2023-06-19 21:30:00+00:00,26677.5,26769.0,26677.0,26768.0,2720.287
2023-06-19 22:00:00+00:00,26768.0,26828.5,26732.0,26797.5,2832.431
2023-06-19 22:30:00+00:00,26797.5,26815.5,26736.5,26751.5,2420.22
2023-06-19 23:00:00+00:00,26751.5,26777.5,26716.5,26776.5,1962.424
2023-06-19 23:30:00+00:00,26776.5,26855.5,26756.0,26836.0,2563.125
2023-06-20 00:00:00+00:00,26836.0,26974.5,26793.0,26917.5,4104.767
2023-06-20 00:30:00+00:00,26917.5,27032.0,26868.5,26982.5,4687.303
2023-06-20 01:00:00+00:00,26982.5,27175.0,26953.5,26999.0,8473.936
2023-06-20 01:30:00+00:00,26999.0,27018.5,26885.0,26902.5,3627.016
2023-06-20 02:00:00+00:00,26902.5,26942.5,26872.5,26881.5,2283.396
2023-06-20 02:30:00+00:00,26881.5,26929.0,26881.5,26911.0,1368.872
2023-06-20 03:00:00+00:00,26911.0,26969.0,26911.0,26938.5,1981.62
2023-06-20 03:30:00+00:00,26938.5,26952.0,26885.5,26888.0,2566.176
2023-06-20 04:00:00+00:00,26888.0,26962.0,26888.0,26938.5,2303.448
2023-06-20 04:30:00+00:00,26938.5,26960.0,26925.0,26957.5,1429.98
2023-06-20 05:00:00+00:00,26957.5,27031.0,26915.0,26929.0,2990.452
2023-06-20 05:30:00+00:00,26929.0,26934.5,26788.0,26816.5,4268.696
2023-06-20 06:00:00+00:00,26816.5,26840.5,26750.0,26816.5,3973.384
2023-06-20 06:30:00+00:00,26816.5,26824.0,26783.0,26785.5,2456.687
2023-06-20 07:00:00+00:00,26785.5,26822.0,26758.0,26820.0,2569.335
2023-06-20 07:30:00+00:00,26820.0,26836.0,26817.5,26826.0,2477.863
2023-06-20 08:00:00+00:00,26826.0,26834.5,26765.0,26771.0,2579.545
2023-06-20 08:30:00+00:00,26771.0,26782.5,26731.5,26754.5,2747.017
2023-06-20 09:00:00+00:00,26754.5,26774.5,26744.0,26750.0,2194.826
2023-06-20 09:30:00+00:00,26750.0,26812.0,26699.5,26776.0,2867.206
2023-06-20 10:00:00+00:00,26776.0,26824.5,26747.0,26794.5,1606.61
2023-06-20 10:30:00+00:00,26794.5,26805.0,26768.5,26771.0,2771.0
2023-06-20 11:00:00+00:00,26771.0,26794.5,26754.0,26791.0,2501.93
2023-06-20 11:30:00+00:00,26791.0,26908.5,26791.0,26904.0,3263.068
2023-06-20 12:00:00+00:00,26904.0,26977.0,26848.0,26860.5,4725.238
2023-06-20 12:30:00+00:00,26860.5,26895.0,26826.5,26848.0,2751.277
2023-06-20 13:00:00+00:00,26848.0,26911.5,26847.5,26893.0,1772.324
2023-06-20 13:30:00+00:00,26893.0,26945.0,26775.0,26808.5,5542.479
2023-06-20 14:00:00+00:00,26808.5,26842.0,26666.0,26667.0,6016.106
2023-06-20 14:30:00+00:00,26667.0,26786.5,26650.5,26772.0,2756.41
2023-06-20 15:00:00+00:00,26772.0,26805.5,26735.0,26782.5,1733.915
2023-06-20 15:30:00+00:00,26782.5,27129.0,26782.5,27063.0,7809.743
2023-06-20 16:00:00+00:00,27063.0,27270.0,26996.0,27199.0,10549.954
2023-06-20 16:30:00+00:00,27199.0,27388.0,27152.5,27373.5,11182.086
2023-06-20 17:00:00+00:00,27373.5,27497.0,27332.5,27395.0,10337.807
2023-06-20 17:30:00+00:00,27395.0,28000.0,27360.5,27793.0,16765.211
2023-06-20 18:00:00+00:00,27793.0,28111.0,27777.5,27981.0,10403.148
2023-06-20 18:30:00+00:00,27981.0,28140.5,27864.0,28063.5,5271.194
2023-06-20 19:00:00+00:00,28063.5,28106.0,27776.5,27938.5,7371.316
2023-06-20 19:30:00+00:00,27938.5,27983.5,27862.5,27979.5,3726.238
2023-06-20 20:00:00+00:00,27979.5,28084.0,27870.5,27963.0,4470.915
2023-06-20 20:30:00+00:00,27963.0,28250.0,27950.0,28153.5,6645.842
2023-06-20 21:00:00+00:00,28153.5,28229.0,28066.5,28195.0,4299.733
2023-06-20 21:30:00+00:00,28195.0,28310.0,28091.0,28126.5,5498.84
2023-06-20 22:00:00+00:00,28126.5,28197.0,28097.0,28180.0,3035.916
2023-06-20 22:30:00+00:00,28180.0,28263.5,28141.0,28207.5,3676.168
2023-06-20 23:00:00+00:00,28207.5,28338.0,28145.0,28333.0,3845.034
2023-06-20 23:30:00+00:00,28333.0,28402.0,28235.0,28293.0,5403.111
2023-06-21 00:00:00+00:00,28293.0,28500.0,28250.5,28326.0,5902.319
2023-06-21 00:30:00+00:00,28326.0,28487.0,28275.0,28408.5,5335.335
2023-06-21 01:00:00+00:00,28408.5,29092.5,28390.0,28839.0,18210.903
2023-06-21 01:30:00+00:00,28839.0,28840.0,28731.0,28783.5,3468.131
2023-06-21 02:00:00+00:00,28783.5,28893.0,28756.0,28825.5,3653.04
2023-06-21 02:30:00+00:00,28825.5,28835.0,28761.5,28788.5,2109.544
2023-06-21 03:00:00+00:00,28788.5,28794.5,28684.0,28712.0,2699.628
2023-06-21 03:30:00+00:00,28712.0,28804.5,28704.5,28715.0,2851.718
2023-06-21 04:00:00+00:00,28715.0,28810.0,28682.5,28767.5,3146.651
2023-06-21 04:30:00+00:00,28767.5,28798.0,28720.0,28785.5,1731.924
2023-06-21 05:00:00+00:00,28785.5,28908.0,28768.5,28848.5,2669.764
2023-06-21 05:30:00+00:00,28848.5,28988.0,28790.0,28977.5,3266.872
2023-06-21 06:00:00+00:00,28977.5,29007.5,28790.5,28829.5,4289.327
2023-06-21 06:30:00+00:00,28829.5,28862.0,28776.0,28853.0,3801.762
2023-06-21 07:00:00+00:00,28853.0,28885.5,28821.0,28879.0,3243.938
2023-06-21 07:30:00+00:00,28879.0,28917.5,28855.0,28871.0,2499.865
2023-06-21 08:00:00+00:00,28871.0,28910.0,28822.5,28844.0,2557.736
2023-06-21 08:30:00+00:00,28844.0,28859.0,28796.5,28823.0,3458.099
2023-06-21 09:00:00+00:00,28823.0,28930.0,28820.0,28911.0,3072.928
2023-06-21 09:30:00+00:00,28911.0,28961.0,28872.5,28916.0,3083.145
2023-06-21 10:00:00+00:00,28916.0,29073.5,28905.5,29044.0,4284.586
2023-06-21 10:30:00+00:00,29044.0,29222.0,28813.0,28829.5,8623.794
2023-06-21 11:00:00+00:00,28829.5,28905.0,28798.0,28893.0,3185.706
2023-06-21 11:30:00+00:00,28893.0,29036.0,28868.5,28929.0,4830.301
2023-06-21 12:00:00+00:00,28929.0,29150.0,28893.5,29076.0,5707.702
2023-06-21 12:30:00+00:00,29076.0,29132.5,28881.5,28888.5,5031.586
2023-06-21 13:00:00+00:00,28888.5,29066.5,28871.5,29042.5,4351.536
2023-06-21 13:30:00+00:00,29042.5,29414.0,29000.5,29299.0,9053.001
2023-06-21 14:00:00+00:00,29299.0,29445.0,29063.0,29311.0,8949.413
2023-06-21 14:30:00+00:00,29311.0,29592.0,29309.5,29531.5,11600.165
2023-06-21 15:00:00+00:00,29531.5,29951.5,29479.0,29915.5,13271.041
2023-06-21 15:30:00+00:00,29915.5,30019.0,29745.0,29846.5,7894.699
2023-06-21 16:00:00+00:00,29846.5,30741.0,29764.0,30649.5,18156.917
2023-06-21 16:30:00+00:00,30649.5,30820.0,30147.0,30172.0,16061.241
2023-06-21 17:00:00+00:00,30172.0,30355.0,29860.5,29977.0,12599.547
2023-06-21 17:30:00+00:00,29977.0,30105.5,29869.0,30083.0,4311.294
2023-06-21 18:00:00+00:00,30083.0,30289.0,30027.5,30224.0,4469.497
2023-06-21 18:30:00+00:00,30224.0,30300.5,30027.5,30139.5,3955.275
2023-06-21 19:00:00+00:00,30139.5,30191.0,29910.0,29975.5,4556.465
2023-06-21 19:30:00+00:00,29975.5,30153.5,29968.5,30111.5,1737.292
2023-06-21 20:00:00+00:00,30111.5,30151.5,30002.5,30056.0,2026.704
2023-06-21 20:30:00+00:00,30056.0,30087.5,29865.0,29985.5,3968.496
2023-06-21 21:00:00+00:00,29985.5,30036.0,29801.0,29940.5,3770.861
2023-06-21 21:30:00+00:00,29940.5,29989.0,29826.0,29885.0,2231.948
2023-06-21 22:00:00+00:00,29885.0,29987.5,29860.0,29968.0,2379.691
2023-06-21 22:30:00+00:00,29968.0,30150.0,29955.0,30113.5,4102.035
2023-06-21 23:00:00+00:00,30113.5,30202.0,30083.5,30132.0,3462.802
2023-06-21 23:30:00+00:00,30132.0,30161.5,29983.0,29999.5,2397.205
2023-06-22 00:00:00+00:00,29999.5,30196.0,29894.0,30171.0,3428.384
2023-06-22 00:30:00+00:00,30171.0,30241.0,30066.5,30142.0,4059.349
2023-06-22 01:00:00+00:00,30142.0,30219.0,30066.0,30146.0,2981.006
2023-06-22 01:30:00+00:00,30146.0,30173.0,30086.5,30158.5,2813.757
2023-06-22 02:00:00+00:00,30158.5,30289.0,30082.5,30280.0,3807.979
2023-06-22 02:30:00+00:00,30280.0,30506.5,30236.5,30476.0,5891.322
2023-06-22 03:00:00+00:00,30476.0,30491.0,30266.5,30289.5,3665.934
2023-06-22 03:30:00+00:00,30289.5,30335.0,30246.0,30299.5,2119.694
2023-06-22 04:00:00+00:00,30299.5,30319.0,30197.5,30209.5,2208.44
2023-06-22 04:30:00+00:00,30209.5,30347.5,30209.0,30347.0,2758.963
2023-06-22 05:00:00+00:00,30347.0,30347.0,30272.0,30300.0,1943.384
2023-06-22 05:30:00+00:00,30300.0,30325.0,30238.0,30281.0,2636.922
2023-06-22 06:00:00+00:00,30281.0,30296.5,30063.0,30137.5,4691.146
2023-06-22 06:30:00+00:00,30137.5,30145.5,30052.0,30137.5,2342.138
2023-06-22 07:00:00+00:00,30137.5,30193.0,30067.0,30069.0,2756.668
2023-06-22 07:30:00+00:00,30069.0,30123.5,30019.0,30107.5,3302.837
2023-06-22 08:00:00+00:00,30107.5,30160.0,30061.0,30063.5,2474.311
2023-06-22 08:30:00+00:00,30063.5,30130.5,30043.5,30100.5,1662.714
2023-06-22 09:00:00+00:00,30100.5,30179.5,30066.0,30167.5,2125.144
2023-06-22 09:30:00+00:00,30167.5,30167.5,30102.5,30134.0,2006.979
2023-06-22 10:00:00+00:00,30134.0,30247.5,30098.5,30233.5,2676.136
2023-06-22 10:30:00+00:00,30233.5,30234.0,30166.0,30174.0,3073.02
2023-06-22 11:00:00+00:00,30174.0,30182.0,29827.0,30029.5,8906.677
2023-06-22 11:30:00+00:00,30029.5,30054.0,29859.5,29933.0,3341.537
2023-06-22 12:00:00+00:00,29933.0,30099.5,29920.5,30033.0,3442.357
2023-07-09 04:00:00+00:00,30267.5,30274.5,30258.5,30272.0,1759.983
2023-07-09 04:30:00+00:00,30272.0,30280.0,30254.5,30263.0,1728.192
2023-07-09 05:00:00+00:00,30263.0,30283.5,30246.5,30258.5,1714.045
2023-07-09 05:30:00+00:00,30258.5,30277.0,30239.5,30243.5,1735.357
2023-07-09 06:00:00+00:00,30243.5,30243.5,30219.0,30231.0,1616.776
2023-07-09 06:30:00+00:00,30231.0,30249.5,30215.5,30239.0,1678.621
2023-07-09 07:00:00+00:00,30239.0,30265.0,30216.0,30250.0,1676.549
2023-07-09 07:30:00+00:00,30250.0,30253.5,30225.0,30244.0,1326.056
2023-07-09 08:00:00+00:00,30244.0,30273.0,30243.0,30262.5,1384.066
2023-07-09 08:30:00+00:00,30262.5,30290.0,30257.5,30281.0,1167.201
2023-07-09 09:00:00+00:00,30281.0,30282.0,30247.5,30269.0,1199.613
2023-07-09 09:30:00+00:00,30269.0,30269.5,30222.5,30255.5,1638.465
2023-07-09 10:00:00+00:00,30255.5,30263.0,30239.0,30246.5,1330.027
2023-07-09 10:30:00+00:00,30246.5,30275.5,30245.5,30250.5,1044.742
2023-07-09 11:00:00+00:00,30250.5,30250.5,30221.5,30250.0,1344.742
2023-07-09 11:30:00+00:00,30250.0,30269.5,30243.0,30249.5,1863.848
2023-07-09 12:00:00+00:00,30249.5,30264.5,30231.0,30262.0,1522.305
2023-07-09 12:30:00+00:00,30262.0,30326.0,30262.0,30308.0,1814.263
2023-07-09 13:00:00+00:00,30308.0,30328.5,30280.0,30290.5,2001.777
2023-07-09 13:30:00+00:00,30290.5,30292.0,30234.0,30242.5,1657.709
2023-07-09 14:00:00+00:00,30242.5,30242.5,30161.5,30216.0,2792.184
2023-07-09 14:30:00+00:00,30216.0,30434.0,30215.5,30318.0,5466.418
2023-07-09 15:00:00+00:00,30318.0,30369.5,30250.5,30324.5,2005.27
2023-07-09 15:30:00+00:00,30324.5,30349.5,30308.0,30324.5,1712.55
2023-07-09 16:00:00+00:00,30324.5,30325.0,30267.0,30273.0,1991.667
2023-07-09 16:30:00+00:00,30273.0,30293.0,30252.5,30266.0,1109.703
2023-07-09 17:00:00+00:00,30266.0,30266.0,30233.5,30240.0,1276.112
2023-07-09 17:30:00+00:00,30240.0,30274.5,30234.5,30269.5,1575.197
2023-07-09 18:00:00+00:00,30269.5,30282.5,30238.0,30242.0,1893.836
2023-07-09 18:30:00+00:00,30242.0,30254.5,30238.0,30238.5,1456.517
2023-07-09 19:00:00+00:00,30238.5,30239.0,30180.5,30233.0,2258.074
2023-07-09 19:30:00+00:00,30233.0,30241.0,30220.5,30220.5,1972.079
2023-07-09 20:00:00+00:00,30220.5,30230.0,30194.0,30194.0,2140.439
2023-07-09 20:30:00+00:00,30194.0,30194.0,30089.5,30169.5,3420.946
2023-07-09 21:00:00+00:00,30169.5,30194.0,30117.0,30186.5,2116.291
2023-07-09 21:30:00+00:00,30186.5,30189.0,30122.5,30134.5,1564.288
2023-07-09 22:00:00+00:00,30134.5,30134.5,30043.0,30109.0,2829.768
2023-07-09 22:30:00+00:00,30109.0,30177.5,30099.5,30152.0,1756.208
2023-07-09 23:00:00+00:00,30152.0,30161.5,30125.5,30144.0,1740.976
2023-07-09 23:30:00+00:00,30144.0,30144.5,30103.5,30140.5,2008.194
2023-07-10 00:00:00+00:00,30140.5,30150.5,29925.5,30056.0,5730.161
2023-07-10 00:30:00+00:00,30056.0,30209.0,30030.0,30069.0,4287.367
2023-07-10 01:00:00+00:00,30069.0,30097.0,30020.5,30074.0,2324.443
2023-07-10 01:30:00+00:00,30074.0,30119.5,30021.5,30026.5,2350.744
2023-07-10 02:00:00+00:00,30026.5,30086.5,30025.0,30084.0,2041.617
2023-07-10 02:30:00+00:00,30084.0,30207.5,30069.0,30178.0,2443.125
2023-07-10 03:00:00+00:00,30178.0,30224.0,30150.5,30167.0,1704.787
2023-07-10 03:30:00+00:00,30167.0,30172.5,30133.5,30136.0,1280.662
2023-07-10 04:00:00+00:00,30136.0,30138.5,30101.5,30124.5,1335.094
2023-07-10 04:30:00+00:00,30124.5,30143.0,30098.0,30100.0,1968.832
2023-07-10 05:00:00+00:00,30100.0,30125.5,30088.5,30092.5,1532.26
2023-07-10 05:30:00+00:00,30092.5,30108.0,30062.0,30062.0,2022.559
2023-07-10 06:00:00+00:00,30062.0,30100.0,30052.0,30068.0,2050.892
2023-07-10 06:30:00+00:00,30068.0,30072.5,30032.0,30071.0,2838.857
2023-07-10 07:00:00+00:00,30071.0,30118.5,30069.0,30074.5,2329.024
2023-07-10 07:30:00+00:00,30074.5,30102.5,30063.0,30092.0,2145.083
2023-07-10 08:00:00+00:00,30092.0,30092.0,29975.0,30082.0,2894.754
2023-07-10 08:30:00+00:00,30082.0,30099.5,30050.0,30076.0,1318.608
2023-07-10 09:00:00+00:00,30076.0,30154.5,30017.0,30153.0,2392.729
2023-07-10 09:30:00+00:00,30153.0,30179.0,30089.0,30125.0,1554.937
2023-07-10 10:00:00+00:00,30125.0,30162.0,30118.0,30150.5,1094.357
2023-07-10 10:30:00+00:00,30150.5,30212.5,30150.5,30160.5,2664.845
2023-07-10 11:00:00+00:00,30160.5,30188.0,30155.5,30165.0,1741.357
2023-07-10 11:30:00+00:00,30165.0,30224.5,30157.0,30212.0,2057.812
2023-07-10 12:00:00+00:00,30212.0,30260.0,30212.0,30222.0,2378.187
2023-07-10 12:30:00+00:00,30222.0,30233.0,30123.0,30138.0,3179.343
2023-07-10 13:00:00+00:00,30138.0,30174.5,30133.0,30160.5,1932.911
2023-07-10 13:30:00+00:00,30160.5,30311.0,30160.5,30190.5,4740.666
2023-07-10 14:00:00+00:00,30190.5,30299.5,30185.0,30256.0,3024.805
2023-07-10 14:30:00+00:00,30256.0,30345.0,30173.5,30286.5,3854.597
2023-07-10 15:00:00+00:00,30286.5,30292.0,30218.0,30246.0,2283.96
2023-07-10 15:30:00+00:00,30246.0,30299.0,30239.5,30287.0,2450.234
2023-07-10 16:00:00+00:00,30287.0,30303.0,30215.5,30258.0,2131.783
2023-07-10 16:30:00+00:00,30258.0,30360.5,30252.0,30328.0,2128.895
2023-07-10 17:00:00+00:00,30328.0,30344.5,30287.5,30309.0,1351.788
2023-07-10 17:30:00+00:00,30309.0,30310.0,30233.5,30256.5,1292.181
2023-07-10 18:00:00+00:00,30256.5,30331.0,30245.5,30324.0,1167.895
2023-07-10 18:30:00+00:00,30324.0,30540.5,30323.0,30512.0,5660.458
2023-07-10 19:00:00+00:00,30512.0,30624.0,30474.0,30583.0,4724.314
2023-07-10 19:30:00+00:00,30583.0,30814.0,30573.5,30811.0,6357.833
2023-07-10 20:00:00+00:00,30811.0,31036.0,30810.0,30895.0,7427.357
2023-07-10 20:30:00+00:00,30895.0,30939.5,30755.5,30771.5,3861.829
2023-07-10 21:00:00+00:00,30771.5,30797.5,30639.5,30700.5,3351.048
2023-07-10 21:30:00+00:00,30700.5,30723.0,30177.5,30295.5,5298.026
2023-07-10 22:00:00+00:00,30295.5,30385.5,30180.0,30350.0,4533.986
2023-07-10 22:30:00+00:00,30350.0,30359.0,30273.5,30337.5,1627.573
2023-07-10 23:00:00+00:00,30337.5,30412.0,30326.5,30362.5,1814.694
2023-07-10 23:30:00+00:00,30362.5,30400.0,30321.5,30394.0,2324.151
2023-07-11 00:00:00+00:00,30394.0,30487.0,30373.0,30409.5,3165.641
2023-07-11 00:30:00+00:00,30409.5,30424.5,30348.0,30407.5,1531.419
2023-07-11 01:00:00+00:00,30407.5,30483.0,30386.5,30474.5,1661.898
2023-07-11 01:30:00+00:00,30474.5,30586.5,30474.0,30568.0,2965.543
2023-07-11 02:00:00+00:00,30568.0,30585.5,30489.5,30495.5,1947.633
2023-07-11 02:30:00+00:00,30495.5,30529.0,30453.5,30482.0,1780.991
2023-07-11 03:00:00+00:00,30482.0,30495.0,30392.5,30419.0,1527.26
2023-07-11 03:30:00+00:00,30419.0,30468.0,30408.5,30462.5,2611.535
2023-07-11 04:00:00+00:00,30462.5,30481.5,30452.5,30459.0,2044.203
2023-07-11 04:30:00+00:00,30459.0,30459.5,30419.5,30426.0,1942.268
2023-07-11 05:00:00+00:00,30426.0,30450.0,30419.5,30446.0,2317.573
2023-07-11 05:30:00+00:00,30446.0,30454.0,30425.0,30438.5,1912.216
2023-07-11 06:00:00+00:00,30438.5,30526.0,30434.5,30522.0,2550.671
2023-07-11 06:30:00+00:00,30522.0,30642.0,30520.5,30610.0,3928.123
2023-07-11 07:00:00+00:00,30610.0,30631.0,30539.0,30561.5,2732.54
2023-07-11 07:30:00+00:00,30561.5,30562.0,30514.5,30518.0,1617.679
2023-07-11 08:00:00+00:00,30518.0,30546.5,30497.0,30522.0,1543.312
2023-07-11 08:30:00+00:00,30522.0,30522.5,30473.0,30473.0,2707.374
2023-07-11 09:00:00+00:00,30473.0,30487.5,30319.0,30398.0,4685.598
2023-07-11 09:30:00+00:00,30398.0,30426.0,30342.5,30426.0,2976.051
2023-07-11 10:00:00+00:00,30426.0,30427.5,30350.0,30379.5,2905.942
2023-07-11 10:30:00+00:00,30379.5,30400.5,30344.5,30375.5,1599.296
2023-07-11 11:00:00+00:00,30375.5,30414.0,30370.5,30410.0,1607.495
2023-07-11 11:30:00+00:00,30410.0,30434.0,30367.0,30385.0,2847.951
2023-07-11 12:00:00+00:00,30385.0,30391.5,30353.5,30381.0,2399.001
2023-07-11 12:30:00+00:00,30381.0,30418.0,30369.5,30413.0,2538.168
2023-07-11 13:00:00+00:00,30413.0,30417.5,30366.5,30385.5,2343.999
2023-07-11 13:30:00+00:00,30385.5,30471.0,30270.5,30427.0,5807.991
2023-07-11 14:00:00+00:00,30427.0,30532.5,30353.0,30485.0,4321.311
2023-07-11 14:30:00+00:00,30485.0,30573.0,30454.0,30506.5,2879.036
2023-07-11 15:00:00+00:00,30506.5,30799.5,30490.0,30528.0,6801.243
2023-07-11 15:30:00+00:00,30528.0,30622.0,30454.5,30574.5,3734.733
2023-07-11 16:00:00+00:00,30574.5,30613.5,30483.0,30510.0,2349.924
2023-07-11 16:30:00+00:00,30510.0,30672.5,30498.5,30623.0,2498.089
2023-07-11 17:00:00+00:00,30623.0,30644.5,30567.0,30629.0,1698.497
2023-07-11 17:30:00+00:00,30629.0,30632.0,30528.5,30556.0,2402.271
2023-07-11 18:00:00+00:00,30556.0,30556.5,30456.5,30466.5,2506.365
2023-07-11 18:30:00+00:00,30466.5,30479.5,30381.5,30454.5,2417.36
2023-07-11 19:00:00+00:00,30454.5,30549.5,30440.0,30535.0,1401.0
2023-07-11 19:30:00+00:00,30535.0,30561.0,30504.0,30557.0,2010.298
2023-07-11 20:00:00+00:00,30557.0,30610.0,30553.5,30560.0,1937.629
2023-07-11 20:30:00+00:00,30560.0,30589.0,30527.5,30549.0,2045.823
2023-07-11 21:00:00+00:00,30549.0,30557.0,30485.5,30505.0,2091.773
2023-07-11 21:30:00+00:00,30505.0,30563.5,30489.5,30547.5,1801.371
2023-07-11 22:00:00+00:00,30547.5,30585.5,30516.0,30525.5,2021.936
2023-07-11 22:30:00+00:00,30525.5,30566.5,30488.0,30559.5,2022.035
2023-07-11 23:00:00+00:00,30559.5,30628.0,30559.5,30621.0,2449.415
2023-07-11 23:30:00+00:00,30621.0,30621.0,30576.5,30598.5,1577.099
2023-07-12 00:00:00+00:00,30598.5,30608.0,30527.5,30537.5,1991.998
2023-07-12 00:30:00+00:00,30537.5,30563.0,30484.0,30491.5,2334.43
2023-07-12 01:00:00+00:00,30491.5,30561.0,30491.5,30501.0,2271.072
2023-07-12 01:30:00+00:00,30501.0,30538.5,30481.5,30516.5,2234.037
2023-07-12 02:00:00+00:00,30516.5,30552.0,30516.5,30548.0,1698.646
2023-07-12 02:30:00+00:00,30548.0,30646.0,30548.0,30587.5,3057.165
2023-07-12 03:00:00+00:00,30587.5,30618.5,30562.5,30608.0,1614.526
2023-07-12 03:30:00+00:00,30608.0,30608.5,30576.0,30583.0,2103.915
2023-07-12 04:00:00+00:00,30583.0,30604.5,30559.5,30602.0,2148.83
2023-07-12 04:30:00+00:00,30602.0,30625.5,30592.0,30625.0,1984.641
2023-07-12 05:00:00+00:00,30625.0,30673.5,30610.0,30630.0,2583.299
2023-07-12 05:30:00+00:00,30630.0,30691.0,30608.0,30649.0,2461.534
2023-07-12 06:00:00+00:00,30649.0,30789.0,30616.0,30735.5,3909.432
2023-07-12 06:30:00+00:00,30735.5,30787.5,30695.5,30715.5,3345.589
2023-07-12 07:00:00+00:00,30715.5,30797.0,30707.0,30781.0,3325.782
2023-07-12 07:30:00+00:00,30781.0,30847.5,30730.0,30736.5,3855.25
2023-07-12 08:00:00+00:00,30736.5,30757.5,30702.0,30708.5,2260.178
2023-07-12 08:30:00+00:00,30708.5,30735.0,30666.5,30732.0,2849.314
2023-07-12 09:00:00+00:00,30732.0,30756.0,30682.0,30695.0,2595.331
2023-07-12 09:30:00+00:00,30695.0,30739.5,30691.0,30720.5,1803.171
2023-07-12 10:00:00+00:00,30720.5,30720.5,30688.0,30697.5,1748.286
2023-07-12 10:30:00+00:00,30697.5,30699.0,30653.0,30680.0,2313.346
2023-07-12 11:00:00+00:00,30680.0,30728.5,30657.0,30727.0,2548.288
2023-07-12 11:30:00+00:00,30727.0,30810.0,30701.0,30775.0,2399.898
2023-07-12 12:00:00+00:00,30775.0,30831.0,30724.0,30791.0,2957.654
2023-07-12 12:30:00+00:00,30791.0,30980.0,30629.5,30718.0,11806.691
2023-07-12 13:00:00+00:00,30718.0,30856.0,30624.5,30656.5,5385.27
2023-07-12 13:30:00+00:00,30656.5,30728.5,30462.5,30660.0,7932.291
2023-07-12 14:00:00+00:00,30660.0,30827.0,30648.5,30725.5,5063.757
2023-07-12 14:30:00+00:00,30725.5,30832.0,30722.5,30733.0,2056.391
2023-07-12 15:00:00+00:00,30733.0,30799.0,30650.0,30669.5,2255.39
2023-07-12 15:30:00+00:00,30669.5,30700.0,30462.0,30511.5,5999.099
2023-07-12 16:00:00+00:00,30511.5,30522.5,30412.0,30458.5,3905.721
2023-07-12 16:30:00+00:00,30458.5,30505.0,30434.0,30466.5,2092.297
2023-07-12 17:00:00+00:00,30466.5,30505.0,30403.0,30426.0,2441.936
2023-07-12 17:30:00+00:00,30426.0,30491.5,30404.5,30427.0,2732.418
2023-07-12 18:00:00+00:00,30427.0,30490.0,30410.0,30474.5,2396.99
2023-07-12 18:30:00+00:00,30474.5,30510.0,30471.0,30501.5,2062.914
2023-07-12 19:00:00+00:00,30501.5,30501.5,30212.5,30340.5,4841.611
2023-07-12 19:30:00+00:00,30340.5,30341.0,30183.0,30261.0,4309.946
2023-07-12 20:00:00+00:00,30261.0,30304.5,30217.5,30281.0,2319.105
2023-07-12 20:30:00+00:00,30281.0,30322.0,30266.5,30322.0,1772.653
2023-07-12 21:00:00+00:00,30322.0,30335.0,30292.0,30322.5,1243.384
2023-07-12 21:30:00+00:00,30322.5,30350.5,30294.0,30331.0,2271.183
2023-07-12 22:00:00+00:00,30331.0,30349.5,30318.5,30338.0,1883.329
2023-07-12 22:30:00+00:00,30338.0,30345.0,30312.5,30340.5,1490.687
2023-07-12 23:00:00+00:00,30340.5,30360.0,30333.0,30351.0,1662.864
2023-07-12 23:30:00+00:00,30351.0,30397.0,30348.0,30360.5,1989.926
2023-07-13 00:00:00+00:00,30360.5,30414.0,30352.0,30370.5,2012.678
2023-07-13 00:30:00+00:00,30370.5,30380.0,30319.0,30333.5,1879.386
2023-07-13 01:00:00+00:00,30333.5,30369.0,30289.5,30311.5,2156.904
2023-07-13 01:30:00+00:00,30311.5,30377.0,30275.0,30363.0,1667.675
2023-07-13 02:00:00+00:00,30363.0,30363.0,30316.0,30350.0,1000.698
2023-07-13 02:30:00+00:00,30350.0,30364.0,30300.0,30318.5,1612.827
2023-07-13 03:00:00+00:00,30318.5,30325.5,30256.0,30259.5,1988.262
2023-07-13 03:30:00+00:00,30259.5,30284.0,30256.0,30277.5,1899.606
2023-07-13 04:00:00+00:00,30277.5,30286.5,30233.5,30265.5,2247.267
2023-07-13 04:30:00+00:00,30265.5,30302.0,30256.0,30273.5,1125.515
2023-07-13 05:00:00+00:00,30273.5,30295.0,30241.0,30292.0,1352.75
2023-07-13 05:30:00+00:00,30292.0,30300.0,30260.5,30299.0,1311.018
2023-07-13 06:00:00+00:00,30299.0,30344.0,30280.5,30341.0,1897.674
2023-07-13 06:30:00+00:00,30341.0,30380.0,30315.5,30364.5,2197.641
2023-07-13 07:00:00+00:00,30364.5,30404.5,30360.5,30386.5,2728.211
2023-07-13 07:30:00+00:00,30386.5,30386.5,30335.5,30342.5,1663.29
2023-07-29 23:30:00+00:00,29336.0,29345.5,29331.0,29334.5,1648.298
2023-07-30 00:00:00+00:00,29334.5,29334.5,29300.5,29309.5,1590.246
2023-07-30 00:30:00+00:00,29309.5,29326.5,29302.5,29326.0,1414.295
2023-07-30 01:00:00+00:00,29326.0,29326.0,29306.0,29313.5,1530.686
2023-07-30 01:30:00+00:00,29313.5,29314.5,29305.5,29307.0,963.96
2023-07-30 02:00:00+00:00,29307.0,29307.0,29288.0,29288.0,934.123
2023-07-30 02:30:00+00:00,29288.0,29294.5,29284.5,29291.5,1604.232
2023-07-30 03:00:00+00:00,29291.5,29301.5,29291.0,29300.5,1407.836
2023-07-30 03:30:00+00:00,29300.5,29302.5,29295.0,29296.5,1458.446
2023-07-30 04:00:00+00:00,29296.5,29300.0,29295.0,29299.0,1403.34
2023-07-30 04:30:00+00:00,29299.0,29309.0,29299.0,29305.0,1510.086
2023-07-30 05:00:00+00:00,29305.0,29310.0,29305.0,29306.5,1486.17
2023-07-30 05:30:00+00:00,29306.5,29306.5,29292.0,29292.0,1041.152
2023-07-30 06:00:00+00:00,29292.0,29293.5,29250.5,29260.0,1663.821
2023-07-30 06:30:00+00:00,29260.0,29279.5,29255.5,29275.5,1560.897
2023-07-30 07:00:00+00:00,29275.5,29279.0,29266.5,29267.5,1266.016
2023-07-30 07:30:00+00:00,29267.5,29277.5,29263.5,29275.5,1896.08
2023-07-30 08:00:00+00:00,29275.5,29290.5,29273.0,29287.5,1675.842
2023-07-30 08:30:00+00:00,29287.5,29288.0,29275.5,29281.0,853.013
2023-07-30 09:00:00+00:00,29281.0,29281.0,29270.0,29274.5,1116.617
2023-07-30 09:30:00+00:00,29274.5,29274.5,29260.5,29266.0,1620.828
2023-07-30 10:00:00+00:00,29266.0,29270.5,29262.5,29268.0,2092.512
2023-07-30 10:30:00+00:00,29268.0,29268.5,29215.0,29262.5,2651.158
2023-07-30 11:00:00+00:00,29262.5,29298.5,29238.5,29240.0,2489.535
2023-07-30 11:30:00+00:00,29240.0,29305.5,29239.5,29291.5,1596.911
2023-07-30 12:00:00+00:00,29291.5,29307.0,29286.5,29305.5,1344.295
2023-07-30 12:30:00+00:00,29305.5,29306.5,29289.5,29301.0,1118.845
2023-07-30 13:00:00+00:00,29301.0,29302.5,29284.0,29284.5,921.159
2023-07-30 13:30:00+00:00,29284.5,29284.5,29255.0,29265.0,1217.979
2023-07-30 14:00:00+00:00,29265.0,29293.0,29264.5,29288.0,1109.685
2023-07-30 14:30:00+00:00,29288.0,29411.5,29278.5,29365.0,4561.007
2023-07-30 15:00:00+00:00,29365.0,29430.0,29365.0,29400.0,4106.357
2023-07-30 15:30:00+00:00,29400.0,29419.5,29290.0,29325.0,3144.483
2023-07-30 16:00:00+00:00,29325.0,29388.5,29305.0,29347.5,2758.362
2023-07-30 16:30:00+00:00,29347.5,29363.0,29311.5,29358.5,1960.059
2023-07-30 17:00:00+00:00,29358.5,29363.0,29334.5,29353.5,1507.376
2023-07-30 17:30:00+00:00,29353.5,29379.5,29351.0,29377.0,1108.225
2023-07-30 18:00:00+00:00,29377.0,29380.5,29355.0,29355.0,923.331
2023-07-30 18:30:00+00:00,29355.0,29358.0,29328.5,29332.5,1740.939
2023-07-30 19:00:00+00:00,29332.5,29338.5,29329.0,29332.0,1557.091
2023-07-30 19:30:00+00:00,29332.0,29332.0,29092.0,29181.0,5010.664
2023-07-30 20:00:00+00:00,29181.0,29181.0,29013.5,29140.5,4350.709
2023-07-30 20:30:00+00:00,29140.5,29254.5,29129.0,29249.5,2504.612
2023-07-30 21:00:00+00:00,29249.5,29249.5,29163.0,29173.5,1928.021
2023-07-30 21:30:00+00:00,29173.5,29209.5,29160.0,29192.5,2301.516
2023-07-30 22:00:00+00:00,29192.5,29192.5,29138.0,29139.0,2460.865
2023-07-30 22:30:00+00:00,29139.0,29159.0,29130.0,29137.5,1729.529
2023-07-30 23:00:00+00:00,29137.5,29245.0,29134.5,29243.5,1858.937
2023-07-30 23:30:00+00:00,29243.5,29269.5,29232.5,29262.5,2557.074
2023-07-31 00:00:00+00:00,29262.5,29306.5,29241.0,29281.0,2923.973
2023-07-31 00:30:00+00:00,29281.0,29510.0,29270.5,29437.5,6687.195
2023-07-31 01:00:00+00:00,29437.5,29465.5,29358.5,29421.0,3181.329
2023-07-31 01:30:00+00:00,29421.0,29441.5,29385.5,29428.5,2517.794
2023-07-31 02:00:00+00:00,29428.5,29450.5,29405.0,29444.0,2870.602
2023-07-31 02:30:00+00:00,29444.0,29477.0,29428.5,29441.0,2484.357
2023-07-31 03:00:00+00:00,29441.0,29450.0,29394.0,29412.5,2350.415
2023-07-31 03:30:00+00:00,29412.5,29429.0,29384.5,29395.0,1495.717
2023-07-31 04:00:00+00:00,29395.0,29412.5,29386.5,29386.5,1470.614
2023-07-31 04:30:00+00:00,29386.5,29391.5,29360.5,29385.0,2052.753
2023-07-31 05:00:00+00:00,29385.0,29397.5,29373.5,29386.5,1547.298
2023-07-31 05:30:00+00:00,29386.5,29400.0,29347.0,29360.0,1733.794
2023-07-31 06:00:00+00:00,29360.0,29425.0,29349.5,29409.5,1530.886
2023-07-31 06:30:00+00:00,29409.5,29409.5,29372.5,29391.0,2881.983
2023-07-31 07:00:00+00:00,29391.0,29391.0,29363.0,29390.0,2518.431
2023-07-31 07:30:00+00:00,29390.0,29392.5,29356.0,29358.0,1072.213
2023-07-31 08:00:00+00:00,29358.0,29401.5,29341.0,29380.0,1389.524
2023-07-31 08:30:00+00:00,29380.0,29385.5,29358.0,29375.5,2196.606
2023-07-31 09:00:00+00:00,29375.5,29375.5,29336.5,29343.0,2670.252
2023-07-31 09:30:00+00:00,29343.0,29368.0,29314.5,29368.0,3343.988
2023-07-31 10:00:00+00:00,29368.0,29386.0,29361.5,29386.0,2650.532
2023-07-31 10:30:00+00:00,29386.0,29391.0,29356.5,29369.5,1470.838
2023-07-31 11:00:00+00:00,29369.5,29383.0,29367.5,29370.5,1138.385
2023-07-31 11:30:00+00:00,29370.5,29387.0,29369.0,29386.5,1246.447
2023-07-31 12:00:00+00:00,29386.5,29390.5,29374.0,29383.0,1151.273
2023-07-31 12:30:00+00:00,29383.0,29452.5,29383.0,29450.0,2889.33
2023-07-31 13:00:00+00:00,29450.0,29451.0,29406.5,29407.0,2131.729
2023-07-31 13:30:00+00:00,29407.0,29429.5,29291.5,29344.5,4651.372
2023-07-31 14:00:00+00:00,29344.5,29347.0,29269.0,29317.5,3416.716
2023-07-31 14:30:00+00:00,29317.5,29328.0,29246.5,29286.0,3066.009
2023-07-31 15:00:00+00:00,29286.0,29321.0,29254.5,29280.5,2022.499
2023-07-31 15:30:00+00:00,29280.5,29286.5,29205.0,29227.5,3995.465
2023-07-31 16:00:00+00:00,29227.5,29248.0,29156.5,29232.5,5139.324
2023-07-31 16:30:00+00:00,29232.5,29248.0,29212.5,29213.5,2396.983
2023-07-31 17:00:00+00:00,29213.5,29221.5,29131.5,29168.5,3585.455
2023-07-31 17:30:00+00:00,29168.5,29255.5,29147.0,29197.0,2046.24
2023-07-31 18:00:00+00:00,29197.0,29199.5,29124.5,29185.0,1657.285
2023-07-31 18:30:00+00:00,29185.0,29201.5,29167.0,29180.5,2117.556
2023-07-31 19:00:00+00:00,29180.5,29213.5,29150.5,29198.5,2362.552
2023-07-31 19:30:00+00:00,29198.5,29221.0,29093.5,29143.5,2252.419
2023-07-31 20:00:00+00:00,29143.5,29235.5,29104.0,29231.0,2127.728
2023-07-31 20:30:00+00:00,29231.0,29240.0,29125.0,29190.5,2157.615
2023-07-31 21:00:00+00:00,29190.5,29277.0,29140.0,29179.5,2942.903
2023-07-31 21:30:00+00:00,29179.5,29235.0,29168.0,29220.5,1874.176
2023-07-31 22:00:00+00:00,29220.5,29224.0,29196.5,29222.5,1865.251
2023-07-31 22:30:00+00:00,29222.5,29223.0,29183.0,29195.0,1673.072
2023-07-31 23:00:00+00:00,29195.0,29200.0,29172.0,29182.5,2121.545
2023-07-31 23:30:00+00:00,29182.5,29220.5,29182.0,29216.0,1213.858
2023-08-01 00:00:00+00:00,29216.0,29232.5,29196.0,29225.0,1200.155
2023-08-01 00:30:00+00:00,29225.0,29270.5,29225.0,29267.0,1907.037
2023-08-01 01:00:00+00:00,29267.0,29324.5,29244.5,29248.5,2955.415
2023-08-01 01:30:00+00:00,29248.5,29249.0,29152.5,29186.5,2500.529
2023-08-01 02:00:00+00:00,29186.5,29204.0,28695.5,28950.5,12417.517
2023-08-01 02:30:00+00:00,28950.5,28969.5,28910.0,28913.0,2738.93
2023-08-01 03:00:00+00:00,28913.0,28935.0,28848.5,28885.5,3722.215
2023-08-01 03:30:00+00:00,28885.5,28895.0,28796.0,28822.5,2462.563
2023-08-01 04:00:00+00:00,28822.5,28869.5,28787.0,28860.5,2524.1
2023-08-01 04:30:00+00:00,28860.5,28908.0,28848.0,28852.5,2068.682
2023-08-01 05:00:00+00:00,28852.5,28897.0,28843.0,28882.5,1910.502
2023-08-01 05:30:00+00:00,28882.5,28906.5,28869.0,28903.0,2377.588
2023-08-01 06:00:00+00:00,28903.0,28928.0,28889.5,28927.5,2501.756
2023-08-01 06:30:00+00:00,28927.5,28950.0,28893.5,28894.0,1604.233
2023-08-01 07:00:00+00:00,28894.0,28905.5,28878.0,28901.0,1205.068
2023-08-01 07:30:00+00:00,28901.0,28922.0,28887.0,28913.0,1054.461
2023-08-01 08:00:00+00:00,28913.0,28947.5,28892.0,28940.0,1236.269
2023-08-01 08:30:00+00:00,28940.0,28975.5,28923.0,28975.0,3023.857
2023-08-01 09:00:00+00:00,28975.0,28976.0,28916.0,28916.5,2608.103
2023-08-01 09:30:00+00:00,28916.5,28926.0,28907.5,28908.0,2003.273
2023-08-01 10:00:00+00:00,28908.0,28910.0,28872.5,28887.0,2380.296
2023-08-01 10:30:00+00:00,28887.0,28925.5,28886.0,28908.5,1866.942
2023-08-01 11:00:00+00:00,28908.5,28910.5,28868.0,28877.0,1927.661
2023-08-01 11:30:00+00:00,28877.0,28877.0,28842.0,28843.5,1454.244
2023-08-01 12:00:00+00:00,28843.5,28861.5,28805.0,28807.5,2156.431
2023-08-01 12:30:00+00:00,28807.5,28913.0,28729.5,28863.0,4027.632
2023-08-01 13:00:00+00:00,28863.0,28897.5,28851.0,28892.0,1437.934
2023-08-01 13:30:00+00:00,28892.0,28898.0,28852.5,28857.5,2147.214
2023-08-01 14:00:00+00:00,28857.5,28885.0,28816.0,28844.5,2861.242
2023-08-01 14:30:00+00:00,28844.5,28861.0,28769.0,28813.5,2154.955
2023-08-01 15:00:00+00:00,28813.5,28830.0,28746.0,28766.5,2554.0
2023-08-01 15:30:00+00:00,28766.5,28964.0,28559.5,28934.5,11977.332
2023-08-01 16:00:00+00:00,28934.5,29032.5,28896.5,28921.0,5795.341
2023-08-01 16:30:00+00:00,28921.0,28925.0,28841.0,28913.0,3961.967
2023-08-01 17:00:00+00:00,28913.0,28967.5,28908.0,28943.5,2504.19
2023-08-01 17:30:00+00:00,28943.5,28946.5,28913.5,28933.5,1810.278
2023-08-01 18:00:00+00:00,28933.5,29137.5,28933.5,29079.5,4613.621
2023-08-01 18:30:00+00:00,29079.5,29258.0,29079.0,29253.5,5494.533
2023-08-01 19:00:00+00:00,29253.5,29324.5,29208.5,29219.0,5515.344
2023-08-01 19:30:00+00:00,29219.0,29266.0,29195.5,29253.5,2480.661
2023-08-01 20:00:00+00:00,29253.5,29289.5,29176.0,29176.0,3006.8
2023-08-01 20:30:00+00:00,29176.0,29246.0,29162.5,29212.5,2529.526
2023-08-01 21:00:00+00:00,29212.5,29252.0,29204.5,29248.5,2233.136
2023-08-01 21:30:00+00:00,29248.5,29300.0,29177.0,29227.0,2535.216
2023-08-01 22:00:00+00:00,29227.0,29227.0,29179.5,29200.0,1786.895
2023-08-01 22:30:00+00:00,29200.0,29235.0,29180.5,29231.0,1469.486
2023-08-01 23:00:00+00:00,29231.0,29450.0,29231.0,29399.0,6314.638
2023-08-01 23:30:00+00:00,29399.0,29722.0,29394.0,29690.5,9766.312
2023-08-02 00:00:00+00:00,29690.5,29822.5,29665.0,29793.5,8533.579
2023-08-02 00:30:00+00:00,29793.5,29822.5,29710.0,29816.0,3563.806
2023-08-02 01:00:00+00:00,29816.0,29988.5,29785.5,29983.5,8122.994
2023-08-02 01:30:00+00:00,29983.5,30043.5,29843.0,29851.5,5201.334
2023-08-02 02:00:00+00:00,29851.5,29872.5,29786.0,29865.0,2663.694
2023-08-02 02:30:00+00:00,29865.0,29881.0,29803.0,29810.0,2466.112
2023-08-02 03:00:00+00:00,29810.0,29820.5,29728.0,29732.5,3125.79
2023-08-02 03:30:00+00:00,29732.5,29742.0,29618.0,29633.5,3684.282
2023-08-02 04:00:00+00:00,29633.5,29675.5,29588.5,29673.5,2929.532
2023-08-02 04:30:00+00:00,29673.5,29720.0,29635.0,29674.5,3104.147
2023-08-02 05:00:00+00:00,29674.5,29675.0,29615.5,29615.5,2257.917
2023-08-02 05:30:00+00:00,29615.5,29660.0,29605.5,29651.5,1679.578
2023-08-02 06:00:00+00:00,29651.5,29689.0,29625.5,29644.5,1446.827
2023-08-02 06:30:00+00:00,29644.5,29652.0,29566.5,29572.0,2254.76
2023-08-02 07:00:00+00:00,29572.0,29654.5,29567.5,29624.0,2247.797
2023-08-02 07:30:00+00:00,29624.0,29639.5,29570.0,29587.0,2438.667
2023-08-02 08:00:00+00:00,29587.0,29588.5,29389.5,29451.5,7405.41
2023-08-02 08:30:00+00:00,29451.5,29527.5,29406.5,29481.0,3191.511
2023-08-02 09:00:00+00:00,29481.0,29496.5,29451.5,29482.5,1289.815
2023-08-02 09:30:00+00:00,29482.5,29483.0,29423.5,29447.5,1696.31
2023-08-02 10:00:00+00:00,29447.5,29482.0,29435.0,29481.5,1349.633
2023-08-02 10:30:00+00:00,29481.5,29522.5,29468.0,29518.0,2535.067
2023-08-02 11:00:00+00:00,29518.0,29542.0,29484.5,29493.5,2382.904
2023-08-02 11:30:00+00:00,29493.5,29555.5,29493.0,29548.0,2403.217
2023-08-02 12:00:00+00:00,29548.0,29587.0,29501.0,29511.0,2463.943
2023-08-02 12:30:00+00:00,29511.0,29513.5,29442.0,29444.0,2188.732
2023-08-02 13:00:00+00:00,29444.0,29446.0,29382.5,29389.0,3175.512
2023-08-02 13:30:00+00:00,29389.0,29442.0,29328.5,29400.5,4328.574
2023-08-02 14:00:00+00:00,29400.5,29400.5,29241.5,29291.5,5898.511
2023-08-02 14:30:00+00:00,29291.5,29335.5,29247.5,29258.5,3949.998
2023-08-02 15:00:00+00:00,29258.5,29304.0,29155.0,29285.5,6370.533
2023-08-02 15:30:00+00:00,29285.5,29348.0,29285.0,29309.5,2838.307
2023-08-02 16:00:00+00:00,29309.5,29334.5,29240.5,29255.0,3395.373
2023-08-02 16:30:00+00:00,29255.0,29349.0,28907.0,29011.0,9412.481
2023-08-02 17:00:00+00:00,29011.0,29189.5,28956.0,29176.5,5166.201
2023-08-02 17:30:00+00:00,29176.5,29245.5,29104.0,29133.0,3398.689
2023-08-02 18:00:00+00:00,29133.0,29148.5,29067.0,29100.0,2098.562
2023-08-02 18:30:00+00:00,29100.0,29130.0,29019.5,29129.5,2717.898
2023-08-02 19:00:00+00:00,29129.5,29176.0,29111.0,29172.5,2085.544
2023-08-02 19:30:00+00:00,29172.5,29190.0,29130.0,29141.0,1686.163
2023-08-02 20:00:00+00:00,29141.0,29141.0,29086.0,29131.0,1648.33
2023-08-02 20:30:00+00:00,29131.0,29154.5,29115.0,29122.0,1567.207
2023-08-02 21:00:00+00:00,29122.0,29149.0,29043.0,29142.5,1820.632
2023-08-02 21:30:00+00:00,29142.5,29189.5,29142.5,29168.0,2224.836
2023-08-02 22:00:00+00:00,29168.0,29218.0,29159.0,29211.0,2510.134
2023-08-02 22:30:00+00:00,29211.0,29211.0,29163.5,29167.0,2039.278
2023-08-02 23:00:00+00:00,29167.0,29167.5,29119.0,29136.0,1969.499
2023-08-02 23:30:00+00:00,29136.0,29170.0,29112.0,29162.0,2093.79
2023-08-03 00:00:00+00:00,29162.0,29199.0,29143.5,29173.0,2073.087
2023-08-03 00:30:00+00:00,29173.0,29206.0,29149.0,29149.5,1821.601
2023-08-03 01:00:00+00:00,29149.5,29200.0,29135.0,29171.0,1746.236
2023-08-03 01:30:00+00:00,29171.0,29266.0,29171.0,29234.5,2449.524
2023-08-03 02:00:00+00:00,29234.5,29252.5,29129.5,29130.0,2195.843
2023-08-03 02:30:00+00:00,29130.0,29161.5,29111.0,29159.5,2148.519
2023-08-03 03:00:00+00:00,29159.5,29161.0,29112.5,29142.5,1751.476
2023-08-19 19:00:00+00:00,26109.5,26123.5,26081.5,26097.0,1768.098
2023-08-19 19:30:00+00:00,26097.0,26141.0,26093.0,26107.5,2066.722
2023-08-19 20:00:00+00:00,26107.5,26137.0,26044.0,26070.0,1992.35
2023-08-19 20:30:00+00:00,26070.0,26092.0,26014.0,26046.0,1086.475
2023-08-19 21:00:00+00:00,26046.0,26077.0,26036.0,26054.5,1002.633
2023-08-19 21:30:00+00:00,26054.5,26069.5,26038.5,26068.0,1472.548
2023-08-19 22:00:00+00:00,26068.0,26077.0,26045.0,26072.0,1637.845
2023-08-19 22:30:00+00:00,26072.0,26076.0,26037.0,26041.0,812.003
2023-08-19 23:00:00+00:00,26041.0,26108.0,26039.0,26100.0,911.627
2023-08-19 23:30:00+00:00,26100.0,26107.0,26077.5,26091.0,1119.6
2023-08-20 00:00:00+00:00,26091.0,26118.0,26072.0,26113.5,1201.646
2023-08-20 00:30:00+00:00,26113.5,26171.5,26092.5,26161.5,2205.268
2023-08-20 01:00:00+00:00,26161.5,26185.0,26055.0,26085.5,1973.891
2023-08-20 01:30:00+00:00,26085.5,26085.5,26033.5,26059.5,1476.14
2023-08-20 02:00:00+00:00,26059.5,26073.5,26037.5,26062.5,929.627
2023-08-20 02:30:00+00:00,26062.5,26097.5,26053.0,26079.0,1380.648
2023-08-20 03:00:00+00:00,26079.0,26121.5,26079.0,26114.5,1557.798
2023-08-20 03:30:00+00:00,26114.5,26120.0,26086.0,26087.0,2157.5
2023-08-20 04:00:00+00:00,26087.0,26108.0,26087.0,26096.5,1632.993
2023-08-20 04:30:00+00:00,26096.5,26113.0,26085.0,26104.0,1193.864
2023-08-20 05:00:00+00:00,26104.0,26139.5,26093.5,26130.0,1462.446
2023-08-20 05:30:00+00:00,26130.0,26130.5,26053.5,26075.5,2204.104
2023-08-20 06:00:00+00:00,26075.5,26077.0,26029.5,26059.5,2357.038
2023-08-20 06:30:00+00:00,26059.5,26071.0,26041.5,26046.5,1687.063
2023-08-20 07:00:00+00:00,26046.5,26067.0,26046.0,26058.5,1395.388
2023-08-20 07:30:00+00:00,26058.5,26073.0,26058.0,26069.5,1693.062
2023-08-20 08:00:00+00:00,26069.5,26069.5,26039.5,26060.5,1869.955
2023-08-20 08:30:00+00:00,26060.5,26095.0,26058.0,26094.5,1512.175
2023-08-20 09:00:00+00:00,26094.5,26104.5,26082.5,26088.5,1725.906
2023-08-20 09:30:00+00:00,26088.5,26127.5,26080.0,26127.0,1223.518
2023-08-20 10:00:00+00:00,26127.0,26143.5,26107.0,26121.0,1776.302
2023-08-20 10:30:00+00:00,26121.0,26134.0,26109.5,26132.5,1037.568
2023-08-20 11:00:00+00:00,26132.5,26179.5,26130.0,26131.0,1796.037
2023-08-20 11:30:00+00:00,26131.0,26164.0,26115.5,26158.5,2361.406
2023-08-20 12:00:00+00:00,26158.5,26167.5,26116.5,26120.5,2042.745
2023-08-20 12:30:00+00:00,26120.5,26179.0,26120.5,26166.0,2029.441
2023-08-20 13:00:00+00:00,26166.0,26197.5,26137.0,26154.5,2352.188
2023-08-20 13:30:00+00:00,26154.5,26187.5,26115.0,26121.0,1795.255
2023-08-20 14:00:00+00:00,26121.0,26133.0,26108.0,26120.5,1697.212
2023-08-20 14:30:00+00:00,26120.5,26120.5,26044.0,26045.5,2329.24
2023-08-20 15:00:00+00:00,26045.5,26121.0,25950.0,26045.5,4451.398
2023-08-20 15:30:00+00:00,26045.5,26088.5,26022.5,26086.5,1265.206
2023-08-20 16:00:00+00:00,26086.5,26105.0,26029.5,26068.0,1357.764
2023-08-20 16:30:00+00:00,26068.0,26074.0,25983.5,26031.0,1690.255
2023-08-20 17:00:00+00:00,26031.0,26066.5,26009.0,26065.0,1625.039
2023-08-20 17:30:00+00:00,26065.0,26149.0,26057.0,26100.0,1714.056
2023-08-20 18:00:00+00:00,26100.0,26131.0,26098.0,26123.0,855.672
2023-08-20 18:30:00+00:00,26123.0,26130.5,26087.5,26089.5,797.234
2023-08-20 19:00:00+00:00,26089.5,26113.0,26088.0,26112.5,720.475
2023-08-20 19:30:00+00:00,26112.5,26121.0,26091.0,26116.0,917.704
2023-08-20 20:00:00+00:00,26116.0,26180.0,26116.0,26148.0,1384.167
2023-08-20 20:30:00+00:00,26148.0,26282.5,26136.0,26213.0,4093.556
2023-08-20 21:00:00+00:00,26213.0,26222.0,26120.5,26177.5,2951.372
2023-08-20 21:30:00+00:00,26177.5,26182.0,26120.5,26157.5,1449.616
2023-08-20 22:00:00+00:00,26157.5,26192.0,26157.5,26187.0,1460.133
2023-08-20 22:30:00+00:00,26187.0,26200.0,26165.0,26187.0,1901.094
2023-08-20 23:00:00+00:00,26187.0,26188.0,26129.0,26156.5,2001.025
2023-08-20 23:30:00+00:00,26156.5,26170.0,26135.0,26168.5,1013.782
2023-08-21 00:00:00+00:00,26168.5,26175.5,26103.0,26103.0,1301.189
2023-08-21 00:30:00+00:00,26103.0,26136.0,26102.0,26121.0,1665.168
2023-08-21 01:00:00+00:00,26121.0,26146.5,26062.0,26133.0,2119.08
2023-08-21 01:30:00+00:00,26133.0,26133.0,26093.5,26126.5,1474.244
2023-08-21 02:00:00+00:00,26126.5,26138.0,26099.0,26099.5,1451.556
2023-08-21 02:30:00+00:00,26099.5,26103.0,26061.5,26078.0,2163.476
2023-08-21 03:00:00+00:00,26078.0,26091.5,26053.5,26089.0,1765.601
2023-08-21 03:30:00+00:00,26089.0,26089.5,26051.5,26071.5,1009.307
2023-08-21 04:00:00+00:00,26071.5,26071.5,26031.5,26043.5,1377.837
2023-08-21 04:30:00+00:00,26043.5,26051.0,26026.0,26039.5,1087.675
2023-08-21 05:00:00+00:00,26039.5,26113.0,26027.5,26113.0,1270.77
2023-08-21 05:30:00+00:00,26113.0,26166.5,26070.0,26085.0,3391.443
2023-08-21 06:00:00+00:00,26085.0,26103.5,26060.0,26084.5,2407.715
2023-08-21 06:30:00+00:00,26084.5,26085.0,26015.0,26025.0,2305.573
2023-08-21 07:00:00+00:00,26025.0,26036.5,25988.0,25991.5,2181.326
2023-08-21 07:30:00+00:00,25991.5,26028.0,25988.5,26006.5,1538.206
2023-08-21 08:00:00+00:00,26006.5,26054.0,25974.0,26049.5,1952.264
2023-08-21 08:30:00+00:00,26049.5,26051.0,26011.5,26043.5,1920.152
2023-08-21 09:00:00+00:00,26043.5,26073.0,26031.0,26049.0,2028.057
2023-08-21 09:30:00+00:00,26049.0,26049.0,25992.0,26019.5,1784.944
2023-08-21 10:00:00+00:00,26019.5,26019.5,25870.0,25955.5,4665.462
2023-08-21 10:30:00+00:00,25955.5,25971.0,25866.5,25926.5,2022.022
2023-08-21 11:00:00+00:00,25926.5,25950.5,25916.0,25942.0,1412.179
2023-08-21 11:30:00+00:00,25942.0,26026.5,25941.5,26013.5,2331.969
2023-08-21 12:00:00+00:00,26013.5,26065.5,26013.0,26030.0,2591.398
2023-08-21 12:30:00+00:00,26030.0,26036.0,25975.0,25981.0,1707.763
2023-08-21 13:00:00+00:00,25981.0,26009.0,25963.0,25995.0,1612.793
2023-08-21 13:30:00+00:00,25995.0,26123.5,25995.0,26109.5,4138.737
2023-08-21 14:00:00+00:00,26109.5,26184.0,26035.5,26044.0,3766.781
2023-08-21 14:30:00+00:00,26044.0,26112.5,26042.0,26087.0,2016.646
2023-08-21 15:00:00+00:00,26087.0,26113.5,25791.0,25852.5,5799.736
2023-08-21 15:30:00+00:00,25852.5,25967.0,25839.5,25920.0,4315.395
2023-08-21 16:00:00+00:00,25920.0,26029.5,25918.5,25987.0,3603.179
2023-08-21 16:30:00+00:00,25987.0,26025.5,25958.0,25994.0,2460.043
2023-08-21 17:00:00+00:00,25994.0,26050.5,25983.5,26046.5,2512.846
2023-08-21 17:30:00+00:00,26046.5,26059.5,26013.5,26034.5,2338.85
2023-08-21 18:00:00+00:00,26034.5,26051.5,26012.0,26033.5,2055.089
2023-08-21 18:30:00+00:00,26033.5,26090.5,26008.0,26015.5,2116.682
2023-08-21 19:00:00+00:00,26015.5,26071.5,26015.5,26030.5,1826.303
2023-08-21 19:30:00+00:00,26030.5,26147.5,26030.5,26080.0,2170.144
2023-08-21 20:00:00+00:00,26080.0,26133.0,26071.0,26085.5,1297.545
2023-08-21 20:30:00+00:00,26085.5,26115.0,26072.0,26086.5,2095.304
2023-08-21 21:00:00+00:00,26086.5,26102.0,26059.5,26097.0,1859.393
2023-08-21 21:30:00+00:00,26097.0,26237.5,26097.0,26176.0,3346.589
2023-08-21 22:00:00+00:00,26176.0,26176.5,26132.0,26144.0,1599.873
2023-08-21 22:30:00+00:00,26144.0,26153.0,26122.0,26122.0,1646.556
2023-08-21 23:00:00+00:00,26122.0,26140.5,26104.0,26110.0,1642.945
2023-08-21 23:30:00+00:00,26110.0,26133.0,26104.0,26116.5,1025.223
2023-08-22 00:00:00+00:00,26116.5,26127.0,26076.5,26084.0,1218.763
2023-08-22 00:30:00+00:00,26084.0,26109.0,26082.0,26083.5,2138.285
2023-08-22 01:00:00+00:00,26083.5,26090.0,26035.5,26046.0,2952.806
2023-08-22 01:30:00+00:00,26046.0,26072.0,26027.5,26031.0,2075.83
2023-08-22 02:00:00+00:00,26031.0,26052.5,26024.0,26049.5,1789.984
2023-08-22 02:30:00+00:00,26049.5,26050.5,26029.5,26047.5,1826.041
2023-08-22 03:00:00+00:00,26047.5,26054.0,26011.5,26016.0,2083.662
2023-08-22 03:30:00+00:00,26016.0,26039.5,26011.0,26039.0,1241.032
2023-08-22 04:00:00+00:00,26039.0,26043.5,26013.0,26017.0,1176.402
2023-08-22 04:30:00+00:00,26017.0,26019.5,25987.0,25994.5,1086.757
2023-08-22 05:00:00+00:00,25994.5,26018.0,25980.0,26014.5,1379.536
2023-08-22 05:30:00+00:00,26014.5,26030.5,25999.0,26022.0,2226.307
2023-08-22 06:00:00+00:00,26022.0,26072.0,26009.0,26039.0,2645.827
2023-08-22 06:30:00+00:00,26039.0,26048.5,26010.0,26048.0,1768.255
2023-08-22 07:00:00+00:00,26048.0,26084.5,26040.5,26059.5,2108.953
2023-08-22 07:30:00+00:00,26059.5,26095.0,26053.0,26084.0,2621.673
2023-08-22 08:00:00+00:00,26084.0,26090.0,26065.5,26072.0,2142.442
2023-08-22 08:30:00+00:00,26072.0,26072.0,26029.0,26042.5,1476.714
2023-08-22 09:00:00+00:00,26042.5,26047.0,26020.0,26024.5,1342.47
2023-08-22 09:30:00+00:00,26024.5,26063.5,26013.5,26026.0,1997.87
2023-08-22 10:00:00+00:00,26026.0,26037.5,26015.5,26030.0,1730.085
2023-08-22 10:30:00+00:00,26030.0,26036.0,26012.0,26031.5,1152.439
2023-08-22 11:00:00+00:00,26031.5,26050.5,26014.5,26050.5,1110.585
2023-08-22 11:30:00+00:00,26050.5,26050.5,26009.0,26036.0,2226.587
2023-08-22 12:00:00+00:00,26036.0,26062.5,26032.0,26053.0,1721.177
2023-08-22 12:30:00+00:00,26053.0,26079.5,26028.0,26028.5,2093.436
2023-08-22 13:00:00+00:00,26028.5,26038.5,25995.5,26005.0,2360.506
2023-08-22 13:30:00+00:00,26005.0,26042.0,25952.0,25983.0,3911.56
2023-08-22 14:00:00+00:00,25983.0,26041.5,25922.0,25987.0,4596.781
2023-08-22 14:30:00+00:00,25987.0,26015.5,25943.0,25982.0,1709.18
2023-08-22 15:00:00+00:00,25982.0,26009.0,25952.5,25995.0,1247.693
2023-08-22 15:30:00+00:00,25995.0,25996.5,25902.0,25925.0,2546.423
2023-08-22 16:00:00+00:00,25925.0,25940.0,25813.5,25855.5,4579.802
2023-08-22 16:30:00+00:00,25855.5,26042.5,25775.0,26003.0,6654.613
2023-08-22 17:00:00+00:00,26003.0,26015.5,25852.0,25925.5,3239.613
2023-08-22 17:30:00+00:00,25925.5,25930.0,25702.0,25817.5,6397.225
2023-08-22 18:00:00+00:00,25817.5,25859.0,25756.0,25835.0,3119.824
2023-08-22 18:30:00+00:00,25835.0,25992.0,25835.0,25888.5,3414.745
2023-08-22 19:00:00+00:00,25888.5,25945.0,25851.0,25854.5,1803.453
2023-08-22 19:30:00+00:00,25854.5,25877.0,25758.0,25761.5,1551.603
2023-08-22 20:00:00+00:00,25761.5,25834.5,25760.5,25829.0,1557.226
2023-08-22 20:30:00+00:00,25829.0,25852.0,25786.5,25850.5,2621.365
2023-08-22 21:00:00+00:00,25850.5,25884.5,25299.0,25614.5,7909.856
2023-08-22 21:30:00+00:00,25614.5,25699.0,25549.5,25646.0,4949.5
2023-08-22 22:00:00+00:00,25646.0,25754.5,25622.0,25743.0,3069.728
2023-08-22 22:30:00+00:00,25743.0,25841.5,25723.0,25788.5,2965.421
2023-08-22 23:00:00+00:00,25788.5,26014.5,25766.0,25899.5,4094.459
2023-08-22 23:30:00+00:00,25899.5,26053.5,25885.5,26036.0,3063.317
2023-08-23 00:00:00+00:00,26036.0,26175.0,26015.0,26070.0,4459.176
2023-08-23 00:30:00+00:00,26070.0,26076.5,26020.0,26020.0,3473.304
2023-08-23 01:00:00+00:00,26020.0,26035.0,25975.0,26013.5,3054.136
2023-08-23 01:30:00+00:00,26013.5,26066.0,26004.0,26031.5,2062.2
2023-08-23 02:00:00+00:00,26031.5,26071.0,26014.0,26024.5,1449.133
2023-08-23 02:30:00+00:00,26024.5,26057.5,26013.0,26027.5,2250.283
2023-08-23 03:00:00+00:00,26027.5,26057.0,25995.0,25995.0,2826.103
2023-08-23 03:30:00+00:00,25995.0,26009.0,25977.0,25988.0,1449.67
2023-08-23 04:00:00+00:00,25988.0,26000.0,25965.5,25989.5,1352.276
2023-08-23 04:30:00+00:00,25989.5,26042.0,25989.0,26031.5,1913.633
2023-08-23 05:00:00+00:00,26031.5,26033.0,26002.0,26004.5,1923.644
2023-08-23 05:30:00+00:00,26004.5,26034.5,25975.0,26028.0,2342.364
2023-08-23 06:00:00+00:00,26028.0,26069.5,26025.5,26034.5,2331.036
2023-08-23 06:30:00+00:00,26034.5,26160.0,26024.5,26044.5,3634.51
2023-08-23 07:00:00+00:00,26044.5,26112.0,26000.0,26084.0,2697.566
2023-08-23 07:30:00+00:00,26084.0,26085.0,25993.0,26036.5,2549.091
2023-08-23 08:00:00+00:00,26036.5,26076.0,26033.5,26046.0,2295.253
2023-08-23 08:30:00+00:00,26046.0,26046.5,26008.5,26020.5,2360.814
2023-08-23 09:00:00+00:00,26020.5,26026.0,25996.0,26018.5,2351.504
2023-08-23 09:30:00+00:00,26018.5,26039.0,25999.5,26026.0,2812.196
2023-08-23 10:00:00+00:00,26026.0,26027.0,25967.0,25970.0,3215.834
2023-08-23 10:30:00+00:00,25970.0,26001.0,25941.0,25950.5,1808.356
2023-08-23 11:00:00+00:00,25950.5,25950.5,25890.0,25903.0,2886.089
2023-08-23 11:30:00+00:00,25903.0,25935.0,25901.0,25921.0,1716.956
2023-08-23 12:00:00+00:00,25921.0,25943.0,25874.5,25898.5,2488.611
2023-08-23 12:30:00+00:00,25898.5,25903.0,25830.0,25830.0,2880.185
2023-08-23 13:00:00+00:00,25830.0,25857.5,25796.5,25848.0,3178.755
2023-08-23 13:30:00+00:00,25848.0,26019.5,25839.5,25996.5,5146.765
2023-08-23 14:00:00+00:00,25996.5,26076.0,25904.5,25989.0,5382.564
2023-08-23 14:30:00+00:00,25989.0,26119.0,25967.5,26021.0,3043.337
2023-08-23 15:00:00+00:00,26021.0,26176.0,26004.0,26088.0,3626.506
2023-08-23 15:30:00+00:00,26088.0,26161.5,26077.0,26126.5,3514.425
2023-08-23 16:00:00+00:00,26126.5,26437.0,26105.5,26326.5,8954.715
2023-08-23 16:30:00+00:00,26326.5,26465.0,26315.0,26377.0,4354.17
2023-08-23 17:00:00+00:00,26377.0,26561.0,26361.0,26493.0,5684.16
2023-08-23 17:30:00+00:00,26493.0,26597.5,26487.0,26525.5,4507.968
2023-08-23 18:00:00+00:00,26525.5,26555.0,26470.0,26472.5,3269.257
2023-08-23 18:30:00+00:00,26472.5,26498.5,26426.5,26456.0,2666.596
2023-08-23 19:00:00+00:00,26456.0,26529.5,26437.5,26523.0,1957.72
2023-08-23 19:30:00+00:00,26523.0,26816.0,26495.0,26623.5,8529.062
2023-08-23 20:00:00+00:00,26623.5,26714.0,26530.0,26639.5,5959.136
2023-08-23 20:30:00+00:00,26639.5,26647.5,26572.5,26588.5,3342.608
2023-08-23 21:00:00+00:00,26588.5,26607.0,26558.0,26560.5,2495.091
2023-08-23 21:30:00+00:00,26560.5,26566.5,26214.0,26313.5,7095.203
2023-08-23 22:00:00+00:00,26313.5,26435.0,26293.0,26406.5,4442.891
2023-08-23 22:30:00+00:00,26406.5,26487.5,26403.5,26448.0,2324.389
2023-09-09 14:30:00+00:00,25839.0,25858.0,25828.0,25845.0,625.563
2023-09-09 15:00:00+00:00,25845.0,25928.5,25845.0,25870.0,1692.075
2023-09-09 15:30:00+00:00,25870.0,25904.5,25869.5,25889.0,847.358
2023-09-09 16:00:00+00:00,25889.0,25908.5,25877.5,25898.5,928.621
2023-09-09 16:30:00+00:00,25898.5,25947.0,25878.5,25892.5,1534.859
2023-09-09 17:00:00+00:00,25892.5,25903.0,25871.0,25875.0,535.933
2023-09-09 17:30:00+00:00,25875.0,25886.0,25867.5,25877.5,495.799
2023-09-09 18:00:00+00:00,25877.5,25877.5,25847.0,25851.5,822.067
2023-09-09 18:30:00+00:00,25851.5,25863.5,25843.0,25861.0,769.131
2023-09-09 19:00:00+00:00,25861.0,25871.5,25853.0,25863.5,896.009
2023-09-09 19:30:00+00:00,25863.5,25873.0,25853.5,25868.5,871.233
2023-09-09 20:00:00+00:00,25868.5,25888.0,25856.5,25878.5,722.541
2023-09-09 20:30:00+00:00,25878.5,25879.0,25860.0,25860.0,373.125
2023-09-09 21:00:00+00:00,25860.0,25898.5,25858.0,25873.5,656.701
2023-09-09 21:30:00+00:00,25873.5,25889.0,25863.0,25885.5,590.811
2023-09-09 22:00:00+00:00,25885.5,25915.0,25877.0,25900.0,650.246
2023-09-09 22:30:00+00:00,25900.0,25910.0,25897.5,25907.0,534.82
2023-09-09 23:00:00+00:00,25907.0,25917.0,25893.0,25894.5,876.165
2023-09-09 23:30:00+00:00,25894.5,25902.5,25886.5,25899.0,878.135
2023-09-10 00:00:00+00:00,25899.0,25901.5,25862.0,25870.5,964.533
2023-09-10 00:30:00+00:00,25870.5,25870.5,25864.0,25870.5,979.239
2023-09-10 01:00:00+00:00,25870.5,25870.5,25833.5,25850.5,1023.019
2023-09-10 01:30:00+00:00,25850.5,25856.5,25839.0,25851.5,908.32
2023-09-10 02:00:00+00:00,25851.5,25861.5,25849.0,25849.0,756.816
2023-09-10 02:30:00+00:00,25849.0,25853.5,25846.5,25852.0,672.555
2023-09-10 03:00:00+00:00,25852.0,25861.0,25838.0,25838.0,784.79
2023-09-10 03:30:00+00:00,25838.0,25875.5,25825.5,25862.5,1152.366
2023-09-10 04:00:00+00:00,25862.5,25862.5,25758.0,25784.0,1893.625
2023-09-10 04:30:00+00:00,25784.0,25835.5,25770.5,25834.0,1286.227
2023-09-10 05:00:00+00:00,25834.0,25842.5,25808.0,25832.0,1929.066
2023-09-10 05:30:00+00:00,25832.0,25836.5,25818.0,25832.5,767.018
2023-09-10 06:00:00+00:00,25832.5,25851.5,25823.5,25846.5,805.966
2023-09-10 06:30:00+00:00,25846.5,25846.5,25833.5,25834.0,727.21
2023-09-10 07:00:00+00:00,25834.0,25853.5,25834.0,25842.5,762.756
2023-09-10 07:30:00+00:00,25842.5,25846.0,25833.5,25835.0,620.304
2023-09-10 08:00:00+00:00,25835.0,25846.5,25804.5,25845.0,1141.518
2023-09-10 08:30:00+00:00,25845.0,25847.0,25836.0,25843.5,994.663
2023-09-10 09:00:00+00:00,25843.5,25846.0,25824.0,25836.0,1108.424
2023-09-10 09:30:00+00:00,25836.0,25838.5,25809.0,25810.0,944.369
2023-09-10 10:00:00+00:00,25810.0,25817.0,25796.5,25810.0,912.434
2023-09-10 10:30:00+00:00,25810.0,25811.0,25786.0,25786.0,651.42
2023-09-10 11:00:00+00:00,25786.0,25809.0,25781.5,25802.5,833.153
2023-09-10 11:30:00+00:00,25802.5,25808.0,25777.5,25780.5,998.393
2023-09-10 12:00:00+00:00,25780.5,25803.5,25778.5,25794.0,927.715
2023-09-10 12:30:00+00:00,25794.0,25795.0,25780.0,25785.5,760.351
2023-09-10 13:00:00+00:00,25785.5,25785.5,25754.0,25780.0,1460.597
2023-09-10 13:30:00+00:00,25780.0,25819.5,25767.0,25793.0,1256.083
2023-09-10 14:00:00+00:00,25793.0,25806.0,25783.0,25783.5,1025.926
2023-09-10 14:30:00+00:00,25783.5,25784.0,25731.0,25757.0,1845.14
2023-09-10 15:00:00+00:00,25757.0,25758.5,25698.5,25733.0,2256.612
2023-09-10 15:30:00+00:00,25733.0,25782.0,25730.0,25759.0,1340.15
2023-09-10 16:00:00+00:00,25759.0,25771.5,25723.5,25742.0,1386.783
2023-09-10 16:30:00+00:00,25742.0,25775.5,25640.0,25775.5,2936.947
2023-09-10 17:00:00+00:00,25775.5,25776.5,25676.0,25701.5,2080.005
2023-09-10 17:30:00+00:00,25701.5,25708.5,25654.0,25679.5,1467.373
2023-09-10 18:00:00+00:00,25679.5,25739.5,25673.0,25730.0,1253.114
2023-09-10 18:30:00+00:00,25730.0,25737.0,25704.0,25709.5,1067.788
2023-09-10 19:00:00+00:00,25709.5,25723.5,25692.5,25697.5,933.46
2023-09-10 19:30:00+00:00,25697.5,25845.5,25548.0,25779.0,5758.951
2023-09-10 20:00:00+00:00,25779.0,25892.5,25750.0,25830.0,3245.277
2023-09-10 20:30:00+00:00,25830.0,25838.0,25765.0,25799.0,1245.833
2023-09-10 21:00:00+00:00,25799.0,25886.5,25792.5,25869.5,1331.417
2023-09-10 21:30:00+00:00,25869.5,25884.5,25827.0,25884.0,1167.628
2023-09-10 22:00:00+00:00,25884.0,25918.0,25835.5,25890.0,2378.494
2023-09-10 22:30:00+00:00,25890.0,26020.0,25831.5,25832.5,3533.599
2023-09-10 23:00:00+00:00,25832.5,25847.5,25800.0,25803.5,1300.955
2023-09-10 23:30:00+00:00,25803.5,25833.0,25800.0,25821.0,918.494
2023-09-11 00:00:00+00:00,25821.0,25857.5,25762.0,25781.0,1525.097
2023-09-11 00:30:00+00:00,25781.0,25787.0,25640.0,25709.0,4262.065
2023-09-11 01:00:00+00:00,25709.0,25739.0,25698.5,25700.0,1473.503
2023-09-11 01:30:00+00:00,25700.0,25711.0,25647.0,25672.0,2027.634
2023-09-11 02:00:00+00:00,25672.0,25706.5,25642.5,25706.5,1250.663
2023-09-11 02:30:00+00:00,25706.5,25725.5,25703.0,25716.0,1065.643
2023-09-11 03:00:00+00:00,25716.0,25766.5,25715.0,25717.0,1375.867
2023-09-11 03:30:00+00:00,25717.0,25730.5,25714.5,25720.0,1051.031
2023-09-11 04:00:00+00:00,25720.0,25750.5,25704.0,25743.0,1111.944
2023-09-11 04:30:00+00:00,25743.0,25764.0,25737.0,25759.0,1408.068
2023-09-11 05:00:00+00:00,25759.0,25778.0,25754.5,25764.5,1418.722
2023-09-11 05:30:00+00:00,25764.5,25875.0,25764.5,25874.5,2907.201
2023-09-11 06:00:00+00:00,25874.5,25885.0,25827.5,25840.0,1902.236
2023-09-11 06:30:00+00:00,25840.0,25862.0,25798.0,25820.5,1416.024
2023-09-11 07:00:00+00:00,25820.5,25822.5,25781.0,25795.5,1669.554
2023-09-11 07:30:00+00:00,25795.5,25800.0,25781.0,25795.5,1411.803
2023-09-11 08:00:00+00:00,25795.5,25813.0,25742.0,25746.5,1945.439
2023-09-11 08:30:00+00:00,25746.5,25809.0,25739.5,25787.0,2213.446
2023-09-11 09:00:00+00:00,25787.0,25795.5,25657.5,25662.5,3454.356
2023-09-11 09:30:00+00:00,25662.5,25735.0,25650.0,25720.5,2766.436
2023-09-11 10:00:00+00:00,25720.5,25722.5,25560.0,25622.5,4522.631
2023-09-11 10:30:00+00:00,25622.5,25708.0,25583.5,25691.0,3353.578
2023-09-11 11:00:00+00:00,25691.0,25699.0,25603.0,25614.5,2069.441
2023-09-11 11:30:00+00:00,25614.5,25648.5,25577.5,25585.5,2112.684
2023-09-11 12:00:00+00:00,25585.5,25660.5,25573.0,25618.0,2611.805
2023-09-11 12:30:00+00:00,25618.0,25700.5,25617.5,25700.0,2733.61
2023-09-11 13:00:00+00:00,25700.0,25710.5,25656.5,25663.5,1675.734
2023-09-11 13:30:00+00:00,25663.5,25736.0,25588.0,25599.5,3061.838
2023-09-11 14:00:00+00:00,25599.5,25614.5,25198.0,25366.5,13846.931
2023-09-11 14:30:00+00:00,25366.5,25447.0,24970.0,25131.5,16820.968
2023-09-11 15:00:00+00:00,25131.5,25185.0,24924.0,25110.0,8810.19
2023-09-11 15:30:00+00:00,25110.0,25143.5,25067.5,25096.0,3588.066
2023-09-11 16:00:00+00:00,25096.0,25227.0,25081.5,25186.5,3319.382
2023-09-11 16:30:00+00:00,25186.5,25197.0,25118.5,25167.5,1481.118
2023-09-11 17:00:00+00:00,25167.5,25180.5,25032.5,25112.0,2857.247
2023-09-11 17:30:00+00:00,25112.0,25207.5,25095.5,25203.5,2838.303
2023-09-11 18:00:00+00:00,25203.5,25207.0,25149.0,25174.5,1958.018
2023-09-11 18:30:00+00:00,25174.5,25202.0,25134.5,25141.5,2463.069
2023-09-11 19:00:00+00:00,25141.5,25145.5,25035.0,25102.0,2050.316
2023-09-11 19:30:00+00:00,25102.0,25108.0,24971.0,25000.0,2617.68
2023-09-11 20:00:00+00:00,25000.0,25106.0,24875.5,25084.0,4710.334
2023-09-11 20:30:00+00:00,25084.0,25118.5,25061.0,25080.5,2446.207
2023-09-11 21:00:00+00:00,25080.5,25200.0,25057.5,25143.0,2504.419
2023-09-11 21:30:00+00:00,25143.0,25168.0,25105.0,25131.0,1937.714
2023-09-11 22:00:00+00:00,25131.0,25178.0,25107.0,25160.0,2199.038
2023-09-11 22:30:00+00:00,25160.0,25168.5,25112.0,25131.5,1831.476
2023-09-11 23:00:00+00:00,25131.5,25138.0,25063.5,25102.5,1809.948
2023-09-11 23:30:00+00:00,25102.5,25161.0,25102.5,25146.0,2939.937
2023-09-12 00:00:00+00:00,25146.0,25175.5,25123.5,25145.5,1510.844
2023-09-12 00:30:00+00:00,25145.5,25215.0,25128.0,25184.5,1754.516
2023-09-12 01:00:00+00:00,25184.5,25197.0,25129.5,25136.5,2045.113
2023-09-12 01:30:00+00:00,25136.5,25145.5,25115.5,25124.5,2359.201
2023-09-12 02:00:00+00:00,25124.5,25154.5,25119.0,25154.0,1773.806
2023-09-12 02:30:00+00:00,25154.0,25199.5,25153.5,25187.5,1809.396
2023-09-12 03:00:00+00:00,25187.5,25939.0,25187.5,25847.5,18486.335
2023-09-12 03:30:00+00:00,25847.5,25895.0,25714.5,25780.0,6304.657
2023-09-12 04:00:00+00:00,25780.0,25973.0,25780.0,25850.0,6544.002
2023-09-12 04:30:00+00:00,25850.0,25881.0,25727.0,25744.5,3375.383
2023-09-12 05:00:00+00:00,25744.5,25745.0,25595.5,25627.0,4401.236
2023-09-12 05:30:00+00:00,25627.0,25762.5,25613.0,25754.5,2921.226
2023-09-12 06:00:00+00:00,25754.5,25833.5,25708.5,25765.0,3920.007
2023-09-12 06:30:00+00:00,25765.0,25778.5,25704.5,25745.5,2250.227
2023-09-12 07:00:00+00:00,25745.5,25796.5,25708.0,25737.0,2692.362
2023-09-12 07:30:00+00:00,25737.0,25856.0,25737.0,25803.0,3146.992
2023-09-12 08:00:00+00:00,25803.0,25852.5,25769.0,25817.5,2000.147
2023-09-12 08:30:00+00:00,25817.5,25821.0,25715.5,25749.0,2462.22
2023-09-12 09:00:00+00:00,25749.0,25818.5,25722.0,25797.0,2479.049
2023-09-12 09:30:00+00:00,25797.0,25862.0,25777.0,25853.0,2223.632
2023-09-12 10:00:00+00:00,25853.0,26333.0,25823.0,26233.5,10466.127
2023-09-12 10:30:00+00:00,26233.5,26256.5,26045.0,26141.5,5152.071
2023-09-12 11:00:00+00:00,26141.5,26162.0,26052.0,26090.0,2436.645
2023-09-12 11:30:00+00:00,26090.0,26090.5,26019.5,26079.5,1873.626
2023-09-12 12:00:00+00:00,26079.5,26156.5,26076.0,26135.0,2394.488
2023-09-12 12:30:00+00:00,26135.0,26212.5,26089.0,26103.0,3534.175
2023-09-12 13:00:00+00:00,26103.0,26114.5,26017.0,26063.5,2516.029
2023-09-12 13:30:00+00:00,26063.5,26313.5,26040.5,26258.5,5621.792
2023-09-12 14:00:00+00:00,26258.5,26391.0,26102.5,26143.0,6422.418
2023-09-12 14:30:00+00:00,26143.0,26200.0,26032.0,26101.5,2938.657
2023-09-12 15:00:00+00:00,26101.5,26184.0,26092.5,26181.0,1802.744
2023-09-12 15:30:00+00:00,26181.0,26218.5,26149.5,26191.0,1754.134
2023-09-12 16:00:00+00:00,26191.0,26309.5,26139.0,26296.0,2587.497
2023-09-12 16:30:00+00:00,26296.0,26560.5,26064.5,26108.5,11556.842
2023-09-12 17:00:00+00:00,26108.5,26164.5,25891.0,26022.5,6436.219
2023-09-12 17:30:00+00:00,26022.5,26056.5,25898.0,25898.5,3514.594
2023-09-12 18:00:00+00:00,25898.5,26015.5,25878.5,25969.0,2861.291
2023-09-12 18:30:00+00:00,25969.0,25983.0,25934.5,25980.0,1788.322
2023-09-12 19:00:00+00:00,25980.0,26261.5,25979.5,26105.5,4825.962
2023-09-12 19:30:00+00:00,26105.5,26121.5,26060.0,26060.5,2067.398
2023-09-12 20:00:00+00:00,26060.5,26112.0,26048.0,26095.5,1217.748
2023-09-12 20:30:00+00:00,26095.5,26116.0,26072.0,26072.0,871.592
2023-09-12 21:00:00+00:00,26072.0,26157.0,26059.5,26128.0,1901.856
2023-09-12 21:30:00+00:00,26128.0,26129.0,26071.0,26099.5,1775.733
2023-09-12 22:00:00+00:00,26099.5,26100.0,25916.5,25965.0,2395.148
2023-09-12 22:30:00+00:00,25965.0,26012.0,25963.5,25968.0,1479.608
2023-09-12 23:00:00+00:00,25968.0,25968.0,25791.0,25863.0,3961.255
2023-09-12 23:30:00+00:00,25863.0,25896.5,25813.5,25836.0,3085.768
2023-09-13 00:00:00+00:00,25836.0,25893.0,25759.5,25888.5,3236.071
2023-09-13 00:30:00+00:00,25888.5,25982.0,25888.5,25917.5,3049.539
2023-09-13 01:00:00+00:00,25917.5,25961.5,25900.0,25927.0,2202.08
2023-09-13 01:30:00+00:00,25927.0,25956.0,25906.0,25955.5,2015.486
2023-09-13 02:00:00+00:00,25955.5,25968.5,25920.5,25932.5,2016.447
2023-09-13 02:30:00+00:00,25932.5,25932.5,25899.5,25905.0,1670.502
2023-09-13 03:00:00+00:00,25905.0,25924.0,25869.5,25869.5,1868.682
2023-09-13 03:30:00+00:00,25869.5,25914.5,25836.0,25878.5,1784.302
2023-09-13 04:00:00+00:00,25878.5,25942.5,25862.5,25925.5,1835.664
2023-09-13 04:30:00+00:00,25925.5,25944.5,25906.0,25922.5,1566.179
2023-09-13 05:00:00+00:00,25922.5,25922.5,25846.0,25874.5,1610.257
2023-09-13 05:30:00+00:00,25874.5,25920.0,25851.0,25896.5,1350.423
2023-09-13 06:00:00+00:00,25896.5,25918.0,25863.5,25917.5,1613.377
2023-09-13 06:30:00+00:00,25917.5,25992.5,25899.5,25952.5,2665.541
2023-09-13 07:00:00+00:00,25952.5,25999.0,25950.5,25968.5,2535.511
2023-09-13 07:30:00+00:00,25968.5,26107.5,25853.0,25876.5,5483.335
2023-09-13 08:00:00+00:00,25876.5,25959.5,25860.0,25946.5,1818.862
2023-09-13 08:30:00+00:00,25946.5,25964.0,25938.5,25948.0,1050.974
2023-09-13 09:00:00+00:00,25948.0,26052.5,25924.0,26015.0,2236.817
2023-09-13 09:30:00+00:00,26015.0,26198.0,25993.5,26146.5,6183.639
2023-09-13 10:00:00+00:00,26146.5,26230.0,26096.5,26098.5,3927.487
2023-09-13 10:30:00+00:00,26098.5,26151.5,26092.0,26149.5,1724.707
2023-09-13 11:00:00+00:00,26149.5,26195.5,26102.0,26176.5,2416.277
2023-09-13 11:30:00+00:00,26176.5,26249.0,26163.0,26195.5,3277.585
2023-09-13 12:00:00+00:00,26195.5,26268.5,26152.5,26192.0,5427.639
2023-09-13 12:30:00+00:00,26192.0,26245.5,26020.0,26210.0,8200.547
2023-09-13 13:00:00+00:00,26210.0,26233.5,26106.0,26109.0,2786.42
2023-09-13 13:30:00+00:00,26109.0,26197.5,26076.0,26118.5,2497.406
2023-09-13 14:00:00+00:00,26118.5,26193.5,26062.5,26165.5,2489.351
2023-09-13 14:30:00+00:00,26165.5,26335.0,26165.5,26208.5,5759.74
2023-09-13 15:00:00+00:00,26208.5,26319.0,26178.5,26263.0,2556.511
2023-09-13 15:30:00+00:00,26263.0,26386.0,26231.0,26236.0,3387.657
2023-09-13 16:00:00+00:00,26236.0,26382.5,26196.5,26369.5,3026.826
2023-09-13 16:30:00+00:00,26369.5,26403.5,26272.5,26272.5,2379.743
2023-09-13 17:00:00+00:00,26272.5,26354.0,26147.5,26188.0,3256.11
2023-09-13 17:30:00+00:00,26188.0,26241.5,26077.0,26088.0,5563.547
2023-09-13 18:00:00+00:00,26088.0,26160.5,26088.0,26126.0,2099.913
2023-09-30 10:00:00+00:00,26944.3,26972.7,26944.3,26970.7,660.632
2023-09-30 10:30:00+00:00,26970.7,26985.2,26953.7,26974.2,647.713
2023-09-30 11:00:00+00:00,26974.2,26994.6,26963.1,26976.6,569.517
2023-09-30 11:30:00+00:00,26976.6,26976.6,26923.2,26930.9,788.1
2023-09-30 12:00:00+00:00,26930.9,26946.8,26930.0,26942.4,358.712
2023-09-30 12:30:00+00:00,26942.4,26948.5,26919.6,26926.4,468.592
2023-09-30 13:00:00+00:00,26926.4,26929.3,26900.0,26928.7,653.402
2023-09-30 13:30:00+00:00,26928.7,26974.4,26926.9,26969.5,653.446
2023-09-30 14:00:00+00:00,26969.5,27003.3,26950.9,26975.8,1145.882
2023-09-30 14:30:00+00:00,26975.8,27002.0,26960.2,26988.6,754.774
2023-09-30 15:00:00+00:00,26988.6,27071.3,26977.7,27013.0,1774.007
2023-09-30 15:30:00+00:00,27013.0,27089.1,26974.9,26992.5,1493.622
2023-09-30 16:00:00+00:00,26992.5,27018.4,26972.9,26986.3,724.349
2023-09-30 16:30:00+00:00,26986.3,27040.1,26986.3,27016.5,738.899
2023-09-30 17:00:00+00:00,27016.5,27016.5,26967.0,27011.2,605.96
2023-09-30 17:30:00+00:00,27011.2,27031.3,27000.9,27015.1,566.258
2023-09-30 18:00:00+00:00,27015.1,27015.8,26995.7,27007.4,322.147
2023-09-30 18:30:00+00:00,27007.4,27012.4,26985.0,27000.0,252.629
2023-09-30 19:00:00+00:00,27000.0,27004.5,26985.2,26995.4,471.173
2023-09-30 19:30:00+00:00,26995.4,27034.0,26995.4,27019.5,515.482
2023-09-30 20:00:00+00:00,27019.5,27051.3,27019.5,27026.2,665.088
2023-09-30 20:30:00+00:00,27026.2,27069.1,27026.1,27061.3,406.812
2023-09-30 21:00:00+00:00,27061.3,27078.3,27057.3,27057.3,429.822
2023-09-30 21:30:00+00:00,27057.3,27057.4,26941.6,26990.0,1160.488
2023-09-30 22:00:00+00:00,26990.0,27026.2,26977.1,27026.1,545.994
2023-09-30 22:30:00+00:00,27026.1,27028.3,26994.1,27006.6,518.601
2023-09-30 23:00:00+00:00,27006.6,27008.0,26959.8,26960.9,533.907
2023-09-30 23:30:00+00:00,26960.9,26982.8,26952.0,26960.2,515.044
2023-10-01 00:00:00+00:00,26960.2,26980.7,26951.8,26968.7,412.481
2023-10-01 00:30:00+00:00,26968.7,26990.0,26953.1,26985.1,570.155
2023-10-01 01:00:00+00:00,26985.1,27035.1,26975.0,27015.2,544.198
2023-10-01 01:30:00+00:00,27015.2,27027.0,27005.1,27013.8,470.081
2023-10-01 02:00:00+00:00,27013.8,27044.3,27013.8,27034.4,646.026
2023-10-01 02:30:00+00:00,27034.4,27036.4,27016.9,27022.0,348.109
2023-10-01 03:00:00+00:00,27022.0,27047.3,27005.8,27039.8,344.964
2023-10-01 03:30:00+00:00,27039.8,27045.8,27028.2,27044.7,310.529
2023-10-01 04:00:00+00:00,27044.7,27045.3,27017.8,27029.1,477.63
2023-10-01 04:30:00+00:00,27029.1,27043.1,27021.8,27041.8,435.074
2023-10-01 05:00:00+00:00,27041.8,27069.3,27037.6,27067.7,545.681
2023-10-01 05:30:00+00:00,27067.7,27070.3,27049.7,27070.1,713.262
2023-10-01 06:00:00+00:00,27070.1,27097.5,27069.8,27083.5,977.136
2023-10-01 06:30:00+00:00,27083.5,27136.8,27083.5,27123.4,1345.281
2023-10-01 07:00:00+00:00,27123.4,27155.5,27088.1,27102.3,1713.034
2023-10-01 07:30:00+00:00,27102.3,27121.5,27100.0,27100.7,564.232
2023-10-01 08:00:00+00:00,27100.7,27114.6,27080.5,27111.6,1041.441
2023-10-01 08:30:00+00:00,27111.6,27155.0,27110.3,27129.4,585.275
2023-10-01 09:00:00+00:00,27129.4,27231.9,27129.3,27202.2,1904.382
2023-10-01 09:30:00+00:00,27202.2,27228.1,27173.6,27216.0,1290.549
2023-10-01 10:00:00+00:00,27216.0,27287.8,27198.7,27214.3,2449.7
2023-10-01 10:30:00+00:00,27214.3,27215.0,27161.2,27205.1,1921.89
2023-10-01 11:00:00+00:00,27205.1,27205.3,27163.2,27197.4,722.277
2023-10-01 11:30:00+00:00,27197.4,27237.7,27170.2,27186.4,837.649
2023-10-01 12:00:00+00:00,27186.4,27186.4,27119.3,27164.1,1272.26
2023-10-01 12:30:00+00:00,27164.1,27196.7,27145.0,27186.2,673.124
2023-10-01 13:00:00+00:00,27186.2,27186.2,27142.1,27161.6,516.147
2023-10-01 13:30:00+00:00,27161.6,27191.9,27145.1,27185.7,691.563
2023-10-01 14:00:00+00:00,27185.7,27226.1,27180.2,27213.7,915.331
2023-10-01 14:30:00+00:00,27213.7,27213.7,27082.0,27116.2,2094.492
2023-10-01 15:00:00+00:00,27116.2,27139.6,27103.4,27125.0,699.089
2023-10-01 15:30:00+00:00,27125.0,27153.3,27123.1,27148.6,348.731
2023-10-01 16:00:00+00:00,27148.6,27149.3,27117.0,27117.9,381.434
2023-10-01 16:30:00+00:00,27117.9,27131.2,27077.7,27104.9,752.002
2023-10-01 17:00:00+00:00,27104.9,27135.5,27101.0,27119.4,329.289
2023-10-01 17:30:00+00:00,27119.4,27124.2,27030.3,27069.5,1436.481
2023-10-01 18:00:00+00:00,27069.5,27095.0,27059.2,27088.9,511.387
2023-10-01 18:30:00+00:00,27088.9,27096.0,27073.7,27091.9,324.215
2023-10-01 19:00:00+00:00,27091.9,27096.8,27071.5,27089.3,467.549
2023-10-01 19:30:00+00:00,27089.3,27106.2,27089.3,27099.5,453.948
2023-10-01 20:00:00+00:00,27099.5,27143.8,27026.2,27109.2,1182.079
2023-10-01 20:30:00+00:00,27109.2,27110.2,27053.4,27103.2,445.766
2023-10-01 21:00:00+00:00,27103.2,27127.6,27083.3,27125.3,335.579
2023-10-01 21:30:00+00:00,27125.3,27182.2,27116.7,27173.9,732.917
2023-10-01 22:00:00+00:00,27173.9,28340.0,27149.0,27869.4,12088.618
2023-10-01 22:30:00+00:00,27869.4,28051.4,27824.5,27994.0,4630.182
2023-10-01 23:00:00+00:00,27994.0,28027.3,27862.3,27890.8,2897.816
2023-10-01 23:30:00+00:00,27890.8,27996.7,27861.4,27988.0,1711.427
2023-10-02 00:00:00+00:00,27988.0,28055.4,27892.2,27950.9,2512.341
2023-10-02 00:30:00+00:00,27950.9,27970.1,27878.1,27924.4,971.215
2023-10-02 01:00:00+00:00,27924.4,27961.5,27821.9,27839.9,1860.999
2023-10-02 01:30:00+00:00,27839.9,27914.8,27839.9,27912.9,1496.583
2023-10-02 02:00:00+00:00,27912.9,27977.6,27893.4,27963.7,1170.769
2023-10-02 02:30:00+00:00,27963.7,27998.1,27947.7,27978.1,706.215
2023-10-02 03:00:00+00:00,27978.1,28008.2,27948.5,27979.4,634.024
2023-10-02 03:30:00+00:00,27979.4,28223.3,27964.9,28121.9,4152.252
2023-10-02 04:00:00+00:00,28121.9,28148.0,28032.8,28033.3,1988.49
2023-10-02 04:30:00+00:00,28033.3,28076.3,28013.7,28060.5,1379.775
2023-10-02 05:00:00+00:00,28060.5,28107.6,28036.8,28089.4,936.977
2023-10-02 05:30:00+00:00,28089.4,28089.6,27926.1,27972.3,2047.268
2023-10-02 06:00:00+00:00,27972.3,28045.4,27963.0,28041.3,860.651
2023-10-02 06:30:00+00:00,28041.3,28098.0,28028.1,28091.5,1447.304
2023-10-02 07:00:00+00:00,28091.5,28246.2,28089.7,28187.3,2998.497
2023-10-02 07:30:00+00:00,28187.3,28434.3,28185.3,28305.6,8451.799
2023-10-02 08:00:00+00:00,28305.6,28410.0,28243.1,28369.9,3881.428
2023-10-02 08:30:00+00:00,28369.9,28483.4,28268.6,28274.0,4425.079
2023-10-02 09:00:00+00:00,28274.0,28321.5,28235.1,28274.7,1843.213
2023-10-02 09:30:00+00:00,28274.7,28316.5,28252.7,28281.3,885.577
2023-10-02 10:00:00+00:00,28281.3,28336.8,28265.9,28319.0,1112.389
2023-10-02 10:30:00+00:00,28319.0,28324.7,28275.6,28301.3,741.144
2023-10-02 11:00:00+00:00,28301.3,28362.9,28252.2,28349.9,1504.808
2023-10-02 11:30:00+00:00,28349.9,28360.2,28185.5,28192.7,2495.016
2023-10-02 12:00:00+00:00,28192.7,28300.0,28192.7,28294.4,1419.302
2023-10-02 12:30:00+00:00,28294.4,28346.7,28276.0,28317.4,1701.478
2023-10-02 13:00:00+00:00,28317.4,28386.8,28289.0,28311.2,1449.046
2023-10-02 13:30:00+00:00,28311.2,28557.8,28283.7,28546.4,5464.63
2023-10-02 14:00:00+00:00,28546.4,28598.8,28171.2,28292.4,7314.726
2023-10-02 14:30:00+00:00,28292.4,28370.2,28234.3,28300.8,2190.677
2023-10-02 15:00:00+00:00,28300.8,28363.4,28230.7,28360.1,1536.392
2023-10-02 15:30:00+00:00,28360.1,28409.0,27985.0,28032.8,6110.218
2023-10-02 16:00:00+00:00,28032.8,28119.5,27847.3,28071.2,6170.558
2023-10-02 16:30:00+00:00,28071.2,28088.6,27953.4,28000.1,1774.724
2023-10-02 17:00:00+00:00,28000.1,28062.0,27901.3,28055.4,1987.928
2023-10-02 17:30:00+00:00,28055.4,28118.0,28026.6,28054.2,865.618
2023-10-02 18:00:00+00:00,28054.2,28103.4,27987.0,28001.4,1213.232
2023-10-02 18:30:00+00:00,28001.4,28050.0,27661.0,27797.5,6197.774
2023-10-02 19:00:00+00:00,27797.5,27856.6,27628.3,27801.1,3096.77
2023-10-02 19:30:00+00:00,27801.1,27968.0,27797.2,27964.3,1802.163
2023-10-02 20:00:00+00:00,27964.3,27964.3,27830.3,27840.0,1155.328
2023-10-02 20:30:00+00:00,27840.0,27873.3,27819.4,27836.1,612.361
2023-10-02 21:00:00+00:00,27836.1,27869.9,27767.9,27865.6,792.409
2023-10-02 21:30:00+00:00,27865.6,27866.1,27270.0,27469.4,7663.221
2023-10-02 22:00:00+00:00,27469.4,27529.0,27340.5,27526.0,2325.931
2023-10-02 22:30:00+00:00,27526.0,27554.8,27481.1,27554.3,881.849
2023-10-02 23:00:00+00:00,27554.3,27563.5,27467.9,27529.7,893.759
2023-10-02 23:30:00+00:00,27529.7,27613.4,27485.2,27495.1,1303.706
2023-10-03 00:00:00+00:00,27495.1,27550.0,27478.0,27546.8,993.539
2023-10-03 00:30:00+00:00,27546.8,27567.1,27398.2,27429.1,1282.655
2023-10-03 01:00:00+00:00,27429.1,27485.6,27381.0,27484.2,1277.649
2023-10-03 01:30:00+00:00,27484.2,27565.9,27470.2,27560.0,1336.186
2023-10-03 02:00:00+00:00,27560.0,27560.0,27514.1,27553.6,549.773
2023-10-03 02:30:00+00:00,27553.6,27613.0,27552.0,27580.7,846.782
2023-10-03 03:00:00+00:00,27580.7,27588.9,27529.2,27561.7,780.734
2023-10-03 03:30:00+00:00,27561.7,27635.3,27554.2,27601.4,933.549
2023-10-03 04:00:00+00:00,27601.4,27607.4,27550.9,27551.0,570.223
2023-10-03 04:30:00+00:00,27551.0,27640.0,27540.8,27627.4,992.732
2023-10-03 05:00:00+00:00,27627.4,27630.8,27586.4,27592.1,780.43
2023-10-03 05:30:00+00:00,27592.1,27607.8,27563.8,27564.4,624.4
2023-10-03 06:00:00+00:00,27564.4,27602.3,27558.3,27595.2,679.324
2023-10-03 06:30:00+00:00,27595.2,27668.5,27595.2,27630.9,1130.431
2023-10-03 07:00:00+00:00,27630.9,27648.6,27567.5,27581.4,764.053
2023-10-03 07:30:00+00:00,27581.4,27581.4,27520.0,27537.6,778.918
2023-10-03 08:00:00+00:00,27537.6,27628.0,27537.0,27625.3,702.844
2023-10-03 08:30:00+00:00,27625.3,27637.5,27588.0,27591.8,852.828
2023-10-03 09:00:00+00:00,27591.8,27616.0,27540.0,27543.7,770.656
2023-10-03 09:30:00+00:00,27543.7,27582.2,27541.9,27545.0,753.535
2023-10-03 10:00:00+00:00,27545.0,27598.4,27544.3,27590.0,1031.796
2023-10-03 10:30:00+00:00,27590.0,27629.9,27567.3,27617.6,711.88
2023-10-03 11:00:00+00:00,27617.6,27626.0,27474.2,27484.1,1489.362
2023-10-03 11:30:00+00:00,27484.1,27569.9,27468.7,27555.6,1444.765
2023-10-03 12:00:00+00:00,27555.6,27557.1,27417.5,27493.1,2240.491
2023-10-03 12:30:00+00:00,27493.1,27522.9,27435.2,27468.3,998.148
2023-10-03 13:00:00+00:00,27468.3,27537.0,27383.2,27528.9,1917.065
2023-10-03 13:30:00+00:00,27528.9,27578.5,27501.6,27542.4,1115.189
2023-10-03 14:00:00+00:00,27542.4,27542.4,27349.8,27374.1,4202.668
2023-10-03 14:30:00+00:00,27374.1,27455.2,27263.8,27351.9,4572.652
2023-10-03 15:00:00+00:00,27351.9,27411.3,27280.0,27398.1,2876.564
2023-10-03 15:30:00+00:00,27398.1,27408.6,27235.0,27339.1,3256.973
2023-10-03 16:00:00+00:00,27339.1,27413.8,27318.0,27407.9,1969.171
2023-10-03 16:30:00+00:00,27407.9,27442.1,27384.1,27384.8,1023.279
2023-10-03 17:00:00+00:00,27384.8,27484.0,27382.8,27459.6,1490.0
2023-10-03 17:30:00+00:00,27459.6,27486.6,27418.0,27433.2,743.846
2023-10-03 18:00:00+00:00,27433.2,27443.9,27386.5,27386.6,704.471
2023-10-03 18:30:00+00:00,27386.6,27389.2,27296.7,27297.8,1114.417
2023-10-03 19:00:00+00:00,27297.8,27424.0,27247.7,27363.6,1557.238
2023-10-03 19:30:00+00:00,27363.6,27369.7,27251.0,27265.0,1926.492
2023-10-03 20:00:00+00:00,27265.0,27373.8,27155.0,27367.2,4248.364
2023-10-03 20:30:00+00:00,27367.2,27394.0,27336.4,27393.3,795.796
2023-10-03 21:00:00+00:00,27393.3,27450.0,27369.4,27412.4,1066.825
2023-10-03 21:30:00+00:00,27412.4,27433.4,27353.1,27398.0,557.686
2023-10-03 22:00:00+00:00,27398.0,27398.0,27275.6,27316.4,1162.493
2023-10-03 22:30:00+00:00,27316.4,27405.7,27270.0,27400.7,1025.377
2023-10-03 23:00:00+00:00,27400.7,27441.9,27374.1,27440.1,1107.211
2023-10-03 23:30:00+00:00,27440.1,27465.6,27410.7,27420.7,1026.674
2023-10-04 00:00:00+00:00,27420.7,27431.8,27345.2,27360.8,1080.932
2023-10-04 00:30:00+00:00,27360.8,27369.9,27203.8,27304.6,3037.244
2023-10-04 01:00:00+00:00,27304.6,27350.0,27253.2,27345.6,1258.331
2023-10-04 01:30:00+00:00,27345.6,27345.6,27276.3,27331.3,815.128
2023-10-04 02:00:00+00:00,27331.3,27510.1,27306.8,27439.7,2549.191
2023-10-04 02:30:00+00:00,27439.7,27463.0,27370.0,27406.2,1162.841
2023-10-04 03:00:00+00:00,27406.2,27460.0,27406.2,27425.0,646.402
2023-10-04 03:30:00+00:00,27425.0,27444.7,27402.4,27427.2,1012.365
2023-10-04 04:00:00+00:00,27427.2,27427.2,27393.8,27415.2,939.112
2023-10-04 04:30:00+00:00,27415.2,27420.4,27380.0,27382.6,709.617
2023-10-04 05:00:00+00:00,27382.6,27392.7,27356.2,27380.4,867.981
2023-10-04 05:30:00+00:00,27380.4,27403.8,27371.3,27403.8,474.158
2023-10-04 06:00:00+00:00,27403.8,27412.3,27348.1,27349.3,1020.243
2023-10-04 06:30:00+00:00,27349.3,27412.0,27349.3,27412.0,656.196
2023-10-04 07:00:00+00:00,27412.0,27449.6,27410.7,27411.3,1587.339
2023-10-04 07:30:00+00:00,27411.3,27449.0,27401.5,27449.0,756.014
2023-10-04 08:00:00+00:00,27449.0,27483.9,27430.0,27480.0,1463.325
2023-10-04 08:30:00+00:00,27480.0,27579.0,27457.1,27514.8,2620.913
2023-10-04 09:00:00+00:00,27514.8,27577.0,27503.4,27537.5,1157.709
2023-10-04 09:30:00+00:00,27537.5,27635.0,27537.3,27626.3,1852.406
2023-10-04 10:00:00+00:00,27626.3,27640.5,27524.2,27531.7,1785.147
2023-10-04 10:30:00+00:00,27531.7,27554.0,27515.9,27525.4,1001.609
2023-10-04 11:00:00+00:00,27525.4,27580.4,27517.5,27575.8,919.089
2023-10-04 11:30:00+00:00,27575.8,27600.0,27550.0,27569.0,710.829
2023-10-04 12:00:00+00:00,27569.0,27604.8,27536.5,27597.7,821.547
2023-10-04 12:30:00+00:00,27597.7,27628.5,27551.3,27564.9,1092.995
2023-10-04 13:00:00+00:00,27564.9,27572.3,27495.5,27519.6,1534.555
2023-10-04 13:30:00+00:00,27519.6,27556.6,27402.2,27414.8,2563.426
2023-10-21 05:30:00+00:00,29573.8,29580.9,29545.2,29573.4,640.936
2023-10-21 06:00:00+00:00,29573.4,29674.0,29573.4,29663.5,1302.933
2023-10-21 06:30:00+00:00,29663.5,29729.0,29640.7,29700.0,1960.595
2023-10-21 07:00:00+00:00,29700.0,29719.0,29650.5,29711.1,1238.962
2023-10-21 07:30:00+00:00,29711.1,29724.5,29689.1,29690.2,804.761
2023-10-21 08:00:00+00:00,29690.2,29703.8,29652.9,29703.6,1053.764
2023-10-21 08:30:00+00:00,29703.6,29719.2,29655.6,29658.0,765.551
2023-10-21 09:00:00+00:00,29658.0,29683.3,29630.0,29681.6,746.695
2023-10-21 09:30:00+00:00,29681.6,29865.6,29667.1,29836.0,2712.285
2023-10-21 10:00:00+00:00,29836.0,29874.7,29750.1,29770.0,2086.226
2023-10-21 10:30:00+00:00,29770.0,29805.4,29751.4,29763.1,883.816
2023-10-21 11:00:00+00:00,29763.1,29847.1,29754.7,29832.3,1145.554
2023-10-21 11:30:00+00:00,29832.3,29844.8,29762.0,29802.4,1303.94
2023-10-21 12:00:00+00:00,29802.4,29817.1,29740.9,29763.6,1114.705
2023-10-21 12:30:00+00:00,29763.6,29826.1,29756.0,29759.4,812.205
2023-10-21 13:00:00+00:00,29759.4,29769.3,29674.3,29738.5,1935.669
2023-10-21 13:30:00+00:00,29738.5,29792.3,29725.0,29770.6,952.886
2023-10-21 14:00:00+00:00,29770.6,29810.0,29746.4,29779.5,1072.114
2023-10-21 14:30:00+00:00,29779.5,29912.8,29752.8,29877.4,2619.037
2023-10-21 15:00:00+00:00,29877.4,29982.2,29768.9,29826.1,4919.635
2023-10-21 15:30:00+00:00,29826.1,29966.4,29821.6,29926.8,1767.703
2023-10-21 16:00:00+00:00,29926.8,29953.1,29839.6,29898.5,1651.789
2023-10-21 16:30:00+00:00,29898.5,29946.5,29836.2,29859.6,917.138
2023-10-21 17:00:00+00:00,29859.6,29925.0,29840.3,29923.5,792.148
2023-10-21 17:30:00+00:00,29923.5,30177.0,29912.5,30147.9,5687.867
2023-10-21 18:00:00+00:00,30147.9,30381.8,29960.1,30089.5,7132.52
2023-10-21 18:30:00+00:00,30089.5,30210.0,30005.6,30204.0,2396.619
2023-10-21 19:00:00+00:00,30204.0,30280.0,30025.0,30053.9,2665.739
2023-10-21 19:30:00+00:00,30053.9,30173.5,30048.0,30138.6,1338.506
2023-10-21 20:00:00+00:00,30138.6,30154.1,29923.1,30005.9,2253.715
2023-10-21 20:30:00+00:00,30005.9,30058.9,29952.4,30009.2,1531.052
2023-10-21 21:00:00+00:00,30009.2,30045.0,29987.4,30024.7,762.162
2023-10-21 21:30:00+00:00,30024.7,30052.2,29968.1,29981.4,1088.419
2023-10-21 22:00:00+00:00,29981.4,30025.0,29963.1,29969.8,794.657
2023-10-21 22:30:00+00:00,29969.8,29997.4,29940.1,29990.1,858.319
2023-10-21 23:00:00+00:00,29990.1,29990.1,29911.5,29928.7,833.993
2023-10-21 23:30:00+00:00,29928.7,29933.4,29841.8,29904.3,1314.068
2023-10-22 00:00:00+00:00,29904.3,29959.8,29882.5,29959.7,951.468
2023-10-22 00:30:00+00:00,29959.7,30001.8,29927.8,29966.9,796.226
2023-10-22 01:00:00+00:00,29966.9,30069.5,29915.8,29920.1,1594.499
2023-10-22 01:30:00+00:00,29920.1,29947.4,29860.0,29926.2,1360.19
2023-10-22 02:00:00+00:00,29926.2,29926.2,29850.0,29858.1,832.622
2023-10-22 02:30:00+00:00,29858.1,29875.2,29839.1,29863.4,962.928
2023-10-22 03:00:00+00:00,29863.4,29876.9,29844.5,29869.0,777.601
2023-10-22 03:30:00+00:00,29869.0,29908.1,29868.8,29906.1,772.968
2023-10-22 04:00:00+00:00,29906.1,29951.2,29891.7,29942.1,1027.03
2023-10-22 04:30:00+00:00,29942.1,29997.6,29934.1,29952.0,1280.278
2023-10-22 05:00:00+00:00,29952.0,30071.9,29952.0,30010.3,1688.316
2023-10-22 05:30:00+00:00,30010.3,30256.0,29976.5,30114.7,2064.705
2023-10-22 06:00:00+00:00,30114.7,30215.5,30053.4,30095.8,2032.741
2023-10-22 06:30:00+00:00,30095.8,30144.6,30061.7,30074.3,858.114
2023-10-22 07:00:00+00:00,30074.3,30074.9,29936.0,29940.0,1911.82
2023-10-22 07:30:00+00:00,29940.0,29958.2,29622.8,29813.0,5237.748
2023-10-22 08:00:00+00:00,29813.0,29874.7,29778.2,29809.9,1552.822
2023-10-22 08:30:00+00:00,29809.9,29871.0,29776.1,29828.4,719.679
2023-10-22 09:00:00+00:00,29828.4,29990.5,29816.2,29954.6,1895.917
2023-10-22 09:30:00+00:00,29954.6,29981.9,29865.0,29879.4,1001.977
2023-10-22 10:00:00+00:00,29879.4,29930.6,29857.9,29892.5,1062.257
2023-10-22 10:30:00+00:00,29892.5,29949.7,29885.8,29895.3,704.643
2023-10-22 11:00:00+00:00,29895.3,29930.4,29874.4,29896.2,619.368
2023-10-22 11:30:00+00:00,29896.2,29909.3,29815.0,29906.5,1560.588
2023-10-22 12:00:00+00:00,29906.5,29949.0,29904.0,29949.0,872.899
2023-10-22 12:30:00+00:00,29949.0,29949.5,29882.0,29891.8,807.662
2023-10-22 13:00:00+00:00,29891.8,29968.0,29882.2,29949.3,1054.563
2023-10-22 13:30:00+00:00,29949.3,29965.1,29914.0,29940.8,701.157
2023-10-22 14:00:00+00:00,29940.8,29948.3,29850.4,29860.6,900.992
2023-10-22 14:30:00+00:00,29860.6,29879.2,29784.3,29874.4,1307.214
2023-10-22 15:00:00+00:00,29874.4,29875.2,29795.0,29857.7,947.767
2023-10-22 15:30:00+00:00,29857.7,29857.8,29780.6,29823.5,1349.12
2023-10-22 16:00:00+00:00,29823.5,29880.5,29799.8,29865.3,1042.535
2023-10-22 16:30:00+00:00,29865.3,29881.2,29837.8,29862.8,838.304
2023-10-22 17:00:00+00:00,29862.8,29928.7,29862.8,29912.1,836.254
2023-10-22 17:30:00+00:00,29912.1,29946.1,29892.8,29909.9,778.725
2023-10-22 18:00:00+00:00,29909.9,29930.3,29890.3,29898.9,676.829
2023-10-22 18:30:00+00:00,29898.9,29909.6,29879.0,29879.0,533.257
2023-10-22 19:00:00+00:00,29879.0,29928.9,29874.4,29906.0,489.853
2023-10-22 19:30:00+00:00,29906.0,29911.6,29818.0,29839.4,619.654
2023-10-22 20:00:00+00:00,29839.4,29877.8,29838.9,29845.7,434.571
2023-10-22 20:30:00+00:00,29845.7,29868.1,29828.0,29846.7,372.165
2023-10-22 21:00:00+00:00,29846.7,29849.7,29773.1,29800.1,783.816
2023-10-22 21:30:00+00:00,29800.1,29838.7,29713.1,29747.5,810.787
2023-10-22 22:00:00+00:00,29747.5,29847.3,29710.7,29836.0,1033.094
2023-10-22 22:30:00+00:00,29836.0,30049.6,29823.4,30033.1,2206.4
2023-10-22 23:00:00+00:00,30033.1,30050.0,29915.0,29950.6,1588.342
2023-10-22 23:30:00+00:00,29950.6,30007.1,29938.0,29988.2,1040.562
2023-10-23 00:00:00+00:00,29988.2,29997.3,29882.4,29907.8,1820.688
2023-10-23 00:30:00+00:00,29907.8,30161.9,29906.5,30115.0,2934.854
2023-10-23 01:00:00+00:00,30115.0,30480.0,30077.4,30411.8,5272.889
2023-10-23 01:30:00+00:00,30411.8,30647.0,30263.2,30343.0,5948.525
2023-10-23 02:00:00+00:00,30343.0,30374.2,30176.0,30251.3,2621.63
2023-10-23 02:30:00+00:00,30251.3,30402.4,30225.8,30375.2,2001.19
2023-10-23 03:00:00+00:00,30375.2,30437.0,30287.7,30426.3,1780.538
2023-10-23 03:30:00+00:00,30426.3,30817.0,30377.8,30738.8,6423.335
2023-10-23 04:00:00+00:00,30738.8,30868.5,30563.3,30610.6,4701.628
2023-10-23 04:30:00+00:00,30610.6,30721.5,30610.5,30655.5,1603.498
2023-10-23 05:00:00+00:00,30655.5,30939.0,30586.7,30856.2,5251.431
2023-10-23 05:30:00+00:00,30856.2,30948.3,30757.7,30786.2,3813.595
2023-10-23 06:00:00+00:00,30786.2,30990.0,30693.4,30749.4,4299.069
2023-10-23 06:30:00+00:00,30749.4,30782.5,30670.6,30670.7,1801.686
2023-10-23 07:00:00+00:00,30670.7,30708.1,30621.4,30689.9,2030.19
2023-10-23 07:30:00+00:00,30689.9,30759.4,30428.7,30519.7,4268.216
2023-10-23 08:00:00+00:00,30519.7,30563.7,30464.4,30561.9,1854.328
2023-10-23 08:30:00+00:00,30561.9,30711.5,30535.2,30685.8,1430.856
2023-10-23 09:00:00+00:00,30685.8,30695.6,30483.1,30487.1,2069.587
2023-10-23 09:30:00+00:00,30487.1,30540.0,30349.1,30473.1,3522.508
2023-10-23 10:00:00+00:00,30473.1,30554.0,30469.1,30514.9,1101.41
2023-10-23 10:30:00+00:00,30514.9,30567.7,30474.0,30556.7,839.556
2023-10-23 11:00:00+00:00,30556.7,30651.6,30547.8,30638.5,1511.976
2023-10-23 11:30:00+00:00,30638.5,30779.9,30612.6,30653.4,3600.925
2023-10-23 12:00:00+00:00,30653.4,30750.0,30614.2,30683.4,1991.433
2023-10-23 12:30:00+00:00,30683.4,30697.0,30580.2,30659.9,1877.179
2023-10-23 13:00:00+00:00,30659.9,30708.7,30552.9,30569.9,2156.981
2023-10-23 13:30:00+00:00,30569.9,30630.3,30392.3,30605.1,4310.749
2023-10-23 14:00:00+00:00,30605.1,30745.9,30589.2,30646.8,2200.647
2023-10-23 14:30:00+00:00,30646.8,30855.7,30609.9,30759.3,2981.111
2023-10-23 15:00:00+00:00,30759.3,30919.6,30749.8,30831.3,3324.563
2023-10-23 15:30:00+00:00,30831.3,30971.8,30784.6,30873.7,3417.105
2023-10-23 16:00:00+00:00,30873.7,30998.0,30800.2,30803.8,3569.233
2023-10-23 16:30:00+00:00,30803.8,31294.8,30779.7,31212.5,11030.269
2023-10-23 17:00:00+00:00,31212.5,31318.3,30795.7,30891.1,6275.152
2023-10-23 17:30:00+00:00,30891.1,31091.4,30825.4,30975.2,2464.049
2023-10-23 18:00:00+00:00,30975.2,31113.8,30971.8,30985.4,1961.32
2023-10-23 18:30:00+00:00,30985.4,31196.6,30623.1,31169.1,4496.909
2023-10-23 19:00:00+00:00,31169.1,31394.0,31080.7,31167.5,4477.607
2023-10-23 19:30:00+00:00,31167.5,31430.0,31100.0,31352.7,2583.228
2023-10-23 20:00:00+00:00,31352.7,31747.7,31316.5,31595.7,7531.184
2023-10-23 20:30:00+00:00,31595.7,31821.1,31498.7,31521.8,6375.201
2023-10-23 21:00:00+00:00,31521.8,31613.7,31416.2,31548.2,2129.024
2023-10-23 21:30:00+00:00,31548.2,31656.0,31545.1,31629.6,1515.61
2023-10-23 22:00:00+00:00,31629.6,32201.9,31587.0,32187.9,7091.566
2023-10-23 22:30:00+00:00,32187.9,35929.3,32030.0,33378.2,36106.411
2023-10-23 23:00:00+00:00,33378.2,33632.7,32545.0,33116.2,11079.713
2023-10-23 23:30:00+00:00,33116.2,33168.1,32640.8,33093.7,5209.638
2023-10-24 00:00:00+00:00,33093.7,33377.9,32853.2,33343.4,4358.593
2023-10-24 00:30:00+00:00,33343.4,33767.5,33305.0,33513.5,5852.233
2023-10-24 01:00:00+00:00,33513.5,33858.3,33464.7,33630.0,4734.722
2023-10-24 01:30:00+00:00,33630.0,34200.0,33530.4,34175.8,5339.338
2023-10-24 02:00:00+00:00,34175.8,35286.6,34114.7,34787.1,13132.138
2023-10-24 02:30:00+00:00,34787.1,34945.7,34521.0,34560.3,8386.713
2023-10-24 03:00:00+00:00,34560.3,34713.9,34431.8,34612.6,4888.792
2023-10-24 03:30:00+00:00,34612.6,34677.8,34034.1,34061.9,4891.575
2023-10-24 04:00:00+00:00,34061.9,34521.7,34046.5,34498.9,3956.345
2023-10-24 04:30:00+00:00,34498.9,34551.0,34259.6,34389.7,2816.525
2023-10-24 05:00:00+00:00,34389.7,34574.9,34383.4,34574.9,1829.382
2023-10-24 05:30:00+00:00,34574.9,34586.1,33814.5,33895.5,6074.326
2023-10-24 06:00:00+00:00,33895.5,34112.0,33800.7,33840.4,4202.067
2023-10-24 06:30:00+00:00,33840.4,34066.5,33825.9,33967.8,2749.044
2023-10-24 07:00:00+00:00,33967.8,34032.6,33708.0,33745.4,4211.851
2023-10-24 07:30:00+00:00,33745.4,34021.7,33720.0,34012.6,2506.336
2023-10-24 08:00:00+00:00,34012.6,34153.0,33955.9,34120.0,2763.166
2023-10-24 08:30:00+00:00,34120.0,34209.2,34045.5,34121.1,1913.546
2023-10-24 09:00:00+00:00,34121.1,34240.0,34046.6,34218.5,1740.552
2023-10-24 09:30:00+00:00,34218.5,34487.3,34181.5,34334.6,3938.018
2023-10-24 10:00:00+00:00,34334.6,34432.3,34257.4,34378.9,1833.334
2023-10-24 10:30:00+00:00,34378.9,34466.0,34351.4,34435.8,1748.979
2023-10-24 11:00:00+00:00,34435.8,34876.7,34419.9,34602.6,5578.746
2023-10-24 11:30:00+00:00,34602.6,34727.8,34417.3,34539.6,3302.391
2023-10-24 12:00:00+00:00,34539.6,34677.3,34449.3,34533.8,2345.969
2023-10-24 12:30:00+00:00,34533.8,34838.1,34514.7,34566.9,2552.062
2023-10-24 13:00:00+00:00,34566.9,34583.9,34262.0,34433.7,3788.054
2023-10-24 13:30:00+00:00,34433.7,34512.8,34129.8,34427.0,3836.888
2023-10-24 14:00:00+00:00,34427.0,34447.2,34064.7,34249.2,3582.121
2023-10-24 14:30:00+00:00,34249.2,34459.4,34146.0,34411.0,2155.775
2023-10-24 15:00:00+00:00,34411.0,34542.1,33600.1,33603.9,7740.985
2023-10-24 15:30:00+00:00,33603.9,33837.5,33240.0,33664.3,13102.38
2023-10-24 16:00:00+00:00,33664.3,33983.5,33487.2,33821.6,5447.131
2023-10-24 16:30:00+00:00,33821.6,34385.3,33816.6,33931.7,5105.153
2023-10-24 17:00:00+00:00,33931.7,34077.2,33851.0,34026.8,2713.17
2023-10-24 17:30:00+00:00,34026.8,34026.8,33776.2,33776.5,1681.895
2023-10-24 18:00:00+00:00,33776.5,33847.7,33369.7,33544.8,3239.925
2023-10-24 18:30:00+00:00,33544.8,33875.1,33504.4,33851.0,2142.343
2023-10-24 19:00:00+00:00,33851.0,33890.0,33664.9,33830.5,1518.84
2023-10-24 19:30:00+00:00,33830.5,33874.8,33745.2,33787.2,741.523
2023-10-24 20:00:00+00:00,33787.2,33964.5,33703.5,33916.2,1701.226
2023-10-24 20:30:00+00:00,33916.2,33927.3,33612.5,33645.7,1576.801
2023-10-24 21:00:00+00:00,33645.7,33724.1,33476.3,33699.9,1922.735
2023-10-24 21:30:00+00:00,33699.9,34285.8,33531.6,34119.1,3597.889
2023-10-24 22:00:00+00:00,34119.1,34225.9,33847.1,34085.5,2744.046
2023-10-24 22:30:00+00:00,34085.5,34150.7,34016.0,34150.3,2005.262
2023-10-24 23:00:00+00:00,34150.3,34214.7,33865.0,33905.2,2096.771
2023-10-24 23:30:00+00:00,33905.2,33921.7,33715.7,33916.6,1552.115
2023-10-25 00:00:00+00:00,33916.6,33957.6,33804.5,33804.9,1348.384
2023-10-25 00:30:00+00:00,33804.9,34031.8,33765.4,34020.2,1473.962
2023-10-25 01:00:00+00:00,34020.2,34358.9,33998.2,34335.7,2569.434
2023-10-25 01:30:00+00:00,34335.7,34379.4,34162.6,34191.3,2639.078
2023-10-25 02:00:00+00:00,34191.3,34212.8,34031.2,34069.5,1427.472
2023-10-25 02:30:00+00:00,34069.5,34122.7,33961.2,34005.5,1398.073
2023-10-25 03:00:00+00:00,34005.5,34071.5,33927.7,33954.6,1209.474
2023-10-25 03:30:00+00:00,33954.6,34032.8,33921.0,33999.1,832.861
2023-10-25 04:00:00+00:00,33999.1,34079.9,33928.0,34072.1,1342.032
2023-10-25 04:30:00+00:00,34072.1,34198.0,34034.6,34188.8,1661.109
2023-10-25 05:00:00+00:00,34188.8,34195.0,33955.8,34001.1,1642.577
2023-10-25 05:30:00+00:00,34001.1,34040.8,33891.3,34006.1,1143.626
2023-10-25 06:00:00+00:00,34006.1,34160.8,33996.8,34150.6,1564.3
2023-10-25 06:30:00+00:00,34150.6,34176.0,34099.2,34117.5,1376.571
2023-10-25 07:00:00+00:00,34117.5,34192.7,33847.8,33868.0,2961.279
2023-10-25 07:30:00+00:00,33868.0,33947.2,33670.9,33853.8,4312.901
2023-10-25 08:00:00+00:00,33853.8,33925.0,33774.9,33880.5,1629.261
2023-10-25 08:30:00+00:00,33880.5,34024.2,33833.1,33940.7,1971.518
2023-10-25 09:00:00+00:00,33940.7,34317.7,33870.8,34250.0,3246.88
2023-11-11 01:00:00+00:00,37306.1,37328.3,37089.1,37170.3,2202.217
2023-11-11 01:30:00+00:00,37170.3,37196.5,37025.3,37072.6,2474.182
2023-11-11 02:00:00+00:00,37072.6,37137.5,36918.8,36989.7,2228.935
2023-11-11 02:30:00+00:00,36989.7,37130.4,36968.8,37121.9,935.185
2023-11-11 03:00:00+00:00,37121.9,37136.9,37069.3,37107.0,803.428
2023-11-11 03:30:00+00:00,37107.0,37133.8,37044.5,37051.5,1009.125
2023-11-11 04:00:00+00:00,37051.5,37098.1,36934.0,36953.3,1339.233
2023-11-11 04:30:00+00:00,36953.3,37098.9,36946.2,37078.3,814.824
2023-11-11 05:00:00+00:00,37078.3,37147.1,37056.1,37134.5,677.444
2023-11-11 05:30:00+00:00,37134.5,37146.6,37079.5,37089.0,478.503
2023-11-11 06:00:00+00:00,37089.0,37096.3,37006.0,37074.9,655.94
2023-11-11 06:30:00+00:00,37074.9,37139.1,37072.6,37103.4,597.744
2023-11-11 07:00:00+00:00,37103.4,37115.1,37033.0,37077.1,848.559
2023-11-11 07:30:00+00:00,37077.1,37100.9,36956.4,37022.9,804.024
2023-11-11 08:00:00+00:00,37022.9,37054.0,36945.0,37024.4,753.738
2023-11-11 08:30:00+00:00,37024.4,37038.0,36957.7,36978.1,671.024
2023-11-11 09:00:00+00:00,36978.1,37073.7,36950.0,37065.7,902.581
2023-11-11 09:30:00+00:00,37065.7,37065.8,37004.8,37044.4,716.074
2023-11-11 10:00:00+00:00,37044.4,37044.4,36963.9,36967.4,1345.958
2023-11-11 10:30:00+00:00,36967.4,37020.0,36964.6,37020.0,511.002
2023-11-11 11:00:00+00:00,37020.0,37025.9,36923.4,36995.0,831.367
2023-11-11 11:30:00+00:00,36995.0,37028.1,36984.9,37001.4,475.105
2023-11-11 12:00:00+00:00,37001.4,37116.6,36970.2,37112.6,1038.266
2023-11-11 12:30:00+00:00,37112.6,37127.5,37034.3,37114.7,1027.4
2023-11-11 13:00:00+00:00,37114.7,37135.0,37077.9,37101.2,575.978
2023-11-11 13:30:00+00:00,37101.2,37207.0,37101.2,37155.6,1536.386
2023-11-11 14:00:00+00:00,37155.6,37223.6,37134.4,37222.8,1111.002
2023-11-11 14:30:00+00:00,37222.8,37285.0,37169.5,37246.8,1372.262
2023-11-11 15:00:00+00:00,37246.8,37247.5,37129.2,37145.0,978.787
2023-11-11 15:30:00+00:00,37145.0,37156.6,37035.3,37059.5,1370.185
2023-11-11 16:00:00+00:00,37059.5,37149.1,37059.5,37138.7,1253.85
2023-11-11 16:30:00+00:00,37138.7,37189.0,37130.4,37143.1,1097.312
2023-11-11 17:00:00+00:00,37143.1,37147.1,37041.0,37124.5,968.187
2023-11-11 17:30:00+00:00,37124.5,37174.5,37097.3,37123.7,779.208
2023-11-11 18:00:00+00:00,37123.7,37151.3,37089.1,37112.5,841.34
2023-11-11 18:30:00+00:00,37112.5,37155.4,37100.1,37133.3,527.154
2023-11-11 19:00:00+00:00,37133.3,37185.0,37098.3,37184.9,556.909
2023-11-11 19:30:00+00:00,37184.9,37194.6,37157.1,37167.5,801.666
2023-11-11 20:00:00+00:00,37167.5,37168.0,37053.6,37094.7,651.198
2023-11-11 20:30:00+00:00,37094.7,37094.7,36995.2,37022.1,832.541
2023-11-11 21:00:00+00:00,37022.1,37097.0,36991.1,37036.2,766.551
2023-11-11 21:30:00+00:00,37036.2,37049.7,36920.0,36996.9,885.147
2023-11-11 22:00:00+00:00,36996.9,37014.8,36623.0,36895.7,2651.743
2023-11-11 22:30:00+00:00,36895.7,36973.8,36854.9,36906.2,944.639
2023-11-11 23:00:00+00:00,36906.2,36912.4,36794.6,36881.0,1502.723
2023-11-11 23:30:00+00:00,36881.0,37170.0,36828.4,37150.8,1838.327
2023-11-12 00:00:00+00:00,37150.8,37204.2,37012.4,37023.1,1875.492
2023-11-12 00:30:00+00:00,37023.1,37056.4,36740.5,36925.1,2090.267
2023-11-12 01:00:00+00:00,36925.1,36987.6,36852.6,36980.8,1104.357
2023-11-12 01:30:00+00:00,36980.8,37020.7,36949.3,36974.1,887.109
2023-11-12 02:00:00+00:00,36974.1,36976.8,36889.4,36909.1,827.417
2023-11-12 02:30:00+00:00,36909.1,36942.0,36866.5,36919.3,508.616
2023-11-12 03:00:00+00:00,36919.3,36942.0,36879.1,36930.6,462.334
2023-11-12 03:30:00+00:00,36930.6,37003.7,36919.4,37003.6,843.355
2023-11-12 04:00:00+00:00,37003.6,37032.7,36961.2,36975.6,854.32
2023-11-12 04:30:00+00:00,36975.6,37013.8,36921.9,37013.6,767.327
2023-11-12 05:00:00+00:00,37013.6,37022.2,36963.1,37022.2,663.445
2023-11-12 05:30:00+00:00,37022.2,37128.3,37022.2,37120.8,1372.373
2023-11-12 06:00:00+00:00,37120.8,37147.0,37087.3,37126.2,1029.041
2023-11-12 06:30:00+00:00,37126.2,37173.1,37112.3,37160.1,1322.615
2023-11-12 07:00:00+00:00,37160.1,37180.0,37124.8,37130.0,641.044
2023-11-12 07:30:00+00:00,37130.0,37179.9,37115.3,37141.9,744.752
2023-11-12 08:00:00+00:00,37141.9,37147.2,37073.1,37144.2,1123.844
2023-11-12 08:30:00+00:00,37144.2,37152.6,37104.3,37115.7,457.427
2023-11-12 09:00:00+00:00,37115.7,37123.4,37099.3,37109.3,517.188
2023-11-12 09:30:00+00:00,37109.3,37120.1,37048.5,37080.0,620.129
2023-11-12 10:00:00+00:00,37080.0,37100.1,37050.0,37093.9,500.361
2023-11-12 10:30:00+00:00,37093.9,37153.9,37093.8,37120.8,810.843
2023-11-12 11:00:00+00:00,37120.8,37126.6,37103.6,37118.2,287.522
2023-11-12 11:30:00+00:00,37118.2,37118.2,37069.2,37076.5,614.349
2023-11-12 12:00:00+00:00,37076.5,37109.1,36973.9,37008.8,1153.066
2023-11-12 12:30:00+00:00,37008.8,37057.1,36992.7,37026.0,765.151
2023-11-12 13:00:00+00:00,37026.0,37149.1,36945.6,37112.5,1781.255
2023-11-12 13:30:00+00:00,37112.5,37136.7,37051.1,37089.4,984.582
2023-11-12 14:00:00+00:00,37089.4,37208.4,37087.5,37149.8,1018.951
2023-11-12 14:30:00+00:00,37149.8,37158.9,37112.6,37157.5,452.869
2023-11-12 15:00:00+00:00,37157.5,37236.3,37092.6,37131.5,1374.439
2023-11-12 15:30:00+00:00,37131.5,37231.1,37129.6,37168.8,674.755
2023-11-12 16:00:00+00:00,37168.8,37200.5,37123.5,37176.1,827.637
2023-11-12 16:30:00+00:00,37176.1,37176.1,37112.9,37129.8,447.748
2023-11-12 17:00:00+00:00,37129.8,37130.2,37096.8,37123.7,627.183
2023-11-12 17:30:00+00:00,37123.7,37129.8,37083.2,37100.1,697.067
2023-11-12 18:00:00+00:00,37100.1,37152.8,37071.1,37152.8,745.606
2023-11-12 18:30:00+00:00,37152.8,37232.0,37150.3,37170.1,974.436
2023-11-12 19:00:00+00:00,37170.1,37186.5,37137.6,37143.3,756.587
2023-11-12 19:30:00+00:00,37143.3,37152.7,37107.4,37127.5,424.231
2023-11-12 20:00:00+00:00,37127.5,37139.3,37102.9,37123.8,358.443
2023-11-12 20:30:00+00:00,37123.8,37175.9,37123.4,37155.8,315.014
2023-11-12 21:00:00+00:00,37155.8,37204.7,37155.8,37203.5,472.46
2023-11-12 21:30:00+00:00,37203.5,37213.5,37167.4,37178.9,607.851
2023-11-12 22:00:00+00:00,37178.9,37219.0,37160.4,37176.0,411.521
2023-11-12 22:30:00+00:00,37176.0,37177.4,37158.2,37171.9,466.248
2023-11-12 23:00:00+00:00,37171.9,37223.2,36950.2,37041.0,1773.576
2023-11-12 23:30:00+00:00,37041.0,37085.6,36971.0,37076.3,1450.325
2023-11-13 00:00:00+00:00,37076.3,37140.0,36970.0,37040.2,1361.735
2023-11-13 00:30:00+00:00,37040.2,37155.0,37013.8,37123.9,943.795
2023-11-13 01:00:00+00:00,37123.9,37449.3,37112.2,37330.9,3224.566
2023-11-13 01:30:00+00:00,37330.9,37343.0,37157.5,37213.5,1457.913
2023-11-13 02:00:00+00:00,37213.5,37265.7,37123.1,37242.2,960.003
2023-11-13 02:30:00+00:00,37242.2,37272.7,37140.6,37165.1,1070.961
2023-11-13 03:00:00+00:00,37165.1,37177.4,37003.6,37039.5,1516.608
2023-11-13 03:30:00+00:00,37039.5,37072.9,36867.0,36933.7,2093.14
2023-11-13 04:00:00+00:00,36933.7,36981.1,36832.1,36966.6,2098.931
2023-11-13 04:30:00+00:00,36966.6,36969.2,36900.0,36944.0,1053.322
2023-11-13 05:00:00+00:00,36944.0,36944.0,36840.6,36897.6,1088.036
2023-11-13 05:30:00+00:00,36897.6,36947.7,36886.1,36940.0,822.789
2023-11-13 06:00:00+00:00,36940.0,36940.0,36830.4,36844.9,694.492
2023-11-13 06:30:00+00:00,36844.9,36984.9,36769.5,36978.2,2198.08
2023-11-13 07:00:00+00:00,36978.2,37057.9,36955.0,37050.6,1104.273
2023-11-13 07:30:00+00:00,37050.6,37053.3,36968.8,36971.0,825.7
2023-11-13 08:00:00+00:00,36971.0,37004.6,36927.3,37001.6,1006.103
2023-11-13 08:30:00+00:00,37001.6,37049.4,36979.0,37038.5,784.168
2023-11-13 09:00:00+00:00,37038.5,37043.7,36970.7,36999.9,667.664
2023-11-13 09:30:00+00:00,36999.9,37030.8,36980.2,37000.4,569.763
2023-11-13 10:00:00+00:00,37000.4,37001.8,36926.8,36931.3,679.195
2023-11-13 10:30:00+00:00,36931.3,37009.5,36927.7,36985.8,686.141
2023-11-13 11:00:00+00:00,36985.8,36986.6,36841.1,36877.5,1428.092
2023-11-13 11:30:00+00:00,36877.5,36877.5,36700.1,36827.2,2528.585
2023-11-13 12:00:00+00:00,36827.2,36850.8,36660.0,36784.3,2474.093
2023-11-13 12:30:00+00:00,36784.3,36960.0,36784.3,36939.4,2060.621
2023-11-13 13:00:00+00:00,36939.4,36962.9,36786.9,36854.0,1631.959
2023-11-13 13:30:00+00:00,36854.0,36940.0,36824.9,36847.1,784.636
2023-11-13 14:00:00+00:00,36847.1,36930.0,36846.9,36857.1,825.442
2023-11-13 14:30:00+00:00,36857.1,36892.3,36553.0,36801.6,4182.2
2023-11-13 15:00:00+00:00,36801.6,36878.0,36670.0,36779.4,2089.594
2023-11-13 15:30:00+00:00,36779.4,36900.0,36721.6,36858.0,1666.541
2023-11-13 16:00:00+00:00,36858.0,37049.0,36841.9,37027.0,2179.268
2023-11-13 16:30:00+00:00,37027.0,37027.4,36860.0,36879.4,1319.922
2023-11-13 17:00:00+00:00,36879.4,36885.5,36638.3,36801.2,2554.635
2023-11-13 17:30:00+00:00,36801.2,36825.3,36644.1,36690.3,1641.355
2023-11-13 18:00:00+00:00,36690.3,36750.1,36617.7,36728.0,1234.881
2023-11-13 18:30:00+00:00,36728.0,36799.0,36709.3,36763.2,693.615
2023-11-13 19:00:00+00:00,36763.2,36824.6,36755.1,36824.6,732.696
2023-11-13 19:30:00+00:00,36824.6,36858.6,36789.8,36855.7,1006.67
2023-11-13 20:00:00+00:00,36855.7,36894.8,36820.0,36825.5,800.737
2023-11-13 20:30:00+00:00,36825.5,36865.7,36757.1,36790.0,546.968
2023-11-13 21:00:00+00:00,36790.0,36803.0,36381.0,36572.1,4309.906
2023-11-13 21:30:00+00:00,36572.1,36589.2,36340.0,36494.9,2532.721
2023-11-13 22:00:00+00:00,36494.9,36571.0,36450.0,36558.6,1274.258
2023-11-13 22:30:00+00:00,36558.6,36614.7,36468.0,36477.1,1056.044
2023-11-13 23:00:00+00:00,36477.1,36588.4,36470.9,36583.4,1215.053
2023-11-13 23:30:00+00:00,36583.4,36609.8,36469.2,36475.0,968.842
2023-11-14 00:00:00+00:00,36475.0,36476.0,36214.5,36365.9,3486.792
2023-11-14 00:30:00+00:00,36365.9,36445.7,36209.3,36257.8,1594.813
2023-11-14 01:00:00+00:00,36257.8,36435.5,36231.7,36418.2,1374.468
2023-11-14 01:30:00+00:00,36418.2,36447.2,36344.6,36347.2,882.184
2023-11-14 02:00:00+00:00,36347.2,36460.0,36345.1,36412.8,1407.325
2023-11-14 02:30:00+00:00,36412.8,36480.6,36401.3,36447.3,1255.29
2023-11-14 03:00:00+00:00,36447.3,36503.2,36447.3,36460.4,1035.883
2023-11-14 03:30:00+00:00,36460.4,36500.6,36449.5,36461.9,848.678
2023-11-14 04:00:00+00:00,36461.9,36489.0,36408.2,36408.2,902.046
2023-11-14 04:30:00+00:00,36408.2,36544.7,36394.0,36518.7,1520.627
2023-11-14 05:00:00+00:00,36518.7,36593.8,36518.7,36573.2,1211.589
2023-11-14 05:30:00+00:00,36573.2,36643.2,36566.1,36638.1,1406.365
2023-11-14 06:00:00+00:00,36638.1,36714.0,36598.2,36659.1,1823.559
2023-11-14 06:30:00+00:00,36659.1,36695.0,36614.2,36666.5,1301.166
2023-11-14 07:00:00+00:00,36666.5,36711.0,36643.4,36683.8,1118.52
2023-11-14 07:30:00+00:00,36683.8,36725.3,36666.3,36694.2,1548.086
2023-11-14 08:00:00+00:00,36694.2,36755.8,36660.3,36733.0,1654.938
2023-11-14 08:30:00+00:00,36733.0,36762.4,36675.1,36742.0,926.014
2023-11-14 09:00:00+00:00,36742.0,36752.2,36601.9,36616.6,1355.569
2023-11-14 09:30:00+00:00,36616.6,36650.0,36489.1,36497.0,2048.944
2023-11-14 10:00:00+00:00,36497.0,36551.5,36409.7,36510.3,1784.599
2023-11-14 10:30:00+00:00,36510.3,36542.1,36412.1,36512.1,1335.52
2023-11-14 11:00:00+00:00,36512.1,36520.0,36251.1,36311.8,2557.996
2023-11-14 11:30:00+00:00,36311.8,36365.9,36252.0,36277.4,1857.336
2023-11-14 12:00:00+00:00,36277.4,36375.6,36241.1,36326.3,1883.955
2023-11-14 12:30:00+00:00,36326.3,36418.3,36220.0,36366.2,2213.611
2023-11-14 13:00:00+00:00,36366.2,36484.9,36362.1,36423.6,2059.615
2023-11-14 13:30:00+00:00,36423.6,36680.5,36412.2,36509.7,4894.887
2023-11-14 14:00:00+00:00,36509.7,36650.0,36459.8,36578.1,1994.796
2023-11-14 14:30:00+00:00,36578.1,36698.4,36527.6,36602.3,2008.879
2023-11-14 15:00:00+00:00,36602.3,36628.5,36227.0,36258.0,3383.082
2023-11-14 15:30:00+00:00,36258.0,36337.4,35740.3,36149.4,7447.246
2023-11-14 16:00:00+00:00,36149.4,36340.0,36120.8,36297.1,2312.372
2023-11-14 16:30:00+00:00,36297.1,36433.5,36265.5,36275.5,1679.172
2023-11-14 17:00:00+00:00,36275.5,36329.6,36139.2,36277.0,1684.948
2023-11-14 17:30:00+00:00,36277.0,36306.9,36084.2,36108.8,1717.328
2023-11-14 18:00:00+00:00,36108.8,36139.3,35824.5,35952.0,3964.301
2023-11-14 18:30:00+00:00,35952.0,36004.4,34572.0,35236.3,12578.197
2023-11-14 19:00:00+00:00,35236.3,35458.8,35077.7,35365.6,4075.993
2023-11-14 19:30:00+00:00,35365.6,35486.4,35251.9,35296.3,1339.892
2023-11-14 20:00:00+00:00,35296.3,35474.7,35219.9,35372.2,1440.742
2023-11-14 20:30:00+00:00,35372.2,35414.1,35240.5,35290.9,1302.632
2023-11-14 21:00:00+00:00,35290.9,35340.7,35225.7,35300.1,1154.399
2023-11-14 21:30:00+00:00,35300.1,35626.5,35293.1,35583.3,2173.108
2023-11-14 22:00:00+00:00,35583.3,35630.0,35446.7,35539.5,1408.094
2023-11-14 22:30:00+00:00,35539.5,35612.2,35519.8,35607.5,799.837
2023-11-14 23:00:00+00:00,35607.5,35670.0,35591.5,35664.3,1278.813
2023-11-14 23:30:00+00:00,35664.3,35664.3,35520.1,35548.8,1008.874
2023-11-15 00:00:00+00:00,35548.8,35628.2,35530.3,35559.4,967.811
2023-11-15 00:30:00+00:00,35559.4,35567.0,35495.3,35501.2,940.358
2023-11-15 01:00:00+00:00,35501.2,35668.4,35499.4,35570.1,1348.199
2023-11-15 01:30:00+00:00,35570.1,35581.4,35415.3,35438.0,2131.98
2023-11-15 02:00:00+00:00,35438.0,35503.5,35375.9,35440.2,1679.24
2023-11-15 02:30:00+00:00,35440.2,35529.9,35403.9,35491.0,1325.141
2023-11-15 03:00:00+00:00,35491.0,35520.0,35454.2,35470.0,978.076
2023-11-15 03:30:00+00:00,35470.0,35476.4,35393.4,35395.8,2167.308
2023-11-15 04:00:00+00:00,35395.8,35500.0,35387.6,35499.9,2033.222
2023-11-15 04:30:00+00:00,35499.9,35585.0,35462.1,35585.0,2026.162
2023-12-01 20:30:00+00:00,38776.7,38866.8,38737.1,38745.9,1454.649
2023-12-01 21:00:00+00:00,38745.9,38852.9,38745.9,38806.7,1147.98
2023-12-01 21:30:00+00:00,38806.7,38900.0,38750.0,38778.0,1609.1
2023-12-01 22:00:00+00:00,38778.0,38852.2,38771.2,38795.4,1003.418
2023-12-01 22:30:00+00:00,38795.4,38810.8,38684.1,38705.0,1031.41
2023-12-01 23:00:00+00:00,38705.0,38741.2,38676.6,38720.2,1074.368
2023-12-01 23:30:00+00:00,38720.2,38720.2,38637.0,38681.2,1217.68
2023-12-02 00:00:00+00:00,38681.2,38702.5,38641.4,38648.1,1185.119
2023-12-02 00:30:00+00:00,38648.1,38722.0,38644.0,38698.2,1151.485
2023-12-02 01:00:00+00:00,38698.2,38773.0,38687.0,38760.0,907.335
2023-12-02 01:30:00+00:00,38760.0,38788.2,38717.5,38733.9,675.002
2023-12-02 02:00:00+00:00,38733.9,38755.7,38653.8,38673.8,1131.79
2023-12-02 02:30:00+00:00,38673.8,38699.6,38650.9,38699.3,1311.971
2023-12-02 03:00:00+00:00,38699.3,38744.1,38693.2,38738.3,1215.617
2023-12-02 03:30:00+00:00,38738.3,38761.3,38718.5,38760.0,1127.504
2023-12-02 04:00:00+00:00,38760.0,38770.6,38745.9,38770.6,675.733
2023-12-02 04:30:00+00:00,38770.6,38800.3,38702.8,38800.3,781.993
2023-12-02 05:00:00+00:00,38800.3,38803.8,38760.0,38787.9,990.485
2023-12-02 05:30:00+00:00,38787.9,38788.2,38728.7,38728.7,1077.076
2023-12-02 06:00:00+00:00,38728.7,38774.6,38711.0,38739.1,1050.554
2023-12-02 06:30:00+00:00,38739.1,38755.0,38695.7,38752.0,1197.088
2023-12-02 07:00:00+00:00,38752.0,38808.6,38690.6,38696.3,1229.422
2023-12-02 07:30:00+00:00,38696.3,38726.2,38684.0,38686.1,1139.271
2023-12-02 08:00:00+00:00,38686.1,38720.6,38629.8,38676.4,1015.751
2023-12-02 08:30:00+00:00,38676.4,38699.2,38671.8,38691.8,470.713
2023-12-02 09:00:00+00:00,38691.8,38753.4,38682.4,38745.5,573.816
2023-12-02 09:30:00+00:00,38745.5,38767.5,38720.7,38750.1,700.336
2023-12-02 10:00:00+00:00,38750.1,38768.8,38734.0,38746.3,590.696
2023-12-02 10:30:00+00:00,38746.3,38756.6,38724.4,38746.2,826.631
2023-12-02 11:00:00+00:00,38746.2,38749.4,38707.2,38722.1,799.073
2023-12-02 11:30:00+00:00,38722.1,38753.3,38718.4,38743.6,734.034
2023-12-02 12:00:00+00:00,38743.6,38799.0,38730.2,38784.6,831.03
2023-12-02 12:30:00+00:00,38784.6,38798.8,38758.0,38779.5,673.823
2023-12-02 13:00:00+00:00,38779.5,38819.2,38754.7,38765.5,1119.728
2023-12-02 13:30:00+00:00,38765.5,38880.9,38762.7,38819.9,1271.657
2023-12-02 14:00:00+00:00,38819.9,38852.7,38781.8,38820.7,1062.358
2023-12-02 14:30:00+00:00,38820.7,38839.0,38722.4,38779.3,1301.38
2023-12-02 15:00:00+00:00,38779.3,38806.7,38711.6,38803.9,1455.619
2023-12-02 15:30:00+00:00,38803.9,38831.5,38760.2,38811.7,915.15
2023-12-02 16:00:00+00:00,38811.7,38811.7,38760.0,38782.8,945.361
2023-12-02 16:30:00+00:00,38782.8,38783.1,38709.9,38747.8,941.479
2023-12-02 17:00:00+00:00,38747.8,38773.0,38741.0,38757.8,702.669
2023-12-02 17:30:00+00:00,38757.8,38798.2,38755.2,38798.0,656.327
2023-12-02 18:00:00+00:00,38798.0,38882.8,38787.1,38865.1,1191.422
2023-12-02 18:30:00+00:00,38865.1,38958.5,38759.0,38850.7,2037.129
2023-12-02 19:00:00+00:00,38850.7,39865.9,38850.7,39335.1,9750.94
2023-12-02 19:30:00+00:00,39335.1,39437.3,39185.1,39411.7,2545.222
2023-12-02 20:00:00+00:00,39411.7,39440.0,39265.7,39370.0,1312.148
2023-12-02 20:30:00+00:00,39370.0,39593.6,39311.5,39567.0,1787.463
2023-12-02 21:00:00+00:00,39567.0,39660.5,39408.0,39475.0,2602.895
2023-12-02 21:30:00+00:00,39475.0,39720.6,39473.3,39548.0,2436.243
2023-12-02 22:00:00+00:00,39548.0,39602.1,39353.2,39428.5,2090.681
2023-12-02 22:30:00+00:00,39428.5,39467.7,39281.8,39339.7,1442.931
2023-12-02 23:00:00+00:00,39339.7,39440.0,39316.4,39425.6,1253.077
2023-12-02 23:30:00+00:00,39425.6,39458.0,39395.4,39438.8,1202.053
2023-12-03 00:00:00+00:00,39438.8,39473.6,39404.2,39448.9,1400.101
2023-12-03 00:30:00+00:00,39448.9,39510.3,39381.5,39480.1,1350.509
2023-12-03 01:00:00+00:00,39480.1,39543.3,39455.1,39495.8,919.298
2023-12-03 01:30:00+00:00,39495.8,39508.5,39459.5,39465.2,621.765
2023-12-03 02:00:00+00:00,39465.2,39530.7,39387.8,39400.3,1063.853
2023-12-03 02:30:00+00:00,39400.3,39421.3,39343.1,39350.6,1503.163
2023-12-03 03:00:00+00:00,39350.6,39363.8,39260.3,39344.1,1572.688
2023-12-03 03:30:00+00:00,39344.1,39370.0,39291.0,39367.5,1122.98
2023-12-03 04:00:00+00:00,39367.5,39404.9,39360.8,39376.5,857.101
2023-12-03 04:30:00+00:00,39376.5,39386.9,39331.2,39337.3,761.84
2023-12-03 05:00:00+00:00,39337.3,39411.7,39304.6,39402.2,922.138
2023-12-03 05:30:00+00:00,39402.2,39428.0,39392.5,39403.1,810.68
2023-12-03 06:00:00+00:00,39403.1,39438.4,39384.7,39426.7,807.195
2023-12-03 06:30:00+00:00,39426.7,39429.9,39353.0,39401.5,674.125
2023-12-03 07:00:00+00:00,39401.5,39430.0,39382.1,39430.0,837.001
2023-12-03 07:30:00+00:00,39430.0,39475.7,39429.9,39463.8,1194.678
2023-12-03 08:00:00+00:00,39463.8,39473.2,39422.4,39461.1,1102.144
2023-12-03 08:30:00+00:00,39461.1,39461.2,39384.4,39386.4,1072.522
2023-12-03 09:00:00+00:00,39386.4,39453.0,39381.0,39410.2,948.026
2023-12-03 09:30:00+00:00,39410.2,39447.0,39402.4,39446.3,541.887
2023-12-03 10:00:00+00:00,39446.3,39446.4,39398.8,39441.3,760.978
2023-12-03 10:30:00+00:00,39441.3,39534.4,39429.6,39529.6,1656.577
2023-12-03 11:00:00+00:00,39529.6,39532.0,39432.9,39454.4,1349.538
2023-12-03 11:30:00+00:00,39454.4,39510.8,39448.5,39466.4,1171.633
2023-12-03 12:00:00+00:00,39466.4,39492.7,39427.6,39486.1,966.78
2023-12-03 12:30:00+00:00,39486.1,39497.6,39368.0,39391.4,1309.135
2023-12-03 13:00:00+00:00,39391.4,39652.8,39373.0,39610.0,3184.422
2023-12-03 13:30:00+00:00,39610.0,39768.0,39546.8,39660.8,4104.931
2023-12-03 14:00:00+00:00,39660.8,39738.2,39532.5,39604.2,2771.815
2023-12-03 14:30:00+00:00,39604.2,39718.4,39524.5,39524.5,1817.906
2023-12-03 15:00:00+00:00,39524.5,39591.5,39473.6,39569.7,1859.142
2023-12-03 15:30:00+00:00,39569.7,39800.0,39564.4,39750.0,2741.271
2023-12-03 16:00:00+00:00,39750.0,39830.8,39636.1,39735.2,2344.248
2023-12-03 16:30:00+00:00,39735.2,39763.3,39658.1,39658.4,1299.428
2023-12-03 17:00:00+00:00,39658.4,39665.9,39492.8,39508.6,1792.783
2023-12-03 17:30:00+00:00,39508.6,39568.2,39452.4,39516.7,1391.246
2023-12-03 18:00:00+00:00,39516.7,39574.3,39481.9,39574.3,1137.627
2023-12-03 18:30:00+00:00,39574.3,39574.3,39523.7,39531.5,1046.015
2023-12-03 19:00:00+00:00,39531.5,39535.9,39418.3,39531.4,1460.202
2023-12-03 19:30:00+00:00,39531.4,39560.0,39498.0,39548.7,731.014
2023-12-03 20:00:00+00:00,39548.7,39625.6,39548.0,39587.7,959.73
2023-12-03 20:30:00+00:00,39587.7,39596.1,39536.2,39551.4,780.959
2023-12-03 21:00:00+00:00,39551.4,39639.7,39551.4,39605.2,934.595
2023-12-03 21:30:00+00:00,39605.2,39752.3,39604.7,39700.6,1169.305
2023-12-03 22:00:00+00:00,39700.6,40039.3,39676.2,39898.9,4008.702
2023-12-03 22:30:00+00:00,39898.9,40368.2,39898.9,40071.4,7005.468
2023-12-03 23:00:00+00:00,40071.4,40190.9,39805.7,39861.3,3289.79
2023-12-03 23:30:00+00:00,39861.3,40017.8,39780.6,39972.3,1863.163
2023-12-04 00:00:00+00:00,39972.3,40140.0,39970.0,40061.3,2379.334
2023-12-04 00:30:00+00:00,40061.3,40227.9,40056.2,40201.6,1780.992
2023-12-04 01:00:00+00:00,40201.6,40840.6,40155.0,40658.6,7822.691
2023-12-04 01:30:00+00:00,40658.6,40886.3,40561.5,40607.3,5670.285
2023-12-04 02:00:00+00:00,40607.3,40645.3,40479.2,40606.5,2268.962
2023-12-04 02:30:00+00:00,40606.5,40698.5,40559.8,40680.0,1908.981
2023-12-04 03:00:00+00:00,40680.0,40881.8,40670.3,40872.9,2812.57
2023-12-04 03:30:00+00:00,40872.9,40880.0,40708.4,40709.3,1848.121
2023-12-04 04:00:00+00:00,40709.3,40806.5,40692.1,40707.8,1591.461
2023-12-04 04:30:00+00:00,40707.8,40933.9,40684.0,40899.7,2646.667
2023-12-04 05:00:00+00:00,40899.7,41600.0,40855.0,41284.5,11428.775
2023-12-04 05:30:00+00:00,41284.5,41524.9,41253.1,41514.3,3842.022
2023-12-04 06:00:00+00:00,41514.3,41778.9,41346.0,41703.8,5362.866
2023-12-04 06:30:00+00:00,41703.8,41743.5,41366.0,41399.1,3064.645
2023-12-04 07:00:00+00:00,41399.1,41566.2,41399.1,41540.4,1644.922
2023-12-04 07:30:00+00:00,41540.4,41540.8,41315.7,41456.2,1784.575
2023-12-04 08:00:00+00:00,41456.2,41582.0,41382.4,41568.7,1326.545
2023-12-04 08:30:00+00:00,41568.7,41739.4,41536.7,41686.5,2447.969
2023-12-04 09:00:00+00:00,41686.5,41827.7,41570.9,41643.2,3078.384
2023-12-04 09:30:00+00:00,41643.2,41744.8,41531.9,41545.3,1748.93
2023-12-04 10:00:00+00:00,41545.3,41792.4,41539.8,41788.2,1703.354
2023-12-04 10:30:00+00:00,41788.2,42121.9,41754.3,41974.1,5762.719
2023-12-04 11:00:00+00:00,41974.1,42155.7,41327.9,41540.7,9641.661
2023-12-04 11:30:00+00:00,41540.7,41666.0,41467.5,41600.0,3375.282
2023-12-04 12:00:00+00:00,41600.0,41825.0,41487.6,41753.5,2744.836
2023-12-04 12:30:00+00:00,41753.5,41799.8,41543.7,41789.4,2006.752
2023-12-04 13:00:00+00:00,41789.4,41901.6,41746.1,41799.9,2399.555
2023-12-04 13:30:00+00:00,41799.9,41870.5,41702.2,41726.8,1624.512
2023-12-04 14:00:00+00:00,41726.8,41782.0,41509.0,41509.1,2904.794
2023-12-04 14:30:00+00:00,41509.1,41663.0,41463.2,41634.7,1922.152
2023-12-04 15:00:00+00:00,41634.7,41642.5,41406.0,41417.5,1979.496
2023-12-04 15:30:00+00:00,41417.5,41459.6,41105.2,41262.6,4940.564
2023-12-04 16:00:00+00:00,41262.6,41447.9,41174.4,41446.1,1714.297
2023-12-04 16:30:00+00:00,41446.1,41630.9,41368.2,41630.7,2375.652
2023-12-04 17:00:00+00:00,41630.7,41765.7,41555.1,41688.5,2090.501
2023-12-04 17:30:00+00:00,41688.5,41737.6,41577.9,41612.5,1032.581
2023-12-04 18:00:00+00:00,41612.5,41672.9,41511.7,41665.9,1025.43
2023-12-04 18:30:00+00:00,41665.9,41760.0,41659.0,41724.4,1162.467
2023-12-04 19:00:00+00:00,41724.4,41970.0,41711.0,41873.3,2676.511
2023-12-04 19:30:00+00:00,41873.3,42071.6,41800.0,41988.3,2293.952
2023-12-04 20:00:00+00:00,41988.3,42007.6,41745.0,41903.0,1514.209
2023-12-04 20:30:00+00:00,41903.0,41903.0,41723.0,41764.6,897.377
2023-12-04 21:00:00+00:00,41764.6,41827.6,41710.1,41798.0,958.812
2023-12-04 21:30:00+00:00,41798.0,42057.7,41782.7,42043.6,1640.099
2023-12-04 22:00:00+00:00,42043.6,42433.4,41920.9,42297.4,4702.259
2023-12-04 22:30:00+00:00,42297.4,42297.8,41860.0,41961.1,2723.174
2023-12-04 23:00:00+00:00,41961.1,41961.1,41799.3,41805.3,1060.627
2023-12-04 23:30:00+00:00,41805.3,42003.6,41799.4,41988.6,1208.938
2023-12-05 00:00:00+00:00,41988.6,41988.6,41756.0,41839.5,1529.038
2023-12-05 00:30:00+00:00,41839.5,41938.5,41775.7,41932.0,872.091
2023-12-05 01:00:00+00:00,41932.0,41937.6,41649.6,41708.3,2058.329
2023-12-05 01:30:00+00:00,41708.3,41831.2,41630.2,41806.4,1300.059
2023-12-05 02:00:00+00:00,41806.4,41820.8,41630.2,41737.5,1277.147
2023-12-05 02:30:00+00:00,41737.5,41786.7,41689.2,41740.9,821.037
2023-12-05 03:00:00+00:00,41740.9,41834.7,41708.4,41785.2,860.923
2023-12-05 03:30:00+00:00,41785.2,41824.3,41715.0,41822.3,909.712
2023-12-05 04:00:00+00:00,41822.3,41826.7,41729.9,41745.5,520.105
2023-12-05 04:30:00+00:00,41745.5,41799.4,41726.6,41774.7,614.624
2023-12-05 05:00:00+00:00,41774.7,41880.0,41731.0,41879.2,976.996
2023-12-05 05:30:00+00:00,41879.2,41908.8,41835.1,41899.3,905.851
2023-12-05 06:00:00+00:00,41899.3,41901.7,41812.5,41815.7,575.338
2023-12-05 06:30:00+00:00,41815.7,41819.7,41657.0,41727.1,1451.992
2023-12-05 07:00:00+00:00,41727.1,41731.7,41449.4,41538.6,3545.932
2023-12-05 07:30:00+00:00,41538.6,41556.8,41387.0,41524.7,2616.078
2023-12-05 08:00:00+00:00,41524.7,41632.4,41504.9,41522.1,1749.803
2023-12-05 08:30:00+00:00,41522.1,41613.7,41420.0,41609.5,1137.832
2023-12-05 09:00:00+00:00,41609.5,41685.2,41584.6,41651.6,926.671
2023-12-05 09:30:00+00:00,41651.6,41722.2,41651.6,41704.6,769.443
2023-12-05 10:00:00+00:00,41704.6,41762.7,41684.8,41729.6,1121.739
2023-12-05 10:30:00+00:00,41729.6,41735.0,41614.4,41614.4,958.676
2023-12-05 11:00:00+00:00,41614.4,41740.0,41571.5,41679.8,940.248
2023-12-05 11:30:00+00:00,41679.8,41736.7,41608.9,41725.0,696.179
2023-12-05 12:00:00+00:00,41725.0,41838.0,41693.0,41813.3,1761.323
2023-12-05 12:30:00+00:00,41813.3,41878.0,41769.9,41863.9,1150.365
2023-12-05 13:00:00+00:00,41863.9,42082.6,41816.5,41859.8,4721.409
2023-12-05 13:30:00+00:00,41859.8,41947.0,41799.1,41814.4,1903.438
2023-12-05 14:00:00+00:00,41814.4,42154.8,41803.9,42107.6,2593.499
2023-12-05 14:30:00+00:00,42107.6,42241.1,42003.7,42178.0,3751.423
2023-12-05 15:00:00+00:00,42178.0,42299.0,42080.0,42182.6,2777.229
2023-12-05 15:30:00+00:00,42182.6,42487.9,42167.5,42252.3,4842.727
2023-12-05 16:00:00+00:00,42252.3,42412.4,42115.8,42393.5,3545.139
2023-12-05 16:30:00+00:00,42393.5,42845.0,42334.6,42700.4,7317.407
2023-12-05 17:00:00+00:00,42700.4,44179.0,42663.8,43759.6,15563.918
2023-12-05 17:30:00+00:00,43759.6,43876.8,43222.6,43384.5,6459.038
2023-12-05 18:00:00+00:00,43384.5,43726.1,43327.0,43628.9,3048.891
2023-12-05 18:30:00+00:00,43628.9,44133.0,43535.7,43720.9,5768.179
2023-12-05 19:00:00+00:00,43720.9,43973.9,43595.4,43959.9,2804.098
2023-12-05 19:30:00+00:00,43959.9,43962.7,43600.1,43821.9,2267.395
2023-12-05 20:00:00+00:00,43821.9,43856.3,43427.5,43507.3,2224.088
2023-12-05 20:30:00+00:00,43507.3,43800.0,43506.7,43794.6,1423.748
2023-12-05 21:00:00+00:00,43794.6,43840.6,43696.4,43818.2,1144.843
2023-12-05 21:30:00+00:00,43818.2,44266.7,43759.0,43897.6,2520.267
2023-12-05 22:00:00+00:00,43897.6,44518.2,43800.0,44417.9,4501.235
2023-12-05 22:30:00+00:00,44417.9,44442.7,44148.0,44293.3,2245.576
2023-12-05 23:00:00+00:00,44293.3,44297.5,43864.8,44051.9,2899.229
2023-12-05 23:30:00+00:00,44051.9,44174.3,43916.2,44071.4,1416.536
2023-12-06 00:00:00+00:00,44071.4,44101.3,43920.3,43940.1,1697.46
2023-12-22 16:00:00+00:00,43685.8,43716.0,43646.1,43702.0,3880.411
2023-12-22 16:30:00+00:00,43702.0,43729.8,43491.5,43574.2,3657.446
2023-12-22 17:00:00+00:00,43574.2,43665.1,43559.4,43648.0,3376.17
2023-12-22 17:30:00+00:00,43648.0,43757.9,43602.4,43701.3,3186.019
2023-12-22 18:00:00+00:00,43701.3,43958.9,43669.0,43887.3,4238.508
2023-12-22 18:30:00+00:00,43887.3,44021.7,43862.3,43971.5,3886.034
2023-12-22 19:00:00+00:00,43971.5,43975.3,43620.5,43705.0,4242.296
2023-12-22 19:30:00+00:00,43705.0,43735.7,43630.7,43651.2,4104.801
2023-12-22 20:00:00+00:00,43651.2,43754.6,43634.5,43712.4,3403.799
2023-12-22 20:30:00+00:00,43712.4,43758.6,43639.8,43655.6,2280.445
2023-12-22 21:00:00+00:00,43655.6,43713.6,43655.6,43708.5,1946.466
2023-12-22 21:30:00+00:00,43708.5,43780.8,43702.6,43717.4,2049.247
2023-12-22 22:00:00+00:00,43717.4,43764.4,43675.3,43711.9,1990.741
2023-12-22 22:30:00+00:00,43711.9,43804.4,43711.9,43804.4,1668.99
2023-12-22 23:00:00+00:00,43804.4,44065.1,43791.2,43980.1,2549.047
2023-12-22 23:30:00+00:00,43980.1,44059.0,43938.6,43975.0,2132.354
2023-12-23 00:00:00+00:00,43975.0,43998.8,43913.4,43932.8,1987.825
2023-12-23 00:30:00+00:00,43932.8,43965.0,43813.2,43831.8,2701.411
2023-12-23 01:00:00+00:00,43831.8,43912.5,43757.8,43764.9,2582.408
2023-12-23 01:30:00+00:00,43764.9,43819.2,43640.7,43647.7,2318.166
2023-12-23 02:00:00+00:00,43647.7,43697.4,43566.4,43583.2,2810.889
2023-12-23 02:30:00+00:00,43583.2,43634.6,43470.0,43505.8,3948.237
2023-12-23 03:00:00+00:00,43505.8,43605.0,43467.0,43593.1,3225.347
2023-12-23 03:30:00+00:00,43593.1,43603.6,43461.2,43531.0,3911.814
2023-12-23 04:00:00+00:00,43531.0,43531.0,43296.6,43461.5,5428.985
2023-12-23 04:30:00+00:00,43461.5,43526.8,43411.9,43513.5,2349.462
2023-12-23 05:00:00+00:00,43513.5,43591.4,43491.9,43560.5,2531.093
2023-12-23 05:30:00+00:00,43560.5,43634.3,43548.9,43619.0,2971.222
2023-12-23 06:00:00+00:00,43619.0,43627.1,43550.9,43605.7,3308.88
2023-12-23 06:30:00+00:00,43605.7,43646.6,43593.0,43639.8,3622.142
2023-12-23 07:00:00+00:00,43639.8,43655.4,43568.8,43605.4,3219.141
2023-12-23 07:30:00+00:00,43605.4,43605.9,43555.2,43566.0,3349.982
2023-12-23 08:00:00+00:00,43566.0,43640.9,43564.0,43581.1,3179.26
2023-12-23 08:30:00+00:00,43581.1,43642.1,43572.9,43633.0,1473.141
2023-12-23 09:00:00+00:00,43633.0,43684.9,43590.5,43652.7,2114.832
2023-12-23 09:30:00+00:00,43652.7,43674.8,43535.5,43637.1,3338.942
2023-12-23 10:00:00+00:00,43637.1,43657.8,43603.8,43626.0,2737.236
2023-12-23 10:30:00+00:00,43626.0,43626.0,43576.4,43591.3,2980.061
2023-12-23 11:00:00+00:00,43591.3,43598.4,43505.5,43553.7,3048.311
2023-12-23 11:30:00+00:00,43553.7,43628.1,43507.3,43564.6,1695.624
2023-12-23 12:00:00+00:00,43564.6,43697.1,43563.6,43660.2,2082.623
2023-12-23 12:30:00+00:00,43660.2,43771.2,43659.0,43723.0,3958.275
2023-12-23 13:00:00+00:00,43723.0,43782.1,43705.7,43711.3,3546.221
2023-12-23 13:30:00+00:00,43711.3,43719.9,43651.4,43719.9,3279.158
2023-12-23 14:00:00+00:00,43719.9,43774.5,43681.7,43720.8,2937.275
2023-12-23 14:30:00+00:00,43720.8,43817.3,43676.4,43789.8,2590.186
2023-12-23 15:00:00+00:00,43789.8,43819.3,43737.8,43788.8,2927.147
2023-12-23 15:30:00+00:00,43788.8,43869.4,43746.7,43765.3,3692.703
2023-12-23 16:00:00+00:00,43765.3,43784.1,43714.6,43752.1,2983.399
2023-12-23 16:30:00+00:00,43752.1,43862.0,43739.9,43800.5,3026.984
2023-12-23 17:00:00+00:00,43800.5,43826.7,43773.7,43785.0,3051.41
2023-12-23 17:30:00+00:00,43785.0,43800.1,43730.5,43758.9,2629.267
2023-12-23 18:00:00+00:00,43758.9,43779.9,43715.1,43779.9,3003.582
2023-12-23 18:30:00+00:00,43779.9,43864.0,43762.5,43805.1,2064.241
2023-12-23 19:00:00+00:00,43805.1,43836.1,43704.9,43795.3,1853.724
2023-12-23 19:30:00+00:00,43795.3,43795.6,43704.2,43718.0,1517.331
2023-12-23 20:00:00+00:00,43718.0,43752.1,43641.6,43687.6,1746.755
2023-12-23 20:30:00+00:00,43687.6,43737.4,43669.9,43723.2,1672.376
2023-12-23 21:00:00+00:00,43723.2,43789.2,43670.0,43786.7,2033.1
2023-12-23 21:30:00+00:00,43786.7,43792.6,43755.7,43784.1,1951.93
2023-12-23 22:00:00+00:00,43784.1,43845.0,43738.4,43779.9,2024.157
2023-12-23 22:30:00+00:00,43779.9,43821.5,43754.0,43754.0,2072.904
2023-12-23 23:00:00+00:00,43754.0,43822.5,43753.7,43794.5,2173.938
2023-12-23 23:30:00+00:00,43794.5,43795.0,43716.3,43717.2,3495.071
2023-12-24 00:00:00+00:00,43717.2,43729.7,43623.6,43727.0,4161.129
2023-12-24 00:30:00+00:00,43727.0,43738.0,43645.3,43736.3,2844.075
2023-12-24 01:00:00+00:00,43736.3,43928.3,43736.1,43838.4,3569.54
2023-12-24 01:30:00+00:00,43838.4,43874.2,43744.0,43801.0,3263.263
2023-12-24 02:00:00+00:00,43801.0,43930.3,43792.6,43905.2,3394.787
2023-12-24 02:30:00+00:00,43905.2,43907.0,43803.5,43871.8,2293.159
2023-12-24 03:00:00+00:00,43871.8,43888.7,43827.3,43850.9,2284.648
2023-12-24 03:30:00+00:00,43850.9,43873.0,43820.5,43853.2,2310.611
2023-12-24 04:00:00+00:00,43853.2,43971.0,43839.1,43864.0,2633.671
2023-12-24 04:30:00+00:00,43864.0,43880.0,43775.6,43812.5,3375.687
2023-12-24 05:00:00+00:00,43812.5,43825.2,43686.9,43686.9,3582.831
2023-12-24 05:30:00+00:00,43686.9,43691.9,43439.6,43518.5,3872.179
2023-12-24 06:00:00+00:00,43518.5,43581.1,43457.7,43531.1,2353.701
2023-12-24 06:30:00+00:00,43531.1,43576.4,43506.0,43576.4,2752.258
2023-12-24 07:00:00+00:00,43576.4,43647.3,43537.6,43640.8,3233.031
2023-12-24 07:30:00+00:00,43640.8,43681.7,43581.5,43664.7,1966.334
2023-12-24 08:00:00+00:00,43664.7,43669.0,43600.0,43634.6,2038.69
2023-12-24 08:30:00+00:00,43634.6,43687.9,43633.6,43648.0,3594.739
2023-12-24 09:00:00+00:00,43648.0,43666.3,43593.0,43655.1,2963.778
2023-12-24 09:30:00+00:00,43655.1,43715.1,43623.4,43707.9,2420.676
2023-12-24 10:00:00+00:00,43707.9,43717.3,43529.0,43573.0,2147.683
2023-12-24 10:30:00+00:00,43573.0,43614.6,43411.6,43604.2,2716.804
2023-12-24 11:00:00+00:00,43604.2,43655.0,43560.0,43647.0,2090.903
2023-12-24 11:30:00+00:00,43647.0,43651.5,43592.7,43651.5,3367.731
2023-12-24 12:00:00+00:00,43651.5,43684.0,43575.8,43579.6,2859.25
2023-12-24 12:30:00+00:00,43579.6,43675.6,43570.9,43662.2,1833.409
2023-12-24 13:00:00+00:00,43662.2,43748.7,43639.4,43737.1,1970.845
2023-12-24 13:30:00+00:00,43737.1,43794.4,43690.3,43777.5,1980.497
2023-12-24 14:00:00+00:00,43777.5,43880.0,43721.2,43842.4,2515.125
2023-12-24 14:30:00+00:00,43842.4,43869.0,43703.5,43741.1,2514.24
2023-12-24 15:00:00+00:00,43741.1,43817.8,43720.4,43730.6,1863.243
2023-12-24 15:30:00+00:00,43730.6,43750.0,43685.2,43692.6,3525.4
2023-12-24 16:00:00+00:00,43692.6,43694.7,43560.2,43685.0,3986.094
2023-12-24 16:30:00+00:00,43685.0,43733.6,43660.0,43676.6,3562.551
2023-12-24 17:00:00+00:00,43676.6,43721.0,43622.9,43657.2,3467.551
2023-12-24 17:30:00+00:00,43657.2,43668.4,43617.0,43642.6,3368.929
2023-12-24 18:00:00+00:00,43642.6,43690.0,43618.9,43658.2,3101.541
2023-12-24 18:30:00+00:00,43658.2,43687.1,43587.0,43675.6,2682.352
2023-12-24 19:00:00+00:00,43675.6,43695.5,43650.7,43670.0,2636.316
2023-12-24 19:30:00+00:00,43670.0,43672.7,43572.0,43628.5,1595.303
2023-12-24 20:00:00+00:00,43628.5,43628.5,43547.6,43571.0,1653.288
2023-12-24 20:30:00+00:00,43571.0,43578.3,43445.5,43512.5,1959.966
2023-12-24 21:00:00+00:00,43512.5,43580.8,43473.7,43485.9,1991.975
2023-12-24 21:30:00+00:00,43485.9,43550.1,43472.6,43507.5,3364.354
2023-12-24 22:00:00+00:00,43507.5,43571.0,42541.0,43080.3,12205.352
2023-12-24 22:30:00+00:00,43080.3,43135.8,42758.7,42982.8,4580.964
2023-12-24 23:00:00+00:00,42982.8,43137.3,42895.7,43097.2,3090.618
2023-12-24 23:30:00+00:00,43097.2,43194.2,42950.1,43002.9,2889.849
2023-12-25 00:00:00+00:00,43002.9,43107.7,42831.2,42927.8,3450.181
2023-12-25 00:30:00+00:00,42927.8,42945.0,42741.2,42930.1,3815.418
2023-12-25 01:00:00+00:00,42930.1,43103.9,42925.3,43029.8,3162.383
2023-12-25 01:30:00+00:00,43029.8,43088.0,42981.9,43055.8,2321.593
2023-12-25 02:00:00+00:00,43055.8,43110.0,42926.2,42926.3,2585.801
2023-12-25 02:30:00+00:00,42926.3,43086.3,42877.3,43074.1,3644.395
2023-12-25 03:00:00+00:00,43074.1,43150.7,43020.6,43129.2,2832.992
2023-12-25 03:30:00+00:00,43129.2,43169.2,43116.2,43161.7,2071.755
2023-12-25 04:00:00+00:00,43161.7,43218.5,43131.0,43158.6,2388.103
2023-12-25 04:30:00+00:00,43158.6,43162.0,43108.2,43118.6,2872.865
2023-12-25 05:00:00+00:00,43118.6,43177.0,43118.6,43177.0,2765.772
2023-12-25 05:30:00+00:00,43177.0,43263.2,43177.0,43252.7,3309.88
2023-12-25 06:00:00+00:00,43252.7,43346.5,43224.7,43346.4,3337.663
2023-12-25 06:30:00+00:00,43346.4,43346.6,43238.7,43254.3,1931.837
2023-12-25 07:00:00+00:00,43254.3,43254.3,43189.4,43217.7,1873.139
2023-12-25 07:30:00+00:00,43217.7,43294.1,43209.1,43212.7,2741.762
2023-12-25 08:00:00+00:00,43212.7,43307.2,43212.7,43259.7,2657.196
2023-12-25 08:30:00+00:00,43259.7,43264.9,43119.0,43131.6,1785.712
2023-12-25 09:00:00+00:00,43131.6,43209.8,43117.0,43140.9,1584.299
2023-12-25 09:30:00+00:00,43140.9,43183.6,43068.8,43163.3,2485.443
2023-12-25 10:00:00+00:00,43163.3,43224.1,43102.7,43208.3,2660.541
2023-12-25 10:30:00+00:00,43208.3,43211.0,43149.2,43187.2,3106.11
2023-12-25 11:00:00+00:00,43187.2,43243.2,43090.0,43238.3,3496.253
2023-12-25 11:30:00+00:00,43238.3,43263.8,43172.8,43188.0,2254.879
2023-12-25 12:00:00+00:00,43188.0,43194.8,43106.2,43113.3,2198.278
2023-12-25 12:30:00+00:00,43113.3,43732.6,43105.6,43671.4,5265.661
2023-12-25 13:00:00+00:00,43671.4,43837.0,43555.5,43650.0,4669.465
2023-12-25 13:30:00+00:00,43650.0,43697.0,43551.9,43695.7,2555.421
2023-12-25 14:00:00+00:00,43695.7,43806.5,43588.0,43688.6,3251.042
2023-12-25 14:30:00+00:00,43688.6,43737.0,43630.0,43708.4,3885.981
2023-12-25 15:00:00+00:00,43708.4,43762.9,43643.5,43730.1,3334.115
2023-12-25 15:30:00+00:00,43730.1,43786.9,43636.8,43648.0,1799.872
2023-12-25 16:00:00+00:00,43648.0,43744.3,43572.4,43705.0,2577.888
2023-12-25 16:30:00+00:00,43705.0,43726.8,43452.2,43533.7,3731.817
2023-12-25 17:00:00+00:00,43533.7,43680.0,43510.6,43647.0,2611.997
2023-12-25 17:30:00+00:00,43647.0,43682.9,43525.1,43583.8,3017.483
2023-12-25 18:00:00+00:00,43583.8,43671.4,43567.6,43655.6,2998.814
2023-12-25 18:30:00+00:00,43655.6,43683.2,43382.4,43472.8,3298.332
2023-12-25 19:00:00+00:00,43472.8,43500.1,43369.0,43459.8,2852.437
2023-12-25 19:30:00+00:00,43459.8,43520.4,43412.0,43492.1,3294.081
2023-12-25 20:00:00+00:00,43492.1,43515.1,43379.8,43427.2,3223.359
2023-12-25 20:30:00+00:00,43427.2,43458.1,43341.5,43429.3,2688.445
2023-12-25 21:00:00+00:00,43429.3,43459.2,43342.0,43387.2,2081.22
2023-12-25 21:30:00+00:00,43387.2,43556.0,43352.0,43537.4,1736.128
2023-12-25 22:00:00+00:00,43537.4,43748.0,43499.8,43645.5,2921.192
2023-12-25 22:30:00+00:00,43645.5,43747.1,43645.5,43703.7,1760.062
2023-12-25 23:00:00+00:00,43703.7,43705.1,43591.6,43647.6,2029.14
2023-12-25 23:30:00+00:00,43647.6,43672.3,43588.9,43598.7,3250.201
2023-12-26 00:00:00+00:00,43598.7,43619.4,43502.7,43512.2,3511.422
2023-12-26 00:30:00+00:00,43512.2,43566.0,43415.5,43472.7,3257.349
2023-12-26 01:00:00+00:00,43472.7,43574.8,43450.4,43529.8,2739.295
2023-12-26 01:30:00+00:00,43529.8,43549.8,43451.2,43527.1,1898.398
2023-12-26 02:00:00+00:00,43527.1,43537.1,43462.0,43468.1,1952.092
2023-12-26 02:30:00+00:00,43468.1,43562.9,43430.3,43444.0,3156.414
2023-12-26 03:00:00+00:00,43444.0,43516.1,43421.0,43471.3,2628.425
2023-12-26 03:30:00+00:00,43471.3,43496.0,43388.0,43473.2,1485.493
2023-12-26 04:00:00+00:00,43473.2,43493.6,43388.0,43449.1,1711.903
2023-12-26 04:30:00+00:00,43449.1,43489.1,43415.4,43466.4,2805.706
2023-12-26 05:00:00+00:00,43466.4,43472.8,43056.4,43103.0,6641.443
2023-12-26 05:30:00+00:00,43103.0,43146.7,42637.3,42781.3,10444.765
2023-12-26 06:00:00+00:00,42781.3,42829.1,42547.0,42702.1,6633.273
2023-12-26 06:30:00+00:00,42702.1,42810.0,42670.0,42698.0,1983.839
2023-12-26 07:00:00+00:00,42698.0,42850.0,42646.6,42810.0,2037.628
2023-12-26 07:30:00+00:00,42810.0,42851.1,42762.2,42791.3,3306.605
2023-12-26 08:00:00+00:00,42791.3,42813.0,42678.4,42713.4,3031.69
2023-12-26 08:30:00+00:00,42713.4,42814.4,42680.0,42724.0,3786.406
2023-12-26 09:00:00+00:00,42724.0,42745.0,42612.4,42702.5,3955.613
2023-12-26 09:30:00+00:00,42702.5,42725.7,42127.0,42435.8,8524.023
2023-12-26 10:00:00+00:00,42435.8,42596.0,42380.8,42591.5,4402.744
2023-12-26 10:30:00+00:00,42591.5,42689.0,42573.4,42681.8,3929.48
2023-12-26 11:00:00+00:00,42681.8,42693.4,42594.1,42647.0,3028.975
2023-12-26 11:30:00+00:00,42647.0,42779.0,42632.2,42707.1,3100.575
2023-12-26 12:00:00+00:00,42707.1,42760.0,42619.9,42730.0,2737.799
2023-12-26 12:30:00+00:00,42730.0,42812.3,42685.0,42787.2,1624.799
2023-12-26 13:00:00+00:00,42787.2,42787.3,42687.4,42698.8,1721.873
2023-12-26 13:30:00+00:00,42698.8,42797.2,42643.5,42740.8,2515.07
2023-12-26 14:00:00+00:00,42740.8,42840.8,42665.8,42798.6,2737.216
2023-12-26 14:30:00+00:00,42798.6,42798.6,42566.0,42620.7,2953.024
2023-12-26 15:00:00+00:00,42620.7,42670.0,42456.2,42670.0,3604.314
2023-12-26 15:30:00+00:00,42670.0,42762.6,42252.2,42410.0,6352.348
2023-12-26 16:00:00+00:00,42410.0,42456.5,42150.0,42315.1,6368.341
2023-12-26 16:30:00+00:00,42315.1,42389.3,42275.3,42359.1,3598.372
2023-12-26 17:00:00+00:00,42359.1,42408.6,42169.3,42294.1,4533.192
2023-12-26 17:30:00+00:00,42294.1,42303.6,41619.4,42036.7,10614.64
2023-12-26 18:00:00+00:00,42036.7,42170.0,41870.9,41909.6,4138.651
2023-12-26 18:30:00+00:00,41909.6,42201.9,41854.3,42188.0,3255.895
2023-12-26 19:00:00+00:00,42188.0,42324.9,42102.0,42300.8,2858.482
2023-12-26 19:30:00+00:00,42300.8,42305.6,42108.2,42131.0,3123.869
2024-01-12 11:30:00+00:00,46219.0,46266.0,45935.1,45946.3,4362.473
2024-01-12 12:00:00+00:00,45946.3,46108.3,45916.1,46015.1,4550.569
2024-01-12 12:30:00+00:00,46015.1,46017.9,45671.0,45868.0,2845.617
2024-01-12 13:00:00+00:00,45868.0,45946.6,45732.4,45740.1,2697.151
2024-01-12 13:30:00+00:00,45740.1,45851.6,45584.4,45779.6,4550.02
2024-01-12 14:00:00+00:00,45779.6,45893.5,45633.4,45878.2,4097.156
2024-01-12 14:30:00+00:00,45878.2,45897.0,45256.8,45446.4,6472.864
2024-01-12 15:00:00+00:00,45446.4,45467.2,44654.2,44943.1,7213.519
2024-01-12 15:30:00+00:00,44943.1,44956.4,44347.3,44479.8,6728.421
2024-01-12 16:00:00+00:00,44479.8,44697.0,43802.1,44140.9,9762.828
2024-01-12 16:30:00+00:00,44140.9,44222.1,43208.1,43644.6,12987.662
2024-01-12 17:00:00+00:00,43644.6,43788.9,43301.9,43477.8,6542.074
2024-01-12 17:30:00+00:00,43477.8,43824.9,43417.2,43822.9,4252.078
2024-01-12 18:00:00+00:00,43822.9,43948.5,43560.0,43570.0,5256.4
2024-01-12 18:30:00+00:00,43570.0,43666.9,43335.7,43500.0,6528.793
2024-01-12 19:00:00+00:00,43500.0,43730.7,43300.0,43676.2,5406.957
2024-01-12 19:30:00+00:00,43676.2,43735.8,43473.0,43489.9,3213.951
2024-01-12 20:00:00+00:00,43489.9,43835.0,43431.2,43831.3,3267.866
2024-01-12 20:30:00+00:00,43831.3,43988.8,43640.1,43675.7,2896.458
2024-01-12 21:00:00+00:00,43675.7,43869.8,43606.3,43637.3,2475.838
2024-01-12 21:30:00+00:00,43637.3,43695.0,43217.5,43458.7,4897.634
2024-01-12 22:00:00+00:00,43458.7,43467.0,41347.8,41892.8,17937.021
2024-01-12 22:30:00+00:00,41892.8,42566.1,41892.8,42507.2,5762.314
2024-01-12 23:00:00+00:00,42507.2,42952.9,42473.6,42926.8,5675.653
2024-01-12 23:30:00+00:00,42926.8,42931.3,42693.1,42773.0,2403.424
2024-01-13 00:00:00+00:00,42773.0,42980.0,42751.0,42773.5,2665.201
2024-01-13 00:30:00+00:00,42773.5,42905.7,42773.1,42790.3,2620.136
2024-01-13 01:00:00+00:00,42790.3,42885.0,42510.0,42616.0,3652.771
2024-01-13 01:30:00+00:00,42616.0,42859.6,42541.0,42665.6,3908.573
2024-01-13 02:00:00+00:00,42665.6,42853.2,42575.0,42713.3,3668.626
2024-01-13 02:30:00+00:00,42713.3,42812.4,42529.1,42533.6,2185.064
2024-01-13 03:00:00+00:00,42533.6,42623.7,42431.3,42453.7,2694.556
2024-01-13 03:30:00+00:00,42453.7,42680.0,42440.0,42613.7,3935.64
2024-01-13 04:00:00+00:00,42613.7,42797.1,42551.3,42792.8,3658.126
2024-01-13 04:30:00+00:00,42792.8,42860.1,42727.0,42838.0,3159.805
2024-01-13 05:00:00+00:00,42838.0,42987.6,42765.8,42944.9,3630.824
2024-01-13 05:30:00+00:00,42944.9,43130.0,42905.0,43091.5,4784.506
2024-01-13 06:00:00+00:00,43091.5,43173.0,43015.3,43060.3,4557.645
2024-01-13 06:30:00+00:00,43060.3,43148.2,42944.9,43148.2,5553.41
2024-01-13 07:00:00+00:00,43148.2,43249.6,43077.4,43157.1,4941.079
2024-01-13 07:30:00+00:00,43157.1,43173.0,43051.3,43087.5,5321.535
2024-01-13 08:00:00+00:00,43087.5,43238.0,43087.3,43226.6,4933.278
2024-01-13 08:30:00+00:00,43226.6,43228.5,43051.2,43162.1,4220.306
2024-01-13 09:00:00+00:00,43162.1,43182.7,42873.9,42998.4,4403.11
2024-01-13 09:30:00+00:00,42998.4,43047.8,42812.3,42912.6,3249.945
2024-01-13 10:00:00+00:00,42912.6,42921.6,42620.0,42809.6,4331.853
2024-01-13 10:30:00+00:00,42809.6,42869.0,42668.0,42701.4,4232.704
2024-01-13 11:00:00+00:00,42701.4,42802.0,42553.0,42712.4,4438.485
2024-01-13 11:30:00+00:00,42712.4,42744.9,42502.0,42622.4,2654.802
2024-01-13 12:00:00+00:00,42622.4,42760.3,42501.4,42624.4,3020.126
2024-01-13 12:30:00+00:00,42624.4,42735.0,42580.4,42686.5,3199.42
2024-01-13 13:00:00+00:00,42686.5,42785.4,42600.5,42771.0,3090.042
2024-01-13 13:30:00+00:00,42771.0,42789.5,42650.3,42728.2,2420.795
2024-01-13 14:00:00+00:00,42728.2,42774.2,42640.1,42673.9,2335.901
2024-01-13 14:30:00+00:00,42673.9,42969.1,42635.4,42855.5,4586.377
2024-01-13 15:00:00+00:00,42855.5,43090.9,42850.8,43087.8,3779.018
2024-01-13 15:30:00+00:00,43087.8,43241.4,42955.3,43146.8,4230.021
2024-01-13 16:00:00+00:00,43146.8,43181.0,42965.6,43070.3,3205.072
2024-01-13 16:30:00+00:00,43070.3,43110.0,42782.0,42886.0,3425.204
2024-01-13 17:00:00+00:00,42886.0,42983.4,42751.7,42955.2,2330.262
2024-01-13 17:30:00+00:00,42955.2,42958.2,42837.5,42892.0,2466.008
2024-01-13 18:00:00+00:00,42892.0,42892.1,42725.0,42833.5,2866.925
2024-01-13 18:30:00+00:00,42833.5,42876.9,42753.1,42794.5,3024.148
2024-01-13 19:00:00+00:00,42794.5,42958.6,42793.5,42937.3,2767.081
2024-01-13 19:30:00+00:00,42937.3,42987.7,42769.6,42776.4,1918.801
2024-01-13 20:00:00+00:00,42776.4,42835.2,42695.4,42802.5,1881.721
2024-01-13 20:30:00+00:00,42802.5,42913.4,42788.6,42855.1,2455.472
2024-01-13 21:00:00+00:00,42855.1,42932.1,42840.5,42864.6,2276.214
2024-01-13 21:30:00+00:00,42864.6,42973.2,42811.3,42954.7,2817.054
2024-01-13 22:00:00+00:00,42954.7,43042.4,42887.2,42896.5,2718.931
2024-01-13 22:30:00+00:00,42896.5,42985.2,42875.3,42985.2,1857.422
2024-01-13 23:00:00+00:00,42985.2,42996.2,42845.3,42857.1,1625.968
2024-01-13 23:30:00+00:00,42857.1,42857.1,42793.3,42837.7,1462.175
2024-01-14 00:00:00+00:00,42837.7,42885.4,42709.9,42730.7,1537.809
2024-01-14 00:30:00+00:00,42730.7,42776.8,42655.5,42680.5,2754.54
2024-01-14 01:00:00+00:00,42680.5,42799.5,42666.5,42780.1,2344.385
2024-01-14 01:30:00+00:00,42780.1,42834.1,42755.5,42763.2,2314.942
2024-01-14 02:00:00+00:00,42763.2,42777.5,42655.4,42676.6,2858.669
2024-01-14 02:30:00+00:00,42676.6,42824.2,42673.4,42776.0,2411.665
2024-01-14 03:00:00+00:00,42776.0,42800.0,42696.4,42727.4,2136.747
2024-01-14 03:30:00+00:00,42727.4,42742.1,42640.4,42684.8,1606.606
2024-01-14 04:00:00+00:00,42684.8,42703.3,42558.5,42582.9,2287.033
2024-01-14 04:30:00+00:00,42582.9,42628.6,42560.0,42582.0,2317.497
2024-01-14 05:00:00+00:00,42582.0,42745.6,42577.4,42732.2,2840.389
2024-01-14 05:30:00+00:00,42732.2,42805.7,42704.4,42747.0,2047.624
2024-01-14 06:00:00+00:00,42747.0,42885.2,42744.3,42883.8,2399.758
2024-01-14 06:30:00+00:00,42883.8,42993.2,42825.5,42987.5,2736.218
2024-01-14 07:00:00+00:00,42987.5,43051.5,42939.3,42979.1,3033.689
2024-01-14 07:30:00+00:00,42979.1,43021.0,42878.0,43007.3,3106.16
2024-01-14 08:00:00+00:00,43007.3,43022.4,42885.3,42889.3,2896.261
2024-01-14 08:30:00+00:00,42889.3,42992.7,42880.1,42989.1,2392.173
2024-01-14 09:00:00+00:00,42989.1,42991.2,42835.7,42879.4,2655.946
2024-01-14 09:30:00+00:00,42879.4,43081.5,42810.6,43051.1,2608.475
2024-01-14 10:00:00+00:00,43051.1,43066.2,42935.0,42989.2,2044.298
2024-01-14 10:30:00+00:00,42989.2,42989.2,42858.0,42881.9,1825.224
2024-01-14 11:00:00+00:00,42881.9,42929.6,42755.0,42928.4,2293.314
2024-01-14 11:30:00+00:00,42928.4,42936.6,42762.1,42825.9,2165.823
2024-01-14 12:00:00+00:00,42825.9,42845.7,42695.4,42796.2,2329.35
2024-01-14 12:30:00+00:00,42796.2,42840.7,42706.3,42749.5,3061.279
2024-01-14 13:00:00+00:00,42749.5,42804.9,42739.1,42796.1,2340.234
2024-01-14 13:30:00+00:00,42796.1,42919.1,42726.4,42879.5,1509.799
2024-01-14 14:00:00+00:00,42879.5,43000.0,42777.8,42841.0,2129.365
2024-01-14 14:30:00+00:00,42841.0,42914.4,42791.5,42812.1,2536.624
2024-01-14 15:00:00+00:00,42812.1,42884.2,42800.0,42866.9,2189.222
2024-01-14 15:30:00+00:00,42866.9,42955.1,42865.6,42891.1,2471.863
2024-01-14 16:00:00+00:00,42891.1,42963.6,42875.7,42880.0,2409.654
2024-01-14 16:30:00+00:00,42880.0,42941.0,42850.6,42921.0,2336.964
2024-01-14 17:00:00+00:00,42921.0,43009.2,42875.0,42955.7,2311.411
2024-01-14 17:30:00+00:00,42955.7,43000.0,42895.0,42963.0,2616.474
2024-01-14 18:00:00+00:00,42963.0,43009.1,42857.0,42882.0,2866.752
2024-01-14 18:30:00+00:00,42882.0,42955.1,42825.0,42892.1,2587.093
2024-01-14 19:00:00+00:00,42892.1,42924.8,42722.5,42742.0,3126.352
2024-01-14 19:30:00+00:00,42742.0,42813.0,42621.8,42650.3,3083.276
2024-01-14 20:00:00+00:00,42650.3,42739.0,42118.0,42639.6,5361.939
2024-01-14 20:30:00+00:00,42639.6,42739.0,42489.4,42499.2,2649.155
2024-01-14 21:00:00+00:00,42499.2,42591.5,42217.3,42244.4,3410.457
2024-01-14 21:30:00+00:00,42244.4,42550.0,41949.6,42547.4,4508.028
2024-01-14 22:00:00+00:00,42547.4,42641.0,42314.5,42320.7,3371.394
2024-01-14 22:30:00+00:00,42320.7,42425.6,42055.6,42267.1,4097.633
2024-01-14 23:00:00+00:00,42267.1,42317.2,41856.0,42031.7,5450.493
2024-01-14 23:30:00+00:00,42031.7,42123.1,41709.9,41725.2,3566.459
2024-01-15 00:00:00+00:00,41725.2,42176.5,41708.5,42159.6,3024.448
2024-01-15 00:30:00+00:00,42159.6,42350.0,42051.4,42272.6,2925.879
2024-01-15 01:00:00+00:00,42272.6,42333.8,42164.1,42227.4,2843.268
2024-01-15 01:30:00+00:00,42227.4,42398.9,42193.4,42271.7,3097.948
2024-01-15 02:00:00+00:00,42271.7,42361.1,42190.5,42292.8,2899.926
2024-01-15 02:30:00+00:00,42292.8,42412.0,42251.3,42393.9,1976.414
2024-01-15 03:00:00+00:00,42393.9,42639.2,42375.5,42613.6,2581.455
2024-01-15 03:30:00+00:00,42613.6,42633.6,42505.0,42558.0,2401.712
2024-01-15 04:00:00+00:00,42558.0,42620.2,42495.2,42571.6,2660.685
2024-01-15 04:30:00+00:00,42571.6,42628.0,42521.1,42590.2,3283.662
2024-01-15 05:00:00+00:00,42590.2,42816.6,42564.4,42671.6,4345.316
2024-01-15 05:30:00+00:00,42671.6,42749.4,42631.6,42735.5,3407.701
2024-01-15 06:00:00+00:00,42735.5,42789.2,42654.0,42680.0,3229.395
2024-01-15 06:30:00+00:00,42680.0,42717.5,42600.9,42643.8,3212.916
2024-01-15 07:00:00+00:00,42643.8,42683.4,42576.2,42593.5,2579.108
2024-01-15 07:30:00+00:00,42593.5,42765.5,42510.5,42707.3,3141.185
2024-01-15 08:00:00+00:00,42707.3,42749.2,42632.5,42661.1,2334.64
2024-01-15 08:30:00+00:00,42661.1,42777.2,42642.0,42674.8,1611.445
2024-01-15 09:00:00+00:00,42674.8,42691.5,42587.3,42675.0,2055.366
2024-01-15 09:30:00+00:00,42675.0,42757.1,42615.5,42749.1,3392.068
2024-01-15 10:00:00+00:00,42749.1,42757.7,42611.2,42611.5,2948.169
2024-01-15 10:30:00+00:00,42611.5,42707.4,42526.0,42558.2,2342.877
2024-01-15 11:00:00+00:00,42558.2,42634.4,42536.0,42602.1,1817.577
2024-01-15 11:30:00+00:00,42602.1,42696.9,42552.6,42687.0,2918.559
2024-01-15 12:00:00+00:00,42687.0,42716.2,42597.4,42656.1,3068.006
2024-01-15 12:30:00+00:00,42656.1,42688.2,42557.3,42659.2,2322.853
2024-01-15 13:00:00+00:00,42659.2,42738.0,42609.5,42730.7,2450.835
2024-01-15 13:30:00+00:00,42730.7,42958.1,42690.3,42845.9,4362.114
2024-01-15 14:00:00+00:00,42845.9,42863.3,42270.4,42432.4,5172.286
2024-01-15 14:30:00+00:00,42432.4,42484.7,42153.2,42191.8,4079.636
2024-01-15 15:00:00+00:00,42191.8,42450.0,42190.5,42420.4,2915.447
2024-01-15 15:30:00+00:00,42420.4,42471.1,42151.7,42270.0,2759.37
2024-01-15 16:00:00+00:00,42270.0,42449.3,42242.2,42430.0,2634.296
2024-01-15 16:30:00+00:00,42430.0,42543.3,42389.6,42510.4,3307.933
2024-01-15 17:00:00+00:00,42510.4,42713.0,42510.0,42686.7,2704.086
2024-01-15 17:30:00+00:00,42686.7,42770.0,42599.2,42691.0,2402.776
2024-01-15 18:00:00+00:00,42691.0,43155.0,42691.0,43137.3,3418.742
2024-01-15 18:30:00+00:00,43137.3,43364.4,42941.3,43000.2,5270.143
2024-01-15 19:00:00+00:00,43000.2,43121.0,42951.3,43044.7,2808.242
2024-01-15 19:30:00+00:00,43044.7,43048.7,42812.5,42975.4,3656.892
2024-01-15 20:00:00+00:00,42975.4,43099.7,42929.6,43026.0,3712.441
2024-01-15 20:30:00+00:00,43026.0,43043.2,42835.9,42946.1,2324.958
2024-01-15 21:00:00+00:00,42946.1,42950.0,42731.2,42735.8,2018.635
2024-01-15 21:30:00+00:00,42735.8,42849.4,42691.8,42698.7,1977.128
2024-01-15 22:00:00+00:00,42698.7,42751.0,42319.3,42585.9,3366.968
2024-01-15 22:30:00+00:00,42585.9,42807.6,42533.8,42608.9,2264.128
2024-01-15 23:00:00+00:00,42608.9,42621.6,42465.5,42527.0,2309.023
2024-01-15 23:30:00+00:00,42527.0,42630.1,42486.6,42502.7,3703.592
2024-01-16 00:00:00+00:00,42502.7,42645.2,42457.6,42632.1,3916.467
2024-01-16 00:30:00+00:00,42632.1,42667.2,42565.4,42593.7,3273.84
2024-01-16 01:00:00+00:00,42593.7,42722.5,42581.0,42613.6,3230.752
2024-01-16 01:30:00+00:00,42613.6,42635.7,42547.0,42576.9,3935.279
2024-01-16 02:00:00+00:00,42576.9,42716.6,42540.5,42679.1,3711.106
2024-01-16 02:30:00+00:00,42679.1,42720.1,42595.9,42687.9,2241.713
2024-01-16 03:00:00+00:00,42687.9,42891.4,42684.5,42776.9,3165.713
2024-01-16 03:30:00+00:00,42776.9,42925.0,42757.3,42909.6,3399.465
2024-01-16 04:00:00+00:00,42909.6,42934.1,42836.4,42843.3,3014.9
2024-01-16 04:30:00+00:00,42843.3,42855.0,42743.9,42790.2,2049.236
2024-01-16 05:00:00+00:00,42790.2,42873.9,42750.0,42867.5,1618.162
2024-01-16 05:30:00+00:00,42867.5,42918.6,42750.2,42754.7,1962.585
2024-01-16 06:00:00+00:00,42754.7,42764.6,42627.4,42695.2,1894.908
2024-01-16 06:30:00+00:00,42695.2,42766.6,42680.6,42732.1,1746.826
2024-01-16 07:00:00+00:00,42732.1,42754.2,42591.4,42629.2,2220.903
2024-01-16 07:30:00+00:00,42629.2,42777.3,42626.3,42774.9,3738.206
2024-01-16 08:00:00+00:00,42774.9,42859.1,42705.2,42787.6,3364.42
2024-01-16 08:30:00+00:00,42787.6,43014.6,42787.6,43005.5,3746.628
2024-01-16 09:00:00+00:00,43005.5,43154.0,42889.0,43053.8,4130.713
2024-01-16 09:30:00+00:00,43053.8,43143.4,42914.1,42933.9,3372.149
2024-01-16 10:00:00+00:00,42933.9,42950.0,42838.7,42858.8,3015.828
2024-01-16 10:30:00+00:00,42858.8,42911.7,42836.5,42861.0,1938.422
2024-01-16 11:00:00+00:00,42861.0,42928.8,42785.7,42808.2,2077.754
2024-01-16 11:30:00+00:00,42808.2,42898.4,42739.0,42886.2,2429.937
2024-01-16 12:00:00+00:00,42886.2,43067.0,42841.5,43032.5,2874.855
2024-01-16 12:30:00+00:00,43032.5,43158.8,43009.0,43146.4,4426.466
2024-01-16 13:00:00+00:00,43146.4,43166.1,42944.4,42970.3,4482.48
2024-01-16 13:30:00+00:00,42970.3,42984.1,42686.4,42791.0,5445.018
2024-01-16 14:00:00+00:00,42791.0,42888.0,42713.3,42811.1,3717.089
2024-01-16 14:30:00+00:00,42811.1,42941.1,42040.6,42685.6,10427.55
2024-01-16 15:00:00+00:00,42685.6,43073.6,42535.4,42960.0,4836.639
