timestamp,open,high,low,close,volume
2023-02-09 08:00:00+00:00,0.087816,0.088459,0.087814,0.088217,618012.0
2023-02-09 09:00:00+00:00,0.088217,0.088459,0.087841,0.088247,957980.0
2023-02-09 10:00:00+00:00,0.088247,0.088265,0.087628,0.087739,2556690.0
2023-02-09 11:00:00+00:00,0.087739,0.088398,0.087594,0.088145,1123748.0
2023-02-09 12:00:00+00:00,0.088145,0.088819,0.087694,0.088439,1355185.0
2023-02-09 13:00:00+00:00,0.088439,0.088676,0.088094,0.088547,1244056.0
2023-02-09 14:00:00+00:00,0.088547,0.089078,0.088329,0.088474,3301036.0
2023-02-09 15:00:00+00:00,0.088474,0.088657,0.087714,0.087816,4323038.0
2023-02-09 16:00:00+00:00,0.087816,0.088072,0.086545,0.087099,3931004.0
2023-02-09 17:00:00+00:00,0.087099,0.087442,0.085821,0.086413,3752343.0
2023-02-09 18:00:00+00:00,0.086413,0.086773,0.085801,0.086038,3319853.0
2023-02-09 19:00:00+00:00,0.086038,0.086137,0.080646,0.083424,23166955.0
2023-02-09 20:00:00+00:00,0.083424,0.083517,0.082323,0.082784,4640880.0
2023-02-09 21:00:00+00:00,0.082784,0.082826,0.080259,0.082,6345993.0
2023-02-09 22:00:00+00:00,0.082,0.082337,0.078605,0.079862,5510358.0
2023-02-09 23:00:00+00:00,0.079862,0.081632,0.079813,0.081425,2867346.0
2023-02-10 00:00:00+00:00,0.081425,0.082036,0.081022,0.081369,3468983.0
2023-02-10 01:00:00+00:00,0.081369,0.081939,0.081171,0.081906,1967102.0
2023-02-10 02:00:00+00:00,0.081906,0.082296,0.081628,0.082239,1587241.0
2023-02-10 03:00:00+00:00,0.082239,0.082272,0.081582,0.081781,2848287.0
2023-02-10 04:00:00+00:00,0.081781,0.081898,0.081093,0.08147,3855673.0
2023-02-10 05:00:00+00:00,0.08147,0.081934,0.080673,0.081568,1495046.0
2023-02-10 06:00:00+00:00,0.081568,0.081981,0.081509,0.081947,858455.0
2023-02-10 07:00:00+00:00,0.081947,0.082389,0.08177,0.082349,1951144.0
2023-02-10 08:00:00+00:00,0.082349,0.082773,0.081927,0.082141,10093608.0
2023-02-10 09:00:00+00:00,0.082141,0.082659,0.08189,0.081902,1332734.0
2023-02-10 10:00:00+00:00,0.081902,0.082079,0.081673,0.081993,951103.0
2023-02-10 11:00:00+00:00,0.081993,0.082013,0.081281,0.08151,3126694.0
2023-02-10 12:00:00+00:00,0.08151,0.08181,0.081282,0.081397,1339951.0
2023-02-10 13:00:00+00:00,0.081397,0.082045,0.081386,0.081823,1511977.0
2023-02-10 14:00:00+00:00,0.081823,0.082591,0.081685,0.082261,1481786.0
2023-02-10 15:00:00+00:00,0.082261,0.082597,0.080632,0.081513,2824829.0
2023-02-10 16:00:00+00:00,0.081513,0.082,0.080698,0.081098,2552452.0
2023-02-10 17:00:00+00:00,0.081098,0.081468,0.080601,0.081373,1781900.0
2023-02-10 18:00:00+00:00,0.081373,0.081966,0.081161,0.081881,1315812.0
2023-02-10 19:00:00+00:00,0.081881,0.082879,0.081614,0.082768,1540390.0
2023-02-10 20:00:00+00:00,0.082768,0.082833,0.082372,0.082765,2052520.0
2023-02-10 21:00:00+00:00,0.082765,0.08287,0.080523,0.080816,2765515.0
2023-02-10 22:00:00+00:00,0.080816,0.081396,0.080042,0.080206,5943201.0
2023-02-10 23:00:00+00:00,0.080206,0.081287,0.079189,0.080842,4012874.0
2023-02-11 00:00:00+00:00,0.080842,0.081474,0.080533,0.081396,2940354.0
2023-02-11 01:00:00+00:00,0.081396,0.081889,0.081286,0.081527,3027623.0
2023-02-11 02:00:00+00:00,0.081527,0.081976,0.081463,0.081879,2155275.0
2023-02-11 03:00:00+00:00,0.081879,0.082272,0.081833,0.082081,1357483.0
2023-02-11 04:00:00+00:00,0.082081,0.082122,0.081608,0.081808,1889908.0
2023-02-11 05:00:00+00:00,0.081808,0.081919,0.081346,0.081452,2068319.0
2023-02-11 06:00:00+00:00,0.081452,0.08156,0.0812,0.081423,1308116.0
2023-02-11 07:00:00+00:00,0.081423,0.08179,0.081205,0.081629,1078398.0
2023-02-11 08:00:00+00:00,0.081629,0.081703,0.081428,0.081488,793688.0
2023-02-11 09:00:00+00:00,0.081488,0.08159,0.081317,0.081477,683921.0
2023-02-11 10:00:00+00:00,0.081477,0.081551,0.081145,0.081471,1200467.0
2023-02-11 11:00:00+00:00,0.081471,0.081485,0.0812,0.081361,911362.0
2023-02-11 12:00:00+00:00,0.081361,0.082017,0.081298,0.081771,2364482.0
2023-02-11 13:00:00+00:00,0.081771,0.08212,0.081569,0.082059,2045432.0
2023-02-11 14:00:00+00:00,0.082059,0.082201,0.081745,0.082191,2421750.0
2023-02-11 15:00:00+00:00,0.082191,0.082301,0.08178,0.082076,1948613.0
2023-02-11 16:00:00+00:00,0.082076,0.082111,0.081504,0.081678,823778.0
2023-02-11 17:00:00+00:00,0.081678,0.081789,0.081291,0.081563,1157280.0
2023-02-11 18:00:00+00:00,0.081563,0.081803,0.081089,0.081415,1379441.0
2023-02-11 19:00:00+00:00,0.081415,0.081786,0.081405,0.081781,1005117.0
2023-02-11 20:00:00+00:00,0.081781,0.081965,0.081604,0.081759,809437.0
2023-02-11 21:00:00+00:00,0.081759,0.082448,0.081524,0.082224,1470874.0
2023-02-11 22:00:00+00:00,0.082224,0.082538,0.082025,0.082209,1794863.0
2023-02-11 23:00:00+00:00,0.082209,0.082494,0.082025,0.082196,958173.0
2023-02-12 00:00:00+00:00,0.082196,0.082247,0.081782,0.081811,3914358.0
2023-02-12 01:00:00+00:00,0.081811,0.082049,0.081802,0.081903,1034033.0
2023-02-12 02:00:00+00:00,0.081903,0.082116,0.081699,0.082091,2808552.0
2023-02-12 03:00:00+00:00,0.082091,0.082146,0.081794,0.08182,1204472.0
2023-02-12 04:00:00+00:00,0.08182,0.081887,0.081527,0.081795,1849653.0
2023-02-12 05:00:00+00:00,0.081795,0.08186,0.081676,0.081795,603882.0
2023-02-12 06:00:00+00:00,0.081795,0.081967,0.081773,0.081928,495496.0
2023-02-12 07:00:00+00:00,0.081928,0.081944,0.081653,0.081664,854820.0
2023-02-12 08:00:00+00:00,0.081664,0.081966,0.081635,0.081739,597152.0
2023-02-12 09:00:00+00:00,0.081739,0.085766,0.081627,0.084284,24285869.0
2023-02-12 10:00:00+00:00,0.084284,0.084348,0.0835,0.083959,11851660.0
2023-02-12 11:00:00+00:00,0.083959,0.084677,0.083606,0.084515,3561646.0
2023-02-12 12:00:00+00:00,0.084515,0.084678,0.0833,0.08376,7354897.0
2023-02-12 13:00:00+00:00,0.08376,0.083943,0.083237,0.083652,6963146.0
2023-02-12 14:00:00+00:00,0.083652,0.084307,0.083561,0.084162,4647739.0
2023-02-12 15:00:00+00:00,0.084162,0.084373,0.083752,0.084031,1534237.0
2023-02-12 16:00:00+00:00,0.084031,0.084482,0.08372,0.084216,2685382.0
2023-02-12 17:00:00+00:00,0.084216,0.084499,0.08405,0.084183,4822980.0
2023-02-12 18:00:00+00:00,0.084183,0.084764,0.084048,0.084133,1140249.0
2023-02-12 19:00:00+00:00,0.084133,0.084502,0.083836,0.084333,1345941.0
2023-02-12 20:00:00+00:00,0.084333,0.084517,0.084043,0.084156,1411069.0
2023-02-12 21:00:00+00:00,0.084156,0.084194,0.082259,0.08246,8152671.0
2023-02-12 22:00:00+00:00,0.08246,0.082637,0.081068,0.08222,5069694.0
2023-02-12 23:00:00+00:00,0.08222,0.082598,0.08172,0.08211,3685231.0
2023-02-13 00:00:00+00:00,0.08211,0.082663,0.081519,0.082262,2261991.0
2023-02-13 01:00:00+00:00,0.082262,0.082298,0.080394,0.081096,3909290.0
2023-02-13 02:00:00+00:00,0.081096,0.081499,0.080234,0.081433,4371051.0
2023-02-13 03:00:00+00:00,0.081433,0.081796,0.081332,0.081675,1906847.0
2023-02-13 04:00:00+00:00,0.081675,0.08633,0.081599,0.084449,41187369.0
2023-02-13 05:00:00+00:00,0.084449,0.084556,0.0835,0.084225,10991792.0
2023-02-13 06:00:00+00:00,0.084225,0.08427,0.083531,0.083766,8218643.0
2023-02-13 07:00:00+00:00,0.083766,0.084118,0.083354,0.083901,4956540.0
2023-02-13 08:00:00+00:00,0.083901,0.083978,0.08172,0.081909,12930072.0
2023-02-13 09:00:00+00:00,0.081909,0.082033,0.07947,0.080559,21364607.0
2023-02-13 10:00:00+00:00,0.080559,0.080889,0.079753,0.08074,4094888.0
2023-02-13 11:00:00+00:00,0.08074,0.081323,0.080697,0.080938,4970260.0
2023-02-13 12:00:00+00:00,0.080938,0.081449,0.080878,0.081367,3503983.0
2023-02-13 13:00:00+00:00,0.081367,0.081516,0.081098,0.081334,5035782.0
2023-02-13 14:00:00+00:00,0.081334,0.081889,0.081265,0.081819,4994619.0
2023-02-13 15:00:00+00:00,0.081819,0.081847,0.080879,0.080932,6310343.0
2023-02-13 16:00:00+00:00,0.080932,0.081511,0.079906,0.080485,6518627.0
2023-02-13 17:00:00+00:00,0.080485,0.080728,0.079335,0.080137,4903672.0
2023-02-13 18:00:00+00:00,0.080137,0.08146,0.080065,0.081153,3556604.0
2023-02-13 19:00:00+00:00,0.081153,0.081427,0.080943,0.081329,1687373.0
2023-02-13 20:00:00+00:00,0.081329,0.081665,0.081116,0.081508,1302504.0
2023-02-13 21:00:00+00:00,0.081508,0.081601,0.080955,0.081266,1213048.0
2023-02-13 22:00:00+00:00,0.081266,0.081566,0.081002,0.081417,1178637.0
2023-02-13 23:00:00+00:00,0.081417,0.082245,0.08139,0.081986,3440020.0
2023-02-14 00:00:00+00:00,0.081986,0.082186,0.081612,0.081649,3139993.0
2023-02-14 01:00:00+00:00,0.081649,0.081703,0.081346,0.08145,2330060.0
2023-02-14 02:00:00+00:00,0.08145,0.0818,0.081282,0.081319,2094144.0
2023-02-14 03:00:00+00:00,0.081319,0.08167,0.081186,0.081293,1090780.0
2023-02-14 04:00:00+00:00,0.081293,0.081556,0.081057,0.081323,2563890.0
2023-02-14 05:00:00+00:00,0.081323,0.081602,0.081293,0.081511,783632.0
2023-02-14 06:00:00+00:00,0.081511,0.08184,0.081418,0.081652,1007621.0
2023-02-14 07:00:00+00:00,0.081652,0.081875,0.081549,0.08174,767401.0
2023-02-14 08:00:00+00:00,0.08174,0.081789,0.080972,0.081088,2864877.0
2023-02-14 09:00:00+00:00,0.081088,0.082083,0.081032,0.081803,1684769.0
2023-02-14 10:00:00+00:00,0.081803,0.081916,0.081461,0.081571,1639333.0
2023-02-14 11:00:00+00:00,0.081571,0.081679,0.081336,0.08153,912637.0
2023-02-14 12:00:00+00:00,0.08153,0.081752,0.081436,0.081603,1384683.0
2023-02-14 13:00:00+00:00,0.081603,0.082689,0.079954,0.082085,14040320.0
2023-02-14 14:00:00+00:00,0.082085,0.083439,0.080912,0.083081,8355630.0
2023-02-14 15:00:00+00:00,0.083081,0.08363,0.08187,0.082721,5677961.0
2023-02-14 16:00:00+00:00,0.082721,0.083021,0.082122,0.082424,2751870.0
2023-02-14 17:00:00+00:00,0.082424,0.082877,0.082349,0.082826,2439782.0
2023-02-14 18:00:00+00:00,0.082826,0.083447,0.082821,0.083387,3409565.0
2023-02-14 19:00:00+00:00,0.083387,0.083562,0.083064,0.083382,2314423.0
2023-02-14 20:00:00+00:00,0.083382,0.083504,0.083124,0.083278,1118691.0
2023-02-14 21:00:00+00:00,0.083278,0.083432,0.082888,0.083402,3116073.0
2023-02-14 22:00:00+00:00,0.083402,0.083446,0.083002,0.083125,1258932.0
2023-02-14 23:00:00+00:00,0.083125,0.083727,0.083118,0.083604,1846630.0
2023-02-15 00:00:00+00:00,0.083604,0.083882,0.082862,0.082982,2098695.0
2023-02-15 01:00:00+00:00,0.082982,0.083166,0.082806,0.082876,1082829.0
2023-02-15 02:00:00+00:00,0.082876,0.083017,0.082558,0.082662,2947604.0
2023-02-15 03:00:00+00:00,0.082662,0.087726,0.082572,0.084988,42981364.0
2023-02-15 04:00:00+00:00,0.084988,0.086056,0.08484,0.085289,17852445.0
2023-02-15 05:00:00+00:00,0.085289,0.087423,0.08524,0.086508,22562493.0
2023-02-15 06:00:00+00:00,0.086508,0.0872,0.085548,0.085949,16555213.0
2023-02-15 07:00:00+00:00,0.085949,0.086416,0.085624,0.085952,9040048.0
2023-02-15 08:00:00+00:00,0.085952,0.086406,0.085679,0.086123,7296635.0
2023-02-15 09:00:00+00:00,0.086123,0.086486,0.08604,0.08626,5716951.0
2023-02-15 10:00:00+00:00,0.08626,0.086626,0.086087,0.086164,4297483.0
2023-02-15 11:00:00+00:00,0.086164,0.086618,0.085788,0.086437,8690360.0
2023-02-15 12:00:00+00:00,0.086437,0.087226,0.086361,0.086625,10498369.0
2023-02-15 13:00:00+00:00,0.086625,0.087064,0.085958,0.086005,8178706.0
2023-02-15 14:00:00+00:00,0.086005,0.086245,0.085439,0.085751,8324707.0
2023-02-15 15:00:00+00:00,0.085751,0.086248,0.085638,0.085986,4539320.0
2023-02-15 16:00:00+00:00,0.085986,0.086189,0.08562,0.085901,3810320.0
2023-02-15 17:00:00+00:00,0.085901,0.086335,0.085736,0.086303,3471624.0
2023-02-15 18:00:00+00:00,0.086303,0.086866,0.086091,0.086581,1698622.0
2023-02-15 19:00:00+00:00,0.086581,0.087931,0.086392,0.087651,5086434.0
2023-02-15 20:00:00+00:00,0.087651,0.089087,0.087306,0.08886,6641712.0
2023-02-15 21:00:00+00:00,0.08886,0.089389,0.087856,0.088187,5172179.0
2023-02-15 22:00:00+00:00,0.088187,0.088804,0.088177,0.088487,3709930.0
2023-02-15 23:00:00+00:00,0.088487,0.089585,0.088428,0.089244,8151083.0
2023-02-16 00:00:00+00:00,0.089244,0.091028,0.088826,0.089134,12865113.0
2023-02-16 01:00:00+00:00,0.089134,0.089924,0.088978,0.089891,6970871.0
2023-02-16 02:00:00+00:00,0.089891,0.090367,0.089762,0.089816,7071477.0
2023-02-16 03:00:00+00:00,0.089816,0.090429,0.089707,0.089989,3458181.0
2023-02-16 04:00:00+00:00,0.089989,0.090136,0.089243,0.089511,4836046.0
2023-02-16 05:00:00+00:00,0.089511,0.09028,0.089435,0.090161,4539495.0
2023-02-16 06:00:00+00:00,0.090161,0.090217,0.089554,0.089598,4141037.0
2023-02-16 07:00:00+00:00,0.089598,0.089713,0.088413,0.089067,11147260.0
2023-02-16 08:00:00+00:00,0.089067,0.089127,0.088567,0.088726,1679825.0
2023-02-16 09:00:00+00:00,0.088726,0.089365,0.088653,0.089325,3788787.0
2023-02-16 10:00:00+00:00,0.089325,0.089641,0.088922,0.089018,7405520.0
2023-02-16 11:00:00+00:00,0.089018,0.089169,0.0882,0.088646,3161014.0
2023-02-16 12:00:00+00:00,0.088646,0.089063,0.088249,0.088944,1648622.0
2023-02-16 13:00:00+00:00,0.088944,0.089,0.086948,0.087425,8311451.0
2023-02-16 14:00:00+00:00,0.087425,0.087806,0.086578,0.087722,6489080.0
2023-02-16 15:00:00+00:00,0.087722,0.089228,0.087583,0.089164,7938471.0
2023-02-16 16:00:00+00:00,0.089164,0.092,0.08747,0.090433,20886037.0
2023-02-16 17:00:00+00:00,0.090433,0.090557,0.08939,0.089921,5163211.0
2023-02-16 18:00:00+00:00,0.089921,0.090264,0.0895,0.089841,5348334.0
2023-02-16 19:00:00+00:00,0.089841,0.08997,0.088542,0.088938,2849821.0
2023-02-16 20:00:00+00:00,0.088938,0.089028,0.087245,0.087775,9160567.0
2023-02-16 21:00:00+00:00,0.087775,0.087802,0.086565,0.087074,3878309.0
2023-02-16 22:00:00+00:00,0.087074,0.087444,0.0847,0.085062,25367140.0
2023-02-16 23:00:00+00:00,0.085062,0.085772,0.08461,0.084896,8433981.0
2023-02-17 00:00:00+00:00,0.084896,0.085936,0.08421,0.085857,7563395.0
2023-02-17 01:00:00+00:00,0.085857,0.086171,0.08576,0.086095,2740001.0
2023-02-17 02:00:00+00:00,0.086095,0.086184,0.085805,0.086055,1632034.0
2023-02-17 03:00:00+00:00,0.086055,0.086544,0.08605,0.086239,2702296.0
2023-02-17 04:00:00+00:00,0.086239,0.0867,0.0858,0.086079,5391255.0
2023-02-17 05:00:00+00:00,0.086079,0.086107,0.085562,0.085831,3336138.0
2023-02-17 06:00:00+00:00,0.085831,0.086276,0.085774,0.086276,2086698.0
2023-02-17 07:00:00+00:00,0.086276,0.08675,0.086112,0.08619,3821841.0
2023-02-17 08:00:00+00:00,0.08619,0.086582,0.085933,0.086577,2646553.0
2023-02-17 09:00:00+00:00,0.086577,0.086703,0.08637,0.086508,2110416.0
2023-02-17 10:00:00+00:00,0.086508,0.086848,0.086251,0.08633,4264735.0
2023-02-17 11:00:00+00:00,0.08633,0.086683,0.086256,0.08658,2305691.0
2023-02-17 12:00:00+00:00,0.08658,0.086928,0.086561,0.086811,1232448.0
2023-02-17 13:00:00+00:00,0.086811,0.086888,0.086131,0.086441,2983476.0
2023-02-17 14:00:00+00:00,0.086441,0.087407,0.085945,0.086518,7180396.0
2023-02-17 15:00:00+00:00,0.086518,0.087107,0.086501,0.086928,2596746.0
2023-03-22 23:00:00+00:00,0.073548,0.074062,0.073454,0.073853,1968508.0
2023-03-23 00:00:00+00:00,0.073853,0.074328,0.073469,0.073715,2532621.0
2023-03-23 01:00:00+00:00,0.073715,0.073858,0.072934,0.072941,3329118.0
2023-03-23 02:00:00+00:00,0.072941,0.073932,0.072888,0.073741,2988258.0
2023-03-23 03:00:00+00:00,0.073741,0.074067,0.073554,0.073597,1619073.0
2023-03-23 04:00:00+00:00,0.073597,0.073942,0.07342,0.073781,2658460.0
2023-03-23 05:00:00+00:00,0.073781,0.074799,0.073608,0.074626,2241113.0
2023-03-23 06:00:00+00:00,0.074626,0.07483,0.074449,0.074521,2909465.0
2023-03-23 07:00:00+00:00,0.074521,0.075598,0.074167,0.075311,4538725.0
2023-03-23 08:00:00+00:00,0.075311,0.075595,0.074863,0.074934,2156303.0
2023-03-23 09:00:00+00:00,0.074934,0.078022,0.074933,0.077872,19165590.0
2023-03-23 10:00:00+00:00,0.077872,0.078345,0.076753,0.077334,15664256.0
2023-03-23 11:00:00+00:00,0.077334,0.07758,0.076713,0.077518,7186148.0
2023-03-23 12:00:00+00:00,0.077518,0.07772,0.076713,0.076969,6861341.0
2023-03-23 13:00:00+00:00,0.076969,0.077052,0.075801,0.076089,7980780.0
2023-03-23 14:00:00+00:00,0.076089,0.0779,0.075711,0.077759,11275753.0
2023-03-23 15:00:00+00:00,0.077759,0.07918,0.077432,0.077877,13313802.0
2023-03-23 16:00:00+00:00,0.077877,0.078121,0.077494,0.078079,6759071.0
2023-03-23 17:00:00+00:00,0.078079,0.078462,0.077112,0.077319,7631044.0
2023-03-23 18:00:00+00:00,0.077319,0.077391,0.076052,0.07654,7128729.0
2023-03-23 19:00:00+00:00,0.07654,0.077115,0.076157,0.077033,6115608.0
2023-03-23 20:00:00+00:00,0.077033,0.077088,0.076524,0.076976,1884198.0
2023-03-23 21:00:00+00:00,0.076976,0.076994,0.076282,0.076729,1844341.0
2023-03-23 22:00:00+00:00,0.076729,0.076993,0.076568,0.076944,1680345.0
2023-03-23 23:00:00+00:00,0.076944,0.077598,0.076902,0.077377,2205410.0
2023-03-24 00:00:00+00:00,0.077377,0.077497,0.076921,0.077123,6873926.0
2023-03-24 01:00:00+00:00,0.077123,0.077395,0.076575,0.077119,8014542.0
2023-03-24 02:00:00+00:00,0.077119,0.077321,0.076481,0.076741,2598883.0
2023-03-24 03:00:00+00:00,0.076741,0.076809,0.076503,0.076585,1914996.0
2023-03-24 04:00:00+00:00,0.076585,0.076817,0.076114,0.076257,2982241.0
2023-03-24 05:00:00+00:00,0.076257,0.076765,0.076164,0.076468,2736987.0
2023-03-24 06:00:00+00:00,0.076468,0.076759,0.076395,0.076583,1503327.0
2023-03-24 07:00:00+00:00,0.076583,0.07673,0.076318,0.076567,1725135.0
2023-03-24 08:00:00+00:00,0.076567,0.076717,0.07508,0.075201,11438776.0
2023-03-24 09:00:00+00:00,0.075201,0.075672,0.074745,0.07489,6304813.0
2023-03-24 10:00:00+00:00,0.07489,0.07501,0.074419,0.07479,5685578.0
2023-03-24 11:00:00+00:00,0.07479,0.075199,0.073276,0.074018,12713422.0
2023-03-24 12:00:00+00:00,0.074018,0.075085,0.073578,0.074739,4732839.0
2023-03-24 13:00:00+00:00,0.074739,0.074832,0.07387,0.074579,8215469.0
2023-03-24 14:00:00+00:00,0.074579,0.075257,0.07391,0.074454,5833029.0
2023-03-24 15:00:00+00:00,0.074454,0.074619,0.073849,0.074502,3910189.0
2023-03-24 16:00:00+00:00,0.074502,0.074684,0.074182,0.074278,3275498.0
2023-03-24 17:00:00+00:00,0.074278,0.074383,0.072892,0.073314,6417584.0
2023-03-24 18:00:00+00:00,0.073314,0.074444,0.073217,0.074304,3514359.0
2023-03-24 19:00:00+00:00,0.074304,0.075453,0.074179,0.075385,3649368.0
2023-03-24 20:00:00+00:00,0.075385,0.075767,0.074664,0.074664,3491710.0
2023-03-24 21:00:00+00:00,0.074664,0.075255,0.074026,0.07524,5440978.0
2023-03-24 22:00:00+00:00,0.07524,0.075336,0.074536,0.074632,2948257.0
2023-03-24 23:00:00+00:00,0.074632,0.074887,0.074328,0.074491,2063273.0
2023-03-25 00:00:00+00:00,0.074491,0.075344,0.074171,0.075318,1890806.0
2023-03-25 01:00:00+00:00,0.075318,0.07535,0.074451,0.074938,1834889.0
2023-03-25 02:00:00+00:00,0.074938,0.075905,0.074907,0.075763,4358098.0
2023-03-25 03:00:00+00:00,0.075763,0.07591,0.075215,0.075569,1671035.0
2023-03-25 04:00:00+00:00,0.075569,0.075713,0.074912,0.074999,4479733.0
2023-03-25 05:00:00+00:00,0.074999,0.075223,0.074571,0.074807,4816787.0
2023-03-25 06:00:00+00:00,0.074807,0.075128,0.074281,0.074871,4983402.0
2023-03-25 07:00:00+00:00,0.074871,0.075064,0.074632,0.074712,2031564.0
2023-03-25 08:00:00+00:00,0.074712,0.074826,0.074,0.074517,2791083.0
2023-03-25 09:00:00+00:00,0.074517,0.07477,0.074124,0.074711,1605588.0
2023-03-25 10:00:00+00:00,0.074711,0.075067,0.074526,0.074872,1815925.0
2023-03-25 11:00:00+00:00,0.074872,0.075,0.074589,0.074758,2086465.0
2023-03-25 12:00:00+00:00,0.074758,0.074954,0.074544,0.07489,1120292.0
2023-03-25 13:00:00+00:00,0.07489,0.075086,0.074354,0.074837,1867485.0
2023-03-25 14:00:00+00:00,0.074837,0.075081,0.074581,0.074706,2053064.0
2023-03-25 15:00:00+00:00,0.074706,0.07552,0.074471,0.075141,3892308.0
2023-03-25 16:00:00+00:00,0.075141,0.07532,0.074884,0.074975,1780371.0
2023-03-25 17:00:00+00:00,0.074975,0.075071,0.0743,0.074429,2449380.0
2023-03-25 18:00:00+00:00,0.074429,0.074641,0.073846,0.073851,6384793.0
2023-03-25 19:00:00+00:00,0.073851,0.073859,0.072365,0.072645,7845487.0
2023-03-25 20:00:00+00:00,0.072645,0.073551,0.07256,0.073271,3665016.0
2023-03-25 21:00:00+00:00,0.073271,0.073809,0.073204,0.073458,3710918.0
2023-03-25 22:00:00+00:00,0.073458,0.073867,0.073335,0.073554,1125077.0
2023-03-25 23:00:00+00:00,0.073554,0.07402,0.073366,0.073987,2293296.0
2023-03-26 00:00:00+00:00,0.073987,0.074274,0.073651,0.07392,10495286.0
2023-03-26 01:00:00+00:00,0.07392,0.074227,0.073722,0.073989,2273454.0
2023-03-26 02:00:00+00:00,0.073989,0.074911,0.073981,0.074784,3197489.0
2023-03-26 03:00:00+00:00,0.074784,0.074833,0.074176,0.074314,3096009.0
2023-03-26 04:00:00+00:00,0.074314,0.074485,0.074183,0.074452,987847.0
2023-03-26 05:00:00+00:00,0.074452,0.074684,0.074194,0.074519,2372685.0
2023-03-26 06:00:00+00:00,0.074519,0.07463,0.07439,0.074507,991157.0
2023-03-26 07:00:00+00:00,0.074507,0.074648,0.074316,0.074416,1198396.0
2023-03-26 08:00:00+00:00,0.074416,0.074944,0.07415,0.07471,2411881.0
2023-03-26 09:00:00+00:00,0.07471,0.074859,0.074457,0.074631,1510148.0
2023-03-26 10:00:00+00:00,0.074631,0.074756,0.074493,0.074699,1231517.0
2023-03-26 11:00:00+00:00,0.074699,0.0749,0.074462,0.074832,1154155.0
2023-03-26 12:00:00+00:00,0.074832,0.075031,0.074604,0.074739,2819758.0
2023-03-26 13:00:00+00:00,0.074739,0.075329,0.074619,0.075329,5127319.0
2023-03-26 14:00:00+00:00,0.075329,0.075353,0.073948,0.074268,5114395.0
2023-03-26 15:00:00+00:00,0.074268,0.074549,0.073812,0.074024,1819095.0
2023-03-26 16:00:00+00:00,0.074024,0.074274,0.073791,0.073849,2291809.0
2023-03-26 17:00:00+00:00,0.073849,0.074488,0.073823,0.074392,1182661.0
2023-03-26 18:00:00+00:00,0.074392,0.074604,0.074145,0.074225,1640126.0
2023-03-26 19:00:00+00:00,0.074225,0.074427,0.073929,0.074072,6123778.0
2023-03-26 20:00:00+00:00,0.074072,0.074256,0.073263,0.073677,3796075.0
2023-03-26 21:00:00+00:00,0.073677,0.073913,0.073603,0.073904,3209255.0
2023-03-26 22:00:00+00:00,0.073904,0.074451,0.073799,0.074384,5716919.0
2023-03-26 23:00:00+00:00,0.074384,0.074532,0.074238,0.074269,2339356.0
2023-03-27 00:00:00+00:00,0.074269,0.074525,0.074194,0.074288,1505201.0
2023-03-27 01:00:00+00:00,0.074288,0.074368,0.073454,0.073454,3544952.0
2023-03-27 02:00:00+00:00,0.073454,0.07374,0.073117,0.073611,1608065.0
2023-03-27 03:00:00+00:00,0.073611,0.073812,0.073457,0.073612,1281033.0
2023-03-27 04:00:00+00:00,0.073612,0.07384,0.073578,0.07384,950932.0
2023-03-27 05:00:00+00:00,0.07384,0.074024,0.072926,0.073187,2966480.0
2023-03-27 06:00:00+00:00,0.073187,0.073323,0.072844,0.073281,2378028.0
2023-03-27 07:00:00+00:00,0.073281,0.073413,0.073064,0.073286,1313903.0
2023-03-27 08:00:00+00:00,0.073286,0.073568,0.073013,0.073521,5808009.0
2023-03-27 09:00:00+00:00,0.073521,0.07365,0.073244,0.073489,1718661.0
2023-03-27 10:00:00+00:00,0.073489,0.073774,0.073406,0.07366,1478932.0
2023-03-27 11:00:00+00:00,0.07366,0.073939,0.073547,0.073857,2960440.0
2023-03-27 12:00:00+00:00,0.073857,0.075603,0.0738,0.074936,22722710.0
2023-03-27 13:00:00+00:00,0.074936,0.076098,0.07472,0.074884,15007461.0
2023-03-27 14:00:00+00:00,0.074884,0.07507,0.072931,0.07294,14309691.0
2023-03-27 15:00:00+00:00,0.07294,0.072964,0.07117,0.072708,16471584.0
2023-03-27 16:00:00+00:00,0.072708,0.073167,0.072209,0.072371,2716706.0
2023-03-27 17:00:00+00:00,0.072371,0.072567,0.071896,0.071946,2882431.0
2023-03-27 18:00:00+00:00,0.071946,0.072668,0.071906,0.072476,1350271.0
2023-03-27 19:00:00+00:00,0.072476,0.072641,0.071943,0.072005,1691172.0
2023-03-27 20:00:00+00:00,0.072005,0.0725,0.071726,0.072411,1712681.0
2023-03-27 21:00:00+00:00,0.072411,0.072991,0.072298,0.072829,976536.0
2023-03-27 22:00:00+00:00,0.072829,0.072963,0.072523,0.072714,1745861.0
2023-03-27 23:00:00+00:00,0.072714,0.072928,0.072449,0.072876,1095623.0
2023-03-28 00:00:00+00:00,0.072876,0.073205,0.0722,0.07238,4290535.0
2023-03-28 01:00:00+00:00,0.07238,0.073197,0.072014,0.072605,2348558.0
2023-03-28 02:00:00+00:00,0.072605,0.072676,0.072101,0.072387,1795396.0
2023-03-28 03:00:00+00:00,0.072387,0.072491,0.071984,0.072106,1983486.0
2023-03-28 04:00:00+00:00,0.072106,0.07252,0.071938,0.072512,5087582.0
2023-03-28 05:00:00+00:00,0.072512,0.072649,0.072203,0.072635,1288458.0
2023-03-28 06:00:00+00:00,0.072635,0.072969,0.072591,0.072856,2454151.0
2023-03-28 07:00:00+00:00,0.072856,0.072975,0.072304,0.072362,2338603.0
2023-03-28 08:00:00+00:00,0.072362,0.072441,0.072081,0.072291,1298667.0
2023-03-28 09:00:00+00:00,0.072291,0.072339,0.07185,0.072074,1672003.0
2023-03-28 10:00:00+00:00,0.072074,0.072258,0.071583,0.071962,2723784.0
2023-03-28 11:00:00+00:00,0.071962,0.072877,0.071948,0.072749,1851572.0
2023-03-28 12:00:00+00:00,0.072749,0.072947,0.072063,0.072445,1700463.0
2023-03-28 13:00:00+00:00,0.072445,0.072662,0.071984,0.072368,1999054.0
2023-03-28 14:00:00+00:00,0.072368,0.072759,0.07231,0.072513,1808456.0
2023-03-28 15:00:00+00:00,0.072513,0.072801,0.072417,0.072759,2014643.0
2023-03-28 16:00:00+00:00,0.072759,0.072798,0.07208,0.072271,1108808.0
2023-03-28 17:00:00+00:00,0.072271,0.072426,0.07206,0.072279,611305.0
2023-03-28 18:00:00+00:00,0.072279,0.073322,0.072138,0.073279,1058485.0
2023-03-28 19:00:00+00:00,0.073279,0.073883,0.073096,0.073691,2942795.0
2023-03-28 20:00:00+00:00,0.073691,0.073996,0.073534,0.073612,2600532.0
2023-03-28 21:00:00+00:00,0.073612,0.07368,0.073111,0.073258,1416300.0
2023-03-28 22:00:00+00:00,0.073258,0.073478,0.07314,0.073419,1372024.0
2023-03-28 23:00:00+00:00,0.073419,0.073967,0.073417,0.073733,1271268.0
2023-03-29 00:00:00+00:00,0.073733,0.073909,0.073441,0.073523,1290802.0
2023-03-29 01:00:00+00:00,0.073523,0.074185,0.073517,0.07379,3727748.0
2023-03-29 02:00:00+00:00,0.07379,0.074094,0.073723,0.074002,1548939.0
2023-03-29 03:00:00+00:00,0.074002,0.074095,0.073819,0.073878,1310515.0
2023-03-29 04:00:00+00:00,0.073878,0.074831,0.07386,0.074805,2703079.0
2023-03-29 05:00:00+00:00,0.074805,0.075526,0.074672,0.074957,4420518.0
2023-03-29 06:00:00+00:00,0.074957,0.076076,0.074802,0.075721,6612999.0
2023-03-29 07:00:00+00:00,0.075721,0.076408,0.075439,0.076184,8912923.0
2023-03-29 08:00:00+00:00,0.076184,0.076808,0.076026,0.076543,8260927.0
2023-03-29 09:00:00+00:00,0.076543,0.076723,0.076038,0.076098,3826126.0
2023-03-29 10:00:00+00:00,0.076098,0.0762,0.075792,0.075894,2126532.0
2023-03-29 11:00:00+00:00,0.075894,0.07606,0.075547,0.075928,1602622.0
2023-03-29 12:00:00+00:00,0.075928,0.076266,0.075535,0.075895,7014616.0
2023-03-29 13:00:00+00:00,0.075895,0.076136,0.07553,0.075893,4013101.0
2023-03-29 14:00:00+00:00,0.075893,0.076087,0.075089,0.075301,6935938.0
2023-03-29 15:00:00+00:00,0.075301,0.075897,0.07497,0.075785,1820038.0
2023-03-29 16:00:00+00:00,0.075785,0.075785,0.07509,0.075116,3409953.0
2023-03-29 17:00:00+00:00,0.075116,0.075772,0.0751,0.075656,1924166.0
2023-03-29 18:00:00+00:00,0.075656,0.075945,0.075401,0.075889,874026.0
2023-03-29 19:00:00+00:00,0.075889,0.076102,0.075718,0.075882,1613090.0
2023-03-29 20:00:00+00:00,0.075882,0.07603,0.075665,0.075934,4510789.0
2023-03-29 21:00:00+00:00,0.075934,0.076148,0.0757,0.0757,6121361.0
2023-03-29 22:00:00+00:00,0.0757,0.075821,0.075117,0.075764,4041376.0
2023-03-29 23:00:00+00:00,0.075764,0.076083,0.075389,0.075541,3759557.0
2023-03-30 00:00:00+00:00,0.075541,0.075788,0.074478,0.074919,4596233.0
2023-03-30 01:00:00+00:00,0.074919,0.075182,0.07452,0.07487,3773139.0
2023-03-30 02:00:00+00:00,0.07487,0.076843,0.074804,0.076158,10129064.0
2023-03-30 03:00:00+00:00,0.076158,0.076318,0.073888,0.075016,11063274.0
2023-03-30 04:00:00+00:00,0.075016,0.075397,0.074827,0.075092,1579795.0
2023-03-30 05:00:00+00:00,0.075092,0.075334,0.07496,0.075278,1455191.0
2023-03-30 06:00:00+00:00,0.075278,0.075611,0.07497,0.075155,1788489.0
2023-03-30 07:00:00+00:00,0.075155,0.075469,0.074975,0.075346,795711.0
2023-03-30 08:00:00+00:00,0.075346,0.075442,0.074762,0.074766,1217452.0
2023-03-30 09:00:00+00:00,0.074766,0.07496,0.074379,0.074892,4474557.0
2023-03-30 10:00:00+00:00,0.074892,0.075052,0.074647,0.075007,1498486.0
2023-03-30 11:00:00+00:00,0.075007,0.075266,0.074922,0.075111,882068.0
2023-03-30 12:00:00+00:00,0.075111,0.075162,0.074717,0.075013,2552020.0
2023-03-30 13:00:00+00:00,0.075013,0.075139,0.074669,0.074717,1603533.0
2023-03-30 14:00:00+00:00,0.074717,0.074896,0.074294,0.074778,2242485.0
2023-03-30 15:00:00+00:00,0.074778,0.075007,0.0745,0.074765,1692683.0
2023-03-30 16:00:00+00:00,0.074765,0.074789,0.074111,0.074501,2824739.0
2023-03-30 17:00:00+00:00,0.074501,0.074687,0.073235,0.073595,17365587.0
2023-03-30 18:00:00+00:00,0.073595,0.074255,0.073521,0.074255,4112694.0
2023-03-30 19:00:00+00:00,0.074255,0.074436,0.074177,0.074361,669805.0
2023-03-30 20:00:00+00:00,0.074361,0.074694,0.074134,0.07467,733801.0
2023-03-30 21:00:00+00:00,0.07467,0.07471,0.074,0.074177,1557770.0
2023-03-30 22:00:00+00:00,0.074177,0.074492,0.073708,0.073724,1784591.0
2023-03-30 23:00:00+00:00,0.073724,0.074224,0.073588,0.074175,1416004.0
2023-03-31 00:00:00+00:00,0.074175,0.07466,0.073959,0.074579,1707784.0
2023-03-31 01:00:00+00:00,0.074579,0.075053,0.07452,0.074744,2893435.0
2023-03-31 02:00:00+00:00,0.074744,0.074882,0.074596,0.074661,1866672.0
2023-03-31 03:00:00+00:00,0.074661,0.074806,0.07455,0.074666,1357928.0
2023-03-31 04:00:00+00:00,0.074666,0.074818,0.074483,0.074778,1681215.0
2023-03-31 05:00:00+00:00,0.074778,0.074817,0.074134,0.074333,2332942.0
2023-03-31 06:00:00+00:00,0.074333,0.074674,0.074214,0.074569,1719434.0
2023-05-03 14:00:00+00:00,0.077742,0.077779,0.0773,0.077401,3105809.0
2023-05-03 15:00:00+00:00,0.077401,0.077664,0.0772,0.077648,1604181.0
2023-05-03 16:00:00+00:00,0.077648,0.077884,0.077559,0.077872,1461208.0
2023-05-03 17:00:00+00:00,0.077872,0.078199,0.077441,0.077834,2570321.0
2023-05-03 18:00:00+00:00,0.077834,0.078542,0.07758,0.07817,11037768.0
2023-05-03 19:00:00+00:00,0.07817,0.078445,0.077631,0.077659,2773058.0
2023-05-03 20:00:00+00:00,0.077659,0.078261,0.07761,0.078149,2355639.0
2023-05-03 21:00:00+00:00,0.078149,0.079261,0.078146,0.079046,6944235.0
2023-05-03 22:00:00+00:00,0.079046,0.080598,0.079046,0.080305,7837820.0
2023-05-03 23:00:00+00:00,0.080305,0.080381,0.079483,0.07956,4411996.0
2023-05-04 00:00:00+00:00,0.07956,0.079658,0.079343,0.079578,2565043.0
2023-05-04 01:00:00+00:00,0.079578,0.079662,0.07934,0.079485,2708640.0
2023-05-04 02:00:00+00:00,0.079485,0.079657,0.079185,0.079367,2287205.0
2023-05-04 03:00:00+00:00,0.079367,0.079429,0.079061,0.079386,1531803.0
2023-05-04 04:00:00+00:00,0.079386,0.079433,0.079234,0.079267,1200580.0
2023-05-04 05:00:00+00:00,0.079267,0.07945,0.079201,0.079386,1573072.0
2023-05-04 06:00:00+00:00,0.079386,0.079491,0.079201,0.079356,1010210.0
2023-05-04 07:00:00+00:00,0.079356,0.079377,0.079083,0.079188,925060.0
2023-05-04 08:00:00+00:00,0.079188,0.079263,0.079003,0.079126,1593521.0
2023-05-04 09:00:00+00:00,0.079126,0.079167,0.078925,0.0791,1823247.0
2023-05-04 10:00:00+00:00,0.0791,0.079495,0.078977,0.079278,4925376.0
2023-05-04 11:00:00+00:00,0.079278,0.079288,0.078827,0.078887,2008465.0
2023-05-04 12:00:00+00:00,0.078887,0.079068,0.078575,0.078625,5710188.0
2023-05-04 13:00:00+00:00,0.078625,0.078798,0.077893,0.077903,6827489.0
2023-05-04 14:00:00+00:00,0.077903,0.078279,0.077875,0.078126,4363428.0
2023-05-04 15:00:00+00:00,0.078126,0.078438,0.07809,0.078124,3051265.0
2023-05-04 16:00:00+00:00,0.078124,0.07842,0.078011,0.078409,897461.0
2023-05-04 17:00:00+00:00,0.078409,0.078503,0.078065,0.078198,8241959.0
2023-05-04 18:00:00+00:00,0.078198,0.079297,0.078045,0.078385,20587491.0
2023-05-04 19:00:00+00:00,0.078385,0.078551,0.078255,0.078457,1747570.0
2023-05-04 20:00:00+00:00,0.078457,0.07847,0.078129,0.078332,1334020.0
2023-05-04 21:00:00+00:00,0.078332,0.078358,0.078121,0.078188,1140234.0
2023-05-04 22:00:00+00:00,0.078188,0.078231,0.078025,0.078117,1353196.0
2023-05-04 23:00:00+00:00,0.078117,0.078463,0.078095,0.078307,2470985.0
2023-05-05 00:00:00+00:00,0.078307,0.078429,0.078225,0.078246,846265.0
2023-05-05 01:00:00+00:00,0.078246,0.078992,0.078088,0.078799,4704573.0
2023-05-05 02:00:00+00:00,0.078799,0.079157,0.078553,0.078729,4460124.0
2023-05-05 03:00:00+00:00,0.078729,0.078835,0.0784,0.078449,1510394.0
2023-05-05 04:00:00+00:00,0.078449,0.078765,0.078449,0.078699,883845.0
2023-05-05 05:00:00+00:00,0.078699,0.078746,0.078375,0.078549,1680358.0
2023-05-05 06:00:00+00:00,0.078549,0.078772,0.0785,0.078585,1024692.0
2023-05-05 07:00:00+00:00,0.078585,0.078813,0.07845,0.078627,1770224.0
2023-05-05 08:00:00+00:00,0.078627,0.07865,0.078384,0.078447,1352966.0
2023-05-05 09:00:00+00:00,0.078447,0.078683,0.078402,0.078524,1327750.0
2023-05-05 10:00:00+00:00,0.078524,0.078615,0.078433,0.078563,945445.0
2023-05-05 11:00:00+00:00,0.078563,0.078674,0.078431,0.078523,1236083.0
2023-05-05 12:00:00+00:00,0.078523,0.078694,0.076911,0.07782,15287151.0
2023-05-05 13:00:00+00:00,0.07782,0.078592,0.07768,0.078458,6278773.0
2023-05-05 14:00:00+00:00,0.078458,0.078978,0.078396,0.078666,4561428.0
2023-05-05 15:00:00+00:00,0.078666,0.078778,0.078185,0.078509,2690221.0
2023-05-05 16:00:00+00:00,0.078509,0.079423,0.078509,0.079285,6972981.0
2023-05-05 17:00:00+00:00,0.079285,0.079415,0.079099,0.079167,2085545.0
2023-05-05 18:00:00+00:00,0.079167,0.079341,0.07879,0.079106,3466672.0
2023-05-05 19:00:00+00:00,0.079106,0.079357,0.079048,0.079315,884048.0
2023-05-05 20:00:00+00:00,0.079315,0.07935,0.079071,0.07913,2118722.0
2023-05-05 21:00:00+00:00,0.07913,0.079725,0.079083,0.079505,2574884.0
2023-05-05 22:00:00+00:00,0.079505,0.081406,0.079462,0.080321,17496852.0
2023-05-05 23:00:00+00:00,0.080321,0.080337,0.079973,0.080102,4586663.0
2023-05-06 00:00:00+00:00,0.080102,0.080423,0.079776,0.080129,3903483.0
2023-05-06 01:00:00+00:00,0.080129,0.080271,0.079371,0.079434,2692490.0
2023-05-06 02:00:00+00:00,0.079434,0.079445,0.07872,0.078825,5106209.0
2023-05-06 03:00:00+00:00,0.078825,0.079124,0.078723,0.079033,1782075.0
2023-05-06 04:00:00+00:00,0.079033,0.079215,0.078944,0.079091,1029795.0
2023-05-06 05:00:00+00:00,0.079091,0.0792,0.078731,0.07887,1490887.0
2023-05-06 06:00:00+00:00,0.07887,0.079024,0.078694,0.078884,3991725.0
2023-05-06 07:00:00+00:00,0.078884,0.079113,0.078601,0.078687,3653914.0
2023-05-06 08:00:00+00:00,0.078687,0.078706,0.0776,0.078046,8408444.0
2023-05-06 09:00:00+00:00,0.078046,0.078089,0.077875,0.077902,1412946.0
2023-05-06 10:00:00+00:00,0.077902,0.078129,0.077558,0.077786,1478975.0
2023-05-06 11:00:00+00:00,0.077786,0.078071,0.077647,0.078037,1056392.0
2023-05-06 12:00:00+00:00,0.078037,0.07804,0.077391,0.077717,4503102.0
2023-05-06 13:00:00+00:00,0.077717,0.077717,0.07677,0.077072,7052363.0
2023-05-06 14:00:00+00:00,0.077072,0.077072,0.075646,0.076418,15933845.0
2023-05-06 15:00:00+00:00,0.076418,0.07664,0.076009,0.076363,2598193.0
2023-05-06 16:00:00+00:00,0.076363,0.076814,0.07628,0.076754,985646.0
2023-05-06 17:00:00+00:00,0.076754,0.076974,0.076605,0.076816,1007399.0
2023-05-06 18:00:00+00:00,0.076816,0.077445,0.076748,0.077185,2971151.0
2023-05-06 19:00:00+00:00,0.077185,0.077304,0.076841,0.076908,1426535.0
2023-05-06 20:00:00+00:00,0.076908,0.077055,0.076785,0.07695,3146982.0
2023-05-06 21:00:00+00:00,0.07695,0.077042,0.076605,0.076938,1256405.0
2023-05-06 22:00:00+00:00,0.076938,0.076956,0.076549,0.07659,1361122.0
2023-05-06 23:00:00+00:00,0.07659,0.076767,0.076426,0.076678,1853311.0
2023-05-07 00:00:00+00:00,0.076678,0.076899,0.076576,0.076881,2529722.0
2023-05-07 01:00:00+00:00,0.076881,0.077136,0.076465,0.076654,2095696.0
2023-05-07 02:00:00+00:00,0.076654,0.076785,0.076393,0.07643,723895.0
2023-05-07 03:00:00+00:00,0.07643,0.076701,0.076346,0.07666,641322.0
2023-05-07 04:00:00+00:00,0.07666,0.076834,0.076644,0.076692,549998.0
2023-05-07 05:00:00+00:00,0.076692,0.076878,0.076618,0.076798,386670.0
2023-05-07 06:00:00+00:00,0.076798,0.076933,0.076701,0.076857,559036.0
2023-05-07 07:00:00+00:00,0.076857,0.07694,0.076759,0.076915,1080250.0
2023-05-07 08:00:00+00:00,0.076915,0.077049,0.076792,0.076871,829488.0
2023-05-07 09:00:00+00:00,0.076871,0.076989,0.076769,0.076871,769110.0
2023-05-07 10:00:00+00:00,0.076871,0.077027,0.076703,0.077007,3338408.0
2023-05-07 11:00:00+00:00,0.077007,0.077029,0.076701,0.076781,6311114.0
2023-05-07 12:00:00+00:00,0.076781,0.076921,0.076679,0.0767,2041565.0
2023-05-07 13:00:00+00:00,0.0767,0.077001,0.076625,0.076887,1046788.0
2023-05-07 14:00:00+00:00,0.076887,0.077386,0.076867,0.077237,2548189.0
2023-05-07 15:00:00+00:00,0.077237,0.077263,0.076952,0.077187,1287378.0
2023-05-07 16:00:00+00:00,0.077187,0.077419,0.076839,0.077149,2450402.0
2023-05-07 17:00:00+00:00,0.077149,0.077349,0.07696,0.07702,1107037.0
2023-05-07 18:00:00+00:00,0.07702,0.07725,0.076847,0.076847,852192.0
2023-05-07 19:00:00+00:00,0.076847,0.07711,0.076663,0.077037,2382425.0
2023-05-07 20:00:00+00:00,0.077037,0.077208,0.077036,0.077104,678590.0
2023-05-07 21:00:00+00:00,0.077104,0.07723,0.076803,0.076897,1840073.0
2023-05-07 22:00:00+00:00,0.076897,0.077073,0.0766,0.076981,2783778.0
2023-05-07 23:00:00+00:00,0.076981,0.077437,0.076112,0.076453,4267168.0
2023-05-08 00:00:00+00:00,0.076453,0.076929,0.07607,0.076928,1934715.0
2023-05-08 01:00:00+00:00,0.076928,0.077,0.0732,0.074562,30086742.0
2023-05-08 02:00:00+00:00,0.074562,0.075181,0.074282,0.075142,4409420.0
2023-05-08 03:00:00+00:00,0.075142,0.075332,0.074805,0.075211,3213828.0
2023-05-08 04:00:00+00:00,0.075211,0.075265,0.0745,0.074593,1723625.0
2023-05-08 05:00:00+00:00,0.074593,0.074991,0.074512,0.074955,1284107.0
2023-05-08 06:00:00+00:00,0.074955,0.074955,0.074386,0.074504,1484196.0
2023-05-08 07:00:00+00:00,0.074504,0.074625,0.073683,0.074376,5152329.0
2023-05-08 08:00:00+00:00,0.074376,0.074546,0.074001,0.074213,2764492.0
2023-05-08 09:00:00+00:00,0.074213,0.07472,0.074136,0.074689,2481392.0
2023-05-08 10:00:00+00:00,0.074689,0.074849,0.074557,0.074798,969468.0
2023-05-08 11:00:00+00:00,0.074798,0.075047,0.074737,0.07489,2265794.0
2023-05-08 12:00:00+00:00,0.07489,0.075027,0.074497,0.074624,1546098.0
2023-05-08 13:00:00+00:00,0.074624,0.074944,0.074297,0.074352,2084704.0
2023-05-08 14:00:00+00:00,0.074352,0.074714,0.073959,0.074634,2593476.0
2023-05-08 15:00:00+00:00,0.074634,0.074841,0.074352,0.07438,3762818.0
2023-05-08 16:00:00+00:00,0.07438,0.074479,0.073512,0.073665,2320824.0
2023-05-08 17:00:00+00:00,0.073665,0.073675,0.071204,0.071204,16582448.0
2023-05-08 18:00:00+00:00,0.071204,0.07203,0.0696,0.071664,30266474.0
2023-05-08 19:00:00+00:00,0.071664,0.072164,0.071502,0.071824,2039293.0
2023-05-08 20:00:00+00:00,0.071824,0.072251,0.071697,0.07177,2011900.0
2023-05-08 21:00:00+00:00,0.07177,0.072141,0.071413,0.071839,2611451.0
2023-05-08 22:00:00+00:00,0.071839,0.072168,0.071792,0.072164,4032820.0
2023-05-08 23:00:00+00:00,0.072164,0.072351,0.072048,0.072316,1494843.0
2023-05-09 00:00:00+00:00,0.072316,0.072407,0.072093,0.07228,650137.0
2023-05-09 01:00:00+00:00,0.07228,0.072776,0.072182,0.072506,2490604.0
2023-05-09 02:00:00+00:00,0.072506,0.072515,0.072027,0.072391,745067.0
2023-05-09 03:00:00+00:00,0.072391,0.072477,0.07222,0.072413,374535.0
2023-05-09 04:00:00+00:00,0.072413,0.072688,0.072361,0.072621,731066.0
2023-05-09 05:00:00+00:00,0.072621,0.072818,0.072511,0.072705,1831320.0
2023-05-09 06:00:00+00:00,0.072705,0.072711,0.072043,0.072186,2377616.0
2023-05-09 07:00:00+00:00,0.072186,0.072798,0.072032,0.072746,4000857.0
2023-05-09 08:00:00+00:00,0.072746,0.072756,0.07223,0.072354,1348953.0
2023-05-09 09:00:00+00:00,0.072354,0.072534,0.072189,0.072477,918278.0
2023-05-09 10:00:00+00:00,0.072477,0.072753,0.072362,0.072687,2203398.0
2023-05-09 11:00:00+00:00,0.072687,0.072936,0.072513,0.072885,2234689.0
2023-05-09 12:00:00+00:00,0.072885,0.073118,0.072759,0.073113,2649518.0
2023-05-09 13:00:00+00:00,0.073113,0.073232,0.072622,0.072871,3317693.0
2023-05-09 14:00:00+00:00,0.072871,0.073028,0.072619,0.072849,840894.0
2023-05-09 15:00:00+00:00,0.072849,0.073025,0.072361,0.072464,3728320.0
2023-05-09 16:00:00+00:00,0.072464,0.073208,0.072239,0.073035,9868724.0
2023-05-09 17:00:00+00:00,0.073035,0.073184,0.072625,0.072688,2950260.0
2023-05-09 18:00:00+00:00,0.072688,0.072862,0.072428,0.072613,507365.0
2023-05-09 19:00:00+00:00,0.072613,0.072906,0.072518,0.072894,492069.0
2023-05-09 20:00:00+00:00,0.072894,0.073073,0.072562,0.072652,3299468.0
2023-05-09 21:00:00+00:00,0.072652,0.072935,0.07256,0.072605,1461273.0
2023-05-09 22:00:00+00:00,0.072605,0.072841,0.0726,0.07283,450554.0
2023-05-09 23:00:00+00:00,0.07283,0.073097,0.07282,0.073015,2253685.0
2023-05-10 00:00:00+00:00,0.073015,0.073218,0.072889,0.073098,1765592.0
2023-05-10 01:00:00+00:00,0.073098,0.073448,0.073034,0.073171,1353609.0
2023-05-10 02:00:00+00:00,0.073171,0.073297,0.07302,0.073027,1370978.0
2023-05-10 03:00:00+00:00,0.073027,0.073228,0.07302,0.073107,1071911.0
2023-05-10 04:00:00+00:00,0.073107,0.073348,0.07303,0.073319,2257327.0
2023-05-10 05:00:00+00:00,0.073319,0.073402,0.073038,0.073064,1442249.0
2023-05-10 06:00:00+00:00,0.073064,0.073076,0.072839,0.073029,1563149.0
2023-05-10 07:00:00+00:00,0.073029,0.073191,0.072769,0.072793,3604362.0
2023-05-10 08:00:00+00:00,0.072793,0.072879,0.07265,0.072782,1852809.0
2023-05-10 09:00:00+00:00,0.072782,0.072843,0.072534,0.072666,906014.0
2023-05-10 10:00:00+00:00,0.072666,0.072789,0.072433,0.072624,1813643.0
2023-05-10 11:00:00+00:00,0.072624,0.072827,0.072529,0.07282,2489267.0
2023-05-10 12:00:00+00:00,0.07282,0.074308,0.072412,0.074067,15610193.0
2023-05-10 13:00:00+00:00,0.074067,0.074628,0.073851,0.074058,7084471.0
2023-05-10 14:00:00+00:00,0.074058,0.074218,0.073665,0.073811,3443130.0
2023-05-10 15:00:00+00:00,0.073811,0.074085,0.073617,0.073872,2213513.0
2023-05-10 16:00:00+00:00,0.073872,0.074128,0.073737,0.07377,3670985.0
2023-05-10 17:00:00+00:00,0.07377,0.073837,0.07031,0.072004,30467747.0
2023-05-10 18:00:00+00:00,0.072004,0.072555,0.0716,0.072475,6137441.0
2023-05-10 19:00:00+00:00,0.072475,0.073802,0.07241,0.07323,5367162.0
2023-05-10 20:00:00+00:00,0.07323,0.073809,0.073165,0.073638,2757560.0
2023-05-10 21:00:00+00:00,0.073638,0.073783,0.072669,0.072776,5218855.0
2023-05-10 22:00:00+00:00,0.072776,0.073292,0.072763,0.073258,2055080.0
2023-05-10 23:00:00+00:00,0.073258,0.0734,0.07297,0.073045,1330751.0
2023-05-11 00:00:00+00:00,0.073045,0.073088,0.072364,0.072487,3432000.0
2023-05-11 01:00:00+00:00,0.072487,0.072808,0.072444,0.072625,1110618.0
2023-05-11 02:00:00+00:00,0.072625,0.072686,0.07237,0.072632,1878982.0
2023-05-11 03:00:00+00:00,0.072632,0.072645,0.0722,0.072381,2442220.0
2023-05-11 04:00:00+00:00,0.072381,0.07273,0.0723,0.072671,3841052.0
2023-05-11 05:00:00+00:00,0.072671,0.072728,0.072304,0.072714,1972331.0
2023-05-11 06:00:00+00:00,0.072714,0.072734,0.072302,0.072416,1764200.0
2023-05-11 07:00:00+00:00,0.072416,0.072624,0.072241,0.072293,992034.0
2023-05-11 08:00:00+00:00,0.072293,0.072296,0.071229,0.07153,5547217.0
2023-05-11 09:00:00+00:00,0.07153,0.071887,0.071471,0.071725,1455697.0
2023-05-11 10:00:00+00:00,0.071725,0.071958,0.07168,0.07184,2097187.0
2023-05-11 11:00:00+00:00,0.07184,0.072033,0.071718,0.071814,1251470.0
2023-05-11 12:00:00+00:00,0.071814,0.072393,0.07147,0.071526,7834366.0
2023-05-11 13:00:00+00:00,0.071526,0.071683,0.071025,0.071361,10898960.0
2023-05-11 14:00:00+00:00,0.071361,0.071428,0.070274,0.070846,8239019.0
2023-05-11 15:00:00+00:00,0.070846,0.071047,0.070556,0.070763,1340108.0
2023-05-11 16:00:00+00:00,0.070763,0.071591,0.070654,0.070765,12362744.0
2023-05-11 17:00:00+00:00,0.070765,0.070893,0.068964,0.069877,8619083.0
2023-05-11 18:00:00+00:00,0.069877,0.07022,0.069221,0.070056,1585090.0
2023-05-11 19:00:00+00:00,0.070056,0.070365,0.069125,0.070267,8257616.0
2023-05-11 20:00:00+00:00,0.070267,0.070797,0.07016,0.070748,2909245.0
2023-05-11 21:00:00+00:00,0.070748,0.071466,0.070743,0.071416,1500985.0
2023-06-14 05:00:00+00:00,0.061819,0.061874,0.061567,0.061589,1906846.0
2023-06-14 06:00:00+00:00,0.061589,0.061839,0.061577,0.06177,508758.0
2023-06-14 07:00:00+00:00,0.06177,0.061832,0.061546,0.061679,1084486.0
2023-06-14 08:00:00+00:00,0.061679,0.061859,0.061597,0.061806,1114207.0
2023-06-14 09:00:00+00:00,0.061806,0.061908,0.061686,0.061837,1294621.0
2023-06-14 10:00:00+00:00,0.061837,0.061901,0.061607,0.061835,9924284.0
2023-06-14 11:00:00+00:00,0.061835,0.062024,0.061811,0.061908,1150952.0
2023-06-14 12:00:00+00:00,0.061908,0.062029,0.06178,0.06199,1070881.0
2023-06-14 13:00:00+00:00,0.06199,0.06203,0.06157,0.061678,1943751.0
2023-06-14 14:00:00+00:00,0.061678,0.061887,0.061622,0.061811,1134950.0
2023-06-14 15:00:00+00:00,0.061811,0.061899,0.061643,0.06175,1249378.0
2023-06-14 16:00:00+00:00,0.06175,0.061962,0.061688,0.061787,3749019.0
2023-06-14 17:00:00+00:00,0.061787,0.061941,0.061612,0.061904,15468145.0
2023-06-14 18:00:00+00:00,0.061904,0.062016,0.060854,0.061661,5957020.0
2023-06-14 19:00:00+00:00,0.061661,0.0619,0.061342,0.061359,4730127.0
2023-06-14 20:00:00+00:00,0.061359,0.061411,0.058082,0.058836,58318790.0
2023-06-14 21:00:00+00:00,0.058836,0.059859,0.058614,0.059761,5510903.0
2023-06-14 22:00:00+00:00,0.059761,0.059942,0.059632,0.059942,1725116.0
2023-06-14 23:00:00+00:00,0.059942,0.060426,0.059868,0.06031,2311731.0
2023-06-15 00:00:00+00:00,0.06031,0.06034,0.060056,0.060203,3083469.0
2023-06-15 01:00:00+00:00,0.060203,0.060229,0.059694,0.05986,3244375.0
2023-06-15 02:00:00+00:00,0.05986,0.060099,0.059829,0.059948,1006977.0
2023-06-15 03:00:00+00:00,0.059948,0.060182,0.059927,0.060122,505990.0
2023-06-15 04:00:00+00:00,0.060122,0.060264,0.05985,0.060126,926500.0
2023-06-15 05:00:00+00:00,0.060126,0.060156,0.059758,0.060054,1139067.0
2023-06-15 06:00:00+00:00,0.060054,0.060163,0.059757,0.059836,2777452.0
2023-06-15 07:00:00+00:00,0.059836,0.060228,0.05969,0.060139,5230441.0
2023-06-15 08:00:00+00:00,0.060139,0.060319,0.059996,0.060062,2501186.0
2023-06-15 09:00:00+00:00,0.060062,0.061683,0.060019,0.060838,8730927.0
2023-06-15 10:00:00+00:00,0.060838,0.06095,0.060595,0.060914,3733387.0
2023-06-15 11:00:00+00:00,0.060914,0.061039,0.060413,0.061005,2997087.0
2023-06-15 12:00:00+00:00,0.061005,0.061306,0.060804,0.061036,2527296.0
2023-06-15 13:00:00+00:00,0.061036,0.061668,0.060867,0.061369,4203480.0
2023-06-15 14:00:00+00:00,0.061369,0.061661,0.061046,0.061093,5680165.0
2023-06-15 15:00:00+00:00,0.061093,0.061306,0.0609,0.060964,2609087.0
2023-06-15 16:00:00+00:00,0.060964,0.061011,0.060727,0.060788,2034732.0
2023-06-15 17:00:00+00:00,0.060788,0.061071,0.060412,0.061015,2130334.0
2023-06-15 18:00:00+00:00,0.061015,0.061639,0.060869,0.06157,2773629.0
2023-06-15 19:00:00+00:00,0.06157,0.061813,0.061383,0.06152,2510512.0
2023-06-15 20:00:00+00:00,0.06152,0.061743,0.06104,0.061689,1701589.0
2023-06-15 21:00:00+00:00,0.061689,0.061916,0.061486,0.061495,1815671.0
2023-06-15 22:00:00+00:00,0.061495,0.061629,0.061482,0.061531,1935020.0
2023-06-15 23:00:00+00:00,0.061531,0.061572,0.061387,0.061469,1350386.0
2023-06-16 00:00:00+00:00,0.061469,0.061569,0.061097,0.061456,3838715.0
2023-06-16 01:00:00+00:00,0.061456,0.061761,0.061357,0.061739,1558331.0
2023-06-16 02:00:00+00:00,0.061739,0.061753,0.061498,0.061562,3200482.0
2023-06-16 03:00:00+00:00,0.061562,0.061753,0.061545,0.061681,2330543.0
2023-06-16 04:00:00+00:00,0.061681,0.06185,0.061624,0.061634,1755386.0
2023-06-16 05:00:00+00:00,0.061634,0.062043,0.061607,0.061856,12686456.0
2023-06-16 06:00:00+00:00,0.061856,0.061952,0.061791,0.061831,959338.0
2023-06-16 07:00:00+00:00,0.061831,0.061837,0.061605,0.06161,3416168.0
2023-06-16 08:00:00+00:00,0.06161,0.061909,0.061602,0.061678,4260130.0
2023-06-16 09:00:00+00:00,0.061678,0.061832,0.061607,0.061697,1870121.0
2023-06-16 10:00:00+00:00,0.061697,0.061786,0.061536,0.061616,2580362.0
2023-06-16 11:00:00+00:00,0.061616,0.06164,0.060865,0.061352,13480815.0
2023-06-16 12:00:00+00:00,0.061352,0.061567,0.061217,0.061393,1956868.0
2023-06-16 13:00:00+00:00,0.061393,0.061483,0.061074,0.061165,923964.0
2023-06-16 14:00:00+00:00,0.061165,0.061783,0.060644,0.061588,4251829.0
2023-06-16 15:00:00+00:00,0.061588,0.061789,0.061195,0.061736,7776673.0
2023-06-16 16:00:00+00:00,0.061736,0.061756,0.061402,0.061684,4487338.0
2023-06-16 17:00:00+00:00,0.061684,0.062063,0.06158,0.062023,5240813.0
2023-06-16 18:00:00+00:00,0.062023,0.062752,0.06194,0.062252,10100011.0
2023-06-16 19:00:00+00:00,0.062252,0.062359,0.06202,0.062248,1317191.0
2023-06-16 20:00:00+00:00,0.062248,0.062503,0.062148,0.062447,2902034.0
2023-06-16 21:00:00+00:00,0.062447,0.062513,0.061675,0.061739,6366092.0
2023-06-16 22:00:00+00:00,0.061739,0.062113,0.061739,0.062092,1050283.0
2023-06-16 23:00:00+00:00,0.062092,0.062132,0.061993,0.062123,503411.0
2023-06-17 00:00:00+00:00,0.062123,0.062144,0.06186,0.06196,633211.0
2023-06-17 01:00:00+00:00,0.06196,0.06211,0.061757,0.061819,1425574.0
2023-06-17 02:00:00+00:00,0.061819,0.062038,0.061766,0.062006,1316592.0
2023-06-17 03:00:00+00:00,0.062006,0.062095,0.061677,0.061896,2113741.0
2023-06-17 04:00:00+00:00,0.061896,0.062021,0.061798,0.062004,1087918.0
2023-06-17 05:00:00+00:00,0.062004,0.062941,0.061967,0.062767,7992630.0
2023-06-17 06:00:00+00:00,0.062767,0.062816,0.062427,0.06244,3590631.0
2023-06-17 07:00:00+00:00,0.06244,0.062631,0.062417,0.062473,1233901.0
2023-06-17 08:00:00+00:00,0.062473,0.06258,0.06243,0.06256,1672597.0
2023-06-17 09:00:00+00:00,0.06256,0.062718,0.06253,0.062598,3358986.0
2023-06-17 10:00:00+00:00,0.062598,0.062671,0.062567,0.062624,1014193.0
2023-06-17 11:00:00+00:00,0.062624,0.062626,0.062214,0.062388,3943308.0
2023-06-17 12:00:00+00:00,0.062388,0.062436,0.062179,0.062367,6214980.0
2023-06-17 13:00:00+00:00,0.062367,0.062474,0.062313,0.062314,2956095.0
2023-06-17 14:00:00+00:00,0.062314,0.062349,0.062018,0.062138,2056568.0
2023-06-17 15:00:00+00:00,0.062138,0.062292,0.061791,0.062157,9236447.0
2023-06-17 16:00:00+00:00,0.062157,0.062361,0.062026,0.06229,2583351.0
2023-06-17 17:00:00+00:00,0.06229,0.062324,0.061934,0.062022,968200.0
2023-06-17 18:00:00+00:00,0.062022,0.06229,0.061988,0.062263,561224.0
2023-06-17 19:00:00+00:00,0.062263,0.062283,0.062011,0.06207,691447.0
2023-06-17 20:00:00+00:00,0.06207,0.062208,0.061964,0.062141,518195.0
2023-06-17 21:00:00+00:00,0.062141,0.06221,0.062067,0.062133,522555.0
2023-06-17 22:00:00+00:00,0.062133,0.062323,0.062128,0.062215,1425036.0
2023-06-17 23:00:00+00:00,0.062215,0.062251,0.062113,0.062127,995529.0
2023-06-18 00:00:00+00:00,0.062127,0.062171,0.061062,0.061724,8729695.0
2023-06-18 01:00:00+00:00,0.061724,0.061935,0.061701,0.061912,1342189.0
2023-06-18 02:00:00+00:00,0.061912,0.061918,0.061645,0.061729,582825.0
2023-06-18 03:00:00+00:00,0.061729,0.061903,0.061717,0.061818,887899.0
2023-06-18 04:00:00+00:00,0.061818,0.061951,0.061797,0.061865,684877.0
2023-06-18 05:00:00+00:00,0.061865,0.062008,0.061709,0.061772,785310.0
2023-06-18 06:00:00+00:00,0.061772,0.061788,0.061471,0.061704,3591408.0
2023-06-18 07:00:00+00:00,0.061704,0.061941,0.061695,0.061716,1163624.0
2023-06-18 08:00:00+00:00,0.061716,0.06258,0.061716,0.062167,6939926.0
2023-06-18 09:00:00+00:00,0.062167,0.062327,0.062,0.062211,1353896.0
2023-06-18 10:00:00+00:00,0.062211,0.062311,0.062048,0.062172,910577.0
2023-06-18 11:00:00+00:00,0.062172,0.06219,0.062048,0.062119,689219.0
2023-06-18 12:00:00+00:00,0.062119,0.062247,0.061864,0.06224,1425653.0
2023-06-18 13:00:00+00:00,0.06224,0.062432,0.062038,0.062428,5604839.0
2023-06-18 14:00:00+00:00,0.062428,0.063901,0.062358,0.063138,20663583.0
2023-06-18 15:00:00+00:00,0.063138,0.06322,0.062698,0.062874,8937812.0
2023-06-18 16:00:00+00:00,0.062874,0.062978,0.062716,0.062978,3244415.0
2023-06-18 17:00:00+00:00,0.062978,0.063371,0.062697,0.062945,17483370.0
2023-06-18 18:00:00+00:00,0.062945,0.062993,0.062559,0.06276,4908582.0
2023-06-18 19:00:00+00:00,0.06276,0.06276,0.062535,0.062682,2482223.0
2023-06-18 20:00:00+00:00,0.062682,0.062743,0.060993,0.061752,18655035.0
2023-06-18 21:00:00+00:00,0.061752,0.061787,0.061577,0.061647,901947.0
2023-06-18 22:00:00+00:00,0.061647,0.061959,0.061635,0.061858,1983307.0
2023-06-18 23:00:00+00:00,0.061858,0.062713,0.061594,0.062028,10803652.0
2023-06-19 00:00:00+00:00,0.062028,0.062062,0.061602,0.061863,4125933.0
2023-06-19 01:00:00+00:00,0.061863,0.061996,0.061723,0.061892,1735712.0
2023-06-19 02:00:00+00:00,0.061892,0.0621,0.061856,0.062043,1837448.0
2023-06-19 03:00:00+00:00,0.062043,0.062068,0.061804,0.061856,786668.0
2023-06-19 04:00:00+00:00,0.061856,0.062,0.061739,0.061999,1626139.0
2023-06-19 05:00:00+00:00,0.061999,0.062081,0.061945,0.062068,1297689.0
2023-06-19 06:00:00+00:00,0.062068,0.062096,0.061906,0.061967,1606710.0
2023-06-19 07:00:00+00:00,0.061967,0.062098,0.061926,0.061952,1524025.0
2023-06-19 08:00:00+00:00,0.061952,0.06212,0.061797,0.061845,1459042.0
2023-06-19 09:00:00+00:00,0.061845,0.061959,0.0617,0.061958,2690467.0
2023-06-19 10:00:00+00:00,0.061958,0.061996,0.061737,0.061753,741932.0
2023-06-19 11:00:00+00:00,0.061753,0.061915,0.061735,0.061898,1458828.0
2023-06-19 12:00:00+00:00,0.061898,0.062133,0.06184,0.062028,2879975.0
2023-06-19 13:00:00+00:00,0.062028,0.062162,0.062028,0.062073,1545148.0
2023-06-19 14:00:00+00:00,0.062073,0.062074,0.061468,0.06175,5170406.0
2023-06-19 15:00:00+00:00,0.06175,0.061934,0.061646,0.061866,1615351.0
2023-06-19 16:00:00+00:00,0.061866,0.062006,0.061446,0.061864,5257407.0
2023-06-19 17:00:00+00:00,0.061864,0.062167,0.06179,0.062154,1970584.0
2023-06-19 18:00:00+00:00,0.062154,0.062792,0.061702,0.06182,7088973.0
2023-06-19 19:00:00+00:00,0.06182,0.062242,0.061599,0.062213,3758670.0
2023-06-19 20:00:00+00:00,0.062213,0.062524,0.062211,0.062328,941744.0
2023-06-19 21:00:00+00:00,0.062328,0.062372,0.062096,0.06226,646810.0
2023-06-19 22:00:00+00:00,0.06226,0.062371,0.06217,0.062197,1385765.0
2023-06-19 23:00:00+00:00,0.062197,0.062376,0.062159,0.06237,1972758.0
2023-06-20 00:00:00+00:00,0.06237,0.062552,0.062257,0.062474,1534937.0
2023-06-20 01:00:00+00:00,0.062474,0.062725,0.062206,0.062225,1473547.0
2023-06-20 02:00:00+00:00,0.062225,0.06237,0.06218,0.062329,867267.0
2023-06-20 03:00:00+00:00,0.062329,0.062412,0.062199,0.062237,1830618.0
2023-06-20 04:00:00+00:00,0.062237,0.062322,0.062184,0.062211,392299.0
2023-06-20 05:00:00+00:00,0.062211,0.062341,0.062007,0.062074,2005078.0
2023-06-20 06:00:00+00:00,0.062074,0.062122,0.06193,0.062048,1334525.0
2023-06-20 07:00:00+00:00,0.062048,0.062109,0.061986,0.062022,1105640.0
2023-06-20 08:00:00+00:00,0.062022,0.062027,0.061796,0.061809,6107591.0
2023-06-20 09:00:00+00:00,0.061809,0.061927,0.061685,0.061859,4637405.0
2023-06-20 10:00:00+00:00,0.061859,0.061962,0.061767,0.061814,4577429.0
2023-06-20 11:00:00+00:00,0.061814,0.061959,0.061761,0.061959,2484226.0
2023-06-20 12:00:00+00:00,0.061959,0.062022,0.061766,0.061805,3163572.0
2023-06-20 13:00:00+00:00,0.061805,0.061829,0.061386,0.061443,12857762.0
2023-06-20 14:00:00+00:00,0.061443,0.061443,0.060669,0.061063,8945855.0
2023-06-20 15:00:00+00:00,0.061063,0.06149,0.060976,0.061359,3643565.0
2023-06-20 16:00:00+00:00,0.061359,0.061684,0.06116,0.061589,5374762.0
2023-06-20 17:00:00+00:00,0.061589,0.062352,0.061588,0.062026,7958534.0
2023-06-20 18:00:00+00:00,0.062026,0.062662,0.062022,0.062446,8045999.0
2023-06-20 19:00:00+00:00,0.062446,0.062507,0.062095,0.062443,3784507.0
2023-06-20 20:00:00+00:00,0.062443,0.062899,0.062325,0.062642,5352599.0
2023-06-20 21:00:00+00:00,0.062642,0.062709,0.062276,0.062328,3042761.0
2023-06-20 22:00:00+00:00,0.062328,0.062758,0.062327,0.062733,1335733.0
2023-06-20 23:00:00+00:00,0.062733,0.063062,0.062728,0.063062,4525515.0
2023-06-21 00:00:00+00:00,0.063062,0.063441,0.062763,0.063278,9034957.0
2023-06-21 01:00:00+00:00,0.063278,0.064278,0.063266,0.063674,7898769.0
2023-06-21 02:00:00+00:00,0.063674,0.063981,0.063564,0.063957,3004075.0
2023-06-21 03:00:00+00:00,0.063957,0.064,0.063706,0.063934,2577150.0
2023-06-21 04:00:00+00:00,0.063934,0.063982,0.063664,0.063966,1933391.0
2023-06-21 05:00:00+00:00,0.063966,0.064362,0.063654,0.064349,4218179.0
2023-06-21 06:00:00+00:00,0.064349,0.064387,0.063774,0.063993,5988415.0
2023-06-21 07:00:00+00:00,0.063993,0.064827,0.063953,0.064354,7585932.0
2023-06-21 08:00:00+00:00,0.064354,0.0644,0.063956,0.06405,3288669.0
2023-06-21 09:00:00+00:00,0.06405,0.064336,0.064049,0.064251,4412503.0
2023-06-21 10:00:00+00:00,0.064251,0.064387,0.063744,0.063841,7404450.0
2023-06-21 11:00:00+00:00,0.063841,0.064202,0.06372,0.064082,5917466.0
2023-06-21 12:00:00+00:00,0.064082,0.06419,0.063504,0.063565,5673908.0
2023-06-21 13:00:00+00:00,0.063565,0.064239,0.0635,0.06405,4306564.0
2023-06-21 14:00:00+00:00,0.06405,0.064346,0.06362,0.064314,5719948.0
2023-06-21 15:00:00+00:00,0.064314,0.065105,0.064176,0.064863,12370681.0
2023-06-21 16:00:00+00:00,0.064863,0.066144,0.064728,0.065275,13163321.0
2023-06-21 17:00:00+00:00,0.065275,0.065651,0.064553,0.065501,8145029.0
2023-06-21 18:00:00+00:00,0.065501,0.066728,0.065472,0.065784,15736459.0
2023-06-21 19:00:00+00:00,0.065784,0.065902,0.065153,0.065805,5920637.0
2023-06-21 20:00:00+00:00,0.065805,0.065937,0.065201,0.065451,8860374.0
2023-06-21 21:00:00+00:00,0.065451,0.065493,0.064962,0.065251,2806275.0
2023-06-21 22:00:00+00:00,0.065251,0.06583,0.065192,0.065787,2340125.0
2023-06-21 23:00:00+00:00,0.065787,0.065929,0.065524,0.065526,3607497.0
2023-06-22 00:00:00+00:00,0.065526,0.066782,0.065511,0.066766,4084142.0
2023-06-22 01:00:00+00:00,0.066766,0.068921,0.066483,0.068066,8374705.0
2023-06-22 02:00:00+00:00,0.068066,0.068455,0.067499,0.068278,11152280.0
2023-06-22 03:00:00+00:00,0.068278,0.0693,0.068175,0.068501,9156841.0
2023-06-22 04:00:00+00:00,0.068501,0.068698,0.068011,0.06839,5406985.0
2023-06-22 05:00:00+00:00,0.06839,0.068409,0.067624,0.0679,5248150.0
2023-06-22 06:00:00+00:00,0.0679,0.067946,0.067183,0.067836,9326971.0
2023-06-22 07:00:00+00:00,0.067836,0.068348,0.067732,0.068343,4983408.0
2023-06-22 08:00:00+00:00,0.068343,0.068362,0.067821,0.06795,4482364.0
2023-06-22 09:00:00+00:00,0.06795,0.068497,0.067802,0.068384,4676971.0
2023-06-22 10:00:00+00:00,0.068384,0.068465,0.067945,0.06798,6971810.0
2023-06-22 11:00:00+00:00,0.06798,0.06802,0.064905,0.065761,25087097.0
2023-06-22 12:00:00+00:00,0.065761,0.066709,0.06576,0.066495,10379078.0
2023-07-25 20:00:00+00:00,0.081747,0.082158,0.080564,0.080895,103379185.0
2023-07-25 21:00:00+00:00,0.080895,0.082305,0.080671,0.081357,110824944.0
2023-07-25 22:00:00+00:00,0.081357,0.082032,0.08119,0.081464,32356926.0
2023-07-25 23:00:00+00:00,0.081464,0.081888,0.080815,0.081777,44972159.0
2023-07-26 00:00:00+00:00,0.081777,0.082237,0.080832,0.08099,48253489.0
2023-07-26 01:00:00+00:00,0.08099,0.081127,0.079619,0.08043,110530216.0
2023-07-26 02:00:00+00:00,0.08043,0.080648,0.0791,0.079685,102677010.0
2023-07-26 03:00:00+00:00,0.079685,0.080341,0.079292,0.0802,25715834.0
2023-07-26 04:00:00+00:00,0.0802,0.080248,0.079572,0.080128,22853634.0
2023-07-26 05:00:00+00:00,0.080128,0.080427,0.079382,0.08021,27384604.0
2023-07-26 06:00:00+00:00,0.08021,0.080338,0.079677,0.08031,18798947.0
2023-07-26 07:00:00+00:00,0.08031,0.08126,0.080052,0.080282,48981138.0
2023-07-26 08:00:00+00:00,0.080282,0.080528,0.07962,0.079807,30162157.0
2023-07-26 09:00:00+00:00,0.079807,0.080047,0.07853,0.078847,76885803.0
2023-07-26 10:00:00+00:00,0.078847,0.078935,0.07814,0.078443,53892798.0
2023-07-26 11:00:00+00:00,0.078443,0.078878,0.078303,0.078763,26108486.0
2023-07-26 12:00:00+00:00,0.078763,0.079168,0.07842,0.079049,26047169.0
2023-07-26 13:00:00+00:00,0.079049,0.079458,0.078207,0.078606,47654598.0
2023-07-26 14:00:00+00:00,0.078606,0.079169,0.078278,0.079069,32142093.0
2023-07-26 15:00:00+00:00,0.079069,0.079258,0.078532,0.078698,23256291.0
2023-07-26 16:00:00+00:00,0.078698,0.079221,0.078164,0.078418,24289166.0
2023-07-26 17:00:00+00:00,0.078418,0.078524,0.077026,0.077683,79360187.0
2023-07-26 18:00:00+00:00,0.077683,0.0798,0.077585,0.078392,153960755.0
2023-07-26 19:00:00+00:00,0.078392,0.078638,0.0764,0.078584,97438246.0
2023-07-26 20:00:00+00:00,0.078584,0.079264,0.078254,0.078628,36187428.0
2023-07-26 21:00:00+00:00,0.078628,0.079151,0.078124,0.078466,34162601.0
2023-07-26 22:00:00+00:00,0.078466,0.078718,0.077524,0.078033,33521099.0
2023-07-26 23:00:00+00:00,0.078033,0.078484,0.077574,0.077885,20592690.0
2023-07-27 00:00:00+00:00,0.077885,0.077938,0.076624,0.077151,42041392.0
2023-07-27 01:00:00+00:00,0.077151,0.077828,0.0769,0.077746,24645082.0
2023-07-27 02:00:00+00:00,0.077746,0.078326,0.077578,0.078265,11270935.0
2023-07-27 03:00:00+00:00,0.078265,0.078378,0.077966,0.078026,12018755.0
2023-07-27 04:00:00+00:00,0.078026,0.078488,0.077964,0.07848,17515116.0
2023-07-27 05:00:00+00:00,0.07848,0.078955,0.078325,0.078473,26673911.0
2023-07-27 06:00:00+00:00,0.078473,0.078932,0.078126,0.078234,16774564.0
2023-07-27 07:00:00+00:00,0.078234,0.079078,0.078098,0.078709,46225351.0
2023-07-27 08:00:00+00:00,0.078709,0.079139,0.078397,0.078887,38648678.0
2023-07-27 09:00:00+00:00,0.078887,0.079766,0.078654,0.079531,41643538.0
2023-07-27 10:00:00+00:00,0.079531,0.079609,0.078995,0.079063,41084829.0
2023-07-27 11:00:00+00:00,0.079063,0.079756,0.079032,0.079517,25801670.0
2023-07-27 12:00:00+00:00,0.079517,0.079869,0.078996,0.079405,33009164.0
2023-07-27 13:00:00+00:00,0.079405,0.079673,0.078681,0.078806,32377122.0
2023-07-27 14:00:00+00:00,0.078806,0.079028,0.078464,0.078697,32304491.0
2023-07-27 15:00:00+00:00,0.078697,0.079168,0.078284,0.078647,29950814.0
2023-07-27 16:00:00+00:00,0.078647,0.078943,0.078464,0.078623,12587550.0
2023-07-27 17:00:00+00:00,0.078623,0.078747,0.077943,0.078092,35441901.0
2023-07-27 18:00:00+00:00,0.078092,0.078097,0.076861,0.076988,36836535.0
2023-07-27 19:00:00+00:00,0.076988,0.077496,0.076585,0.077247,26240858.0
2023-07-27 20:00:00+00:00,0.077247,0.077433,0.076561,0.076911,17191823.0
2023-07-27 21:00:00+00:00,0.076911,0.077548,0.076911,0.077261,17592851.0
2023-07-27 22:00:00+00:00,0.077261,0.077638,0.077261,0.077311,7012649.0
2023-07-27 23:00:00+00:00,0.077311,0.077648,0.077105,0.077554,14067893.0
2023-07-28 00:00:00+00:00,0.077554,0.077843,0.07735,0.077706,24472565.0
2023-07-28 01:00:00+00:00,0.077706,0.077714,0.077184,0.077204,21930529.0
2023-07-28 02:00:00+00:00,0.077204,0.077351,0.076666,0.076956,24627010.0
2023-07-28 03:00:00+00:00,0.076956,0.077474,0.076825,0.077469,11798015.0
2023-07-28 04:00:00+00:00,0.077469,0.077469,0.07707,0.077343,25219688.0
2023-07-28 05:00:00+00:00,0.077343,0.077372,0.075823,0.07631,47185841.0
2023-07-28 06:00:00+00:00,0.07631,0.076546,0.076062,0.076422,25191825.0
2023-07-28 07:00:00+00:00,0.076422,0.076596,0.076065,0.076222,37292110.0
2023-07-28 08:00:00+00:00,0.076222,0.07653,0.076045,0.076306,12594380.0
2023-07-28 09:00:00+00:00,0.076306,0.076836,0.076138,0.076695,21086627.0
2023-07-28 10:00:00+00:00,0.076695,0.076796,0.076539,0.076656,20049140.0
2023-07-28 11:00:00+00:00,0.076656,0.076675,0.07636,0.076485,8472623.0
2023-07-28 12:00:00+00:00,0.076485,0.076881,0.07644,0.076858,22648634.0
2023-07-28 13:00:00+00:00,0.076858,0.077431,0.07678,0.076952,29994120.0
2023-07-28 14:00:00+00:00,0.076952,0.077715,0.076939,0.077397,47327344.0
2023-07-28 15:00:00+00:00,0.077397,0.077445,0.076765,0.077005,29576325.0
2023-07-28 16:00:00+00:00,0.077005,0.077205,0.076674,0.077074,11738941.0
2023-07-28 17:00:00+00:00,0.077074,0.077153,0.076485,0.076869,11882136.0
2023-07-28 18:00:00+00:00,0.076869,0.077215,0.076678,0.077135,6514673.0
2023-07-28 19:00:00+00:00,0.077135,0.07755,0.077107,0.077301,9814894.0
2023-07-28 20:00:00+00:00,0.077301,0.077699,0.07716,0.077581,6454254.0
2023-07-28 21:00:00+00:00,0.077581,0.077604,0.077314,0.077479,4998838.0
2023-07-28 22:00:00+00:00,0.077479,0.07764,0.077337,0.07736,3388743.0
2023-07-28 23:00:00+00:00,0.07736,0.077512,0.077102,0.077108,2519883.0
2023-07-29 00:00:00+00:00,0.077108,0.077415,0.076698,0.077201,11115386.0
2023-07-29 01:00:00+00:00,0.077201,0.078408,0.077157,0.077877,26429923.0
2023-07-29 02:00:00+00:00,0.077877,0.077925,0.077597,0.077628,7916752.0
2023-07-29 03:00:00+00:00,0.077628,0.078003,0.07761,0.077676,7493871.0
2023-07-29 04:00:00+00:00,0.077676,0.077955,0.077657,0.077775,2871955.0
2023-07-29 05:00:00+00:00,0.077775,0.078131,0.077717,0.077882,9002731.0
2023-07-29 06:00:00+00:00,0.077882,0.077889,0.077403,0.07754,13266283.0
2023-07-29 07:00:00+00:00,0.07754,0.077928,0.077527,0.077743,8209758.0
2023-07-29 08:00:00+00:00,0.077743,0.077931,0.077377,0.077495,5021149.0
2023-07-29 09:00:00+00:00,0.077495,0.077703,0.077097,0.077444,8305010.0
2023-07-29 10:00:00+00:00,0.077444,0.077899,0.077197,0.07789,11062852.0
2023-07-29 11:00:00+00:00,0.07789,0.078069,0.077732,0.077783,10325890.0
2023-07-29 12:00:00+00:00,0.077783,0.078189,0.077727,0.077857,12494993.0
2023-07-29 13:00:00+00:00,0.077857,0.078052,0.077697,0.077807,9309646.0
2023-07-29 14:00:00+00:00,0.077807,0.07785,0.077502,0.077599,9838654.0
2023-07-29 15:00:00+00:00,0.077599,0.077996,0.077599,0.077907,8028348.0
2023-07-29 16:00:00+00:00,0.077907,0.078123,0.077707,0.078108,3893716.0
2023-07-29 17:00:00+00:00,0.078108,0.07884,0.078017,0.078645,20926380.0
2023-07-29 18:00:00+00:00,0.078645,0.082449,0.078377,0.08134,91761567.0
2023-07-29 19:00:00+00:00,0.08134,0.081541,0.080146,0.080788,115829489.0
2023-07-29 20:00:00+00:00,0.080788,0.081156,0.080467,0.080671,31605893.0
2023-07-29 21:00:00+00:00,0.080671,0.080864,0.079361,0.079958,56998130.0
2023-07-29 22:00:00+00:00,0.079958,0.080574,0.079948,0.080434,29992816.0
2023-07-29 23:00:00+00:00,0.080434,0.08057,0.079904,0.080206,15270675.0
2023-07-30 00:00:00+00:00,0.080206,0.080445,0.079785,0.080098,21005168.0
2023-07-30 01:00:00+00:00,0.080098,0.080134,0.079565,0.079897,9103414.0
2023-07-30 02:00:00+00:00,0.079897,0.080166,0.079869,0.08014,8898195.0
2023-07-30 03:00:00+00:00,0.08014,0.080355,0.079963,0.080152,13023610.0
2023-07-30 04:00:00+00:00,0.080152,0.080324,0.079861,0.080221,7324651.0
2023-07-30 05:00:00+00:00,0.080221,0.080494,0.080055,0.08039,17965457.0
2023-07-30 06:00:00+00:00,0.08039,0.08039,0.079684,0.079863,17550573.0
2023-07-30 07:00:00+00:00,0.079863,0.080105,0.079645,0.079844,10345978.0
2023-07-30 08:00:00+00:00,0.079844,0.080165,0.079653,0.080156,8591547.0
2023-07-30 09:00:00+00:00,0.080156,0.080305,0.079934,0.08023,8811867.0
2023-07-30 10:00:00+00:00,0.08023,0.08023,0.079625,0.079941,17641838.0
2023-07-30 11:00:00+00:00,0.079941,0.080094,0.079685,0.080016,7084547.0
2023-07-30 12:00:00+00:00,0.080016,0.080159,0.079859,0.079918,7964171.0
2023-07-30 13:00:00+00:00,0.079918,0.080198,0.07974,0.079784,15881075.0
2023-07-30 14:00:00+00:00,0.079784,0.080034,0.078517,0.079455,77729178.0
2023-07-30 15:00:00+00:00,0.079455,0.079808,0.078926,0.079215,21398325.0
2023-07-30 16:00:00+00:00,0.079215,0.079505,0.078966,0.079194,11725561.0
2023-07-30 17:00:00+00:00,0.079194,0.079796,0.079169,0.079696,9024335.0
2023-07-30 18:00:00+00:00,0.079696,0.07977,0.079485,0.079628,17042870.0
2023-07-30 19:00:00+00:00,0.079628,0.079651,0.07721,0.077691,99902269.0
2023-07-30 20:00:00+00:00,0.077691,0.078446,0.076065,0.078274,88847171.0
2023-07-30 21:00:00+00:00,0.078274,0.078316,0.077796,0.077955,8239665.0
2023-07-30 22:00:00+00:00,0.077955,0.077958,0.077387,0.077559,13500428.0
2023-07-30 23:00:00+00:00,0.077559,0.078225,0.077523,0.077975,10947446.0
2023-07-31 00:00:00+00:00,0.077975,0.078737,0.077789,0.078554,16337452.0
2023-07-31 01:00:00+00:00,0.078554,0.078661,0.078286,0.078541,8424530.0
2023-07-31 02:00:00+00:00,0.078541,0.078977,0.078476,0.078711,13684684.0
2023-07-31 03:00:00+00:00,0.078711,0.078822,0.07855,0.078721,3645553.0
2023-07-31 04:00:00+00:00,0.078721,0.078811,0.078106,0.078332,14324196.0
2023-07-31 05:00:00+00:00,0.078332,0.078569,0.078274,0.07843,4130986.0
2023-07-31 06:00:00+00:00,0.07843,0.078736,0.07839,0.078549,7848296.0
2023-07-31 07:00:00+00:00,0.078549,0.078852,0.078409,0.078568,5301609.0
2023-07-31 08:00:00+00:00,0.078568,0.079505,0.078555,0.079257,13074838.0
2023-07-31 09:00:00+00:00,0.079257,0.079445,0.078965,0.079134,9274418.0
2023-07-31 10:00:00+00:00,0.079134,0.0792,0.079025,0.079112,8674116.0
2023-07-31 11:00:00+00:00,0.079112,0.079747,0.079095,0.079552,11458174.0
2023-07-31 12:00:00+00:00,0.079552,0.079665,0.079167,0.079606,13350013.0
2023-07-31 13:00:00+00:00,0.079606,0.079612,0.078274,0.078799,30163092.0
2023-07-31 14:00:00+00:00,0.078799,0.079074,0.078462,0.078836,11542565.0
2023-07-31 15:00:00+00:00,0.078836,0.078854,0.078015,0.078024,24211189.0
2023-07-31 16:00:00+00:00,0.078024,0.078353,0.077622,0.078157,21349674.0
2023-07-31 17:00:00+00:00,0.078157,0.078459,0.077933,0.078394,6199584.0
2023-07-31 18:00:00+00:00,0.078394,0.078408,0.077751,0.078165,3918390.0
2023-07-31 19:00:00+00:00,0.078165,0.078186,0.076673,0.077286,30761196.0
2023-07-31 20:00:00+00:00,0.077286,0.077646,0.076685,0.077125,27046630.0
2023-07-31 21:00:00+00:00,0.077125,0.077954,0.07681,0.077482,31604135.0
2023-07-31 22:00:00+00:00,0.077482,0.077842,0.077356,0.077668,7863550.0
2023-07-31 23:00:00+00:00,0.077668,0.077956,0.077561,0.077797,5564953.0
2023-08-01 00:00:00+00:00,0.077797,0.078075,0.077484,0.07804,7013659.0
2023-08-01 01:00:00+00:00,0.07804,0.078205,0.076962,0.077256,13720639.0
2023-08-01 02:00:00+00:00,0.077256,0.077307,0.075073,0.076161,100263801.0
2023-08-01 03:00:00+00:00,0.076161,0.076256,0.075848,0.076147,9808223.0
2023-08-01 04:00:00+00:00,0.076147,0.076231,0.075909,0.075976,7813972.0
2023-08-01 05:00:00+00:00,0.075976,0.076362,0.075928,0.076351,8851166.0
2023-08-01 06:00:00+00:00,0.076351,0.076689,0.076223,0.076586,11991467.0
2023-08-01 07:00:00+00:00,0.076586,0.076662,0.076381,0.076557,2772265.0
2023-08-01 08:00:00+00:00,0.076557,0.077156,0.076501,0.077083,15714440.0
2023-08-01 09:00:00+00:00,0.077083,0.077156,0.076784,0.076876,6403720.0
2023-08-01 10:00:00+00:00,0.076876,0.076965,0.076735,0.076815,2671996.0
2023-08-01 11:00:00+00:00,0.076815,0.076954,0.076566,0.07663,7245892.0
2023-08-01 12:00:00+00:00,0.07663,0.077294,0.076561,0.076985,21298376.0
2023-08-01 13:00:00+00:00,0.076985,0.07716,0.076954,0.076964,5629370.0
2023-08-01 14:00:00+00:00,0.076964,0.077123,0.076301,0.076452,19238924.0
2023-08-01 15:00:00+00:00,0.076452,0.076886,0.075471,0.076769,35569017.0
2023-08-01 16:00:00+00:00,0.076769,0.077182,0.076499,0.076683,11162541.0
2023-08-01 17:00:00+00:00,0.076683,0.077055,0.076678,0.076878,4602274.0
2023-08-01 18:00:00+00:00,0.076878,0.077345,0.076878,0.077278,5887031.0
2023-08-01 19:00:00+00:00,0.077278,0.077523,0.077144,0.077328,4495732.0
2023-08-01 20:00:00+00:00,0.077328,0.077433,0.077064,0.077211,3751081.0
2023-08-01 21:00:00+00:00,0.077211,0.077363,0.077095,0.077151,4471811.0
2023-08-01 22:00:00+00:00,0.077151,0.078063,0.077004,0.077116,49945117.0
2023-08-01 23:00:00+00:00,0.077116,0.078125,0.077093,0.078087,18400058.0
2023-08-02 00:00:00+00:00,0.078087,0.078175,0.077582,0.077638,10866554.0
2023-08-02 01:00:00+00:00,0.077638,0.07825,0.077576,0.077785,9673648.0
2023-08-02 02:00:00+00:00,0.077785,0.077855,0.077604,0.077804,3969655.0
2023-08-02 03:00:00+00:00,0.077804,0.077845,0.077447,0.077502,4826368.0
2023-08-02 04:00:00+00:00,0.077502,0.077585,0.077216,0.077378,8033831.0
2023-08-02 05:00:00+00:00,0.077378,0.077378,0.077037,0.077069,11148651.0
2023-08-02 06:00:00+00:00,0.077069,0.077241,0.076738,0.076751,7878870.0
2023-08-02 07:00:00+00:00,0.076751,0.077168,0.076634,0.076686,12390523.0
2023-08-02 08:00:00+00:00,0.076686,0.076845,0.076351,0.076644,12374828.0
2023-08-02 09:00:00+00:00,0.076644,0.076946,0.076598,0.076651,6445763.0
2023-08-02 10:00:00+00:00,0.076651,0.077025,0.076644,0.077018,9107038.0
2023-08-02 11:00:00+00:00,0.077018,0.077059,0.076888,0.077024,6187752.0
2023-08-02 12:00:00+00:00,0.077024,0.077024,0.076408,0.076542,12795467.0
2023-08-02 13:00:00+00:00,0.076542,0.076674,0.076188,0.076453,14149076.0
2023-08-02 14:00:00+00:00,0.076453,0.076455,0.074837,0.075201,53039961.0
2023-08-02 15:00:00+00:00,0.075201,0.075362,0.074296,0.07533,23932669.0
2023-08-02 16:00:00+00:00,0.07533,0.075446,0.073769,0.074311,36440526.0
2023-08-02 17:00:00+00:00,0.074311,0.07496,0.074169,0.074689,10413176.0
2023-08-02 18:00:00+00:00,0.074689,0.074984,0.074303,0.074463,5192382.0
2023-08-02 19:00:00+00:00,0.074463,0.074917,0.074343,0.074676,5840958.0
2023-08-02 20:00:00+00:00,0.074676,0.075056,0.074509,0.074601,5667705.0
2023-08-02 21:00:00+00:00,0.074601,0.074697,0.074006,0.074684,6863793.0
2023-08-02 22:00:00+00:00,0.074684,0.074927,0.074458,0.074506,4858722.0
2023-08-02 23:00:00+00:00,0.074506,0.074576,0.073657,0.07416,31979269.0
2023-08-03 00:00:00+00:00,0.07416,0.074511,0.073959,0.074276,5691950.0
2023-08-03 01:00:00+00:00,0.074276,0.074935,0.074249,0.074889,9100107.0
2023-08-03 02:00:00+00:00,0.074889,0.074957,0.074419,0.074651,41648388.0
2023-08-03 03:00:00+00:00,0.074651,0.074704,0.074361,0.074496,4426099.0
2023-09-05 11:00:00+00:00,0.063939,0.064051,0.063796,0.064005,3009458.0
2023-09-05 12:00:00+00:00,0.064005,0.064099,0.063635,0.064096,8071471.0
2023-09-05 13:00:00+00:00,0.064096,0.064131,0.063695,0.063719,4236114.0
2023-09-05 14:00:00+00:00,0.063719,0.063818,0.0635,0.06371,10406899.0
2023-09-05 15:00:00+00:00,0.06371,0.064201,0.063665,0.063899,5929424.0
2023-09-05 16:00:00+00:00,0.063899,0.064137,0.063812,0.063813,3487976.0
2023-09-05 17:00:00+00:00,0.063813,0.063999,0.063705,0.063873,2996912.0
2023-09-05 18:00:00+00:00,0.063873,0.063997,0.063805,0.063969,3409153.0
2023-09-05 19:00:00+00:00,0.063969,0.064071,0.06373,0.06373,1897934.0
2023-09-05 20:00:00+00:00,0.06373,0.063851,0.063595,0.06382,2786055.0
2023-09-05 21:00:00+00:00,0.06382,0.06397,0.063765,0.063788,1685551.0
2023-09-05 22:00:00+00:00,0.063788,0.063915,0.063733,0.06389,950208.0
2023-09-05 23:00:00+00:00,0.06389,0.06402,0.063861,0.063977,1322319.0
2023-09-06 00:00:00+00:00,0.063977,0.064164,0.063861,0.064162,4487077.0
2023-09-06 01:00:00+00:00,0.064162,0.064511,0.064087,0.064179,21602854.0
2023-09-06 02:00:00+00:00,0.064179,0.064485,0.064077,0.064475,4881459.0
2023-09-06 03:00:00+00:00,0.064475,0.064551,0.06408,0.064125,10554097.0
2023-09-06 04:00:00+00:00,0.064125,0.064138,0.06381,0.063891,6851154.0
2023-09-06 05:00:00+00:00,0.063891,0.06391,0.063715,0.063774,2779223.0
2023-09-06 06:00:00+00:00,0.063774,0.063961,0.063731,0.063867,4746267.0
2023-09-06 07:00:00+00:00,0.063867,0.06395,0.063801,0.063819,983634.0
2023-09-06 08:00:00+00:00,0.063819,0.063921,0.063733,0.063896,974816.0
2023-09-06 09:00:00+00:00,0.063896,0.064041,0.063805,0.063974,4920671.0
2023-09-06 10:00:00+00:00,0.063974,0.064071,0.063801,0.063809,3734149.0
2023-09-06 11:00:00+00:00,0.063809,0.06395,0.063725,0.063777,1859771.0
2023-09-06 12:00:00+00:00,0.063777,0.063913,0.063645,0.063777,2705576.0
2023-09-06 13:00:00+00:00,0.063777,0.063919,0.063653,0.063816,5530808.0
2023-09-06 14:00:00+00:00,0.063816,0.063816,0.063048,0.063278,25417747.0
2023-09-06 15:00:00+00:00,0.063278,0.063371,0.063021,0.063203,4295442.0
2023-09-06 16:00:00+00:00,0.063203,0.06352,0.063018,0.063045,40401600.0
2023-09-06 17:00:00+00:00,0.063045,0.064061,0.062425,0.063665,26701498.0
2023-09-06 18:00:00+00:00,0.063665,0.06395,0.063115,0.063208,10441851.0
2023-09-06 19:00:00+00:00,0.063208,0.063321,0.063067,0.063184,3256110.0
2023-09-06 20:00:00+00:00,0.063184,0.06335,0.063125,0.063196,6995736.0
2023-09-06 21:00:00+00:00,0.063196,0.063522,0.063183,0.063506,1092072.0
2023-09-06 22:00:00+00:00,0.063506,0.06359,0.063425,0.063531,1134124.0
2023-09-06 23:00:00+00:00,0.063531,0.063591,0.063455,0.063568,995613.0
2023-09-07 00:00:00+00:00,0.063568,0.063598,0.063427,0.063577,722552.0
2023-09-07 01:00:00+00:00,0.063577,0.06365,0.063456,0.063617,1603687.0
2023-09-07 02:00:00+00:00,0.063617,0.06376,0.063592,0.063601,1096345.0
2023-09-07 03:00:00+00:00,0.063601,0.06372,0.063526,0.063715,1157613.0
2023-09-07 04:00:00+00:00,0.063715,0.06376,0.06353,0.063538,1110080.0
2023-09-07 05:00:00+00:00,0.063538,0.06356,0.06342,0.063426,2474482.0
2023-09-07 06:00:00+00:00,0.063426,0.06345,0.063325,0.063326,2038121.0
2023-09-07 07:00:00+00:00,0.063326,0.063377,0.0632,0.063297,1728843.0
2023-09-07 08:00:00+00:00,0.063297,0.063318,0.063138,0.063173,1454564.0
2023-09-07 09:00:00+00:00,0.063173,0.06319,0.0631,0.063119,1969778.0
2023-09-07 10:00:00+00:00,0.063119,0.06316,0.062917,0.063029,9074144.0
2023-09-07 11:00:00+00:00,0.063029,0.06307,0.062787,0.062864,7530693.0
2023-09-07 12:00:00+00:00,0.062864,0.063,0.062717,0.062884,6303637.0
2023-09-07 13:00:00+00:00,0.062884,0.0632,0.062825,0.062892,2729825.0
2023-09-07 14:00:00+00:00,0.062892,0.06316,0.062843,0.063137,3370662.0
2023-09-07 15:00:00+00:00,0.063137,0.06324,0.063017,0.063112,3880914.0
2023-09-07 16:00:00+00:00,0.063112,0.06348,0.063056,0.063215,4608465.0
2023-09-07 17:00:00+00:00,0.063215,0.063335,0.063086,0.063288,2801660.0
2023-09-07 18:00:00+00:00,0.063288,0.063334,0.062972,0.063111,3936757.0
2023-09-07 19:00:00+00:00,0.063111,0.063116,0.062877,0.063058,1455772.0
2023-09-07 20:00:00+00:00,0.063058,0.06319,0.062948,0.063189,4334381.0
2023-09-07 21:00:00+00:00,0.063189,0.06375,0.063174,0.06338,7247968.0
2023-09-07 22:00:00+00:00,0.06338,0.06373,0.06338,0.063626,4258179.0
2023-09-07 23:00:00+00:00,0.063626,0.063718,0.063376,0.063592,2535427.0
2023-09-08 00:00:00+00:00,0.063592,0.063946,0.063396,0.063834,2032928.0
2023-09-08 01:00:00+00:00,0.063834,0.06391,0.063526,0.063529,2296359.0
2023-09-08 02:00:00+00:00,0.063529,0.063607,0.063475,0.063543,1583228.0
2023-09-08 03:00:00+00:00,0.063543,0.063725,0.063529,0.063683,1199789.0
2023-09-08 04:00:00+00:00,0.063683,0.063826,0.063677,0.063769,869449.0
2023-09-08 05:00:00+00:00,0.063769,0.063809,0.063482,0.063482,12164968.0
2023-09-08 06:00:00+00:00,0.063482,0.063558,0.063406,0.063543,1345277.0
2023-09-08 07:00:00+00:00,0.063543,0.063678,0.063543,0.063629,1439952.0
2023-09-08 08:00:00+00:00,0.063629,0.063638,0.063468,0.063558,1777627.0
2023-09-08 09:00:00+00:00,0.063558,0.063563,0.063146,0.063148,5446532.0
2023-09-08 10:00:00+00:00,0.063148,0.063148,0.062315,0.06278,33370573.0
2023-09-08 11:00:00+00:00,0.06278,0.0629,0.062747,0.06281,1450048.0
2023-09-08 12:00:00+00:00,0.06281,0.062971,0.062755,0.062899,2899169.0
2023-09-08 13:00:00+00:00,0.062899,0.063058,0.062841,0.062964,2322647.0
2023-09-08 14:00:00+00:00,0.062964,0.06306,0.06282,0.06282,2187128.0
2023-09-08 15:00:00+00:00,0.06282,0.06296,0.062768,0.062834,12683115.0
2023-09-08 16:00:00+00:00,0.062834,0.06292,0.062745,0.062881,1461114.0
2023-09-08 17:00:00+00:00,0.062881,0.063032,0.062817,0.062979,2330285.0
2023-09-08 18:00:00+00:00,0.062979,0.063,0.0628,0.062879,4365664.0
2023-09-08 19:00:00+00:00,0.062879,0.06324,0.062846,0.063132,24494332.0
2023-09-08 20:00:00+00:00,0.063132,0.063459,0.063106,0.063402,4458446.0
2023-09-08 21:00:00+00:00,0.063402,0.063423,0.063279,0.063279,3533498.0
2023-09-08 22:00:00+00:00,0.063279,0.06352,0.063248,0.063486,1821268.0
2023-09-08 23:00:00+00:00,0.063486,0.063727,0.063457,0.06364,3826504.0
2023-09-09 00:00:00+00:00,0.06364,0.06373,0.063446,0.063484,7217447.0
2023-09-09 01:00:00+00:00,0.063484,0.063637,0.063484,0.063588,810277.0
2023-09-09 02:00:00+00:00,0.063588,0.063792,0.063547,0.063726,1732402.0
2023-09-09 03:00:00+00:00,0.063726,0.063853,0.063486,0.06351,4560801.0
2023-09-09 04:00:00+00:00,0.06351,0.06355,0.063406,0.063477,1151569.0
2023-09-09 05:00:00+00:00,0.063477,0.063549,0.063136,0.063288,14602569.0
2023-09-09 06:00:00+00:00,0.063288,0.06344,0.063277,0.06343,5684838.0
2023-09-09 07:00:00+00:00,0.06343,0.063468,0.063378,0.063391,977914.0
2023-09-09 08:00:00+00:00,0.063391,0.063438,0.063337,0.063363,2483334.0
2023-09-09 09:00:00+00:00,0.063363,0.06351,0.063328,0.063429,2933946.0
2023-09-09 10:00:00+00:00,0.063429,0.063495,0.063386,0.063458,1391222.0
2023-09-09 11:00:00+00:00,0.063458,0.063633,0.063427,0.063595,1521207.0
2023-09-09 12:00:00+00:00,0.063595,0.063632,0.063457,0.063471,2025331.0
2023-09-09 13:00:00+00:00,0.063471,0.063507,0.063228,0.063339,28042015.0
2023-09-09 14:00:00+00:00,0.063339,0.0634,0.063276,0.063398,814252.0
2023-09-09 15:00:00+00:00,0.063398,0.063591,0.063397,0.063487,2825734.0
2023-09-09 16:00:00+00:00,0.063487,0.06363,0.063467,0.063502,1716814.0
2023-09-09 17:00:00+00:00,0.063502,0.063504,0.063366,0.06343,1074288.0
2023-09-09 18:00:00+00:00,0.06343,0.063435,0.063278,0.06335,835240.0
2023-09-09 19:00:00+00:00,0.06335,0.06341,0.063338,0.063407,1534687.0
2023-09-09 20:00:00+00:00,0.063407,0.063427,0.063338,0.06339,2086558.0
2023-09-09 21:00:00+00:00,0.06339,0.063478,0.063377,0.063474,370019.0
2023-09-09 22:00:00+00:00,0.063474,0.063489,0.063378,0.063407,1576322.0
2023-09-09 23:00:00+00:00,0.063407,0.063419,0.063266,0.063328,2034616.0
2023-09-10 00:00:00+00:00,0.063328,0.06333,0.0628,0.063225,10319751.0
2023-09-10 01:00:00+00:00,0.063225,0.063225,0.062963,0.063188,1631260.0
2023-09-10 02:00:00+00:00,0.063188,0.063199,0.062957,0.063132,2045993.0
2023-09-10 03:00:00+00:00,0.063132,0.063132,0.062897,0.063011,1813566.0
2023-09-10 04:00:00+00:00,0.063011,0.063012,0.059172,0.061662,63219414.0
2023-09-10 05:00:00+00:00,0.061662,0.061804,0.061556,0.061788,9027689.0
2023-09-10 06:00:00+00:00,0.061788,0.062224,0.061766,0.062118,3291825.0
2023-09-10 07:00:00+00:00,0.062118,0.062269,0.062064,0.062095,1141178.0
2023-09-10 08:00:00+00:00,0.062095,0.062103,0.061784,0.06188,3387867.0
2023-09-10 09:00:00+00:00,0.06188,0.062013,0.061754,0.06183,1647492.0
2023-09-10 10:00:00+00:00,0.06183,0.061914,0.061692,0.06172,2383494.0
2023-09-10 11:00:00+00:00,0.06172,0.061824,0.061636,0.061679,2800728.0
2023-09-10 12:00:00+00:00,0.061679,0.061845,0.061675,0.061836,4159351.0
2023-09-10 13:00:00+00:00,0.061836,0.061954,0.061692,0.061864,2739997.0
2023-09-10 14:00:00+00:00,0.061864,0.0619,0.061063,0.061361,4489676.0
2023-09-10 15:00:00+00:00,0.061361,0.061394,0.060735,0.061334,9262660.0
2023-09-10 16:00:00+00:00,0.061334,0.061363,0.060544,0.061246,10626311.0
2023-09-10 17:00:00+00:00,0.061246,0.061246,0.060655,0.060911,7929733.0
2023-09-10 18:00:00+00:00,0.060911,0.061212,0.060841,0.060887,1142237.0
2023-09-10 19:00:00+00:00,0.060887,0.061246,0.060465,0.061141,5490435.0
2023-09-10 20:00:00+00:00,0.061141,0.061574,0.061054,0.061322,5766060.0
2023-09-10 21:00:00+00:00,0.061322,0.061618,0.061286,0.061453,1959041.0
2023-09-10 22:00:00+00:00,0.061453,0.0617,0.061283,0.061292,1572655.0
2023-09-10 23:00:00+00:00,0.061292,0.061414,0.061194,0.061252,3571589.0
2023-09-11 00:00:00+00:00,0.061252,0.06144,0.060565,0.060932,2475096.0
2023-09-11 01:00:00+00:00,0.060932,0.061068,0.060565,0.060845,1130088.0
2023-09-11 02:00:00+00:00,0.060845,0.061234,0.060794,0.061193,4583212.0
2023-09-11 03:00:00+00:00,0.061193,0.061317,0.061144,0.061195,6119602.0
2023-09-11 04:00:00+00:00,0.061195,0.061221,0.061033,0.061186,3494038.0
2023-09-11 05:00:00+00:00,0.061186,0.061447,0.0611,0.06144,1062282.0
2023-09-11 06:00:00+00:00,0.06144,0.061531,0.061344,0.061432,12458395.0
2023-09-11 07:00:00+00:00,0.061432,0.061938,0.061431,0.06175,6693273.0
2023-09-11 08:00:00+00:00,0.06175,0.061784,0.06142,0.061524,5256315.0
2023-09-11 09:00:00+00:00,0.061524,0.061524,0.060455,0.060891,9128628.0
2023-09-11 10:00:00+00:00,0.060891,0.060891,0.059446,0.060483,15479598.0
2023-09-11 11:00:00+00:00,0.060483,0.060545,0.06002,0.060142,20261556.0
2023-09-11 12:00:00+00:00,0.060142,0.060453,0.060105,0.060445,6133913.0
2023-09-11 13:00:00+00:00,0.060445,0.060609,0.060193,0.060215,4173835.0
2023-09-11 14:00:00+00:00,0.060215,0.060341,0.059565,0.060075,20616252.0
2023-09-11 15:00:00+00:00,0.060075,0.06024,0.059795,0.060153,2777979.0
2023-09-11 16:00:00+00:00,0.060153,0.060335,0.06001,0.060085,5141289.0
2023-09-11 17:00:00+00:00,0.060085,0.060275,0.059665,0.060273,8183762.0
2023-09-11 18:00:00+00:00,0.060273,0.060285,0.059896,0.059939,1084398.0
2023-09-11 19:00:00+00:00,0.059939,0.060015,0.059172,0.059634,11484811.0
2023-09-11 20:00:00+00:00,0.059634,0.060199,0.059495,0.060185,8606271.0
2023-09-11 21:00:00+00:00,0.060185,0.060555,0.060141,0.06019,21015728.0
2023-09-11 22:00:00+00:00,0.06019,0.060504,0.060175,0.060283,13702045.0
2023-09-11 23:00:00+00:00,0.060283,0.060464,0.060221,0.060417,1268167.0
2023-09-12 00:00:00+00:00,0.060417,0.060953,0.060373,0.060753,4132793.0
2023-09-12 01:00:00+00:00,0.060753,0.060788,0.060528,0.060614,1822833.0
2023-09-12 02:00:00+00:00,0.060614,0.060893,0.060606,0.060778,1926240.0
2023-09-12 03:00:00+00:00,0.060778,0.062099,0.060767,0.061578,15906548.0
2023-09-12 04:00:00+00:00,0.061578,0.061736,0.061206,0.061226,10276175.0
2023-09-12 05:00:00+00:00,0.061226,0.061262,0.060976,0.061148,34961518.0
2023-09-12 06:00:00+00:00,0.061148,0.061312,0.061047,0.061062,8443500.0
2023-09-12 07:00:00+00:00,0.061062,0.061222,0.060917,0.061,36632708.0
2023-09-12 08:00:00+00:00,0.061,0.061162,0.060793,0.060821,2936686.0
2023-09-12 09:00:00+00:00,0.060821,0.061257,0.060736,0.061257,11716371.0
2023-09-12 10:00:00+00:00,0.061257,0.06235,0.061143,0.061828,12327737.0
2023-09-12 11:00:00+00:00,0.061828,0.061852,0.061519,0.06172,2529904.0
2023-09-12 12:00:00+00:00,0.06172,0.06185,0.061455,0.061522,8011880.0
2023-09-12 13:00:00+00:00,0.061522,0.061725,0.061247,0.061683,8659604.0
2023-09-12 14:00:00+00:00,0.061683,0.061789,0.061264,0.061367,9992887.0
2023-09-12 15:00:00+00:00,0.061367,0.061554,0.061312,0.061467,3650709.0
2023-09-12 16:00:00+00:00,0.061467,0.062143,0.061292,0.061333,11807463.0
2023-09-12 17:00:00+00:00,0.061333,0.061385,0.060726,0.060921,4094995.0
2023-09-12 18:00:00+00:00,0.060921,0.0612,0.060921,0.06117,512643.0
2023-09-12 19:00:00+00:00,0.06117,0.061613,0.061143,0.061162,5998772.0
2023-09-12 20:00:00+00:00,0.061162,0.061254,0.061127,0.061138,366137.0
2023-09-12 21:00:00+00:00,0.061138,0.061313,0.061075,0.061199,1310028.0
2023-09-12 22:00:00+00:00,0.061199,0.061213,0.060911,0.060991,3306443.0
2023-09-12 23:00:00+00:00,0.060991,0.060991,0.06079,0.060828,1395937.0
2023-09-13 00:00:00+00:00,0.060828,0.06118,0.060738,0.061105,2269836.0
2023-09-13 01:00:00+00:00,0.061105,0.061172,0.060962,0.061037,2702234.0
2023-09-13 02:00:00+00:00,0.061037,0.061073,0.060728,0.060742,8249146.0
2023-09-13 03:00:00+00:00,0.060742,0.060814,0.060476,0.060656,10399072.0
2023-09-13 04:00:00+00:00,0.060656,0.060754,0.060536,0.060754,1564896.0
2023-09-13 05:00:00+00:00,0.060754,0.060774,0.060426,0.060604,3274754.0
2023-09-13 06:00:00+00:00,0.060604,0.060924,0.0605,0.060803,2716014.0
2023-09-13 07:00:00+00:00,0.060803,0.061719,0.060644,0.060758,19796750.0
2023-09-13 08:00:00+00:00,0.060758,0.061191,0.060697,0.061111,4548144.0
2023-09-13 09:00:00+00:00,0.061111,0.061345,0.061008,0.061266,2878718.0
2023-09-13 10:00:00+00:00,0.061266,0.061355,0.061072,0.061172,3365638.0
2023-09-13 11:00:00+00:00,0.061172,0.061263,0.061101,0.061225,2022779.0
2023-09-13 12:00:00+00:00,0.061225,0.061295,0.060836,0.061156,5226118.0
2023-09-13 13:00:00+00:00,0.061156,0.061181,0.060891,0.06101,4123765.0
2023-09-13 14:00:00+00:00,0.06101,0.061363,0.060846,0.061168,2502223.0
2023-09-13 15:00:00+00:00,0.061168,0.061443,0.061138,0.061193,2706306.0
2023-09-13 16:00:00+00:00,0.061193,0.061402,0.061136,0.061272,15929537.0
2023-09-13 17:00:00+00:00,0.061272,0.061338,0.060807,0.060844,35731607.0
2023-09-13 18:00:00+00:00,0.060844,0.06107,0.060796,0.060835,4067340.0
2023-10-17 02:00:00+00:00,0.059953,0.060092,0.059864,0.060085,2924899.0
2023-10-17 03:00:00+00:00,0.060085,0.060085,0.059831,0.059889,1184751.0
2023-10-17 04:00:00+00:00,0.059889,0.059898,0.059747,0.059853,3438059.0
2023-10-17 05:00:00+00:00,0.059853,0.059874,0.059781,0.059803,476835.0
2023-10-17 06:00:00+00:00,0.059803,0.059803,0.059607,0.059663,1951540.0
2023-10-17 07:00:00+00:00,0.059663,0.059853,0.059612,0.059833,1205720.0
2023-10-17 08:00:00+00:00,0.059833,0.059903,0.059757,0.059871,2562223.0
2023-10-17 09:00:00+00:00,0.059871,0.059964,0.059778,0.059937,1119562.0
2023-10-17 10:00:00+00:00,0.059937,0.060062,0.05986,0.059863,578597.0
2023-10-17 11:00:00+00:00,0.059863,0.059903,0.059847,0.059847,1388564.0
2023-10-17 12:00:00+00:00,0.059847,0.059903,0.059327,0.059412,7397657.0
2023-10-17 13:00:00+00:00,0.059412,0.059513,0.058048,0.058957,21262302.0
2023-10-17 14:00:00+00:00,0.058957,0.059123,0.058878,0.058963,6613609.0
2023-10-17 15:00:00+00:00,0.058963,0.059271,0.05892,0.059113,3569115.0
2023-10-17 16:00:00+00:00,0.059113,0.059134,0.059017,0.059041,2781869.0
2023-10-17 17:00:00+00:00,0.059041,0.059043,0.058674,0.058821,3865750.0
2023-10-17 18:00:00+00:00,0.058821,0.058912,0.058533,0.058674,4545214.0
2023-10-17 19:00:00+00:00,0.058674,0.058923,0.058618,0.058901,1177763.0
2023-10-17 20:00:00+00:00,0.058901,0.058934,0.058839,0.058854,2194212.0
2023-10-17 21:00:00+00:00,0.058854,0.059029,0.058805,0.058982,1770099.0
2023-10-17 22:00:00+00:00,0.058982,0.059053,0.058909,0.059011,569325.0
2023-10-17 23:00:00+00:00,0.059011,0.059053,0.058958,0.058976,985515.0
2023-10-18 00:00:00+00:00,0.058976,0.059003,0.058698,0.05884,4273764.0
2023-10-18 01:00:00+00:00,0.05884,0.058922,0.058718,0.058723,838384.0
2023-10-18 02:00:00+00:00,0.058723,0.058859,0.058616,0.058814,4084892.0
2023-10-18 03:00:00+00:00,0.058814,0.058884,0.0587,0.058876,796296.0
2023-10-18 04:00:00+00:00,0.058876,0.059257,0.058806,0.059033,4166141.0
2023-10-18 05:00:00+00:00,0.059033,0.059203,0.058967,0.059088,1354250.0
2023-10-18 06:00:00+00:00,0.059088,0.059193,0.05906,0.059134,1795119.0
2023-10-18 07:00:00+00:00,0.059134,0.059134,0.058838,0.058874,2756667.0
2023-10-18 08:00:00+00:00,0.058874,0.058962,0.058788,0.05896,2603303.0
2023-10-18 09:00:00+00:00,0.05896,0.059053,0.058701,0.058702,3136534.0
2023-10-18 10:00:00+00:00,0.058702,0.058981,0.058658,0.058901,3140676.0
2023-10-18 11:00:00+00:00,0.058901,0.058925,0.058714,0.058714,1254498.0
2023-10-18 12:00:00+00:00,0.058714,0.058764,0.058578,0.058648,7364764.0
2023-10-18 13:00:00+00:00,0.058648,0.058674,0.058418,0.058542,3702857.0
2023-10-18 14:00:00+00:00,0.058542,0.058644,0.058308,0.058484,7528534.0
2023-10-18 15:00:00+00:00,0.058484,0.058584,0.058459,0.058502,951339.0
2023-10-18 16:00:00+00:00,0.058502,0.058593,0.05842,0.058548,650413.0
2023-10-18 17:00:00+00:00,0.058548,0.058574,0.058388,0.058441,2421783.0
2023-10-18 18:00:00+00:00,0.058441,0.058578,0.058417,0.058493,1926727.0
2023-10-18 19:00:00+00:00,0.058493,0.058493,0.058312,0.058378,635665.0
2023-10-18 20:00:00+00:00,0.058378,0.058423,0.058208,0.058324,2718357.0
2023-10-18 21:00:00+00:00,0.058324,0.058444,0.058271,0.058398,542650.0
2023-10-18 22:00:00+00:00,0.058398,0.058904,0.058368,0.058764,6423271.0
2023-10-18 23:00:00+00:00,0.058764,0.058802,0.058517,0.058543,3715290.0
2023-10-19 00:00:00+00:00,0.058543,0.058666,0.058469,0.058579,4134454.0
2023-10-19 01:00:00+00:00,0.058579,0.058602,0.057326,0.058069,27538528.0
2023-10-19 02:00:00+00:00,0.058069,0.058069,0.057869,0.058022,2283033.0
2023-10-19 03:00:00+00:00,0.058022,0.058152,0.057991,0.058133,2066805.0
2023-10-19 04:00:00+00:00,0.058133,0.058188,0.058046,0.058156,3069813.0
2023-10-19 05:00:00+00:00,0.058156,0.058273,0.058139,0.058143,3236957.0
2023-10-19 06:00:00+00:00,0.058143,0.058213,0.058123,0.05815,597741.0
2023-10-19 07:00:00+00:00,0.05815,0.058208,0.058063,0.058152,1185230.0
2023-10-19 08:00:00+00:00,0.058152,0.058193,0.058021,0.058021,1808933.0
2023-10-19 09:00:00+00:00,0.058021,0.058176,0.057939,0.058009,2542956.0
2023-10-19 10:00:00+00:00,0.058009,0.058253,0.057993,0.058202,2180843.0
2023-10-19 11:00:00+00:00,0.058202,0.058228,0.058138,0.058191,1045014.0
2023-10-19 12:00:00+00:00,0.058191,0.058308,0.058138,0.058239,1702576.0
2023-10-19 13:00:00+00:00,0.058239,0.058379,0.058158,0.058178,2752943.0
2023-10-19 14:00:00+00:00,0.058178,0.058353,0.058081,0.058351,4316703.0
2023-10-19 15:00:00+00:00,0.058351,0.058487,0.058282,0.05836,7346840.0
2023-10-19 16:00:00+00:00,0.05836,0.058673,0.058318,0.058391,5347274.0
2023-10-19 17:00:00+00:00,0.058391,0.058493,0.058199,0.058472,999057.0
2023-10-19 18:00:00+00:00,0.058472,0.058617,0.058429,0.058444,2034147.0
2023-10-19 19:00:00+00:00,0.058444,0.058637,0.05844,0.058606,1258759.0
2023-10-19 20:00:00+00:00,0.058606,0.058897,0.058513,0.058659,13924818.0
2023-10-19 21:00:00+00:00,0.058659,0.058711,0.0585,0.05853,6000746.0
2023-10-19 22:00:00+00:00,0.05853,0.058693,0.058511,0.058579,1206019.0
2023-10-19 23:00:00+00:00,0.058579,0.058833,0.058569,0.058806,1663493.0
2023-10-20 00:00:00+00:00,0.058806,0.058923,0.058669,0.058704,2069783.0
2023-10-20 01:00:00+00:00,0.058704,0.058743,0.058569,0.058732,1594742.0
2023-10-20 02:00:00+00:00,0.058732,0.059272,0.058724,0.059127,4063565.0
2023-10-20 03:00:00+00:00,0.059127,0.05958,0.05908,0.059412,4887459.0
2023-10-20 04:00:00+00:00,0.059412,0.059449,0.059278,0.059348,1577266.0
2023-10-20 05:00:00+00:00,0.059348,0.059373,0.059148,0.05937,5911575.0
2023-10-20 06:00:00+00:00,0.05937,0.059447,0.059228,0.059419,7541487.0
2023-10-20 07:00:00+00:00,0.059419,0.059482,0.059311,0.059324,1837096.0
2023-10-20 08:00:00+00:00,0.059324,0.060148,0.059324,0.060021,9921213.0
2023-10-20 09:00:00+00:00,0.060021,0.060226,0.059935,0.060153,3200617.0
2023-10-20 10:00:00+00:00,0.060153,0.060397,0.059877,0.059922,7214890.0
2023-10-20 11:00:00+00:00,0.059922,0.060023,0.059657,0.059712,12276062.0
2023-10-20 12:00:00+00:00,0.059712,0.05983,0.059515,0.059623,2748578.0
2023-10-20 13:00:00+00:00,0.059623,0.059806,0.0595,0.059806,1222980.0
2023-10-20 14:00:00+00:00,0.059806,0.059989,0.059686,0.059795,3080153.0
2023-10-20 15:00:00+00:00,0.059795,0.059963,0.059667,0.059832,2016774.0
2023-10-20 16:00:00+00:00,0.059832,0.059943,0.059697,0.059844,2975484.0
2023-10-20 17:00:00+00:00,0.059844,0.06,0.059655,0.059999,4970664.0
2023-10-20 18:00:00+00:00,0.059999,0.060163,0.059937,0.060046,2768677.0
2023-10-20 19:00:00+00:00,0.060046,0.060156,0.059947,0.06012,1444527.0
2023-10-20 20:00:00+00:00,0.06012,0.060198,0.060012,0.060012,1061785.0
2023-10-20 21:00:00+00:00,0.060012,0.060116,0.059963,0.060043,748582.0
2023-10-20 22:00:00+00:00,0.060043,0.060083,0.059957,0.060028,932737.0
2023-10-20 23:00:00+00:00,0.060028,0.060063,0.059836,0.059845,1417194.0
2023-10-21 00:00:00+00:00,0.059845,0.059943,0.059778,0.059817,2290283.0
2023-10-21 01:00:00+00:00,0.059817,0.059823,0.059707,0.059725,894557.0
2023-10-21 02:00:00+00:00,0.059725,0.059725,0.059532,0.05957,2809559.0
2023-10-21 03:00:00+00:00,0.05957,0.059741,0.059367,0.059715,3094887.0
2023-10-21 04:00:00+00:00,0.059715,0.059822,0.059715,0.059811,859030.0
2023-10-21 05:00:00+00:00,0.059811,0.059883,0.059805,0.059862,1648163.0
2023-10-21 06:00:00+00:00,0.059862,0.060263,0.059862,0.060261,4156544.0
2023-10-21 07:00:00+00:00,0.060261,0.060393,0.060116,0.060374,5374824.0
2023-10-21 08:00:00+00:00,0.060374,0.060398,0.060107,0.060156,1625653.0
2023-10-21 09:00:00+00:00,0.060156,0.060303,0.060097,0.060281,1700026.0
2023-10-21 10:00:00+00:00,0.060281,0.060378,0.060194,0.060285,2128081.0
2023-10-21 11:00:00+00:00,0.060285,0.060564,0.060285,0.060377,6444260.0
2023-10-21 12:00:00+00:00,0.060377,0.060585,0.060277,0.060451,2029307.0
2023-10-21 13:00:00+00:00,0.060451,0.060913,0.060377,0.060847,6473568.0
2023-10-21 14:00:00+00:00,0.060847,0.061122,0.060707,0.061091,12403320.0
2023-10-21 15:00:00+00:00,0.061091,0.061186,0.060805,0.061166,6930524.0
2023-10-21 16:00:00+00:00,0.061166,0.061332,0.060964,0.061062,3311586.0
2023-10-21 17:00:00+00:00,0.061062,0.061362,0.06098,0.061244,8952333.0
2023-10-21 18:00:00+00:00,0.061244,0.061392,0.060967,0.061162,4548741.0
2023-10-21 19:00:00+00:00,0.061162,0.06119,0.060728,0.060956,3739423.0
2023-10-21 20:00:00+00:00,0.060956,0.06109,0.060753,0.061086,2887524.0
2023-10-21 21:00:00+00:00,0.061086,0.061281,0.061045,0.061222,1195753.0
2023-10-21 22:00:00+00:00,0.061222,0.061354,0.061027,0.061198,2753510.0
2023-10-21 23:00:00+00:00,0.061198,0.06122,0.060967,0.061138,3629284.0
2023-10-22 00:00:00+00:00,0.061138,0.061563,0.060977,0.061472,3698076.0
2023-10-22 01:00:00+00:00,0.061472,0.061642,0.061217,0.061357,4124179.0
2023-10-22 02:00:00+00:00,0.061357,0.061398,0.061097,0.061134,1998133.0
2023-10-22 03:00:00+00:00,0.061134,0.061222,0.061067,0.061217,3870711.0
2023-10-22 04:00:00+00:00,0.061217,0.061307,0.061178,0.061201,1517644.0
2023-10-22 05:00:00+00:00,0.061201,0.061581,0.061201,0.061495,1347776.0
2023-10-22 06:00:00+00:00,0.061495,0.061601,0.061398,0.061419,4578173.0
2023-10-22 07:00:00+00:00,0.061419,0.061419,0.059778,0.060671,17158361.0
2023-10-22 08:00:00+00:00,0.060671,0.060841,0.060543,0.060638,4782755.0
2023-10-22 09:00:00+00:00,0.060638,0.060932,0.060626,0.06063,2884867.0
2023-10-22 10:00:00+00:00,0.06063,0.060787,0.060612,0.060736,1304504.0
2023-10-22 11:00:00+00:00,0.060736,0.060736,0.060388,0.060601,2172796.0
2023-10-22 12:00:00+00:00,0.060601,0.060832,0.060572,0.060728,2137052.0
2023-10-22 13:00:00+00:00,0.060728,0.060892,0.060724,0.060884,3843413.0
2023-10-22 14:00:00+00:00,0.060884,0.060892,0.060549,0.06064,3572985.0
2023-10-22 15:00:00+00:00,0.06064,0.060712,0.060471,0.060692,2014933.0
2023-10-22 16:00:00+00:00,0.060692,0.060927,0.060671,0.060817,1970686.0
2023-10-22 17:00:00+00:00,0.060817,0.061031,0.060812,0.061031,3338856.0
2023-10-22 18:00:00+00:00,0.061031,0.061111,0.060888,0.060901,3504384.0
2023-10-22 19:00:00+00:00,0.060901,0.060962,0.060754,0.060794,2179100.0
2023-10-22 20:00:00+00:00,0.060794,0.060898,0.060767,0.060877,1446408.0
2023-10-22 21:00:00+00:00,0.060877,0.060892,0.060658,0.060736,3385744.0
2023-10-22 22:00:00+00:00,0.060736,0.061375,0.060651,0.061367,1980751.0
2023-10-22 23:00:00+00:00,0.061367,0.061696,0.061267,0.061641,8395217.0
2023-10-23 00:00:00+00:00,0.061641,0.061858,0.0613,0.061757,9333462.0
2023-10-23 01:00:00+00:00,0.061757,0.062321,0.061673,0.061892,11258206.0
2023-10-23 02:00:00+00:00,0.061892,0.062411,0.06168,0.062197,11944080.0
2023-10-23 03:00:00+00:00,0.062197,0.062772,0.061981,0.062578,22386122.0
2023-10-23 04:00:00+00:00,0.062578,0.06304,0.062437,0.06297,6907824.0
2023-10-23 05:00:00+00:00,0.06297,0.063072,0.062751,0.062762,6556070.0
2023-10-23 06:00:00+00:00,0.062762,0.062955,0.062452,0.062452,16505601.0
2023-10-23 07:00:00+00:00,0.062452,0.062732,0.062266,0.062495,6007281.0
2023-10-23 08:00:00+00:00,0.062495,0.065222,0.062401,0.064282,35674846.0
2023-10-23 09:00:00+00:00,0.064282,0.064282,0.062864,0.063392,27413388.0
2023-10-23 10:00:00+00:00,0.063392,0.064343,0.063372,0.064103,11472667.0
2023-10-23 11:00:00+00:00,0.064103,0.065371,0.063902,0.064834,23136251.0
2023-10-23 12:00:00+00:00,0.064834,0.065443,0.064169,0.064284,21296661.0
2023-10-23 13:00:00+00:00,0.064284,0.064304,0.06335,0.06379,14509627.0
2023-10-23 14:00:00+00:00,0.06379,0.064604,0.063662,0.064574,24841029.0
2023-10-23 15:00:00+00:00,0.064574,0.064615,0.064092,0.064154,15095493.0
2023-10-23 16:00:00+00:00,0.064154,0.064292,0.063642,0.064024,14582276.0
2023-10-23 17:00:00+00:00,0.064024,0.06438,0.063139,0.063912,11923885.0
2023-10-23 18:00:00+00:00,0.063912,0.064145,0.063493,0.063994,5300625.0
2023-10-23 19:00:00+00:00,0.063994,0.064424,0.063981,0.064354,8687117.0
2023-10-23 20:00:00+00:00,0.064354,0.064684,0.064162,0.064577,16866143.0
2023-10-23 21:00:00+00:00,0.064577,0.0656,0.064512,0.065428,12921977.0
2023-10-23 22:00:00+00:00,0.065428,0.067278,0.065331,0.067081,28462397.0
2023-10-23 23:00:00+00:00,0.067081,0.067922,0.066053,0.06742,27786563.0
2023-10-24 00:00:00+00:00,0.06742,0.068274,0.066501,0.06758,32910173.0
2023-10-24 01:00:00+00:00,0.06758,0.067702,0.066319,0.067061,44971595.0
2023-10-24 02:00:00+00:00,0.067061,0.069362,0.06703,0.068651,28381726.0
2023-10-24 03:00:00+00:00,0.068651,0.069012,0.067523,0.067553,20225518.0
2023-10-24 04:00:00+00:00,0.067553,0.068469,0.067545,0.067946,11398004.0
2023-10-24 05:00:00+00:00,0.067946,0.068033,0.066656,0.067,10414506.0
2023-10-24 06:00:00+00:00,0.067,0.067163,0.066365,0.066692,8728699.0
2023-10-24 07:00:00+00:00,0.066692,0.066782,0.06587,0.066492,7452326.0
2023-10-24 08:00:00+00:00,0.066492,0.066804,0.06641,0.066794,3305357.0
2023-10-24 09:00:00+00:00,0.066794,0.067443,0.06656,0.067113,13162699.0
2023-10-24 10:00:00+00:00,0.067113,0.067782,0.067113,0.067431,6809271.0
2023-10-24 11:00:00+00:00,0.067431,0.067889,0.06722,0.067879,7477984.0
2023-10-24 12:00:00+00:00,0.067879,0.070092,0.067729,0.068879,29219893.0
2023-10-24 13:00:00+00:00,0.068879,0.068884,0.067335,0.0682,19127241.0
2023-10-24 14:00:00+00:00,0.0682,0.068222,0.06707,0.067744,13589075.0
2023-10-24 15:00:00+00:00,0.067744,0.068087,0.064135,0.065653,81001212.0
2023-10-24 16:00:00+00:00,0.065653,0.06652,0.065009,0.065929,21643634.0
2023-10-24 17:00:00+00:00,0.065929,0.066331,0.065834,0.06584,5555555.0
2023-10-24 18:00:00+00:00,0.06584,0.06614,0.065019,0.06614,6247881.0
2023-10-24 19:00:00+00:00,0.06614,0.066864,0.065955,0.066589,21209921.0
2023-10-24 20:00:00+00:00,0.066589,0.066834,0.065936,0.066053,5117638.0
2023-10-24 21:00:00+00:00,0.066053,0.066599,0.065604,0.066523,7235338.0
2023-10-24 22:00:00+00:00,0.066523,0.067099,0.066179,0.067088,4387594.0
2023-10-24 23:00:00+00:00,0.067088,0.067088,0.066325,0.066564,5275187.0
2023-10-25 00:00:00+00:00,0.066564,0.066733,0.066059,0.066645,3478115.0
2023-10-25 01:00:00+00:00,0.066645,0.067234,0.066542,0.06663,5520426.0
2023-10-25 02:00:00+00:00,0.06663,0.066655,0.065995,0.066207,8620801.0
2023-10-25 03:00:00+00:00,0.066207,0.066244,0.065725,0.065907,9380082.0
2023-10-25 04:00:00+00:00,0.065907,0.066225,0.065749,0.066215,6007811.0
2023-10-25 05:00:00+00:00,0.066215,0.06624,0.06559,0.065673,5967786.0
2023-10-25 06:00:00+00:00,0.065673,0.066439,0.065671,0.066182,4394237.0
2023-10-25 07:00:00+00:00,0.066182,0.066235,0.064511,0.065183,14490261.0
2023-10-25 08:00:00+00:00,0.065183,0.065469,0.064836,0.065345,4771713.0
2023-10-25 09:00:00+00:00,0.065345,0.065845,0.065204,0.065528,4116412.0
2023-11-27 17:00:00+00:00,0.078009,0.078546,0.077874,0.078068,5163003.0
2023-11-27 18:00:00+00:00,0.078068,0.07872,0.077974,0.077974,4008008.0
2023-11-27 19:00:00+00:00,0.077974,0.078158,0.07685,0.077398,10160075.0
2023-11-27 20:00:00+00:00,0.077398,0.077625,0.07674,0.077,4547960.0
2023-11-27 21:00:00+00:00,0.077,0.077684,0.076965,0.077628,3607043.0
2023-11-27 22:00:00+00:00,0.077628,0.077988,0.077414,0.077916,2831985.0
2023-11-27 23:00:00+00:00,0.077916,0.078791,0.077824,0.078787,6083162.0
2023-11-28 00:00:00+00:00,0.078787,0.079242,0.078634,0.078798,11574772.0
2023-11-28 01:00:00+00:00,0.078798,0.078812,0.078174,0.078316,9199600.0
2023-11-28 02:00:00+00:00,0.078316,0.078328,0.077864,0.078056,6260072.0
2023-11-28 03:00:00+00:00,0.078056,0.078261,0.077864,0.078051,2146342.0
2023-11-28 04:00:00+00:00,0.078051,0.078296,0.077582,0.077638,4206734.0
2023-11-28 05:00:00+00:00,0.077638,0.077774,0.076646,0.076814,9917975.0
2023-11-28 06:00:00+00:00,0.076814,0.077588,0.076679,0.077428,6420245.0
2023-11-28 07:00:00+00:00,0.077428,0.077496,0.076846,0.077264,7173647.0
2023-11-28 08:00:00+00:00,0.077264,0.077287,0.076926,0.076934,6124386.0
2023-11-28 09:00:00+00:00,0.076934,0.077461,0.076806,0.077348,7164600.0
2023-11-28 10:00:00+00:00,0.077348,0.0775,0.077168,0.0775,3005461.0
2023-11-28 11:00:00+00:00,0.0775,0.078118,0.077421,0.078007,10204758.0
2023-11-28 12:00:00+00:00,0.078007,0.078088,0.077665,0.077749,4950386.0
2023-11-28 13:00:00+00:00,0.077749,0.078238,0.077484,0.07821,8752154.0
2023-11-28 14:00:00+00:00,0.07821,0.080297,0.078034,0.079778,84013162.0
2023-11-28 15:00:00+00:00,0.079778,0.080294,0.079153,0.079972,25943421.0
2023-11-28 16:00:00+00:00,0.079972,0.080257,0.079733,0.079834,10869446.0
2023-11-28 17:00:00+00:00,0.079834,0.080816,0.079539,0.080806,13416125.0
2023-11-28 18:00:00+00:00,0.080806,0.080874,0.079873,0.080153,10133865.0
2023-11-28 19:00:00+00:00,0.080153,0.080565,0.079973,0.080274,4157871.0
2023-11-28 20:00:00+00:00,0.080274,0.080926,0.080153,0.080827,7369198.0
2023-11-28 21:00:00+00:00,0.080827,0.080877,0.080223,0.080271,5342370.0
2023-11-28 22:00:00+00:00,0.080271,0.080537,0.079963,0.080137,6019416.0
2023-11-28 23:00:00+00:00,0.080137,0.081176,0.080137,0.080834,9309061.0
2023-11-29 00:00:00+00:00,0.080834,0.081149,0.080336,0.080837,11662053.0
2023-11-29 01:00:00+00:00,0.080837,0.081149,0.080612,0.080771,9219548.0
2023-11-29 02:00:00+00:00,0.080771,0.081042,0.080456,0.080601,6034451.0
2023-11-29 03:00:00+00:00,0.080601,0.080686,0.080266,0.080569,4520690.0
2023-11-29 04:00:00+00:00,0.080569,0.080986,0.080496,0.080898,5284049.0
2023-11-29 05:00:00+00:00,0.080898,0.081271,0.080566,0.080828,13281093.0
2023-11-29 06:00:00+00:00,0.080828,0.081083,0.080707,0.08101,4531392.0
2023-11-29 07:00:00+00:00,0.08101,0.08106,0.080606,0.080876,8404106.0
2023-11-29 08:00:00+00:00,0.080876,0.081,0.080636,0.080974,3883385.0
2023-11-29 09:00:00+00:00,0.080974,0.081013,0.080336,0.080529,9896668.0
2023-11-29 10:00:00+00:00,0.080529,0.080564,0.079578,0.079828,16751865.0
2023-11-29 11:00:00+00:00,0.079828,0.081336,0.07971,0.081336,11560721.0
2023-11-29 12:00:00+00:00,0.081336,0.083068,0.080876,0.081923,51212886.0
2023-11-29 13:00:00+00:00,0.081923,0.082693,0.081855,0.081868,10181486.0
2023-11-29 14:00:00+00:00,0.081868,0.082043,0.080481,0.080627,17647639.0
2023-11-29 15:00:00+00:00,0.080627,0.080864,0.08006,0.080212,14153352.0
2023-11-29 16:00:00+00:00,0.080212,0.08074,0.079697,0.080224,15444677.0
2023-11-29 17:00:00+00:00,0.080224,0.081228,0.080192,0.080944,16244148.0
2023-11-29 18:00:00+00:00,0.080944,0.081355,0.080894,0.081153,3658153.0
2023-11-29 19:00:00+00:00,0.081153,0.081405,0.081005,0.081339,2414336.0
2023-11-29 20:00:00+00:00,0.081339,0.081339,0.080371,0.080418,6527766.0
2023-11-29 21:00:00+00:00,0.080418,0.080944,0.080301,0.080556,5805144.0
2023-11-29 22:00:00+00:00,0.080556,0.080783,0.080406,0.080546,3833015.0
2023-11-29 23:00:00+00:00,0.080546,0.080697,0.080353,0.080438,3242762.0
2023-11-30 00:00:00+00:00,0.080438,0.081125,0.080384,0.080808,5506459.0
2023-11-30 01:00:00+00:00,0.080808,0.081386,0.080611,0.081116,9672343.0
2023-11-30 02:00:00+00:00,0.081116,0.081613,0.080975,0.081268,9560922.0
2023-11-30 03:00:00+00:00,0.081268,0.081433,0.081072,0.08141,3716825.0
2023-11-30 04:00:00+00:00,0.08141,0.081859,0.081348,0.081434,5893370.0
2023-11-30 05:00:00+00:00,0.081434,0.081903,0.081181,0.081233,5666466.0
2023-11-30 06:00:00+00:00,0.081233,0.081493,0.081097,0.081449,10168548.0
2023-11-30 07:00:00+00:00,0.081449,0.081783,0.081353,0.081585,9176947.0
2023-11-30 08:00:00+00:00,0.081585,0.082884,0.081285,0.081446,18869480.0
2023-11-30 09:00:00+00:00,0.081446,0.082253,0.081361,0.081961,7646916.0
2023-11-30 10:00:00+00:00,0.081961,0.082202,0.081715,0.081716,5159650.0
2023-11-30 11:00:00+00:00,0.081716,0.0818,0.081518,0.081797,5883908.0
2023-11-30 12:00:00+00:00,0.081797,0.081948,0.081396,0.081542,5932673.0
2023-11-30 13:00:00+00:00,0.081542,0.083,0.081375,0.082157,19137278.0
2023-11-30 14:00:00+00:00,0.082157,0.082905,0.081575,0.082645,12696438.0
2023-11-30 15:00:00+00:00,0.082645,0.082899,0.081995,0.082346,11832439.0
2023-11-30 16:00:00+00:00,0.082346,0.083322,0.082116,0.083287,11479107.0
2023-11-30 17:00:00+00:00,0.083287,0.083869,0.082943,0.083675,13191424.0
2023-11-30 18:00:00+00:00,0.083675,0.083741,0.083092,0.083393,4906033.0
2023-11-30 19:00:00+00:00,0.083393,0.084372,0.083385,0.084048,8037963.0
2023-11-30 20:00:00+00:00,0.084048,0.084207,0.08293,0.0831,9086823.0
2023-11-30 21:00:00+00:00,0.0831,0.083271,0.082725,0.083144,5404310.0
2023-11-30 22:00:00+00:00,0.083144,0.083427,0.083,0.083284,3472669.0
2023-11-30 23:00:00+00:00,0.083284,0.083467,0.082945,0.083416,6346811.0
2023-12-01 00:00:00+00:00,0.083416,0.08354,0.082365,0.082492,13879606.0
2023-12-01 01:00:00+00:00,0.082492,0.083904,0.082253,0.083884,10365609.0
2023-12-01 02:00:00+00:00,0.083884,0.083929,0.083419,0.083604,4554736.0
2023-12-01 03:00:00+00:00,0.083604,0.084092,0.083434,0.084034,6286850.0
2023-12-01 04:00:00+00:00,0.084034,0.084299,0.083795,0.084134,9877120.0
2023-12-01 05:00:00+00:00,0.084134,0.084542,0.083894,0.084046,6771713.0
2023-12-01 06:00:00+00:00,0.084046,0.084872,0.083771,0.084692,12053487.0
2023-12-01 07:00:00+00:00,0.084692,0.085051,0.084124,0.084218,12760045.0
2023-12-01 08:00:00+00:00,0.084218,0.084482,0.083844,0.08402,5819054.0
2023-12-01 09:00:00+00:00,0.08402,0.084515,0.083667,0.084324,7380104.0
2023-12-01 10:00:00+00:00,0.084324,0.084432,0.08377,0.08377,4516586.0
2023-12-01 11:00:00+00:00,0.08377,0.083987,0.083664,0.083804,7234688.0
2023-12-01 12:00:00+00:00,0.083804,0.083832,0.083124,0.083267,9000387.0
2023-12-01 13:00:00+00:00,0.083267,0.083399,0.083024,0.083172,5083449.0
2023-12-01 14:00:00+00:00,0.083172,0.083192,0.082685,0.082903,5891882.0
2023-12-01 15:00:00+00:00,0.082903,0.083079,0.082545,0.082927,4285747.0
2023-12-01 16:00:00+00:00,0.082927,0.083806,0.082844,0.083492,7540803.0
2023-12-01 17:00:00+00:00,0.083492,0.083532,0.082685,0.083087,4991308.0
2023-12-01 18:00:00+00:00,0.083087,0.08344,0.083034,0.08327,2032428.0
2023-12-01 19:00:00+00:00,0.08327,0.083502,0.0831,0.083424,1787587.0
2023-12-01 20:00:00+00:00,0.083424,0.083574,0.083164,0.083229,4062187.0
2023-12-01 21:00:00+00:00,0.083229,0.083646,0.083164,0.083626,2824147.0
2023-12-01 22:00:00+00:00,0.083626,0.083763,0.083556,0.083601,3557825.0
2023-12-01 23:00:00+00:00,0.083601,0.084078,0.083554,0.083812,5844039.0
2023-12-02 00:00:00+00:00,0.083812,0.08397,0.083555,0.083928,7021647.0
2023-12-02 01:00:00+00:00,0.083928,0.084342,0.083796,0.084089,7215060.0
2023-12-02 02:00:00+00:00,0.084089,0.084187,0.083865,0.084141,3516851.0
2023-12-02 03:00:00+00:00,0.084141,0.084362,0.084002,0.084198,4510533.0
2023-12-02 04:00:00+00:00,0.084198,0.084398,0.08404,0.084375,2457869.0
2023-12-02 05:00:00+00:00,0.084375,0.084393,0.084138,0.084369,2202876.0
2023-12-02 06:00:00+00:00,0.084369,0.084438,0.08396,0.084196,2726991.0
2023-12-02 07:00:00+00:00,0.084196,0.084295,0.083718,0.083718,4150144.0
2023-12-02 08:00:00+00:00,0.083718,0.084281,0.083718,0.084247,3117841.0
2023-12-02 09:00:00+00:00,0.084247,0.084298,0.083913,0.084008,6330836.0
2023-12-02 10:00:00+00:00,0.084008,0.084168,0.0838,0.08389,4026913.0
2023-12-02 11:00:00+00:00,0.08389,0.083891,0.083608,0.083811,4196305.0
2023-12-02 12:00:00+00:00,0.083811,0.084068,0.08378,0.084016,4245305.0
2023-12-02 13:00:00+00:00,0.084016,0.084588,0.083968,0.084126,7033320.0
2023-12-02 14:00:00+00:00,0.084126,0.084267,0.0832,0.0835,8049412.0
2023-12-02 15:00:00+00:00,0.0835,0.084427,0.083278,0.084317,6877001.0
2023-12-02 16:00:00+00:00,0.084317,0.084358,0.083628,0.083814,5364976.0
2023-12-02 17:00:00+00:00,0.083814,0.084158,0.083808,0.084158,1386590.0
2023-12-02 18:00:00+00:00,0.084158,0.084816,0.084113,0.084734,5335179.0
2023-12-02 19:00:00+00:00,0.084734,0.08592,0.084718,0.085759,13201875.0
2023-12-02 20:00:00+00:00,0.085759,0.086047,0.085514,0.08586,6432333.0
2023-12-02 21:00:00+00:00,0.08586,0.086117,0.085648,0.085921,4827452.0
2023-12-02 22:00:00+00:00,0.085921,0.086587,0.085578,0.085607,13115653.0
2023-12-02 23:00:00+00:00,0.085607,0.086577,0.085607,0.086157,4779466.0
2023-12-03 00:00:00+00:00,0.086157,0.086577,0.085887,0.086498,5304476.0
2023-12-03 01:00:00+00:00,0.086498,0.087395,0.086166,0.086297,14026249.0
2023-12-03 02:00:00+00:00,0.086297,0.086501,0.085815,0.085917,5829911.0
2023-12-03 03:00:00+00:00,0.085917,0.08595,0.085336,0.085862,11697752.0
2023-12-03 04:00:00+00:00,0.085862,0.085955,0.085495,0.085559,4162884.0
2023-12-03 05:00:00+00:00,0.085559,0.085779,0.085344,0.085382,4800987.0
2023-12-03 06:00:00+00:00,0.085382,0.085425,0.085065,0.085219,7790332.0
2023-12-03 07:00:00+00:00,0.085219,0.085589,0.084972,0.085447,6826593.0
2023-12-03 08:00:00+00:00,0.085447,0.085485,0.085035,0.085039,2830198.0
2023-12-03 09:00:00+00:00,0.085039,0.085275,0.08496,0.08508,4656592.0
2023-12-03 10:00:00+00:00,0.08508,0.085209,0.084778,0.085155,6243045.0
2023-12-03 11:00:00+00:00,0.085155,0.085155,0.0845,0.084776,8772560.0
2023-12-03 12:00:00+00:00,0.084776,0.084974,0.08377,0.08413,14011223.0
2023-12-03 13:00:00+00:00,0.08413,0.08464,0.084006,0.084315,10063397.0
2023-12-03 14:00:00+00:00,0.084315,0.084432,0.083866,0.083986,7799383.0
2023-12-03 15:00:00+00:00,0.083986,0.084177,0.083613,0.083964,6823511.0
2023-12-03 16:00:00+00:00,0.083964,0.08432,0.083714,0.084192,3536306.0
2023-12-03 17:00:00+00:00,0.084192,0.084192,0.083759,0.08397,2725940.0
2023-12-03 18:00:00+00:00,0.08397,0.084876,0.083909,0.084497,4181074.0
2023-12-03 19:00:00+00:00,0.084497,0.085468,0.084216,0.085329,5781057.0
2023-12-03 20:00:00+00:00,0.085329,0.086301,0.084738,0.084851,8052457.0
2023-12-03 21:00:00+00:00,0.084851,0.085106,0.084516,0.085087,2814852.0
2023-12-03 22:00:00+00:00,0.085087,0.086039,0.084999,0.085848,8826993.0
2023-12-03 23:00:00+00:00,0.085848,0.086239,0.085025,0.085702,8747767.0
2023-12-04 00:00:00+00:00,0.085702,0.086039,0.085305,0.08598,6759356.0
2023-12-04 01:00:00+00:00,0.08598,0.08678,0.085785,0.086576,11588657.0
2023-12-04 02:00:00+00:00,0.086576,0.0866,0.086055,0.086583,6284058.0
2023-12-04 03:00:00+00:00,0.086583,0.08692,0.086264,0.086389,5907472.0
2023-12-04 04:00:00+00:00,0.086389,0.088442,0.086388,0.088196,19661145.0
2023-12-04 05:00:00+00:00,0.088196,0.091199,0.088069,0.09007,22418427.0
2023-12-04 06:00:00+00:00,0.09007,0.091011,0.089309,0.089609,19843243.0
2023-12-04 07:00:00+00:00,0.089609,0.090631,0.089516,0.09058,13147580.0
2023-12-04 08:00:00+00:00,0.09058,0.0908,0.08954,0.090448,12890224.0
2023-12-04 09:00:00+00:00,0.090448,0.090831,0.088888,0.088921,16749756.0
2023-12-04 10:00:00+00:00,0.088921,0.089887,0.088921,0.089646,8726261.0
2023-12-04 11:00:00+00:00,0.089646,0.089646,0.084661,0.087551,64721833.0
2023-12-04 12:00:00+00:00,0.087551,0.088311,0.087051,0.088099,8752801.0
2023-12-04 13:00:00+00:00,0.088099,0.088241,0.087021,0.087023,8562143.0
2023-12-04 14:00:00+00:00,0.087023,0.087567,0.0862,0.087443,6240431.0
2023-12-04 15:00:00+00:00,0.087443,0.089352,0.087231,0.089284,12770627.0
2023-12-04 16:00:00+00:00,0.089284,0.0893,0.088251,0.08855,7231071.0
2023-12-04 17:00:00+00:00,0.08855,0.088891,0.088239,0.088582,5710811.0
2023-12-04 18:00:00+00:00,0.088582,0.088741,0.08825,0.088702,3846602.0
2023-12-04 19:00:00+00:00,0.088702,0.08905,0.088436,0.088884,7314280.0
2023-12-04 20:00:00+00:00,0.088884,0.08967,0.088462,0.089486,5060005.0
2023-12-04 21:00:00+00:00,0.089486,0.08991,0.089144,0.089185,3625127.0
2023-12-04 22:00:00+00:00,0.089185,0.089853,0.08898,0.089677,5412568.0
2023-12-04 23:00:00+00:00,0.089677,0.092579,0.08959,0.091854,26576126.0
2023-12-05 00:00:00+00:00,0.091854,0.092363,0.090779,0.091408,18026943.0
2023-12-05 01:00:00+00:00,0.091408,0.091475,0.090132,0.090354,9358302.0
2023-12-05 02:00:00+00:00,0.090354,0.09043,0.089151,0.09016,13763181.0
2023-12-05 03:00:00+00:00,0.09016,0.090551,0.090046,0.090175,4744405.0
2023-12-05 04:00:00+00:00,0.090175,0.090183,0.08955,0.089634,3714794.0
2023-12-05 05:00:00+00:00,0.089634,0.09008,0.0894,0.090067,3095348.0
2023-12-05 06:00:00+00:00,0.090067,0.0903,0.088799,0.089362,10620571.0
2023-12-05 07:00:00+00:00,0.089362,0.089493,0.087531,0.088421,17587470.0
2023-12-05 08:00:00+00:00,0.088421,0.088591,0.087644,0.088237,7044263.0
2023-12-05 09:00:00+00:00,0.088237,0.088701,0.088092,0.088488,3545471.0
2023-12-05 10:00:00+00:00,0.088488,0.088581,0.087641,0.087659,5201941.0
2023-12-05 11:00:00+00:00,0.087659,0.088821,0.08747,0.088661,7476672.0
2023-12-05 12:00:00+00:00,0.088661,0.089472,0.088579,0.089455,11669191.0
2023-12-05 13:00:00+00:00,0.089455,0.090029,0.088681,0.088825,11910575.0
2023-12-05 14:00:00+00:00,0.088825,0.089429,0.088631,0.089321,6282467.0
2023-12-05 15:00:00+00:00,0.089321,0.090237,0.0892,0.089776,5853992.0
2023-12-05 16:00:00+00:00,0.089776,0.092098,0.089342,0.091042,29807807.0
2023-12-05 17:00:00+00:00,0.091042,0.09239,0.090559,0.0917,17141219.0
2023-12-05 18:00:00+00:00,0.0917,0.093688,0.091387,0.092148,33034524.0
2023-12-05 19:00:00+00:00,0.092148,0.095863,0.092058,0.09479,35174282.0
2023-12-05 20:00:00+00:00,0.09479,0.095159,0.0925,0.093114,15834177.0
2023-12-05 21:00:00+00:00,0.093114,0.093639,0.092478,0.093359,6797718.0
2023-12-05 22:00:00+00:00,0.093359,0.094163,0.093117,0.093618,7354237.0
2023-12-05 23:00:00+00:00,0.093618,0.094689,0.093467,0.094273,9913194.0
2023-12-06 00:00:00+00:00,0.094273,0.095969,0.093431,0.095721,15029394.0
2024-01-08 08:00:00+00:00,0.077597,0.078295,0.077288,0.077493,10129516.0
2024-01-08 09:00:00+00:00,0.077493,0.077673,0.076747,0.077043,8935904.0
2024-01-08 10:00:00+00:00,0.077043,0.078078,0.076808,0.07792,5103332.0
2024-01-08 11:00:00+00:00,0.07792,0.078376,0.077568,0.078311,6415864.0
2024-01-08 12:00:00+00:00,0.078311,0.079083,0.077919,0.0788,8601848.0
2024-01-08 13:00:00+00:00,0.0788,0.079144,0.078515,0.078674,4847148.0
2024-01-08 14:00:00+00:00,0.078674,0.079147,0.078513,0.07895,2813373.0
2024-01-08 15:00:00+00:00,0.07895,0.079628,0.078554,0.079113,3940850.0
2024-01-08 16:00:00+00:00,0.079113,0.079487,0.07879,0.07905,4489787.0
2024-01-08 17:00:00+00:00,0.07905,0.07999,0.07905,0.079951,2510064.0
2024-01-08 18:00:00+00:00,0.079951,0.081116,0.079884,0.080818,4821970.0
2024-01-08 19:00:00+00:00,0.080818,0.081221,0.080459,0.081178,3346391.0
2024-01-08 20:00:00+00:00,0.081178,0.081229,0.080019,0.080609,4966922.0
2024-01-08 21:00:00+00:00,0.080609,0.081232,0.08051,0.081104,2988587.0
2024-01-08 22:00:00+00:00,0.081104,0.081618,0.081069,0.081613,3537296.0
2024-01-08 23:00:00+00:00,0.081613,0.081776,0.081152,0.081326,4124893.0
2024-01-09 00:00:00+00:00,0.081326,0.081601,0.079649,0.08043,6702022.0
2024-01-09 01:00:00+00:00,0.08043,0.080506,0.07922,0.079801,5002302.0
2024-01-09 02:00:00+00:00,0.079801,0.080099,0.079489,0.07992,2831910.0
2024-01-09 03:00:00+00:00,0.07992,0.079999,0.079693,0.079966,3455770.0
2024-01-09 04:00:00+00:00,0.079966,0.080952,0.079855,0.080913,3197940.0
2024-01-09 05:00:00+00:00,0.080913,0.081313,0.080109,0.080638,5928694.0
2024-01-09 06:00:00+00:00,0.080638,0.080766,0.080133,0.080505,3344101.0
2024-01-09 07:00:00+00:00,0.080505,0.080613,0.080198,0.080485,3860863.0
2024-01-09 08:00:00+00:00,0.080485,0.080496,0.079035,0.079118,6976988.0
2024-01-09 09:00:00+00:00,0.079118,0.079444,0.078313,0.078831,9942277.0
2024-01-09 10:00:00+00:00,0.078831,0.07947,0.078473,0.078661,11498664.0
2024-01-09 11:00:00+00:00,0.078661,0.079196,0.078607,0.079034,2898248.0
2024-01-09 12:00:00+00:00,0.079034,0.079217,0.076256,0.077314,23294867.0
2024-01-09 13:00:00+00:00,0.077314,0.079,0.077228,0.078507,15326377.0
2024-01-09 14:00:00+00:00,0.078507,0.078708,0.077513,0.077605,9369610.0
2024-01-09 15:00:00+00:00,0.077605,0.078391,0.077162,0.078282,5674015.0
2024-01-09 16:00:00+00:00,0.078282,0.078493,0.077016,0.07742,11403456.0
2024-01-09 17:00:00+00:00,0.07742,0.084025,0.077062,0.08032,93912711.0
2024-01-09 18:00:00+00:00,0.08032,0.080662,0.07922,0.080241,26475704.0
2024-01-09 19:00:00+00:00,0.080241,0.080649,0.078638,0.0798,17540751.0
2024-01-09 20:00:00+00:00,0.0798,0.079936,0.077544,0.077811,25185213.0
2024-01-09 21:00:00+00:00,0.077811,0.079652,0.076801,0.077788,28266744.0
2024-01-09 22:00:00+00:00,0.077788,0.082232,0.077451,0.078926,42852007.0
2024-01-09 23:00:00+00:00,0.078926,0.079359,0.078548,0.079222,10861216.0
2024-01-10 00:00:00+00:00,0.079222,0.080247,0.079072,0.07975,5235844.0
2024-01-10 01:00:00+00:00,0.07975,0.080416,0.079426,0.08031,4195314.0
2024-01-10 02:00:00+00:00,0.08031,0.080886,0.079477,0.079629,4871299.0
2024-01-10 03:00:00+00:00,0.079629,0.080147,0.079392,0.079854,2815099.0
2024-01-10 04:00:00+00:00,0.079854,0.080018,0.079169,0.079169,2875634.0
2024-01-10 05:00:00+00:00,0.079169,0.079464,0.078947,0.079136,3768761.0
2024-01-10 06:00:00+00:00,0.079136,0.079195,0.07868,0.078909,3069881.0
2024-01-10 07:00:00+00:00,0.078909,0.079046,0.078209,0.078653,5741518.0
2024-01-10 08:00:00+00:00,0.078653,0.07899,0.07792,0.078343,3502148.0
2024-01-10 09:00:00+00:00,0.078343,0.079638,0.07826,0.079502,4721972.0
2024-01-10 10:00:00+00:00,0.079502,0.0797,0.07916,0.079195,4463656.0
2024-01-10 11:00:00+00:00,0.079195,0.079593,0.078501,0.079166,6689933.0
2024-01-10 12:00:00+00:00,0.079166,0.079363,0.076195,0.077036,20704175.0
2024-01-10 13:00:00+00:00,0.077036,0.077681,0.076514,0.077518,4325097.0
2024-01-10 14:00:00+00:00,0.077518,0.077829,0.077029,0.077111,2693406.0
2024-01-10 15:00:00+00:00,0.077111,0.078483,0.076837,0.078322,6586354.0
2024-01-10 16:00:00+00:00,0.078322,0.07855,0.0778,0.077836,6075457.0
2024-01-10 17:00:00+00:00,0.077836,0.078737,0.077619,0.078644,5013192.0
2024-01-10 18:00:00+00:00,0.078644,0.079128,0.078473,0.078769,6393924.0
2024-01-10 19:00:00+00:00,0.078769,0.079243,0.078338,0.079111,6009502.0
2024-01-10 20:00:00+00:00,0.079111,0.079277,0.076756,0.079169,12574941.0
2024-01-10 21:00:00+00:00,0.079169,0.081874,0.078773,0.081768,10673710.0
2024-01-10 22:00:00+00:00,0.081768,0.083519,0.08125,0.083156,14075987.0
2024-01-10 23:00:00+00:00,0.083156,0.084948,0.0826,0.083016,19386902.0
2024-01-11 00:00:00+00:00,0.083016,0.083448,0.08225,0.083416,9483601.0
2024-01-11 01:00:00+00:00,0.083416,0.08464,0.082728,0.084,6884599.0
2024-01-11 02:00:00+00:00,0.084,0.084415,0.083585,0.083763,7117051.0
2024-01-11 03:00:00+00:00,0.083763,0.08403,0.083047,0.084011,7113624.0
2024-01-11 04:00:00+00:00,0.084011,0.084525,0.08372,0.084141,6482370.0
2024-01-11 05:00:00+00:00,0.084141,0.084141,0.082736,0.083186,4074902.0
2024-01-11 06:00:00+00:00,0.083186,0.083296,0.082019,0.082981,4646626.0
2024-01-11 07:00:00+00:00,0.082981,0.08394,0.082966,0.083747,4189382.0
2024-01-11 08:00:00+00:00,0.083747,0.084366,0.083564,0.084347,3268107.0
2024-01-11 09:00:00+00:00,0.084347,0.084497,0.083982,0.084018,3421691.0
2024-01-11 10:00:00+00:00,0.084018,0.085122,0.083741,0.084894,10095498.0
2024-01-11 11:00:00+00:00,0.084894,0.08616,0.084463,0.085941,11433911.0
2024-01-11 12:00:00+00:00,0.085941,0.086543,0.085397,0.086076,8948738.0
2024-01-11 13:00:00+00:00,0.086076,0.086883,0.084548,0.08586,13169029.0
2024-01-11 14:00:00+00:00,0.08586,0.087913,0.08522,0.087179,19082465.0
2024-01-11 15:00:00+00:00,0.087179,0.087448,0.084043,0.084911,18517168.0
2024-01-11 16:00:00+00:00,0.084911,0.085439,0.082878,0.084031,14398991.0
2024-01-11 17:00:00+00:00,0.084031,0.084902,0.083591,0.084712,3311870.0
2024-01-11 18:00:00+00:00,0.084712,0.085152,0.084354,0.084924,3631610.0
2024-01-11 19:00:00+00:00,0.084924,0.085332,0.084383,0.085253,2530025.0
2024-01-11 20:00:00+00:00,0.085253,0.085728,0.084231,0.084394,4222738.0
2024-01-11 21:00:00+00:00,0.084394,0.084805,0.084078,0.084171,1990706.0
2024-01-11 22:00:00+00:00,0.084171,0.084462,0.083814,0.084311,3020206.0
2024-01-11 23:00:00+00:00,0.084311,0.084783,0.08418,0.084624,1489420.0
2024-01-12 00:00:00+00:00,0.084624,0.084947,0.084063,0.084387,3143022.0
2024-01-12 01:00:00+00:00,0.084387,0.084493,0.083168,0.083827,4033688.0
2024-01-12 02:00:00+00:00,0.083827,0.084297,0.083766,0.084147,3178861.0
2024-01-12 03:00:00+00:00,0.084147,0.084172,0.083296,0.083617,2073874.0
2024-01-12 04:00:00+00:00,0.083617,0.084164,0.0835,0.083807,3004009.0
2024-01-12 05:00:00+00:00,0.083807,0.084906,0.083727,0.084766,3666981.0
2024-01-12 06:00:00+00:00,0.084766,0.085057,0.08451,0.084667,2544898.0
2024-01-12 07:00:00+00:00,0.084667,0.084777,0.0838,0.084081,2413964.0
2024-01-12 08:00:00+00:00,0.084081,0.084134,0.083421,0.08396,3402434.0
2024-01-12 09:00:00+00:00,0.08396,0.084194,0.083348,0.083954,3068209.0
2024-01-12 10:00:00+00:00,0.083954,0.084742,0.083758,0.084725,3358851.0
2024-01-12 11:00:00+00:00,0.084725,0.084994,0.084325,0.084656,3701722.0
2024-01-12 12:00:00+00:00,0.084656,0.085435,0.084039,0.084582,4188402.0
2024-01-12 13:00:00+00:00,0.084582,0.085124,0.084394,0.084886,3025721.0
2024-01-12 14:00:00+00:00,0.084886,0.085517,0.084578,0.085077,7261701.0
2024-01-12 15:00:00+00:00,0.085077,0.085136,0.082393,0.082708,17664922.0
2024-01-12 16:00:00+00:00,0.082708,0.083065,0.080144,0.081111,18574795.0
2024-01-12 17:00:00+00:00,0.081111,0.081488,0.079394,0.08141,13642692.0
2024-01-12 18:00:00+00:00,0.08141,0.081672,0.080965,0.081546,3312500.0
2024-01-12 19:00:00+00:00,0.081546,0.081794,0.081067,0.081655,1228853.0
2024-01-12 20:00:00+00:00,0.081655,0.081997,0.081533,0.081669,3123065.0
2024-01-12 21:00:00+00:00,0.081669,0.081829,0.079712,0.080537,7745622.0
2024-01-12 22:00:00+00:00,0.080537,0.080588,0.07725,0.079416,14094097.0
2024-01-12 23:00:00+00:00,0.079416,0.080143,0.079334,0.080079,2206007.0
2024-01-13 00:00:00+00:00,0.080079,0.080465,0.079705,0.079753,1994552.0
2024-01-13 01:00:00+00:00,0.079753,0.080047,0.078608,0.079948,6815093.0
2024-01-13 02:00:00+00:00,0.079948,0.080396,0.079826,0.080048,4477964.0
2024-01-13 03:00:00+00:00,0.080048,0.080355,0.079637,0.080245,2478267.0
2024-01-13 04:00:00+00:00,0.080245,0.080625,0.080133,0.080602,2775679.0
2024-01-13 05:00:00+00:00,0.080602,0.080857,0.080468,0.080828,3196479.0
2024-01-13 06:00:00+00:00,0.080828,0.081029,0.080516,0.080998,3368220.0
2024-01-13 07:00:00+00:00,0.080998,0.081115,0.080807,0.080815,2065032.0
2024-01-13 08:00:00+00:00,0.080815,0.081071,0.080444,0.080867,4129618.0
2024-01-13 09:00:00+00:00,0.080867,0.080987,0.080053,0.080174,2167794.0
2024-01-13 10:00:00+00:00,0.080174,0.080355,0.079741,0.080118,2237990.0
2024-01-13 11:00:00+00:00,0.080118,0.080222,0.079552,0.080222,3798155.0
2024-01-13 12:00:00+00:00,0.080222,0.080489,0.080086,0.080357,2760624.0
2024-01-13 13:00:00+00:00,0.080357,0.080592,0.080088,0.080265,2259380.0
2024-01-13 14:00:00+00:00,0.080265,0.080576,0.079895,0.080569,3446038.0
2024-01-13 15:00:00+00:00,0.080569,0.081385,0.080537,0.081187,3972660.0
2024-01-13 16:00:00+00:00,0.081187,0.0813,0.080685,0.080764,2059891.0
2024-01-13 17:00:00+00:00,0.080764,0.08095,0.080571,0.080862,1596381.0
2024-01-13 18:00:00+00:00,0.080862,0.080884,0.080591,0.080792,2605684.0
2024-01-13 19:00:00+00:00,0.080792,0.08129,0.080777,0.081064,2207746.0
2024-01-13 20:00:00+00:00,0.081064,0.081272,0.080798,0.081121,2156335.0
2024-01-13 21:00:00+00:00,0.081121,0.081192,0.080807,0.080854,1288208.0
2024-01-13 22:00:00+00:00,0.080854,0.081273,0.080556,0.081085,2694993.0
2024-01-13 23:00:00+00:00,0.081085,0.081136,0.080833,0.08092,592031.0
2024-01-14 00:00:00+00:00,0.08092,0.080989,0.080172,0.080418,3789145.0
2024-01-14 01:00:00+00:00,0.080418,0.080959,0.080333,0.080929,1575474.0
2024-01-14 02:00:00+00:00,0.080929,0.080978,0.080463,0.080854,918698.0
2024-01-14 03:00:00+00:00,0.080854,0.081078,0.080677,0.080745,854834.0
2024-01-14 04:00:00+00:00,0.080745,0.080808,0.0803,0.080406,1596350.0
2024-01-14 05:00:00+00:00,0.080406,0.080965,0.080391,0.080846,1415599.0
2024-01-14 06:00:00+00:00,0.080846,0.081742,0.080743,0.081538,4461967.0
2024-01-14 07:00:00+00:00,0.081538,0.082753,0.081107,0.082547,7318905.0
2024-01-14 08:00:00+00:00,0.082547,0.083108,0.081779,0.082517,6804878.0
2024-01-14 09:00:00+00:00,0.082517,0.083073,0.082028,0.082728,2896750.0
2024-01-14 10:00:00+00:00,0.082728,0.083893,0.082664,0.083117,4885336.0
2024-01-14 11:00:00+00:00,0.083117,0.083401,0.082578,0.082977,4715573.0
2024-01-14 12:00:00+00:00,0.082977,0.083162,0.082004,0.082047,5357073.0
2024-01-14 13:00:00+00:00,0.082047,0.082601,0.081882,0.082523,3142294.0
2024-01-14 14:00:00+00:00,0.082523,0.082889,0.082242,0.082322,4480235.0
2024-01-14 15:00:00+00:00,0.082322,0.082522,0.081955,0.082014,2531357.0
2024-01-14 16:00:00+00:00,0.082014,0.082415,0.081179,0.081657,4441196.0
2024-01-14 17:00:00+00:00,0.081657,0.082137,0.081524,0.081828,2465033.0
2024-01-14 18:00:00+00:00,0.081828,0.082013,0.081033,0.08162,4978715.0
2024-01-14 19:00:00+00:00,0.08162,0.081652,0.080664,0.080792,4153971.0
2024-01-14 20:00:00+00:00,0.080792,0.081266,0.080016,0.080761,4787877.0
2024-01-14 21:00:00+00:00,0.080761,0.081121,0.080247,0.0811,2624034.0
2024-01-14 22:00:00+00:00,0.0811,0.081346,0.080255,0.080712,2987015.0
2024-01-14 23:00:00+00:00,0.080712,0.080786,0.079622,0.080022,4687287.0
2024-01-15 00:00:00+00:00,0.080022,0.080896,0.079963,0.08081,1922469.0
2024-01-15 01:00:00+00:00,0.08081,0.080975,0.080414,0.080789,6875580.0
2024-01-15 02:00:00+00:00,0.080789,0.081294,0.08058,0.081269,3490174.0
2024-01-15 03:00:00+00:00,0.081269,0.081469,0.081038,0.081183,3412452.0
2024-01-15 04:00:00+00:00,0.081183,0.081558,0.081128,0.081498,2794527.0
2024-01-15 05:00:00+00:00,0.081498,0.081593,0.081231,0.081388,2325212.0
2024-01-15 06:00:00+00:00,0.081388,0.081388,0.080669,0.080831,1159010.0
2024-01-15 07:00:00+00:00,0.080831,0.08106,0.0805,0.080901,3161079.0
2024-01-15 08:00:00+00:00,0.080901,0.081046,0.080633,0.080939,2105184.0
2024-01-15 09:00:00+00:00,0.080939,0.081463,0.080767,0.081301,2847686.0
2024-01-15 10:00:00+00:00,0.081301,0.081701,0.08108,0.081604,2997003.0
2024-01-15 11:00:00+00:00,0.081604,0.081779,0.081395,0.081574,5605297.0
2024-01-15 12:00:00+00:00,0.081574,0.08171,0.080973,0.081447,3957930.0
2024-01-15 13:00:00+00:00,0.081447,0.081556,0.081144,0.081192,1798699.0
2024-01-15 14:00:00+00:00,0.081192,0.081277,0.080005,0.080107,4595528.0
2024-01-15 15:00:00+00:00,0.080107,0.080552,0.079833,0.08031,2413777.0
2024-01-15 16:00:00+00:00,0.08031,0.080673,0.080171,0.080567,2394300.0
2024-01-15 17:00:00+00:00,0.080567,0.080956,0.080526,0.080878,1499034.0
2024-01-15 18:00:00+00:00,0.080878,0.081726,0.08086,0.08118,2018284.0
2024-01-15 19:00:00+00:00,0.08118,0.081437,0.081003,0.081147,2252586.0
2024-01-15 20:00:00+00:00,0.081147,0.08133,0.080855,0.081031,780413.0
2024-01-15 21:00:00+00:00,0.081031,0.081183,0.080736,0.080744,1010240.0
2024-01-15 22:00:00+00:00,0.080744,0.08116,0.079996,0.081125,2761484.0
2024-01-15 23:00:00+00:00,0.081125,0.081375,0.080861,0.08103,1365553.0
2024-01-16 00:00:00+00:00,0.08103,0.081625,0.08103,0.081375,1834340.0
2024-01-16 01:00:00+00:00,0.081375,0.081705,0.081019,0.081078,2581718.0
2024-01-16 02:00:00+00:00,0.081078,0.081276,0.080847,0.080932,2998417.0
2024-01-16 03:00:00+00:00,0.080932,0.081189,0.08086,0.081155,1519926.0
2024-01-16 04:00:00+00:00,0.081155,0.081294,0.080965,0.08104,1357775.0
2024-01-16 05:00:00+00:00,0.08104,0.08107,0.080416,0.080469,1700900.0
2024-01-16 06:00:00+00:00,0.080469,0.080707,0.080229,0.080698,2280096.0
2024-01-16 07:00:00+00:00,0.080698,0.080926,0.080283,0.080911,1830070.0
2024-01-16 08:00:00+00:00,0.080911,0.081394,0.080823,0.081294,3913508.0
2024-01-16 09:00:00+00:00,0.081294,0.082628,0.08115,0.082128,7302832.0
2024-01-16 10:00:00+00:00,0.082128,0.082238,0.081755,0.081847,2789654.0
2024-01-16 11:00:00+00:00,0.081847,0.081975,0.081168,0.081593,7085195.0
2024-01-16 12:00:00+00:00,0.081593,0.082111,0.081499,0.082074,1008872.0
2024-01-16 13:00:00+00:00,0.082074,0.082231,0.080728,0.080965,4758865.0
2024-01-16 14:00:00+00:00,0.080965,0.0812,0.07981,0.080788,11728467.0
2024-01-16 15:00:00+00:00,0.080788,0.081451,0.080534,0.081297,3654767.0
