timestamp,open,high,low,close,volume
2022-03-14 16:00:00+00:00,0.113233,0.11346,0.111652,0.112411,1610530.0
2022-03-14 18:00:00+00:00,0.112411,0.112718,0.111282,0.112035,1055044.0
2022-03-14 20:00:00+00:00,0.112035,0.112612,0.11169,0.11224,1032348.0
2022-03-14 22:00:00+00:00,0.11224,0.11444,0.112206,0.113772,2071387.0
2022-03-15 00:00:00+00:00,0.113772,0.114202,0.111744,0.112308,1938493.0
2022-03-15 02:00:00+00:00,0.112308,0.113323,0.111963,0.112432,1509821.0
2022-03-15 04:00:00+00:00,0.112432,0.112683,0.111976,0.112352,935576.0
2022-03-15 06:00:00+00:00,0.112352,0.112833,0.110015,0.111423,1293279.0
2022-03-15 08:00:00+00:00,0.111423,0.111853,0.1107,0.111586,1157043.0
2022-03-15 10:00:00+00:00,0.111586,0.11225,0.11134,0.111464,1902513.0
2022-03-15 12:00:00+00:00,0.111464,0.112351,0.11072,0.111538,1489361.0
2022-03-15 14:00:00+00:00,0.111538,0.112708,0.111392,0.111926,4531479.0
2022-03-15 16:00:00+00:00,0.111926,0.112935,0.111618,0.112894,2682903.0
2022-03-15 18:00:00+00:00,0.112894,0.113948,0.112081,0.113121,2643518.0
2022-03-15 20:00:00+00:00,0.113121,0.113506,0.112183,0.113047,1129784.0
2022-03-15 22:00:00+00:00,0.113047,0.113753,0.112316,0.112524,1006680.0
2022-03-16 00:00:00+00:00,0.112524,0.113794,0.112026,0.113431,2774686.0
2022-03-16 02:00:00+00:00,0.113431,0.116004,0.112316,0.112692,5368845.0
2022-03-16 04:00:00+00:00,0.112692,0.113127,0.112219,0.112861,1052013.0
2022-03-16 06:00:00+00:00,0.112861,0.113609,0.112812,0.113609,1555453.0
2022-03-16 08:00:00+00:00,0.113609,0.114758,0.113544,0.114423,1834228.0
2022-03-16 10:00:00+00:00,0.114423,0.114751,0.11358,0.113994,2088903.0
2022-03-16 12:00:00+00:00,0.113994,0.114258,0.113138,0.113829,2706463.0
2022-03-16 14:00:00+00:00,0.113829,0.115837,0.113577,0.114539,3149958.0
2022-03-16 16:00:00+00:00,0.114539,0.114874,0.113603,0.114116,2400724.0
2022-03-16 18:00:00+00:00,0.114116,0.115933,0.11226,0.115722,2391623.0
2022-03-16 20:00:00+00:00,0.115722,0.116795,0.115485,0.116324,1953439.0
2022-03-16 22:00:00+00:00,0.116324,0.116984,0.115535,0.116984,2023719.0
2022-03-17 00:00:00+00:00,0.116984,0.117512,0.11606,0.117392,2132502.0
2022-03-17 02:00:00+00:00,0.117392,0.117557,0.116649,0.116724,1702527.0
2022-03-17 04:00:00+00:00,0.116724,0.119215,0.116413,0.117518,2934487.0
2022-03-17 06:00:00+00:00,0.117518,0.117785,0.116504,0.116937,1349551.0
2022-03-17 08:00:00+00:00,0.116937,0.117463,0.116804,0.117149,1098416.0
2022-03-17 10:00:00+00:00,0.117149,0.117169,0.11574,0.116762,2094847.0
2022-03-17 12:00:00+00:00,0.116762,0.117913,0.116605,0.117483,2171517.0
2022-03-17 14:00:00+00:00,0.117483,0.11797,0.116771,0.116846,1710052.0
2022-03-17 16:00:00+00:00,0.116846,0.117305,0.11625,0.116768,2109784.0
2022-03-17 18:00:00+00:00,0.116768,0.11691,0.116374,0.116822,632290.0
2022-03-17 20:00:00+00:00,0.116822,0.117092,0.115984,0.117085,1028517.0
2022-03-17 22:00:00+00:00,0.117085,0.117162,0.116166,0.116293,1444085.0
2022-03-18 00:00:00+00:00,0.116293,0.116631,0.114548,0.1158,2058993.0
2022-03-18 02:00:00+00:00,0.1158,0.115833,0.114692,0.11495,1244598.0
2022-03-18 04:00:00+00:00,0.11495,0.115845,0.114801,0.11569,1057125.0
2022-03-18 06:00:00+00:00,0.11569,0.116063,0.114685,0.114738,1837779.0
2022-03-18 08:00:00+00:00,0.114738,0.115325,0.114541,0.114696,1499558.0
2022-03-18 10:00:00+00:00,0.114696,0.115139,0.114158,0.114647,2809055.0
2022-03-18 12:00:00+00:00,0.114647,0.115275,0.114438,0.11525,1165572.0
2022-03-18 14:00:00+00:00,0.11525,0.116075,0.115043,0.116069,1753550.0
2022-03-18 16:00:00+00:00,0.116069,0.117644,0.115945,0.117354,3117412.0
2022-03-18 18:00:00+00:00,0.117354,0.119216,0.117131,0.118705,906885.0
2022-03-18 20:00:00+00:00,0.118705,0.119211,0.118124,0.118391,1580437.0
2022-03-18 22:00:00+00:00,0.118391,0.119454,0.118114,0.119035,1190857.0
2022-03-19 00:00:00+00:00,0.119035,0.120416,0.118897,0.119021,1809716.0
2022-03-19 02:00:00+00:00,0.119021,0.119199,0.118213,0.11867,2541787.0
2022-03-19 04:00:00+00:00,0.11867,0.119258,0.118594,0.119037,1111591.0
2022-03-19 06:00:00+00:00,0.119037,0.11944,0.11877,0.119368,1833595.0
2022-03-19 08:00:00+00:00,0.119368,0.1224,0.1193,0.121068,2843263.0
2022-03-19 10:00:00+00:00,0.121068,0.122089,0.120565,0.121656,2107376.0
2022-03-19 12:00:00+00:00,0.121656,0.123832,0.121244,0.121966,2340479.0
2022-03-19 14:00:00+00:00,0.121966,0.1249,0.121664,0.124131,2003664.0
2022-03-19 16:00:00+00:00,0.124131,0.124332,0.122643,0.12314,2824071.0
2022-03-19 18:00:00+00:00,0.12314,0.123658,0.122452,0.123084,1071669.0
2022-03-19 20:00:00+00:00,0.123084,0.124149,0.122174,0.123453,1184402.0
2022-03-19 22:00:00+00:00,0.123453,0.124151,0.121572,0.123482,2438368.0
2022-03-20 00:00:00+00:00,0.123482,0.123952,0.122018,0.12303,3054797.0
2022-03-20 02:00:00+00:00,0.12303,0.123083,0.12163,0.122247,1207584.0
2022-03-20 04:00:00+00:00,0.122247,0.122505,0.121919,0.122487,1339006.0
2022-03-20 06:00:00+00:00,0.122487,0.122887,0.122159,0.122469,1152664.0
2022-03-20 08:00:00+00:00,0.122469,0.122559,0.120169,0.121186,2095433.0
2022-03-20 10:00:00+00:00,0.121186,0.121499,0.120055,0.120344,1745634.0
2022-03-20 12:00:00+00:00,0.120344,0.120488,0.118596,0.11924,2115153.0
2022-03-20 14:00:00+00:00,0.11924,0.119554,0.118481,0.118806,2517307.0
2022-03-20 16:00:00+00:00,0.118806,0.119645,0.117347,0.117788,2088711.0
2022-03-20 18:00:00+00:00,0.117788,0.119084,0.117542,0.119035,1013170.0
2022-03-20 20:00:00+00:00,0.119035,0.119652,0.118451,0.119439,1246609.0
2022-03-20 22:00:00+00:00,0.119439,0.11968,0.118836,0.11906,1092345.0
2022-03-21 00:00:00+00:00,0.11906,0.120814,0.118888,0.119667,1489788.0
2022-03-21 02:00:00+00:00,0.119667,0.120042,0.11757,0.119382,1248384.0
2022-03-21 04:00:00+00:00,0.119382,0.120762,0.11915,0.12071,1455541.0
2022-03-21 06:00:00+00:00,0.12071,0.121021,0.119611,0.120477,1286144.0
2022-03-21 08:00:00+00:00,0.120477,0.120853,0.119592,0.120624,1691761.0
2022-03-21 10:00:00+00:00,0.120624,0.121585,0.120023,0.120441,2492764.0
2022-03-21 12:00:00+00:00,0.120441,0.120672,0.119138,0.119145,1765419.0
2022-03-21 14:00:00+00:00,0.119145,0.119665,0.117992,0.119506,2951222.0
2022-03-21 16:00:00+00:00,0.119506,0.119661,0.1181,0.119357,2276241.0
2022-03-21 18:00:00+00:00,0.119357,0.119614,0.118608,0.119349,1712002.0
2022-03-21 20:00:00+00:00,0.119349,0.11972,0.118828,0.119688,1664627.0
2022-03-21 22:00:00+00:00,0.119688,0.119771,0.118758,0.119146,1472152.0
2022-03-22 00:00:00+00:00,0.119146,0.120101,0.11853,0.119602,1746981.0
2022-03-22 02:00:00+00:00,0.119602,0.122418,0.119437,0.121676,4442081.0
2022-03-22 04:00:00+00:00,0.121676,0.123691,0.121676,0.12309,2435695.0
2022-03-22 06:00:00+00:00,0.12309,0.12309,0.121635,0.122602,2483889.0
2022-03-22 08:00:00+00:00,0.122602,0.124395,0.12222,0.123982,2606450.0
2022-03-22 10:00:00+00:00,0.123982,0.124231,0.123332,0.123789,2977681.0
2022-03-22 12:00:00+00:00,0.123789,0.123941,0.122699,0.123466,2720029.0
2022-03-22 14:00:00+00:00,0.123466,0.125644,0.12316,0.123201,6675039.0
2022-03-22 16:00:00+00:00,0.123201,0.123471,0.122562,0.123248,1118525.0
2022-03-22 18:00:00+00:00,0.123248,0.123465,0.122036,0.122116,1146087.0
2022-03-22 20:00:00+00:00,0.122116,0.12347,0.121964,0.12322,1157321.0
2022-03-22 22:00:00+00:00,0.12322,0.123252,0.121958,0.12233,1820957.0
2022-03-23 00:00:00+00:00,0.12233,0.123316,0.120955,0.122461,3202565.0
2022-03-23 02:00:00+00:00,0.122461,0.122919,0.121626,0.121696,1445324.0
2022-03-23 04:00:00+00:00,0.121696,0.122089,0.121021,0.121806,3409711.0
2022-03-23 06:00:00+00:00,0.121806,0.122085,0.121466,0.121909,1695483.0
2022-03-23 08:00:00+00:00,0.121909,0.122452,0.121432,0.121938,2309194.0
2022-03-23 10:00:00+00:00,0.121938,0.122434,0.1215,0.122337,1415828.0
2022-03-23 12:00:00+00:00,0.122337,0.122708,0.121683,0.121875,1666895.0
2022-03-23 14:00:00+00:00,0.121875,0.125891,0.121761,0.125146,4228268.0
2022-03-23 16:00:00+00:00,0.125146,0.131252,0.124434,0.128019,8434275.0
2022-03-23 18:00:00+00:00,0.128019,0.12957,0.126819,0.127093,3108434.0
2022-03-23 20:00:00+00:00,0.127093,0.129282,0.127087,0.128399,2592440.0
2022-03-23 22:00:00+00:00,0.128399,0.12991,0.127612,0.129788,3748114.0
2022-03-24 00:00:00+00:00,0.129788,0.134483,0.127631,0.131801,5019200.0
2022-03-24 02:00:00+00:00,0.131801,0.13822,0.131569,0.136367,13508903.0
2022-03-24 04:00:00+00:00,0.136367,0.136919,0.134361,0.136405,5312751.0
2022-03-24 06:00:00+00:00,0.136405,0.136802,0.135111,0.135716,3613530.0
2022-03-24 08:00:00+00:00,0.135716,0.141119,0.135291,0.140222,11825153.0
2022-03-24 10:00:00+00:00,0.140222,0.14118,0.137611,0.137964,8280670.0
2022-03-24 12:00:00+00:00,0.137964,0.138647,0.132625,0.134503,7228398.0
2022-03-24 14:00:00+00:00,0.134503,0.137201,0.133556,0.136518,4214858.0
2022-03-24 16:00:00+00:00,0.136518,0.137334,0.134412,0.135517,3057591.0
2022-03-24 18:00:00+00:00,0.135517,0.138581,0.134788,0.136697,1309780.0
2022-03-24 20:00:00+00:00,0.136697,0.137648,0.135884,0.137356,899558.0
2022-03-24 22:00:00+00:00,0.137356,0.137801,0.135711,0.136692,1844159.0
2022-03-25 00:00:00+00:00,0.136692,0.137463,0.134518,0.136803,2674182.0
2022-03-25 02:00:00+00:00,0.136803,0.137078,0.13505,0.135535,1734571.0
2022-03-25 04:00:00+00:00,0.135535,0.13724,0.135301,0.135638,1599343.0
2022-03-25 06:00:00+00:00,0.135638,0.136244,0.134409,0.134743,1465618.0
2022-03-25 08:00:00+00:00,0.134743,0.135068,0.132073,0.134927,2352204.0
2022-03-25 10:00:00+00:00,0.134927,0.136148,0.134503,0.135688,2487992.0
2022-03-25 12:00:00+00:00,0.135688,0.137617,0.134978,0.136064,2770128.0
2022-03-25 14:00:00+00:00,0.136064,0.136394,0.131526,0.132239,3969002.0
2022-03-25 16:00:00+00:00,0.132239,0.132687,0.12737,0.129691,4056598.0
2022-03-25 18:00:00+00:00,0.129691,0.131548,0.129691,0.131177,1597993.0
2022-03-25 20:00:00+00:00,0.131177,0.13171,0.130824,0.131539,1300102.0
2022-03-25 22:00:00+00:00,0.131539,0.131549,0.130213,0.130778,1347325.0
2022-03-26 00:00:00+00:00,0.130778,0.131868,0.128869,0.131477,2586612.0
2022-03-26 02:00:00+00:00,0.131477,0.131634,0.130323,0.131235,1702379.0
2022-03-26 04:00:00+00:00,0.131235,0.132928,0.130831,0.132576,1903236.0
2022-03-26 06:00:00+00:00,0.132576,0.133697,0.132207,0.132931,2673595.0
2022-03-26 08:00:00+00:00,0.132931,0.133647,0.132327,0.132918,1378141.0
2022-03-26 10:00:00+00:00,0.132916,0.134421,0.132489,0.132716,1670045.0
2022-03-26 12:00:00+00:00,0.132716,0.133296,0.131389,0.132499,1827378.0
2022-03-26 14:00:00+00:00,0.132499,0.133462,0.131795,0.132518,1444635.0
2022-03-26 16:00:00+00:00,0.132518,0.134366,0.13184,0.133312,1495452.0
2022-03-26 18:00:00+00:00,0.133312,0.136776,0.133113,0.135148,3594825.0
2022-03-26 20:00:00+00:00,0.135148,0.136031,0.134477,0.134877,2543723.0
2022-03-26 22:00:00+00:00,0.134877,0.13657,0.13448,0.135991,2227839.0
2022-03-27 00:00:00+00:00,0.135991,0.139017,0.135387,0.138342,6723073.0
2022-03-27 02:00:00+00:00,0.138342,0.142102,0.13698,0.141123,12346892.0
2022-03-27 04:00:00+00:00,0.141261,0.143141,0.139767,0.140172,11870732.0
2022-03-27 06:00:00+00:00,0.140172,0.140636,0.139489,0.139902,5043419.0
2022-03-27 08:00:00+00:00,0.139902,0.142685,0.139708,0.140009,7601445.0
2022-03-27 10:00:00+00:00,0.140009,0.14071,0.1386,0.139545,5343810.0
2022-03-27 12:00:00+00:00,0.139545,0.139988,0.136098,0.138164,6627296.0
2022-03-27 14:00:00+00:00,0.138164,0.139695,0.138,0.139143,5392520.0
2022-03-27 16:00:00+00:00,0.139143,0.143621,0.138866,0.140878,9987243.0
2022-03-27 18:00:00+00:00,0.140878,0.141376,0.13975,0.140103,1294194.0
2022-03-27 20:00:00+00:00,0.140103,0.144849,0.138469,0.143457,3897849.0
2022-03-27 22:00:00+00:00,0.143457,0.14558,0.142186,0.144681,4188063.0
2022-03-28 00:00:00+00:00,0.144681,0.147153,0.143031,0.14551,4675672.0
2022-03-28 02:00:00+00:00,0.14551,0.150234,0.1455,0.148836,5621486.0
2022-03-28 04:00:00+00:00,0.148836,0.150566,0.147972,0.150399,4383541.0
2022-03-28 06:00:00+00:00,0.150399,0.150531,0.147718,0.149216,3971543.0
2022-03-28 08:00:00+00:00,0.149216,0.151075,0.148301,0.15017,4070215.0
2022-03-28 10:00:00+00:00,0.15017,0.150828,0.148548,0.149252,3394327.0
2022-03-28 12:00:00+00:00,0.149252,0.152964,0.148005,0.151763,4689452.0
2022-03-28 14:00:00+00:00,0.151763,0.15365,0.149116,0.149382,3636503.0
2022-03-28 16:00:00+00:00,0.149382,0.151174,0.147954,0.150995,1761695.0
2022-03-28 18:00:00+00:00,0.150995,0.152143,0.149855,0.150708,1624462.0
2022-03-28 20:00:00+00:00,0.150708,0.151571,0.1459,0.146787,1661567.0
2022-03-28 22:00:00+00:00,0.146787,0.148798,0.140576,0.142245,3088468.0
2022-03-29 00:00:00+00:00,0.142245,0.145869,0.142067,0.145805,3316779.0
2022-03-29 02:00:00+00:00,0.145805,0.146179,0.143699,0.144492,3843268.0
2022-03-29 04:00:00+00:00,0.144492,0.14708,0.143503,0.146628,2895583.0
2022-03-29 06:00:00+00:00,0.146628,0.147316,0.144864,0.14532,3422525.0
2022-03-29 08:00:00+00:00,0.14532,0.146828,0.145295,0.145584,3188401.0
2022-03-29 10:00:00+00:00,0.145584,0.147728,0.145397,0.147521,2804166.0
2022-03-29 12:00:00+00:00,0.147521,0.148815,0.145429,0.146257,5322366.0
2022-03-29 14:00:00+00:00,0.146257,0.147077,0.142895,0.143277,4069708.0
2022-03-29 16:00:00+00:00,0.143277,0.145146,0.140441,0.144895,4807523.0
2022-03-29 18:00:00+00:00,0.144895,0.146079,0.144178,0.145476,1107422.0
2022-03-29 20:00:00+00:00,0.145476,0.145865,0.142579,0.142814,1866214.0
2022-03-29 22:00:00+00:00,0.142814,0.144563,0.14183,0.144333,1704880.0
2022-03-30 00:00:00+00:00,0.144333,0.144335,0.1378,0.14005,4408535.0
2022-03-30 02:00:00+00:00,0.14005,0.142518,0.139573,0.142319,1781097.0
2022-03-30 04:00:00+00:00,0.142319,0.142987,0.141072,0.142987,1677728.0
2022-03-30 06:00:00+00:00,0.142987,0.144846,0.142283,0.144173,1902638.0
2022-03-30 08:00:00+00:00,0.144173,0.144173,0.142459,0.142851,2016033.0
2022-03-30 10:00:00+00:00,0.142851,0.145538,0.142522,0.143686,1744282.0
2022-03-30 12:00:00+00:00,0.143686,0.143895,0.140516,0.141136,2063953.0
2022-03-30 14:00:00+00:00,0.141136,0.142565,0.140374,0.142466,1948350.0
2022-03-30 16:00:00+00:00,0.142466,0.144629,0.141813,0.1444,2380319.0
2022-03-30 18:00:00+00:00,0.1444,0.144637,0.141423,0.14334,1228302.0
2022-03-30 20:00:00+00:00,0.14334,0.143888,0.142289,0.143081,1722799.0
2022-03-30 22:00:00+00:00,0.143081,0.143864,0.142105,0.143091,1422300.0
2022-03-31 00:00:00+00:00,0.143091,0.145887,0.142398,0.145809,2146305.0
2022-03-31 02:00:00+00:00,0.145809,0.145953,0.144271,0.144541,3416941.0
2022-03-31 04:00:00+00:00,0.144541,0.145892,0.144027,0.145269,2057176.0
2022-03-31 06:00:00+00:00,0.145269,0.147379,0.145131,0.147255,3503795.0
2022-06-05 22:00:00+00:00,0.081873,0.082066,0.080926,0.081021,2605635.0
2022-06-06 00:00:00+00:00,0.081021,0.083368,0.080816,0.082873,2331397.0
2022-06-06 02:00:00+00:00,0.082873,0.083222,0.082385,0.083025,2954012.0
2022-06-06 04:00:00+00:00,0.083025,0.083298,0.08235,0.082452,2091400.0
2022-06-06 06:00:00+00:00,0.082452,0.083856,0.082452,0.083484,2080455.0
2022-06-06 08:00:00+00:00,0.083484,0.084343,0.083357,0.084218,3082250.0
2022-06-06 10:00:00+00:00,0.084218,0.084667,0.083279,0.083577,3060793.0
2022-06-06 12:00:00+00:00,0.083577,0.084202,0.08265,0.083217,2924017.0
2022-06-06 14:00:00+00:00,0.083217,0.083786,0.082207,0.083046,2646656.0
2022-06-06 16:00:00+00:00,0.083046,0.083046,0.081532,0.082115,2240089.0
2022-06-06 18:00:00+00:00,0.082115,0.082232,0.081546,0.081898,1107703.0
2022-06-06 20:00:00+00:00,0.081898,0.08248,0.081303,0.082237,1710783.0
2022-06-06 22:00:00+00:00,0.082237,0.082551,0.081997,0.082424,1098658.0
2022-06-07 00:00:00+00:00,0.082424,0.082493,0.07763,0.078375,4122564.0
2022-06-07 02:00:00+00:00,0.078375,0.079363,0.077868,0.079259,1444574.0
2022-06-07 04:00:00+00:00,0.079259,0.07952,0.078971,0.079272,1169184.0
2022-06-07 06:00:00+00:00,0.079272,0.080014,0.079129,0.079976,966976.0
2022-06-07 08:00:00+00:00,0.079976,0.080174,0.079723,0.079782,1379046.0
2022-06-07 10:00:00+00:00,0.079782,0.08025,0.079343,0.079551,1503201.0
2022-06-07 12:00:00+00:00,0.079551,0.080081,0.07916,0.079759,1467981.0
2022-06-07 14:00:00+00:00,0.079759,0.080457,0.079545,0.080343,1737288.0
2022-06-07 16:00:00+00:00,0.080343,0.080384,0.079703,0.079973,764049.0
2022-06-07 18:00:00+00:00,0.079973,0.081807,0.079864,0.081382,1465505.0
2022-06-07 20:00:00+00:00,0.081382,0.082018,0.081377,0.081607,1559829.0
2022-06-07 22:00:00+00:00,0.081607,0.081806,0.079597,0.080273,2564358.0
2022-06-08 00:00:00+00:00,0.080273,0.081078,0.080043,0.080985,1263831.0
2022-06-08 02:00:00+00:00,0.080985,0.081532,0.078872,0.07947,2249258.0
2022-06-08 04:00:00+00:00,0.07947,0.080388,0.079306,0.080277,1388545.0
2022-06-08 06:00:00+00:00,0.080277,0.08045,0.079618,0.080136,1195252.0
2022-06-08 08:00:00+00:00,0.080136,0.080356,0.079973,0.080349,1739374.0
2022-06-08 10:00:00+00:00,0.080349,0.080381,0.079745,0.079925,1689444.0
2022-06-08 12:00:00+00:00,0.079925,0.080771,0.079271,0.080384,1762534.0
2022-06-08 14:00:00+00:00,0.080384,0.080526,0.079822,0.079998,1873714.0
2022-06-08 16:00:00+00:00,0.079998,0.080286,0.079659,0.07997,1367354.0
2022-06-08 18:00:00+00:00,0.07997,0.080045,0.07872,0.079294,1412381.0
2022-06-08 20:00:00+00:00,0.079294,0.079979,0.079139,0.079962,1326530.0
2022-06-08 22:00:00+00:00,0.079962,0.079993,0.079159,0.07922,1439636.0
2022-06-09 00:00:00+00:00,0.07922,0.079564,0.07885,0.079024,1484813.0
2022-06-09 02:00:00+00:00,0.079024,0.079881,0.078992,0.079822,1217225.0
2022-06-09 04:00:00+00:00,0.079822,0.080337,0.079761,0.080071,1613904.0
2022-06-09 06:00:00+00:00,0.080071,0.080374,0.079912,0.080358,1305589.0
2022-06-09 08:00:00+00:00,0.080358,0.081014,0.080251,0.080712,2270369.0
2022-06-09 10:00:00+00:00,0.080712,0.080764,0.079783,0.07986,1744355.0
2022-06-09 12:00:00+00:00,0.07986,0.080121,0.07928,0.079714,1409303.0
2022-06-09 14:00:00+00:00,0.079714,0.080072,0.079483,0.079951,1191942.0
2022-06-09 16:00:00+00:00,0.079951,0.080172,0.079584,0.079702,1603964.0
2022-06-09 18:00:00+00:00,0.079702,0.079768,0.078944,0.078988,1478802.0
2022-06-09 20:00:00+00:00,0.078988,0.079424,0.07887,0.07938,1478858.0
2022-06-09 22:00:00+00:00,0.07938,0.07945,0.07887,0.079266,1183535.0
2022-06-10 00:00:00+00:00,0.079266,0.079434,0.077728,0.078804,1632973.0
2022-06-10 02:00:00+00:00,0.078804,0.079654,0.078796,0.079349,1852047.0
2022-06-10 04:00:00+00:00,0.079349,0.079518,0.079052,0.079275,1597764.0
2022-06-10 06:00:00+00:00,0.079275,0.079466,0.078918,0.07904,1355362.0
2022-06-10 08:00:00+00:00,0.07904,0.07919,0.078222,0.078392,1696574.0
2022-06-10 10:00:00+00:00,0.078392,0.078946,0.078305,0.078852,1112985.0
2022-06-10 12:00:00+00:00,0.078852,0.079145,0.075508,0.076474,3707842.0
2022-06-10 14:00:00+00:00,0.076474,0.077216,0.076136,0.076721,1501499.0
2022-06-10 16:00:00+00:00,0.076721,0.076803,0.074135,0.074956,2455989.0
2022-06-10 18:00:00+00:00,0.074956,0.075349,0.074574,0.075031,1686983.0
2022-06-10 20:00:00+00:00,0.075031,0.075862,0.075023,0.075803,1035304.0
2022-06-10 22:00:00+00:00,0.075803,0.075955,0.074674,0.075282,1571982.0
2022-06-11 00:00:00+00:00,0.075282,0.075954,0.075094,0.07558,1804566.0
2022-06-11 02:00:00+00:00,0.07558,0.075848,0.075433,0.075732,1061012.0
2022-06-11 04:00:00+00:00,0.075732,0.076373,0.07563,0.075945,1207689.0
2022-06-11 06:00:00+00:00,0.075945,0.076391,0.075821,0.076339,1408991.0
2022-06-11 08:00:00+00:00,0.076339,0.076407,0.074222,0.075069,1795144.0
2022-06-11 10:00:00+00:00,0.075069,0.075285,0.071896,0.072361,2303568.0
2022-06-11 12:00:00+00:00,0.072361,0.072775,0.069977,0.071678,3116990.0
2022-06-11 14:00:00+00:00,0.071678,0.071678,0.067821,0.069079,4111452.0
2022-06-11 16:00:00+00:00,0.069079,0.070149,0.06834,0.069779,1941939.0
2022-06-11 18:00:00+00:00,0.069779,0.071155,0.069639,0.070725,1362799.0
2022-06-11 20:00:00+00:00,0.070725,0.070824,0.06986,0.070334,1071657.0
2022-06-11 22:00:00+00:00,0.070334,0.071057,0.069175,0.069799,1963824.0
2022-06-12 00:00:00+00:00,0.069799,0.070276,0.067608,0.067726,1617236.0
2022-06-12 02:00:00+00:00,0.067726,0.067998,0.064462,0.065962,5667761.0
2022-06-12 04:00:00+00:00,0.066002,0.066654,0.064248,0.064811,1746806.0
2022-06-12 06:00:00+00:00,0.064811,0.066093,0.064677,0.06601,751352.0
2022-06-12 08:00:00+00:00,0.06601,0.066797,0.065554,0.065719,1273477.0
2022-06-12 10:00:00+00:00,0.065719,0.066168,0.065064,0.065943,1210320.0
2022-06-12 12:00:00+00:00,0.065943,0.066342,0.064043,0.064269,1692791.0
2022-06-12 14:00:00+00:00,0.064269,0.06849,0.063354,0.067363,2860687.0
2022-06-12 16:00:00+00:00,0.067363,0.069446,0.06654,0.067891,3962527.0
2022-06-12 18:00:00+00:00,0.067891,0.068107,0.066075,0.066309,1687986.0
2022-06-12 20:00:00+00:00,0.066309,0.06664,0.06582,0.065837,785593.0
2022-06-12 22:00:00+00:00,0.065837,0.065883,0.063414,0.063446,1850044.0
2022-06-13 00:00:00+00:00,0.063446,0.06608,0.060031,0.061454,4341197.0
2022-06-13 02:00:00+00:00,0.061454,0.061567,0.058758,0.05978,4996032.0
2022-06-13 04:00:00+00:00,0.05978,0.062299,0.058076,0.058155,3626345.0
2022-06-13 06:00:00+00:00,0.058155,0.058963,0.055676,0.056953,3592340.0
2022-06-13 08:00:00+00:00,0.056953,0.057404,0.052673,0.05555,5659119.0
2022-06-13 10:00:00+00:00,0.05555,0.056201,0.053053,0.0542,4155599.0
2022-06-13 12:00:00+00:00,0.0542,0.055546,0.052933,0.054582,4850481.0
2022-06-13 14:00:00+00:00,0.054582,0.054968,0.052302,0.054386,3150670.0
2022-06-13 16:00:00+00:00,0.054386,0.056639,0.053882,0.055265,3492186.0
2022-06-13 18:00:00+00:00,0.055265,0.056274,0.055112,0.055719,1026706.0
2022-06-13 20:00:00+00:00,0.055719,0.057406,0.054968,0.055182,1399990.0
2022-06-13 22:00:00+00:00,0.055182,0.055388,0.052777,0.054153,2064055.0
2022-06-14 00:00:00+00:00,0.054153,0.054821,0.049968,0.050328,2979043.0
2022-06-14 02:00:00+00:00,0.050328,0.055562,0.049743,0.055378,5024344.0
2022-06-14 04:00:00+00:00,0.055378,0.058365,0.054456,0.057775,4668393.0
2022-06-14 06:00:00+00:00,0.057775,0.058102,0.056621,0.057601,2377749.0
2022-06-14 08:00:00+00:00,0.057601,0.057668,0.055756,0.055756,3168589.0
2022-06-14 10:00:00+00:00,0.055756,0.056213,0.054901,0.055495,2291559.0
2022-06-14 12:00:00+00:00,0.055495,0.05664,0.054519,0.056418,5517427.0
2022-06-14 14:00:00+00:00,0.056418,0.057295,0.055353,0.0572,2630656.0
2022-06-14 16:00:00+00:00,0.0572,0.057369,0.055053,0.055053,984247.0
2022-06-14 18:00:00+00:00,0.055053,0.055654,0.054752,0.055561,1271181.0
2022-06-14 20:00:00+00:00,0.055561,0.055613,0.053002,0.053361,1694329.0
2022-06-14 22:00:00+00:00,0.053361,0.055827,0.05291,0.055513,1535643.0
2022-06-15 00:00:00+00:00,0.055513,0.056345,0.054379,0.055978,2042507.0
2022-06-15 02:00:00+00:00,0.055978,0.056035,0.053479,0.053559,2557171.0
2022-06-15 04:00:00+00:00,0.053559,0.053591,0.051137,0.05207,3170293.0
2022-06-15 06:00:00+00:00,0.05207,0.052854,0.051336,0.05153,6066119.0
2022-06-15 08:00:00+00:00,0.05153,0.051542,0.050392,0.051107,3007824.0
2022-06-15 10:00:00+00:00,0.051107,0.053689,0.050937,0.053454,3853246.0
2022-06-15 12:00:00+00:00,0.053454,0.054762,0.053,0.054407,2535277.0
2022-06-15 14:00:00+00:00,0.054407,0.055294,0.053648,0.054453,1710556.0
2022-06-15 16:00:00+00:00,0.054453,0.054733,0.05255,0.054497,1811460.0
2022-06-15 18:00:00+00:00,0.054497,0.060138,0.051728,0.058448,4441986.0
2022-06-15 20:00:00+00:00,0.058448,0.059338,0.057814,0.0591,962163.0
2022-06-15 22:00:00+00:00,0.0591,0.063895,0.0591,0.06283,3886510.0
2022-06-16 00:00:00+00:00,0.06283,0.06283,0.060559,0.060628,3737277.0
2022-06-16 02:00:00+00:00,0.060628,0.061104,0.059838,0.060153,2781569.0
2022-06-16 04:00:00+00:00,0.060153,0.060817,0.059116,0.059201,1972919.0
2022-06-16 06:00:00+00:00,0.059201,0.059465,0.05761,0.057984,2876915.0
2022-06-16 08:00:00+00:00,0.057984,0.058486,0.056223,0.056709,2514042.0
2022-06-16 10:00:00+00:00,0.056709,0.056785,0.055189,0.055905,3309801.0
2022-06-16 12:00:00+00:00,0.055905,0.057532,0.055485,0.055955,4214480.0
2022-06-16 14:00:00+00:00,0.055955,0.057542,0.054982,0.057028,3354929.0
2022-06-16 16:00:00+00:00,0.057028,0.059237,0.056122,0.057862,4809126.0
2022-06-16 18:00:00+00:00,0.057862,0.057974,0.055334,0.055857,5504447.0
2022-06-16 20:00:00+00:00,0.055857,0.056876,0.055363,0.055786,1914120.0
2022-06-16 22:00:00+00:00,0.055786,0.055964,0.054163,0.055176,3223503.0
2022-06-17 00:00:00+00:00,0.055176,0.056838,0.05456,0.05662,3738550.0
2022-06-17 02:00:00+00:00,0.05662,0.056888,0.055724,0.055814,3431563.0
2022-06-17 04:00:00+00:00,0.055814,0.057253,0.055653,0.056734,1452034.0
2022-06-17 06:00:00+00:00,0.056734,0.057741,0.056231,0.057287,1799837.0
2022-06-17 08:00:00+00:00,0.057287,0.057967,0.056676,0.056923,2351292.0
2022-06-17 10:00:00+00:00,0.056923,0.058086,0.056721,0.057374,1467972.0
2022-06-17 12:00:00+00:00,0.057374,0.057609,0.056254,0.057097,2124283.0
2022-06-17 14:00:00+00:00,0.057097,0.057099,0.055839,0.056585,2831897.0
2022-06-17 16:00:00+00:00,0.056585,0.056899,0.056045,0.05642,1429618.0
2022-06-17 18:00:00+00:00,0.05642,0.056921,0.056089,0.056384,1490027.0
2022-06-17 20:00:00+00:00,0.056384,0.057171,0.056354,0.056956,1274186.0
2022-06-17 22:00:00+00:00,0.056956,0.057596,0.056242,0.056858,1755113.0
2022-06-18 00:00:00+00:00,0.056858,0.057832,0.056179,0.056365,2710239.0
2022-06-18 02:00:00+00:00,0.056365,0.056484,0.055939,0.056387,1494636.0
2022-06-18 04:00:00+00:00,0.056387,0.056955,0.056351,0.056683,739524.0
2022-06-18 06:00:00+00:00,0.056683,0.05699,0.052119,0.052736,3148919.0
2022-06-18 08:00:00+00:00,0.052736,0.053199,0.051624,0.052989,5064344.0
2022-06-18 10:00:00+00:00,0.052989,0.055053,0.052952,0.054149,4419206.0
2022-06-18 12:00:00+00:00,0.054149,0.054362,0.053578,0.053989,999793.0
2022-06-18 14:00:00+00:00,0.053989,0.055075,0.052604,0.052691,1608955.0
2022-06-18 16:00:00+00:00,0.052691,0.053384,0.051644,0.05211,977914.0
2022-06-18 18:00:00+00:00,0.05211,0.052346,0.05023,0.050269,2993563.0
2022-06-18 20:00:00+00:00,0.050269,0.052987,0.049085,0.052027,8442685.0
2022-06-18 22:00:00+00:00,0.052027,0.054085,0.051742,0.052868,2858574.0
2022-06-19 00:00:00+00:00,0.052868,0.053644,0.051645,0.051768,1132105.0
2022-06-19 02:00:00+00:00,0.051768,0.052612,0.051112,0.05195,1078744.0
2022-06-19 04:00:00+00:00,0.05195,0.05281,0.051157,0.051527,1082438.0
2022-06-19 06:00:00+00:00,0.051527,0.0586,0.051215,0.055905,55886096.0
2022-06-19 08:00:00+00:00,0.055905,0.058018,0.054993,0.056662,31119177.0
2022-06-19 10:00:00+00:00,0.056662,0.059595,0.056472,0.057426,19340585.0
2022-06-19 12:00:00+00:00,0.057426,0.058216,0.056419,0.056571,9843041.0
2022-06-19 14:00:00+00:00,0.056571,0.059172,0.056561,0.058644,6805464.0
2022-06-19 16:00:00+00:00,0.058644,0.058767,0.057009,0.057251,3758901.0
2022-06-19 18:00:00+00:00,0.057251,0.061562,0.057195,0.060444,5309606.0
2022-06-19 20:00:00+00:00,0.060444,0.062858,0.060381,0.061287,7910573.0
2022-06-19 22:00:00+00:00,0.061287,0.061646,0.059569,0.060404,5038947.0
2022-06-20 00:00:00+00:00,0.060404,0.060697,0.057814,0.058271,6235663.0
2022-06-20 02:00:00+00:00,0.058271,0.058882,0.057392,0.058356,2813416.0
2022-06-20 04:00:00+00:00,0.058356,0.059288,0.05748,0.058303,2574914.0
2022-06-20 06:00:00+00:00,0.058303,0.05864,0.057468,0.05813,2163029.0
2022-06-20 08:00:00+00:00,0.05813,0.060343,0.05803,0.059919,10270615.0
2022-06-20 10:00:00+00:00,0.059919,0.061427,0.059369,0.060751,8778278.0
2022-06-20 12:00:00+00:00,0.060751,0.060819,0.059053,0.05946,5667279.0
2022-06-20 14:00:00+00:00,0.05946,0.060993,0.059447,0.060324,2815405.0
2022-06-20 16:00:00+00:00,0.060324,0.060357,0.058922,0.058947,1877526.0
2022-06-20 18:00:00+00:00,0.058947,0.059263,0.058205,0.059041,1189763.0
2022-06-20 20:00:00+00:00,0.059041,0.059943,0.058661,0.059305,808226.0
2022-06-20 22:00:00+00:00,0.059305,0.060546,0.058741,0.059989,1618742.0
2022-06-21 00:00:00+00:00,0.059989,0.060394,0.058931,0.059947,818920.0
2022-06-21 02:00:00+00:00,0.059947,0.060394,0.05917,0.060375,1796571.0
2022-06-21 04:00:00+00:00,0.060375,0.061889,0.059726,0.061401,2308591.0
2022-06-21 06:00:00+00:00,0.061401,0.062168,0.060696,0.06101,2147688.0
2022-06-21 08:00:00+00:00,0.06101,0.064476,0.060851,0.062562,6355021.0
2022-06-21 10:00:00+00:00,0.062562,0.067273,0.062224,0.063574,17921451.0
2022-06-21 12:00:00+00:00,0.063574,0.067755,0.063427,0.067067,8284361.0
2022-06-21 14:00:00+00:00,0.067067,0.069816,0.066594,0.067402,17617505.0
2022-06-21 16:00:00+00:00,0.067402,0.06775,0.066107,0.066134,2651961.0
2022-06-21 18:00:00+00:00,0.066134,0.068316,0.065108,0.065266,2203801.0
2022-06-21 20:00:00+00:00,0.065266,0.066248,0.064465,0.065779,1746524.0
2022-06-21 22:00:00+00:00,0.065779,0.066582,0.064844,0.065766,2175985.0
2022-06-22 00:00:00+00:00,0.065766,0.065785,0.063487,0.063578,5589310.0
2022-06-22 02:00:00+00:00,0.063578,0.064254,0.062586,0.062768,2933632.0
2022-06-22 04:00:00+00:00,0.062768,0.064505,0.062597,0.06353,2413481.0
2022-06-22 06:00:00+00:00,0.06353,0.064056,0.061133,0.061335,3651924.0
2022-06-22 08:00:00+00:00,0.061335,0.062694,0.061019,0.062539,2187208.0
2022-06-22 10:00:00+00:00,0.062539,0.063643,0.062038,0.06301,2123551.0
2022-06-22 12:00:00+00:00,0.06301,0.063832,0.061667,0.063467,3193012.0
2022-08-28 04:00:00+00:00,0.063227,0.063566,0.063004,0.063566,1005189.0
2022-08-28 06:00:00+00:00,0.063566,0.063901,0.063413,0.063775,3924606.0
2022-08-28 08:00:00+00:00,0.063775,0.063926,0.063398,0.063711,1918622.0
2022-08-28 10:00:00+00:00,0.063711,0.064239,0.063413,0.063849,2013814.0
2022-08-28 12:00:00+00:00,0.063849,0.064026,0.063193,0.063368,960522.0
2022-08-28 14:00:00+00:00,0.063368,0.063864,0.062909,0.06379,1470398.0
2022-08-28 16:00:00+00:00,0.06379,0.064214,0.063623,0.063813,5277382.0
2022-08-28 18:00:00+00:00,0.063813,0.064277,0.063739,0.063829,2218288.0
2022-08-28 20:00:00+00:00,0.063829,0.06416,0.0634,0.063625,1207920.0
2022-08-28 22:00:00+00:00,0.063625,0.063786,0.061257,0.061748,3690233.0
2022-08-29 00:00:00+00:00,0.061748,0.061898,0.060847,0.061327,2325296.0
2022-08-29 02:00:00+00:00,0.061327,0.062088,0.061265,0.061843,980082.0
2022-08-29 04:00:00+00:00,0.061843,0.061955,0.061251,0.061304,1111927.0
2022-08-29 06:00:00+00:00,0.061304,0.061949,0.061304,0.061765,1848752.0
2022-08-29 08:00:00+00:00,0.061765,0.061798,0.061227,0.061677,1714924.0
2022-08-29 10:00:00+00:00,0.061677,0.0618,0.061468,0.061788,2272645.0
2022-08-29 12:00:00+00:00,0.061788,0.063409,0.061758,0.063182,4801669.0
2022-08-29 14:00:00+00:00,0.063182,0.064064,0.063088,0.063456,2453457.0
2022-08-29 16:00:00+00:00,0.063456,0.063635,0.063059,0.063278,1658262.0
2022-08-29 18:00:00+00:00,0.063278,0.06329,0.06277,0.063004,1018716.0
2022-08-29 20:00:00+00:00,0.063004,0.063511,0.062894,0.06341,1265005.0
2022-08-29 22:00:00+00:00,0.06341,0.064021,0.06316,0.063806,1599569.0
2022-08-30 00:00:00+00:00,0.063806,0.064263,0.06327,0.063343,1328964.0
2022-08-30 02:00:00+00:00,0.063343,0.063573,0.063129,0.063531,1606757.0
2022-08-30 04:00:00+00:00,0.063531,0.064466,0.063516,0.06394,1436099.0
2022-08-30 06:00:00+00:00,0.06394,0.06428,0.06368,0.063956,3039945.0
2022-08-30 08:00:00+00:00,0.063956,0.064213,0.063807,0.063987,933864.0
2022-08-30 10:00:00+00:00,0.063987,0.064235,0.063539,0.063873,968811.0
2022-08-30 12:00:00+00:00,0.063873,0.064034,0.06315,0.063286,1483873.0
2022-08-30 14:00:00+00:00,0.063286,0.0634,0.061157,0.061642,2291316.0
2022-08-30 16:00:00+00:00,0.061642,0.061864,0.06002,0.060669,5996773.0
2022-08-30 18:00:00+00:00,0.060669,0.062176,0.060601,0.06151,3417100.0
2022-08-30 20:00:00+00:00,0.06151,0.061963,0.061176,0.061455,1356990.0
2022-08-30 22:00:00+00:00,0.061455,0.062066,0.061272,0.061471,1089356.0
2022-08-31 00:00:00+00:00,0.061471,0.062801,0.061471,0.062458,2665414.0
2022-08-31 02:00:00+00:00,0.062458,0.063401,0.062408,0.063181,3211899.0
2022-08-31 04:00:00+00:00,0.063181,0.063296,0.062932,0.063059,625670.0
2022-08-31 06:00:00+00:00,0.063059,0.063356,0.062422,0.062549,1289338.0
2022-08-31 08:00:00+00:00,0.062549,0.062809,0.062069,0.062465,1245102.0
2022-08-31 10:00:00+00:00,0.062465,0.063368,0.062389,0.062876,603216.0
2022-08-31 12:00:00+00:00,0.062876,0.063237,0.062455,0.062698,5189934.0
2022-08-31 14:00:00+00:00,0.062698,0.062894,0.061431,0.062131,3152504.0
2022-08-31 16:00:00+00:00,0.062131,0.06227,0.061017,0.061371,695227.0
2022-08-31 18:00:00+00:00,0.061371,0.062066,0.061192,0.061831,733000.0
2022-08-31 20:00:00+00:00,0.061831,0.062334,0.061555,0.06233,519327.0
2022-08-31 22:00:00+00:00,0.06233,0.062404,0.060679,0.061289,1890480.0
2022-09-01 00:00:00+00:00,0.061289,0.061753,0.060501,0.061593,5074102.0
2022-09-01 02:00:00+00:00,0.061593,0.061815,0.060221,0.060594,2140387.0
2022-09-01 04:00:00+00:00,0.060594,0.06109,0.060587,0.060838,1492853.0
2022-09-01 06:00:00+00:00,0.060838,0.060891,0.059828,0.060359,2542015.0
2022-09-01 08:00:00+00:00,0.060359,0.06075,0.060147,0.060713,1179245.0
2022-09-01 10:00:00+00:00,0.060713,0.06158,0.060561,0.061459,2685293.0
2022-09-01 12:00:00+00:00,0.061459,0.061592,0.060854,0.0612,5412352.0
2022-09-01 14:00:00+00:00,0.0612,0.061862,0.060104,0.061162,7396231.0
2022-09-01 16:00:00+00:00,0.061162,0.061917,0.060847,0.061506,6485331.0
2022-09-01 18:00:00+00:00,0.061506,0.062152,0.061357,0.061768,4489950.0
2022-09-01 20:00:00+00:00,0.061768,0.062583,0.061755,0.06215,1242051.0
2022-09-01 22:00:00+00:00,0.06215,0.062458,0.061973,0.062344,1105770.0
2022-09-02 00:00:00+00:00,0.062344,0.062384,0.061915,0.062147,1296562.0
2022-09-02 02:00:00+00:00,0.062147,0.062832,0.061717,0.062473,2157694.0
2022-09-02 04:00:00+00:00,0.062473,0.062778,0.062038,0.062146,2696063.0
2022-09-02 06:00:00+00:00,0.062146,0.062178,0.061771,0.061818,2472308.0
2022-09-02 08:00:00+00:00,0.061818,0.062071,0.061657,0.061911,1457599.0
2022-09-02 10:00:00+00:00,0.061911,0.062083,0.061047,0.061559,1760892.0
2022-09-02 12:00:00+00:00,0.061559,0.062709,0.061238,0.062237,3545127.0
2022-09-02 14:00:00+00:00,0.062237,0.062752,0.062012,0.062457,2354557.0
2022-09-02 16:00:00+00:00,0.062457,0.0625,0.061059,0.061299,2271428.0
2022-09-02 18:00:00+00:00,0.061299,0.061522,0.06063,0.061054,4026180.0
2022-09-02 20:00:00+00:00,0.061054,0.061438,0.060853,0.061379,1341227.0
2022-09-02 22:00:00+00:00,0.061379,0.061688,0.061025,0.061597,705201.0
2022-09-03 00:00:00+00:00,0.061597,0.061691,0.061392,0.061651,1548025.0
2022-09-03 02:00:00+00:00,0.061651,0.061661,0.061208,0.0613,2001853.0
2022-09-03 04:00:00+00:00,0.0613,0.063955,0.061275,0.062871,8614695.0
2022-09-03 06:00:00+00:00,0.062871,0.062902,0.061096,0.061463,9590048.0
2022-09-03 08:00:00+00:00,0.061463,0.061883,0.06132,0.061859,1259284.0
2022-09-03 10:00:00+00:00,0.061859,0.062083,0.061737,0.061851,2320316.0
2022-09-03 12:00:00+00:00,0.061851,0.062968,0.061821,0.062795,3483248.0
2022-09-03 14:00:00+00:00,0.062795,0.06303,0.062308,0.0626,6765432.0
2022-09-03 16:00:00+00:00,0.0626,0.06283,0.062219,0.062613,2072263.0
2022-09-03 18:00:00+00:00,0.062613,0.062663,0.061461,0.061972,1594271.0
2022-09-03 20:00:00+00:00,0.061972,0.062325,0.061926,0.062252,513003.0
2022-09-03 22:00:00+00:00,0.062252,0.062703,0.062251,0.062666,1442416.0
2022-09-04 00:00:00+00:00,0.062666,0.062961,0.062445,0.062602,3605381.0
2022-09-04 02:00:00+00:00,0.062602,0.063028,0.062367,0.062547,1801914.0
2022-09-04 04:00:00+00:00,0.062547,0.062845,0.062279,0.062493,3670182.0
2022-09-04 06:00:00+00:00,0.062493,0.062712,0.06203,0.062057,2747115.0
2022-09-04 08:00:00+00:00,0.062057,0.063873,0.061814,0.063463,3824404.0
2022-09-04 10:00:00+00:00,0.063463,0.063544,0.062682,0.063296,4804427.0
2022-09-04 12:00:00+00:00,0.063296,0.063635,0.062677,0.062773,4873643.0
2022-09-04 14:00:00+00:00,0.062773,0.063256,0.062557,0.063204,1533147.0
2022-09-04 16:00:00+00:00,0.063204,0.06334,0.062822,0.063281,2063549.0
2022-09-04 18:00:00+00:00,0.063281,0.063315,0.06305,0.063257,1403973.0
2022-09-04 20:00:00+00:00,0.063257,0.063367,0.062844,0.063074,863440.0
2022-09-04 22:00:00+00:00,0.063074,0.063205,0.062575,0.063182,1287436.0
2022-09-05 00:00:00+00:00,0.063182,0.063694,0.063054,0.063085,2170449.0
2022-09-05 02:00:00+00:00,0.063085,0.063195,0.062876,0.06311,1450060.0
2022-09-05 04:00:00+00:00,0.06311,0.063267,0.062021,0.062257,5451427.0
2022-09-05 06:00:00+00:00,0.062257,0.062387,0.061711,0.061959,2791167.0
2022-09-05 08:00:00+00:00,0.061959,0.0621,0.061554,0.061975,2491467.0
2022-09-05 10:00:00+00:00,0.061975,0.06219,0.060895,0.061674,1940119.0
2022-09-05 12:00:00+00:00,0.061674,0.062039,0.061426,0.061933,2242955.0
2022-09-05 14:00:00+00:00,0.061933,0.062455,0.061854,0.062274,2000011.0
2022-09-05 16:00:00+00:00,0.062274,0.062375,0.061948,0.062142,1498250.0
2022-09-05 18:00:00+00:00,0.062142,0.062188,0.061724,0.061912,1294404.0
2022-09-05 20:00:00+00:00,0.061912,0.062401,0.061864,0.062376,1202971.0
2022-09-05 22:00:00+00:00,0.062376,0.063047,0.062078,0.062725,1743386.0
2022-09-06 00:00:00+00:00,0.062725,0.06527,0.062692,0.062915,7453963.0
2022-09-06 02:00:00+00:00,0.062915,0.063342,0.062391,0.063316,2521311.0
2022-09-06 04:00:00+00:00,0.063316,0.063634,0.063046,0.063352,1772304.0
2022-09-06 06:00:00+00:00,0.063352,0.063772,0.063248,0.063311,1344271.0
2022-09-06 08:00:00+00:00,0.063311,0.063465,0.062764,0.063174,3710986.0
2022-09-06 10:00:00+00:00,0.063174,0.06347,0.062958,0.063256,1626514.0
2022-09-06 12:00:00+00:00,0.063256,0.063599,0.062055,0.062367,1823291.0
2022-09-06 14:00:00+00:00,0.062367,0.062779,0.061767,0.062606,1585089.0
2022-09-06 16:00:00+00:00,0.062606,0.062713,0.059019,0.059764,4679839.0
2022-09-06 18:00:00+00:00,0.059764,0.059773,0.058182,0.058979,7418952.0
2022-09-06 20:00:00+00:00,0.058979,0.059249,0.057943,0.058964,2219441.0
2022-09-06 22:00:00+00:00,0.058964,0.059384,0.058753,0.058846,2601736.0
2022-09-07 00:00:00+00:00,0.058846,0.058964,0.058,0.058573,2173015.0
2022-09-07 02:00:00+00:00,0.058573,0.058752,0.057301,0.058369,2144951.0
2022-09-07 04:00:00+00:00,0.058369,0.058873,0.058181,0.058791,1353367.0
2022-09-07 06:00:00+00:00,0.058791,0.059233,0.0587,0.05913,2849935.0
2022-09-07 08:00:00+00:00,0.05913,0.059411,0.059013,0.05928,1633386.0
2022-09-07 10:00:00+00:00,0.05928,0.059495,0.059055,0.05936,3020092.0
2022-09-07 12:00:00+00:00,0.05936,0.060525,0.059068,0.060023,5045783.0
2022-09-07 14:00:00+00:00,0.060023,0.06029,0.05971,0.059976,2258350.0
2022-09-07 16:00:00+00:00,0.059976,0.060839,0.059819,0.060761,3688559.0
2022-09-07 18:00:00+00:00,0.060761,0.060881,0.060331,0.060369,1882073.0
2022-09-07 20:00:00+00:00,0.060369,0.061477,0.060363,0.061035,1790731.0
2022-09-07 22:00:00+00:00,0.061035,0.061376,0.060864,0.060943,2797517.0
2022-09-08 00:00:00+00:00,0.060943,0.061283,0.060649,0.060802,1750455.0
2022-09-08 02:00:00+00:00,0.060802,0.061026,0.060698,0.060894,2187303.0
2022-09-08 04:00:00+00:00,0.060894,0.061146,0.060673,0.06088,717617.0
2022-09-08 06:00:00+00:00,0.06088,0.061165,0.060069,0.060442,2600736.0
2022-09-08 08:00:00+00:00,0.060442,0.060565,0.060066,0.060282,670952.0
2022-09-08 10:00:00+00:00,0.060282,0.060965,0.060203,0.06072,1095217.0
2022-09-08 12:00:00+00:00,0.06072,0.060885,0.059616,0.060488,3014480.0
2022-09-08 14:00:00+00:00,0.060488,0.061127,0.060146,0.060621,3478156.0
2022-09-08 16:00:00+00:00,0.060621,0.060679,0.060067,0.060283,775370.0
2022-09-08 18:00:00+00:00,0.060283,0.060864,0.060045,0.060854,461534.0
2022-09-08 20:00:00+00:00,0.060854,0.061388,0.060622,0.06077,1486657.0
2022-09-08 22:00:00+00:00,0.06077,0.06098,0.060616,0.060936,910538.0
2022-09-09 00:00:00+00:00,0.060936,0.061773,0.060859,0.061304,2231536.0
2022-09-09 02:00:00+00:00,0.061304,0.062497,0.061265,0.06219,1852542.0
2022-09-09 04:00:00+00:00,0.06219,0.063245,0.062034,0.062961,3792543.0
2022-09-09 06:00:00+00:00,0.062961,0.063391,0.062723,0.062855,2407399.0
2022-09-09 08:00:00+00:00,0.062855,0.064828,0.062824,0.063422,9288373.0
2022-09-09 10:00:00+00:00,0.063422,0.063897,0.062873,0.063744,2522414.0
2022-09-09 12:00:00+00:00,0.063744,0.064523,0.063056,0.063546,3329242.0
2022-09-09 14:00:00+00:00,0.063546,0.063944,0.063371,0.063648,1890571.0
2022-09-09 16:00:00+00:00,0.063648,0.063837,0.062695,0.062815,4408346.0
2022-09-09 18:00:00+00:00,0.062815,0.063381,0.062604,0.063264,4432357.0
2022-09-09 20:00:00+00:00,0.063264,0.063573,0.06302,0.063163,1348232.0
2022-09-09 22:00:00+00:00,0.063163,0.064422,0.062891,0.063841,2441438.0
2022-09-10 00:00:00+00:00,0.063841,0.064132,0.063142,0.063588,1348811.0
2022-09-10 02:00:00+00:00,0.063588,0.064164,0.063587,0.063732,1667645.0
2022-09-10 04:00:00+00:00,0.063732,0.064906,0.063589,0.064291,3266453.0
2022-09-10 06:00:00+00:00,0.064291,0.064902,0.063166,0.063389,2507128.0
2022-09-10 08:00:00+00:00,0.063389,0.064276,0.063389,0.064088,1477907.0
2022-09-10 10:00:00+00:00,0.064088,0.064119,0.063667,0.063931,2413357.0
2022-09-10 12:00:00+00:00,0.063931,0.064361,0.063427,0.063863,3354400.0
2022-09-10 14:00:00+00:00,0.063863,0.064087,0.063665,0.063844,1104553.0
2022-09-10 16:00:00+00:00,0.063844,0.064563,0.063604,0.064167,2246562.0
2022-09-10 18:00:00+00:00,0.064167,0.064361,0.063897,0.064243,981992.0
2022-09-10 20:00:00+00:00,0.064243,0.06441,0.063683,0.064181,817606.0
2022-09-10 22:00:00+00:00,0.064181,0.065519,0.064172,0.064647,4795192.0
2022-09-11 00:00:00+00:00,0.064647,0.06527,0.064559,0.064663,2372099.0
2022-09-11 02:00:00+00:00,0.064663,0.064821,0.064127,0.064248,2050082.0
2022-09-11 04:00:00+00:00,0.064248,0.064445,0.063935,0.064044,2090535.0
2022-09-11 06:00:00+00:00,0.064044,0.064177,0.062844,0.063856,2354145.0
2022-09-11 08:00:00+00:00,0.063856,0.063986,0.063554,0.063723,1632782.0
2022-09-11 10:00:00+00:00,0.063723,0.063975,0.063647,0.063887,1259907.0
2022-09-11 12:00:00+00:00,0.063887,0.064647,0.063634,0.063967,2687936.0
2022-09-11 14:00:00+00:00,0.063967,0.064457,0.063573,0.064166,1847417.0
2022-09-11 16:00:00+00:00,0.064166,0.064636,0.064043,0.064135,1397528.0
2022-09-11 18:00:00+00:00,0.064135,0.064197,0.063724,0.063796,3085525.0
2022-09-11 20:00:00+00:00,0.063796,0.064076,0.062562,0.062769,3636308.0
2022-09-11 22:00:00+00:00,0.062769,0.063796,0.062674,0.063659,1558959.0
2022-09-12 00:00:00+00:00,0.063659,0.064534,0.062736,0.06419,2769170.0
2022-09-12 02:00:00+00:00,0.06419,0.064345,0.062569,0.062884,3028390.0
2022-09-12 04:00:00+00:00,0.062884,0.063296,0.062855,0.063178,852545.0
2022-09-12 06:00:00+00:00,0.063178,0.063937,0.063023,0.063873,1501387.0
2022-09-12 08:00:00+00:00,0.063873,0.064568,0.06371,0.064412,1641695.0
2022-09-12 10:00:00+00:00,0.064412,0.064709,0.063774,0.0647,2429049.0
2022-09-12 12:00:00+00:00,0.0647,0.0654,0.064267,0.064542,4485794.0
2022-09-12 14:00:00+00:00,0.064542,0.064715,0.063191,0.063374,2372359.0
2022-09-12 16:00:00+00:00,0.063374,0.063855,0.062758,0.063816,4298556.0
2022-09-12 18:00:00+00:00,0.063816,0.064021,0.063395,0.063814,1088833.0
2022-09-12 20:00:00+00:00,0.063814,0.064192,0.063711,0.06375,614763.0
2022-09-12 22:00:00+00:00,0.06375,0.064077,0.063541,0.063931,881821.0
2022-09-13 00:00:00+00:00,0.063931,0.063972,0.062843,0.063162,3213796.0
2022-09-13 02:00:00+00:00,0.063162,0.063657,0.06266,0.063568,1300725.0
2022-09-13 04:00:00+00:00,0.063568,0.063723,0.063302,0.063428,2068501.0
2022-09-13 06:00:00+00:00,0.063428,0.063866,0.063249,0.063677,2862488.0
2022-09-13 08:00:00+00:00,0.063677,0.063839,0.063274,0.063396,4175272.0
2022-09-13 10:00:00+00:00,0.063396,0.063999,0.063265,0.06387,1704894.0
2022-09-13 12:00:00+00:00,0.06387,0.06408,0.060436,0.060583,10467935.0
2022-09-13 14:00:00+00:00,0.060583,0.060979,0.060054,0.060274,3605215.0
2022-09-13 16:00:00+00:00,0.060274,0.060672,0.060064,0.060613,3615468.0
2022-09-13 18:00:00+00:00,0.060613,0.060613,0.059174,0.06011,6654934.0
2022-11-19 10:00:00+00:00,0.083817,0.084351,0.083725,0.084255,7534742.0
2022-11-19 12:00:00+00:00,0.084255,0.084357,0.08361,0.083928,5165922.0
2022-11-19 14:00:00+00:00,0.083928,0.084329,0.08373,0.084227,7037574.0
2022-11-19 16:00:00+00:00,0.084227,0.084291,0.083865,0.083946,3810009.0
2022-11-19 18:00:00+00:00,0.083946,0.084131,0.083846,0.084047,1157137.0
2022-11-19 20:00:00+00:00,0.084047,0.084671,0.083951,0.084448,6911250.0
2022-11-19 22:00:00+00:00,0.084448,0.084952,0.084345,0.084491,7632048.0
2022-11-20 00:00:00+00:00,0.084491,0.085459,0.084264,0.084567,11498892.0
2022-11-20 02:00:00+00:00,0.084567,0.085209,0.08446,0.084952,4795739.0
2022-11-20 04:00:00+00:00,0.084957,0.085749,0.084949,0.085458,14129676.0
2022-11-20 06:00:00+00:00,0.085442,0.085575,0.085045,0.085163,11316378.0
2022-11-20 08:00:00+00:00,0.085163,0.085266,0.082985,0.083791,28243339.0
2022-11-20 10:00:00+00:00,0.083791,0.083911,0.080624,0.081732,52661048.0
2022-11-20 12:00:00+00:00,0.081732,0.082275,0.081074,0.082145,15032430.0
2022-11-20 14:00:00+00:00,0.082145,0.082255,0.081394,0.081973,11740901.0
2022-11-20 16:00:00+00:00,0.081973,0.082179,0.080261,0.080513,9816196.0
2022-11-20 18:00:00+00:00,0.080513,0.080859,0.079362,0.08072,24685662.0
2022-11-20 20:00:00+00:00,0.08072,0.080885,0.076287,0.076874,46255830.0
2022-11-20 22:00:00+00:00,0.076874,0.078066,0.076277,0.076982,14604384.0
2022-11-21 00:00:00+00:00,0.076982,0.077305,0.075143,0.075565,30731506.0
2022-11-21 02:00:00+00:00,0.075565,0.07572,0.073608,0.075419,26952563.0
2022-11-21 04:00:00+00:00,0.075419,0.077178,0.075335,0.077051,11245380.0
2022-11-21 06:00:00+00:00,0.077051,0.077169,0.075534,0.075839,17768718.0
2022-11-21 08:00:00+00:00,0.075839,0.076444,0.075058,0.076036,16219947.0
2022-11-21 10:00:00+00:00,0.076036,0.07637,0.075483,0.075812,20279135.0
2022-11-21 12:00:00+00:00,0.075812,0.077308,0.075324,0.076466,24466220.0
2022-11-21 14:00:00+00:00,0.076466,0.076676,0.075734,0.075977,15122423.0
2022-11-21 16:00:00+00:00,0.075977,0.076193,0.074551,0.074668,28226810.0
2022-11-21 18:00:00+00:00,0.074668,0.07485,0.07125,0.072355,97745627.0
2022-11-21 20:00:00+00:00,0.072355,0.074864,0.072335,0.074046,55894047.0
2022-11-21 22:00:00+00:00,0.074046,0.075179,0.073571,0.074637,11635892.0
2022-11-22 00:00:00+00:00,0.074637,0.07576,0.074347,0.074757,17276024.0
2022-11-22 02:00:00+00:00,0.074757,0.076731,0.074535,0.07596,15238857.0
2022-11-22 04:00:00+00:00,0.07596,0.07626,0.074918,0.074973,8699003.0
2022-11-22 06:00:00+00:00,0.074973,0.075256,0.073247,0.074543,32713807.0
2022-11-22 08:00:00+00:00,0.074543,0.074639,0.07313,0.073315,19710468.0
2022-11-22 10:00:00+00:00,0.073315,0.074798,0.073116,0.07435,23400383.0
2022-11-22 12:00:00+00:00,0.07435,0.079635,0.074076,0.079011,62385359.0
2022-11-22 14:00:00+00:00,0.079011,0.079187,0.077173,0.078694,22218693.0
2022-11-22 16:00:00+00:00,0.078694,0.078985,0.076657,0.076932,7051484.0
2022-11-22 18:00:00+00:00,0.076932,0.07783,0.076669,0.07759,4660301.0
2022-11-22 20:00:00+00:00,0.07759,0.078339,0.077586,0.078127,5126664.0
2022-11-22 22:00:00+00:00,0.078127,0.07878,0.077704,0.0787,4500130.0
2022-11-23 00:00:00+00:00,0.0787,0.07887,0.077731,0.077815,6150886.0
2022-11-23 02:00:00+00:00,0.077815,0.08218,0.077785,0.081793,38388684.0
2022-11-23 04:00:00+00:00,0.081793,0.083464,0.081015,0.081071,32069142.0
2022-11-23 06:00:00+00:00,0.081071,0.082216,0.081071,0.081734,7094791.0
2022-11-23 08:00:00+00:00,0.081734,0.082399,0.081055,0.082159,12511756.0
2022-11-23 10:00:00+00:00,0.082159,0.082425,0.081153,0.081833,17278127.0
2022-11-23 12:00:00+00:00,0.081833,0.081869,0.079478,0.079579,30213096.0
2022-11-23 14:00:00+00:00,0.079579,0.080667,0.079395,0.080265,16817697.0
2022-11-23 16:00:00+00:00,0.080265,0.080448,0.0791,0.079851,6940912.0
2022-11-23 18:00:00+00:00,0.079851,0.081749,0.079754,0.080995,14077508.0
2022-11-23 20:00:00+00:00,0.080995,0.081538,0.080495,0.080934,5512377.0
2022-11-23 22:00:00+00:00,0.080934,0.082063,0.080918,0.081916,4383673.0
2022-11-24 00:00:00+00:00,0.081916,0.084217,0.080735,0.083422,27441648.0
2022-11-24 02:00:00+00:00,0.083422,0.083906,0.082191,0.082801,37862999.0
2022-11-24 04:00:00+00:00,0.082801,0.083045,0.082001,0.082175,11065569.0
2022-11-24 06:00:00+00:00,0.082175,0.082937,0.081741,0.081952,6297694.0
2022-11-24 08:00:00+00:00,0.081952,0.082147,0.081243,0.081786,9314066.0
2022-11-24 10:00:00+00:00,0.081786,0.081843,0.080378,0.080947,10439111.0
2022-11-24 12:00:00+00:00,0.080947,0.081732,0.080667,0.081434,7110034.0
2022-11-24 14:00:00+00:00,0.081434,0.081513,0.080655,0.081297,4786818.0
2022-11-24 16:00:00+00:00,0.081297,0.081735,0.080669,0.080938,4215267.0
2022-11-24 18:00:00+00:00,0.080938,0.08149,0.080834,0.081229,2074245.0
2022-11-24 20:00:00+00:00,0.081229,0.081357,0.080804,0.080889,1556357.0
2022-11-24 22:00:00+00:00,0.080889,0.081562,0.080856,0.081401,2294339.0
2022-11-25 00:00:00+00:00,0.081401,0.083254,0.080678,0.081846,29984463.0
2022-11-25 02:00:00+00:00,0.081846,0.082365,0.080481,0.082033,21168831.0
2022-11-25 04:00:00+00:00,0.08206,0.08249,0.081,0.081014,12179430.0
2022-11-25 06:00:00+00:00,0.081014,0.082285,0.080922,0.082255,14075769.0
2022-11-25 08:00:00+00:00,0.082255,0.082551,0.081643,0.082234,12318276.0
2022-11-25 10:00:00+00:00,0.082238,0.091691,0.082018,0.087832,281809698.0
2022-11-25 12:00:00+00:00,0.087832,0.088938,0.086142,0.087273,77663661.0
2022-11-25 14:00:00+00:00,0.087273,0.088591,0.086612,0.08808,28265558.0
2022-11-25 16:00:00+00:00,0.08808,0.090387,0.087197,0.089457,30312749.0
2022-11-25 18:00:00+00:00,0.089457,0.09084,0.089008,0.089493,33023216.0
2022-11-25 20:00:00+00:00,0.089493,0.089951,0.088157,0.088827,20516571.0
2022-11-25 22:00:00+00:00,0.088827,0.089981,0.08836,0.089442,15309303.0
2022-11-26 00:00:00+00:00,0.089442,0.094889,0.08888,0.09353,110714293.0
2022-11-26 02:00:00+00:00,0.09353,0.095497,0.092258,0.092511,56320712.0
2022-11-26 04:00:00+00:00,0.092511,0.093556,0.091606,0.092851,31751886.0
2022-11-26 06:00:00+00:00,0.092851,0.092948,0.090779,0.092101,38761100.0
2022-11-26 08:00:00+00:00,0.092101,0.092745,0.091412,0.092314,17532086.0
2022-11-26 10:00:00+00:00,0.092314,0.093356,0.091771,0.092063,23509832.0
2022-11-26 12:00:00+00:00,0.092097,0.093266,0.091091,0.092647,24827154.0
2022-11-26 14:00:00+00:00,0.092647,0.094665,0.090293,0.090928,59707117.0
2022-11-26 16:00:00+00:00,0.090928,0.091837,0.090569,0.091165,18401143.0
2022-11-26 18:00:00+00:00,0.091165,0.091605,0.08903,0.090061,21660253.0
2022-11-26 20:00:00+00:00,0.090061,0.090368,0.089694,0.090189,4246505.0
2022-11-26 22:00:00+00:00,0.090189,0.090234,0.08708,0.088854,24837558.0
2022-11-27 00:00:00+00:00,0.088854,0.089574,0.088747,0.089166,10810814.0
2022-11-27 02:00:00+00:00,0.089166,0.089784,0.089056,0.089245,9403322.0
2022-11-27 04:00:00+00:00,0.089245,0.095251,0.089106,0.094072,156160884.0
2022-11-27 06:00:00+00:00,0.094072,0.098624,0.093562,0.096912,132305073.0
2022-11-27 08:00:00+00:00,0.096912,0.099651,0.096117,0.099166,90854149.0
2022-11-27 10:00:00+00:00,0.099166,0.10782,0.098614,0.104726,364255325.0
2022-11-27 12:00:00+00:00,0.104726,0.106268,0.102607,0.103233,120612210.0
2022-11-27 14:00:00+00:00,0.103233,0.103876,0.101178,0.103182,88823815.0
2022-11-27 16:00:00+00:00,0.103182,0.105094,0.102917,0.10357,81033245.0
2022-11-27 18:00:00+00:00,0.10357,0.105087,0.102617,0.104681,50667110.0
2022-11-27 20:00:00+00:00,0.104681,0.106278,0.104112,0.104608,42804659.0
2022-11-27 22:00:00+00:00,0.104611,0.105148,0.097617,0.098716,132658777.0
2022-11-28 00:00:00+00:00,0.098716,0.099756,0.091769,0.093706,182358620.0
2022-11-28 02:00:00+00:00,0.093706,0.096495,0.093094,0.0951,62812463.0
2022-11-28 04:00:00+00:00,0.0951,0.095894,0.092386,0.093363,65267117.0
2022-11-28 06:00:00+00:00,0.093363,0.095738,0.092643,0.095551,44789615.0
2022-11-28 08:00:00+00:00,0.095551,0.096402,0.094438,0.095227,52825278.0
2022-11-28 10:00:00+00:00,0.095227,0.095246,0.093731,0.09431,49031361.0
2022-11-28 12:00:00+00:00,0.09431,0.095474,0.094098,0.094617,24657369.0
2022-11-28 14:00:00+00:00,0.094617,0.095657,0.092506,0.09319,65100428.0
2022-11-28 16:00:00+00:00,0.09319,0.097548,0.090614,0.09591,169024564.0
2022-11-28 18:00:00+00:00,0.09591,0.096374,0.094093,0.095023,27032106.0
2022-11-28 20:00:00+00:00,0.095023,0.095809,0.093757,0.095133,19678520.0
2022-11-28 22:00:00+00:00,0.095133,0.095664,0.094591,0.095048,13564979.0
2022-11-29 00:00:00+00:00,0.095048,0.100498,0.093559,0.100185,72633427.0
2022-11-29 02:00:00+00:00,0.100185,0.103253,0.100095,0.101181,105498352.0
2022-11-29 04:00:00+00:00,0.101181,0.105047,0.100948,0.103159,78661402.0
2022-11-29 06:00:00+00:00,0.103159,0.103645,0.102133,0.102311,43007978.0
2022-11-29 08:00:00+00:00,0.102311,0.103701,0.10224,0.103076,22683339.0
2022-11-29 10:00:00+00:00,0.103076,0.105077,0.101113,0.103808,81682078.0
2022-11-29 12:00:00+00:00,0.103808,0.104352,0.101221,0.101817,56792548.0
2022-11-29 14:00:00+00:00,0.101817,0.102525,0.100167,0.101515,76117989.0
2022-11-29 16:00:00+00:00,0.101515,0.101805,0.099076,0.100465,44593791.0
2022-11-29 18:00:00+00:00,0.100465,0.102154,0.100196,0.101691,22398882.0
2022-11-29 20:00:00+00:00,0.101691,0.102683,0.101602,0.101736,19153867.0
2022-11-29 22:00:00+00:00,0.101736,0.102935,0.101213,0.10131,16892160.0
2022-11-30 00:00:00+00:00,0.10131,0.11003,0.100741,0.107515,142590470.0
2022-11-30 02:00:00+00:00,0.107515,0.109032,0.105694,0.105952,49074959.0
2022-11-30 04:00:00+00:00,0.105952,0.106844,0.105344,0.106421,26973921.0
2022-11-30 06:00:00+00:00,0.106435,0.106693,0.10509,0.106115,22777711.0
2022-11-30 08:00:00+00:00,0.106115,0.107145,0.104271,0.104678,23262592.0
2022-11-30 10:00:00+00:00,0.104678,0.105369,0.103941,0.10494,20287567.0
2022-11-30 12:00:00+00:00,0.10494,0.106074,0.1039,0.104453,40233083.0
2022-11-30 14:00:00+00:00,0.104453,0.105107,0.103141,0.104136,16984359.0
2022-11-30 16:00:00+00:00,0.104136,0.104191,0.100983,0.101571,23182640.0
2022-11-30 18:00:00+00:00,0.101571,0.105335,0.099279,0.103764,89543956.0
2022-11-30 20:00:00+00:00,0.103764,0.105914,0.103422,0.105891,13264560.0
2022-11-30 22:00:00+00:00,0.105891,0.109458,0.10527,0.106674,36851955.0
2022-12-01 00:00:00+00:00,0.106674,0.107642,0.103653,0.104209,37228971.0
2022-12-01 02:00:00+00:00,0.104209,0.105179,0.1038,0.104453,13820581.0
2022-12-01 04:00:00+00:00,0.104453,0.104867,0.102442,0.10309,26944444.0
2022-12-01 06:00:00+00:00,0.10309,0.10374,0.102297,0.102571,21166310.0
2022-12-01 08:00:00+00:00,0.102571,0.10362,0.102057,0.103371,16523508.0
2022-12-01 10:00:00+00:00,0.103371,0.104092,0.102607,0.103953,13533782.0
2022-12-01 12:00:00+00:00,0.103953,0.1057,0.102017,0.103273,44668433.0
2022-12-01 14:00:00+00:00,0.103273,0.103498,0.100177,0.10182,41183007.0
2022-12-01 16:00:00+00:00,0.10182,0.10241,0.101262,0.101959,7691588.0
2022-12-01 18:00:00+00:00,0.101959,0.102484,0.101133,0.102167,5916598.0
2022-12-01 20:00:00+00:00,0.102167,0.102369,0.100519,0.101055,9819836.0
2022-12-01 22:00:00+00:00,0.101055,0.102049,0.100547,0.101632,10463718.0
2022-12-02 00:00:00+00:00,0.101632,0.103459,0.100539,0.101334,23999943.0
2022-12-02 02:00:00+00:00,0.101334,0.101684,0.096517,0.098421,56448809.0
2022-12-02 04:00:00+00:00,0.098421,0.09901,0.09679,0.098896,21497016.0
2022-12-02 06:00:00+00:00,0.098896,0.0995,0.098591,0.099288,18323219.0
2022-12-02 08:00:00+00:00,0.099288,0.099435,0.098741,0.099118,7944639.0
2022-12-02 10:00:00+00:00,0.099118,0.100233,0.098281,0.099681,21753260.0
2022-12-02 12:00:00+00:00,0.099681,0.100499,0.097219,0.097954,68982373.0
2022-12-02 14:00:00+00:00,0.097954,0.0995,0.096762,0.098792,21933570.0
2022-12-02 16:00:00+00:00,0.098792,0.099543,0.098131,0.098532,10576784.0
2022-12-02 18:00:00+00:00,0.098532,0.099353,0.098311,0.099289,4223547.0
2022-12-02 20:00:00+00:00,0.099289,0.09989,0.099048,0.099445,6217283.0
2022-12-02 22:00:00+00:00,0.099445,0.10242,0.099423,0.101999,22195878.0
2022-12-03 00:00:00+00:00,0.102053,0.103026,0.100715,0.10099,19117490.0
2022-12-03 02:00:00+00:00,0.10099,0.101506,0.100557,0.100962,8116087.0
2022-12-03 04:00:00+00:00,0.100962,0.1016,0.100826,0.101246,7804376.0
2022-12-03 06:00:00+00:00,0.101246,0.101336,0.098039,0.098956,41998696.0
2022-12-03 08:00:00+00:00,0.098956,0.099257,0.098044,0.099161,13956534.0
2022-12-03 10:00:00+00:00,0.099161,0.099527,0.09845,0.099363,9670781.0
2022-12-03 12:00:00+00:00,0.099363,0.101465,0.099016,0.101042,26886015.0
2022-12-03 14:00:00+00:00,0.101042,0.102585,0.100892,0.101541,34052822.0
2022-12-03 16:00:00+00:00,0.101541,0.101876,0.100807,0.101429,11718969.0
2022-12-03 18:00:00+00:00,0.101429,0.102122,0.100962,0.101662,7442429.0
2022-12-03 20:00:00+00:00,0.101662,0.101737,0.100271,0.101166,10907582.0
2022-12-03 22:00:00+00:00,0.101166,0.101466,0.098992,0.099617,20113194.0
2022-12-04 00:00:00+00:00,0.099617,0.102665,0.099484,0.101782,39022708.0
2022-12-04 02:00:00+00:00,0.101782,0.10239,0.101202,0.101576,11932656.0
2022-12-04 04:00:00+00:00,0.101576,0.104848,0.101555,0.103479,43097067.0
2022-12-04 06:00:00+00:00,0.103479,0.104325,0.103132,0.103373,18340835.0
2022-12-04 08:00:00+00:00,0.103373,0.105626,0.102093,0.10425,65642312.0
2022-12-04 10:00:00+00:00,0.104323,0.104445,0.102252,0.103121,40472799.0
2022-12-04 12:00:00+00:00,0.103121,0.103454,0.102032,0.102693,18388424.0
2022-12-04 14:00:00+00:00,0.102693,0.103784,0.102367,0.103402,15671179.0
2022-12-04 16:00:00+00:00,0.103402,0.104135,0.102553,0.103374,13870520.0
2022-12-04 18:00:00+00:00,0.103374,0.10408,0.103224,0.103894,8721687.0
2022-12-04 20:00:00+00:00,0.103894,0.104684,0.103546,0.10372,10467209.0
2022-12-04 22:00:00+00:00,0.10372,0.104749,0.103251,0.103917,9419298.0
2022-12-05 00:00:00+00:00,0.103917,0.104941,0.103575,0.10415,13858857.0
2022-12-05 02:00:00+00:00,0.10415,0.104665,0.103671,0.103815,10007125.0
2022-12-05 04:00:00+00:00,0.103815,0.10535,0.103761,0.104433,17136280.0
2022-12-05 06:00:00+00:00,0.104433,0.104443,0.103372,0.103825,12743633.0
2022-12-05 08:00:00+00:00,0.103825,0.111747,0.103571,0.107041,126614264.0
2022-12-05 10:00:00+00:00,0.107041,0.107086,0.105657,0.106627,21723552.0
2022-12-05 12:00:00+00:00,0.106627,0.10664,0.103808,0.104429,29916172.0
2022-12-05 14:00:00+00:00,0.104429,0.104798,0.101903,0.102916,49092121.0
2022-12-05 16:00:00+00:00,0.102916,0.103408,0.102209,0.1028,13896103.0
2022-12-05 18:00:00+00:00,0.1028,0.103101,0.099116,0.1005,33679516.0
2022-12-05 20:00:00+00:00,0.100486,0.101419,0.100253,0.10117,9869260.0
2022-12-05 22:00:00+00:00,0.10117,0.101498,0.100539,0.101435,8995189.0
2022-12-06 00:00:00+00:00,0.101435,0.102709,0.101387,0.102159,9906941.0
2023-02-10 16:00:00+00:00,0.081513,0.082,0.080601,0.081373,4334352.0
2023-02-10 18:00:00+00:00,0.081373,0.082879,0.081161,0.082768,2856202.0
2023-02-10 20:00:00+00:00,0.082768,0.08287,0.080523,0.080816,4818035.0
2023-02-10 22:00:00+00:00,0.080816,0.081396,0.079189,0.080842,9956075.0
2023-02-11 00:00:00+00:00,0.080842,0.081889,0.080533,0.081527,5967977.0
2023-02-11 02:00:00+00:00,0.081527,0.082272,0.081463,0.082081,3512758.0
2023-02-11 04:00:00+00:00,0.082081,0.082122,0.081346,0.081452,3958227.0
2023-02-11 06:00:00+00:00,0.081452,0.08179,0.0812,0.081629,2386514.0
2023-02-11 08:00:00+00:00,0.081629,0.081703,0.081317,0.081477,1477609.0
2023-02-11 10:00:00+00:00,0.081477,0.081551,0.081145,0.081361,2111829.0
2023-02-11 12:00:00+00:00,0.081361,0.08212,0.081298,0.082059,4409914.0
2023-02-11 14:00:00+00:00,0.082059,0.082301,0.081745,0.082076,4370363.0
2023-02-11 16:00:00+00:00,0.082076,0.082111,0.081291,0.081563,1981058.0
2023-02-11 18:00:00+00:00,0.081563,0.081803,0.081089,0.081781,2384558.0
2023-02-11 20:00:00+00:00,0.081781,0.082448,0.081524,0.082224,2280311.0
2023-02-11 22:00:00+00:00,0.082224,0.082538,0.082025,0.082196,2753036.0
2023-02-12 00:00:00+00:00,0.082196,0.082247,0.081782,0.081903,4948391.0
2023-02-12 02:00:00+00:00,0.081903,0.082146,0.081699,0.08182,4013024.0
2023-02-12 04:00:00+00:00,0.08182,0.081887,0.081527,0.081795,2453535.0
2023-02-12 06:00:00+00:00,0.081795,0.081967,0.081653,0.081664,1350316.0
2023-02-12 08:00:00+00:00,0.081664,0.085766,0.081627,0.084284,24883021.0
2023-02-12 10:00:00+00:00,0.084284,0.084677,0.0835,0.084515,15413306.0
2023-02-12 12:00:00+00:00,0.084515,0.084678,0.083237,0.083652,14318043.0
2023-02-12 14:00:00+00:00,0.083652,0.084373,0.083561,0.084031,6181976.0
2023-02-12 16:00:00+00:00,0.084031,0.084499,0.08372,0.084183,7508362.0
2023-02-12 18:00:00+00:00,0.084183,0.084764,0.083836,0.084333,2486190.0
2023-02-12 20:00:00+00:00,0.084333,0.084517,0.082259,0.08246,9563740.0
2023-02-12 22:00:00+00:00,0.08246,0.082637,0.081068,0.08211,8754925.0
2023-02-13 00:00:00+00:00,0.08211,0.082663,0.080394,0.081096,6171281.0
2023-02-13 02:00:00+00:00,0.081096,0.081796,0.080234,0.081675,6277898.0
2023-02-13 04:00:00+00:00,0.081675,0.08633,0.081599,0.084225,52179161.0
2023-02-13 06:00:00+00:00,0.084225,0.08427,0.083354,0.083901,13175183.0
2023-02-13 08:00:00+00:00,0.083901,0.083978,0.07947,0.080559,34294679.0
2023-02-13 10:00:00+00:00,0.080559,0.081323,0.079753,0.080938,9065148.0
2023-02-13 12:00:00+00:00,0.080938,0.081516,0.080878,0.081334,8539765.0
2023-02-13 14:00:00+00:00,0.081334,0.081889,0.080879,0.080932,11304962.0
2023-02-13 16:00:00+00:00,0.080932,0.081511,0.079335,0.080137,11422299.0
2023-02-13 18:00:00+00:00,0.080137,0.08146,0.080065,0.081329,5243977.0
2023-02-13 20:00:00+00:00,0.081329,0.081665,0.080955,0.081266,2515552.0
2023-02-13 22:00:00+00:00,0.081266,0.082245,0.081002,0.081986,4618657.0
2023-02-14 00:00:00+00:00,0.081986,0.082186,0.081346,0.08145,5470053.0
2023-02-14 02:00:00+00:00,0.08145,0.0818,0.081186,0.081293,3184924.0
2023-02-14 04:00:00+00:00,0.081293,0.081602,0.081057,0.081511,3347522.0
2023-02-14 06:00:00+00:00,0.081511,0.081875,0.081418,0.08174,1775022.0
2023-02-14 08:00:00+00:00,0.08174,0.082083,0.080972,0.081803,4549646.0
2023-02-14 10:00:00+00:00,0.081803,0.081916,0.081336,0.08153,2551970.0
2023-02-14 12:00:00+00:00,0.08153,0.082689,0.079954,0.082085,15425003.0
2023-02-14 14:00:00+00:00,0.082085,0.08363,0.080912,0.082721,14033591.0
2023-02-14 16:00:00+00:00,0.082721,0.083021,0.082122,0.082826,5191652.0
2023-02-14 18:00:00+00:00,0.082826,0.083562,0.082821,0.083382,5723988.0
2023-02-14 20:00:00+00:00,0.083382,0.083504,0.082888,0.083402,4234764.0
2023-02-14 22:00:00+00:00,0.083402,0.083727,0.083002,0.083604,3105562.0
2023-02-15 00:00:00+00:00,0.083604,0.083882,0.082806,0.082876,3181524.0
2023-02-15 02:00:00+00:00,0.082876,0.087726,0.082558,0.084988,45928968.0
2023-02-15 04:00:00+00:00,0.084988,0.087423,0.08484,0.086508,40414938.0
2023-02-15 06:00:00+00:00,0.086508,0.0872,0.085548,0.085952,25595261.0
2023-02-15 08:00:00+00:00,0.085952,0.086486,0.085679,0.08626,13013586.0
2023-02-15 10:00:00+00:00,0.08626,0.086626,0.085788,0.086437,12987843.0
2023-02-15 12:00:00+00:00,0.086437,0.087226,0.085958,0.086005,18677075.0
2023-02-15 14:00:00+00:00,0.086005,0.086248,0.085439,0.085986,12864027.0
2023-02-15 16:00:00+00:00,0.085986,0.086335,0.08562,0.086303,7281944.0
2023-02-15 18:00:00+00:00,0.086303,0.087931,0.086091,0.087651,6785056.0
2023-02-15 20:00:00+00:00,0.087651,0.089389,0.087306,0.088187,11813891.0
2023-02-15 22:00:00+00:00,0.088187,0.089585,0.088177,0.089244,11861013.0
2023-02-16 00:00:00+00:00,0.089244,0.091028,0.088826,0.089891,19835984.0
2023-02-16 02:00:00+00:00,0.089891,0.090429,0.089707,0.089989,10529658.0
2023-02-16 04:00:00+00:00,0.089989,0.09028,0.089243,0.090161,9375541.0
2023-02-16 06:00:00+00:00,0.090161,0.090217,0.088413,0.089067,15288297.0
2023-02-16 08:00:00+00:00,0.089067,0.089365,0.088567,0.089325,5468612.0
2023-02-16 10:00:00+00:00,0.089325,0.089641,0.0882,0.088646,10566534.0
2023-02-16 12:00:00+00:00,0.088646,0.089063,0.086948,0.087425,9960073.0
2023-02-16 14:00:00+00:00,0.087425,0.089228,0.086578,0.089164,14427551.0
2023-02-16 16:00:00+00:00,0.089164,0.092,0.08747,0.089921,26049248.0
2023-02-16 18:00:00+00:00,0.089921,0.090264,0.088542,0.088938,8198155.0
2023-02-16 20:00:00+00:00,0.088938,0.089028,0.086565,0.087074,13038876.0
2023-02-16 22:00:00+00:00,0.087074,0.087444,0.08461,0.084896,33801121.0
2023-02-17 00:00:00+00:00,0.084896,0.086171,0.08421,0.086095,10303396.0
2023-02-17 02:00:00+00:00,0.086095,0.086544,0.085805,0.086239,4334330.0
2023-02-17 04:00:00+00:00,0.086239,0.0867,0.085562,0.085831,8727393.0
2023-02-17 06:00:00+00:00,0.085831,0.08675,0.085774,0.08619,5908539.0
2023-02-17 08:00:00+00:00,0.08619,0.086703,0.085933,0.086508,4756969.0
2023-02-17 10:00:00+00:00,0.086508,0.086848,0.086251,0.08658,6570426.0
2023-02-17 12:00:00+00:00,0.08658,0.086928,0.086131,0.086441,4215924.0
2023-02-17 14:00:00+00:00,0.086441,0.087407,0.085945,0.086928,9777142.0
2023-02-17 16:00:00+00:00,0.086928,0.087677,0.086142,0.087194,4701424.0
2023-02-17 18:00:00+00:00,0.087194,0.087895,0.08704,0.087703,3295437.0
2023-02-17 20:00:00+00:00,0.087703,0.088543,0.087322,0.087496,10149613.0
2023-02-17 22:00:00+00:00,0.087496,0.087859,0.086437,0.08768,7608751.0
2023-02-18 00:00:00+00:00,0.08768,0.088461,0.087647,0.088389,8682109.0
2023-02-18 02:00:00+00:00,0.088389,0.088634,0.087639,0.088069,5798395.0
2023-02-18 04:00:00+00:00,0.088069,0.088378,0.087896,0.088194,2239961.0
2023-02-18 06:00:00+00:00,0.088194,0.08838,0.087316,0.087563,2765862.0
2023-02-18 08:00:00+00:00,0.087563,0.087788,0.087267,0.087568,3791731.0
2023-02-18 10:00:00+00:00,0.087568,0.087633,0.086661,0.087145,4430628.0
2023-02-18 12:00:00+00:00,0.087145,0.087823,0.086986,0.087538,3420012.0
2023-02-18 14:00:00+00:00,0.087538,0.088,0.08734,0.087829,2643860.0
2023-02-18 16:00:00+00:00,0.087829,0.090422,0.087826,0.088857,21906904.0
2023-02-18 18:00:00+00:00,0.088857,0.089093,0.087469,0.088009,10167965.0
2023-02-18 20:00:00+00:00,0.088009,0.088487,0.087439,0.088487,4736922.0
2023-02-18 22:00:00+00:00,0.088487,0.089654,0.088434,0.088822,3358241.0
2023-02-19 00:00:00+00:00,0.088822,0.089191,0.088186,0.088737,7305126.0
2023-02-19 02:00:00+00:00,0.088737,0.088935,0.088379,0.088675,9309747.0
2023-02-19 04:00:00+00:00,0.088675,0.089322,0.088493,0.088863,5865996.0
2023-02-19 06:00:00+00:00,0.088863,0.089035,0.08797,0.088103,6037807.0
2023-02-19 08:00:00+00:00,0.088103,0.088405,0.08803,0.08827,4642033.0
2023-02-19 10:00:00+00:00,0.08827,0.088937,0.088126,0.088751,4841000.0
2023-02-19 12:00:00+00:00,0.088751,0.089095,0.088542,0.088675,10016128.0
2023-02-19 14:00:00+00:00,0.088675,0.090046,0.088369,0.089256,15976729.0
2023-02-19 16:00:00+00:00,0.089256,0.090066,0.086451,0.086786,24352144.0
2023-02-19 18:00:00+00:00,0.086786,0.087336,0.086588,0.086771,5465413.0
2023-02-19 20:00:00+00:00,0.086771,0.087333,0.08558,0.087314,8945018.0
2023-02-19 22:00:00+00:00,0.087314,0.08739,0.0867,0.087,3929957.0
2023-02-20 00:00:00+00:00,0.087,0.08765,0.085095,0.086668,6893997.0
2023-02-20 02:00:00+00:00,0.086668,0.08765,0.086529,0.087603,3963204.0
2023-02-20 04:00:00+00:00,0.087603,0.087893,0.087507,0.0878,3302847.0
2023-02-20 06:00:00+00:00,0.0878,0.088215,0.087476,0.088022,3771062.0
2023-02-20 08:00:00+00:00,0.088022,0.08875,0.087425,0.088413,10961336.0
2023-02-20 10:00:00+00:00,0.088413,0.088756,0.088188,0.088514,4914784.0
2023-02-20 12:00:00+00:00,0.088514,0.088568,0.087785,0.08818,6178374.0
2023-02-20 14:00:00+00:00,0.08818,0.088661,0.087819,0.088251,6463587.0
2023-02-20 16:00:00+00:00,0.088251,0.088319,0.087129,0.087958,8672839.0
2023-02-20 18:00:00+00:00,0.087958,0.088148,0.087642,0.088085,2166136.0
2023-02-20 20:00:00+00:00,0.088085,0.088193,0.087684,0.087976,1665366.0
2023-02-20 22:00:00+00:00,0.087976,0.088349,0.087653,0.088297,2695142.0
2023-02-21 00:00:00+00:00,0.088297,0.088864,0.087891,0.088096,5514168.0
2023-02-21 02:00:00+00:00,0.088096,0.088806,0.087821,0.088069,5098616.0
2023-02-21 04:00:00+00:00,0.088069,0.088197,0.087507,0.087948,2857766.0
2023-02-21 06:00:00+00:00,0.087948,0.088436,0.087896,0.088061,2022099.0
2023-02-21 08:00:00+00:00,0.088061,0.088621,0.085893,0.086938,12418025.0
2023-02-21 10:00:00+00:00,0.086938,0.086938,0.08596,0.086304,4518639.0
2023-02-21 12:00:00+00:00,0.086304,0.086775,0.0854,0.085883,7924002.0
2023-02-21 14:00:00+00:00,0.085883,0.086644,0.085606,0.086035,4606115.0
2023-02-21 16:00:00+00:00,0.086035,0.086478,0.085269,0.086463,3030535.0
2023-02-21 18:00:00+00:00,0.086463,0.086891,0.086035,0.086265,1573027.0
2023-02-21 20:00:00+00:00,0.086265,0.086399,0.084211,0.084643,11400701.0
2023-02-21 22:00:00+00:00,0.084643,0.085519,0.084573,0.085454,3884002.0
2023-02-22 00:00:00+00:00,0.085454,0.085737,0.084369,0.084841,3242967.0
2023-02-22 02:00:00+00:00,0.084841,0.085047,0.083127,0.084925,6745442.0
2023-02-22 04:00:00+00:00,0.084925,0.085004,0.084128,0.084484,2255410.0
2023-02-22 06:00:00+00:00,0.084484,0.084872,0.083691,0.084346,3069171.0
2023-02-22 08:00:00+00:00,0.084346,0.088919,0.08285,0.087508,68199845.0
2023-02-22 10:00:00+00:00,0.087508,0.087561,0.085516,0.085965,30808274.0
2023-02-22 12:00:00+00:00,0.085965,0.086326,0.085145,0.085767,10332285.0
2023-02-22 14:00:00+00:00,0.085767,0.085811,0.0829,0.083267,13137209.0
2023-02-22 16:00:00+00:00,0.083267,0.084141,0.083133,0.083986,4176950.0
2023-02-22 18:00:00+00:00,0.083986,0.08489,0.083678,0.084322,5213974.0
2023-02-22 20:00:00+00:00,0.084322,0.084748,0.083913,0.084573,3167063.0
2023-02-22 22:00:00+00:00,0.084573,0.085544,0.084485,0.085446,5444475.0
2023-02-23 00:00:00+00:00,0.085446,0.085735,0.085061,0.085645,4358697.0
2023-02-23 02:00:00+00:00,0.085645,0.086365,0.085439,0.085772,6140384.0
2023-02-23 04:00:00+00:00,0.085772,0.086201,0.085693,0.085775,4600565.0
2023-02-23 06:00:00+00:00,0.085775,0.08584,0.085334,0.085576,3316975.0
2023-02-23 08:00:00+00:00,0.085576,0.085803,0.085272,0.085389,4031355.0
2023-02-23 10:00:00+00:00,0.085389,0.085649,0.083702,0.08423,8409237.0
2023-02-23 12:00:00+00:00,0.08423,0.08528,0.083841,0.084764,8516286.0
2023-02-23 14:00:00+00:00,0.084764,0.08528,0.084468,0.084765,4680091.0
2023-02-23 16:00:00+00:00,0.084765,0.084882,0.084054,0.084132,3336832.0
2023-02-23 18:00:00+00:00,0.084132,0.0846,0.083876,0.084441,1575574.0
2023-02-23 20:00:00+00:00,0.084441,0.084747,0.08403,0.08403,1779169.0
2023-02-23 22:00:00+00:00,0.08403,0.084288,0.083456,0.084198,4911186.0
2023-02-24 00:00:00+00:00,0.084198,0.08497,0.084024,0.084351,6523163.0
2023-02-24 02:00:00+00:00,0.084351,0.08458,0.084126,0.08427,2832248.0
2023-02-24 04:00:00+00:00,0.08427,0.084479,0.083968,0.084032,3138820.0
2023-02-24 06:00:00+00:00,0.084032,0.084799,0.083971,0.084616,4615434.0
2023-02-24 08:00:00+00:00,0.084616,0.084874,0.084245,0.084273,3147940.0
2023-02-24 10:00:00+00:00,0.084273,0.084387,0.08369,0.084248,4053553.0
2023-02-24 12:00:00+00:00,0.084248,0.084619,0.083353,0.083481,5157384.0
2023-02-24 14:00:00+00:00,0.083481,0.083576,0.0812,0.081711,19648412.0
2023-02-24 16:00:00+00:00,0.081711,0.081751,0.079522,0.080505,23053590.0
2023-02-24 18:00:00+00:00,0.080505,0.080952,0.0797,0.0809,3872695.0
2023-02-24 20:00:00+00:00,0.0809,0.08135,0.080046,0.080154,2766628.0
2023-02-24 22:00:00+00:00,0.080154,0.080928,0.079044,0.080897,10688915.0
2023-02-25 00:00:00+00:00,0.080897,0.081516,0.080792,0.081385,2349619.0
2023-02-25 02:00:00+00:00,0.081385,0.082073,0.081112,0.0812,3446501.0
2023-02-25 04:00:00+00:00,0.0812,0.081338,0.080819,0.081026,3570153.0
2023-02-25 06:00:00+00:00,0.081026,0.081613,0.080997,0.081572,2578140.0
2023-02-25 08:00:00+00:00,0.081572,0.081636,0.0811,0.081271,2110504.0
2023-02-25 10:00:00+00:00,0.081271,0.081311,0.080624,0.081146,3057005.0
2023-02-25 12:00:00+00:00,0.081146,0.081247,0.080262,0.081104,4174504.0
2023-02-25 14:00:00+00:00,0.081104,0.081462,0.080901,0.08118,3537596.0
2023-02-25 16:00:00+00:00,0.08118,0.081492,0.081003,0.081333,2295858.0
2023-02-25 18:00:00+00:00,0.081333,0.081346,0.0795,0.080138,9745020.0
2023-02-25 20:00:00+00:00,0.080138,0.080205,0.078319,0.079474,21125948.0
2023-02-25 22:00:00+00:00,0.079474,0.080794,0.079274,0.080694,2679436.0
2023-02-26 00:00:00+00:00,0.080694,0.080812,0.080348,0.080769,4104574.0
2023-02-26 02:00:00+00:00,0.080769,0.081351,0.08063,0.08125,3975207.0
2023-02-26 04:00:00+00:00,0.08125,0.081287,0.080977,0.081039,2305063.0
2023-02-26 06:00:00+00:00,0.081039,0.081199,0.080823,0.081076,2860829.0
2023-02-26 08:00:00+00:00,0.081076,0.0815,0.080824,0.081498,3003668.0
2023-02-26 10:00:00+00:00,0.081498,0.081498,0.081001,0.081334,3685252.0
2023-02-26 12:00:00+00:00,0.081334,0.081358,0.080949,0.081331,2495440.0
2023-02-26 14:00:00+00:00,0.081331,0.0815,0.081153,0.081424,2721909.0
2023-02-26 16:00:00+00:00,0.081424,0.081495,0.081001,0.081371,3590684.0
2023-02-26 18:00:00+00:00,0.081371,0.082326,0.081318,0.08207,16603703.0
2023-02-26 20:00:00+00:00,0.08207,0.082586,0.081906,0.082145,2920501.0
2023-02-26 22:00:00+00:00,0.082145,0.082184,0.081361,0.082088,4189156.0
2023-02-27 00:00:00+00:00,0.082088,0.082142,0.081522,0.081951,3837628.0
2023-02-27 02:00:00+00:00,0.081951,0.082185,0.081836,0.08198,2589066.0
2023-02-27 04:00:00+00:00,0.08198,0.082058,0.081158,0.08127,5124107.0
2023-02-27 06:00:00+00:00,0.08127,0.081447,0.081109,0.081124,1821205.0
2023-05-04 22:00:00+00:00,0.078188,0.078463,0.078025,0.078307,3824181.0
2023-05-05 00:00:00+00:00,0.078307,0.078992,0.078088,0.078799,5550838.0
2023-05-05 02:00:00+00:00,0.078799,0.079157,0.0784,0.078449,5970518.0
2023-05-05 04:00:00+00:00,0.078449,0.078765,0.078375,0.078549,2564203.0
2023-05-05 06:00:00+00:00,0.078549,0.078813,0.07845,0.078627,2794916.0
2023-05-05 08:00:00+00:00,0.078627,0.078683,0.078384,0.078524,2680716.0
2023-05-05 10:00:00+00:00,0.078524,0.078674,0.078431,0.078523,2181528.0
2023-05-05 12:00:00+00:00,0.078523,0.078694,0.076911,0.078458,21565924.0
2023-05-05 14:00:00+00:00,0.078458,0.078978,0.078185,0.078509,7251649.0
2023-05-05 16:00:00+00:00,0.078509,0.079423,0.078509,0.079167,9058526.0
2023-05-05 18:00:00+00:00,0.079167,0.079357,0.07879,0.079315,4350720.0
2023-05-05 20:00:00+00:00,0.079315,0.079725,0.079071,0.079505,4693606.0
2023-05-05 22:00:00+00:00,0.079505,0.081406,0.079462,0.080102,22083515.0
2023-05-06 00:00:00+00:00,0.080102,0.080423,0.079371,0.079434,6595973.0
2023-05-06 02:00:00+00:00,0.079434,0.079445,0.07872,0.079033,6888284.0
2023-05-06 04:00:00+00:00,0.079033,0.079215,0.078731,0.07887,2520682.0
2023-05-06 06:00:00+00:00,0.07887,0.079113,0.078601,0.078687,7645639.0
2023-05-06 08:00:00+00:00,0.078687,0.078706,0.0776,0.077902,9821390.0
2023-05-06 10:00:00+00:00,0.077902,0.078129,0.077558,0.078037,2535367.0
2023-05-06 12:00:00+00:00,0.078037,0.07804,0.07677,0.077072,11555465.0
2023-05-06 14:00:00+00:00,0.077072,0.077072,0.075646,0.076363,18532038.0
2023-05-06 16:00:00+00:00,0.076363,0.076974,0.07628,0.076816,1993045.0
2023-05-06 18:00:00+00:00,0.076816,0.077445,0.076748,0.076908,4397686.0
2023-05-06 20:00:00+00:00,0.076908,0.077055,0.076605,0.076938,4403387.0
2023-05-06 22:00:00+00:00,0.076938,0.076956,0.076426,0.076678,3214433.0
2023-05-07 00:00:00+00:00,0.076678,0.077136,0.076465,0.076654,4625418.0
2023-05-07 02:00:00+00:00,0.076654,0.076785,0.076346,0.07666,1365217.0
2023-05-07 04:00:00+00:00,0.07666,0.076878,0.076618,0.076798,936668.0
2023-05-07 06:00:00+00:00,0.076798,0.07694,0.076701,0.076915,1639286.0
2023-05-07 08:00:00+00:00,0.076915,0.077049,0.076769,0.076871,1598598.0
2023-05-07 10:00:00+00:00,0.076871,0.077029,0.076701,0.076781,9649522.0
2023-05-07 12:00:00+00:00,0.076781,0.077001,0.076625,0.076887,3088353.0
2023-05-07 14:00:00+00:00,0.076887,0.077386,0.076867,0.077187,3835567.0
2023-05-07 16:00:00+00:00,0.077187,0.077419,0.076839,0.07702,3557439.0
2023-05-07 18:00:00+00:00,0.07702,0.07725,0.076663,0.077037,3234617.0
2023-05-07 20:00:00+00:00,0.077037,0.07723,0.076803,0.076897,2518663.0
2023-05-07 22:00:00+00:00,0.076897,0.077437,0.076112,0.076453,7050946.0
2023-05-08 00:00:00+00:00,0.076453,0.077,0.0732,0.074562,32021457.0
2023-05-08 02:00:00+00:00,0.074562,0.075332,0.074282,0.075211,7623248.0
2023-05-08 04:00:00+00:00,0.075211,0.075265,0.0745,0.074955,3007732.0
2023-05-08 06:00:00+00:00,0.074955,0.074955,0.073683,0.074376,6636525.0
2023-05-08 08:00:00+00:00,0.074376,0.07472,0.074001,0.074689,5245884.0
2023-05-08 10:00:00+00:00,0.074689,0.075047,0.074557,0.07489,3235262.0
2023-05-08 12:00:00+00:00,0.07489,0.075027,0.074297,0.074352,3630802.0
2023-05-08 14:00:00+00:00,0.074352,0.074841,0.073959,0.07438,6356294.0
2023-05-08 16:00:00+00:00,0.07438,0.074479,0.071204,0.071204,18903272.0
2023-05-08 18:00:00+00:00,0.071204,0.072164,0.0696,0.071824,32305767.0
2023-05-08 20:00:00+00:00,0.071824,0.072251,0.071413,0.071839,4623351.0
2023-05-08 22:00:00+00:00,0.071839,0.072351,0.071792,0.072316,5527663.0
2023-05-09 00:00:00+00:00,0.072316,0.072776,0.072093,0.072506,3140741.0
2023-05-09 02:00:00+00:00,0.072506,0.072515,0.072027,0.072413,1119602.0
2023-05-09 04:00:00+00:00,0.072413,0.072818,0.072361,0.072705,2562386.0
2023-05-09 06:00:00+00:00,0.072705,0.072798,0.072032,0.072746,6378473.0
2023-05-09 08:00:00+00:00,0.072746,0.072756,0.072189,0.072477,2267231.0
2023-05-09 10:00:00+00:00,0.072477,0.072936,0.072362,0.072885,4438087.0
2023-05-09 12:00:00+00:00,0.072885,0.073232,0.072622,0.072871,5967211.0
2023-05-09 14:00:00+00:00,0.072871,0.073028,0.072361,0.072464,4569214.0
2023-05-09 16:00:00+00:00,0.072464,0.073208,0.072239,0.072688,12818984.0
2023-05-09 18:00:00+00:00,0.072688,0.072906,0.072428,0.072894,999434.0
2023-05-09 20:00:00+00:00,0.072894,0.073073,0.07256,0.072605,4760741.0
2023-05-09 22:00:00+00:00,0.072605,0.073097,0.0726,0.073015,2704239.0
2023-05-10 00:00:00+00:00,0.073015,0.073448,0.072889,0.073171,3119201.0
2023-05-10 02:00:00+00:00,0.073171,0.073297,0.07302,0.073107,2442889.0
2023-05-10 04:00:00+00:00,0.073107,0.073402,0.07303,0.073064,3699576.0
2023-05-10 06:00:00+00:00,0.073064,0.073191,0.072769,0.072793,5167511.0
2023-05-10 08:00:00+00:00,0.072793,0.072879,0.072534,0.072666,2758823.0
2023-05-10 10:00:00+00:00,0.072666,0.072827,0.072433,0.07282,4302910.0
2023-05-10 12:00:00+00:00,0.07282,0.074628,0.072412,0.074058,22694664.0
2023-05-10 14:00:00+00:00,0.074058,0.074218,0.073617,0.073872,5656643.0
2023-05-10 16:00:00+00:00,0.073872,0.074128,0.07031,0.072004,34138732.0
2023-05-10 18:00:00+00:00,0.072004,0.073802,0.0716,0.07323,11504603.0
2023-05-10 20:00:00+00:00,0.07323,0.073809,0.072669,0.072776,7976415.0
2023-05-10 22:00:00+00:00,0.072776,0.0734,0.072763,0.073045,3385831.0
2023-05-11 00:00:00+00:00,0.073045,0.073088,0.072364,0.072625,4542618.0
2023-05-11 02:00:00+00:00,0.072625,0.072686,0.0722,0.072381,4321202.0
2023-05-11 04:00:00+00:00,0.072381,0.07273,0.0723,0.072714,5813383.0
2023-05-11 06:00:00+00:00,0.072714,0.072734,0.072241,0.072293,2756234.0
2023-05-11 08:00:00+00:00,0.072293,0.072296,0.071229,0.071725,7002914.0
2023-05-11 10:00:00+00:00,0.071725,0.072033,0.07168,0.071814,3348657.0
2023-05-11 12:00:00+00:00,0.071814,0.072393,0.071025,0.071361,18733326.0
2023-05-11 14:00:00+00:00,0.071361,0.071428,0.070274,0.070763,9579127.0
2023-05-11 16:00:00+00:00,0.070763,0.071591,0.068964,0.069877,20981827.0
2023-05-11 18:00:00+00:00,0.069877,0.070365,0.069125,0.070267,9842706.0
2023-05-11 20:00:00+00:00,0.070267,0.071466,0.07016,0.071416,4410230.0
2023-05-11 22:00:00+00:00,0.071416,0.072868,0.071287,0.071853,12872224.0
2023-05-12 00:00:00+00:00,0.071853,0.071968,0.07112,0.0712,6386391.0
2023-05-12 02:00:00+00:00,0.0712,0.071431,0.070238,0.070673,12599672.0
2023-05-12 04:00:00+00:00,0.070673,0.071534,0.070081,0.070505,15021140.0
2023-05-12 06:00:00+00:00,0.070505,0.070563,0.069278,0.070156,11701439.0
2023-05-12 08:00:00+00:00,0.070156,0.070986,0.070068,0.070953,6911300.0
2023-05-12 10:00:00+00:00,0.070953,0.072663,0.070946,0.071631,11827153.0
2023-05-12 12:00:00+00:00,0.071631,0.072023,0.071422,0.071553,3663399.0
2023-05-12 14:00:00+00:00,0.071553,0.071824,0.070806,0.070982,6077498.0
2023-05-12 16:00:00+00:00,0.070982,0.071488,0.070806,0.071221,4185378.0
2023-05-12 18:00:00+00:00,0.071221,0.071472,0.069647,0.071202,17186456.0
2023-05-12 20:00:00+00:00,0.071202,0.072223,0.070939,0.071763,7520173.0
2023-05-12 22:00:00+00:00,0.071763,0.072541,0.071754,0.072284,4599795.0
2023-05-13 00:00:00+00:00,0.072284,0.072343,0.071802,0.071985,1970111.0
2023-05-13 02:00:00+00:00,0.071985,0.072158,0.07189,0.07205,4353637.0
2023-05-13 04:00:00+00:00,0.07205,0.072097,0.071631,0.071734,1712466.0
2023-05-13 06:00:00+00:00,0.071734,0.072,0.071712,0.071944,1821455.0
2023-05-13 08:00:00+00:00,0.071944,0.072118,0.071764,0.07208,3217672.0
2023-05-13 10:00:00+00:00,0.07208,0.072134,0.07175,0.071805,4462441.0
2023-05-13 12:00:00+00:00,0.071805,0.071972,0.07127,0.071513,4326337.0
2023-05-13 14:00:00+00:00,0.071513,0.071673,0.071258,0.071518,2908799.0
2023-05-13 16:00:00+00:00,0.071518,0.0718,0.07148,0.071729,2292336.0
2023-05-13 18:00:00+00:00,0.071729,0.07215,0.071386,0.071577,4839371.0
2023-05-13 20:00:00+00:00,0.071577,0.071996,0.071561,0.07174,1940239.0
2023-05-13 22:00:00+00:00,0.07174,0.071918,0.071543,0.071616,1707375.0
2023-05-14 00:00:00+00:00,0.071616,0.071786,0.071023,0.071335,5809547.0
2023-05-14 02:00:00+00:00,0.071335,0.072017,0.071262,0.071818,2711982.0
2023-05-14 04:00:00+00:00,0.071818,0.072043,0.071706,0.071856,2524376.0
2023-05-14 06:00:00+00:00,0.071856,0.072172,0.071853,0.071967,2790851.0
2023-05-14 08:00:00+00:00,0.071967,0.072097,0.071841,0.071854,2363064.0
2023-05-14 10:00:00+00:00,0.071854,0.072078,0.071802,0.071865,2172000.0
2023-05-14 12:00:00+00:00,0.071865,0.072267,0.07177,0.072248,2527962.0
2023-05-14 14:00:00+00:00,0.072248,0.0726,0.072043,0.072371,2984562.0
2023-05-14 16:00:00+00:00,0.072371,0.072444,0.071861,0.071912,1348963.0
2023-05-14 18:00:00+00:00,0.071912,0.071912,0.071261,0.07151,3147888.0
2023-05-14 20:00:00+00:00,0.07151,0.071811,0.071371,0.071704,3188061.0
2023-05-14 22:00:00+00:00,0.071704,0.071994,0.07161,0.071879,1020740.0
2023-05-15 00:00:00+00:00,0.071879,0.072756,0.070816,0.072542,11329967.0
2023-05-15 02:00:00+00:00,0.072542,0.073561,0.072542,0.072654,14166899.0
2023-05-15 04:00:00+00:00,0.072654,0.07303,0.072501,0.072884,14075800.0
2023-05-15 06:00:00+00:00,0.072884,0.073226,0.072741,0.073064,13937617.0
2023-05-15 08:00:00+00:00,0.073064,0.073081,0.072711,0.072792,5367163.0
2023-05-15 10:00:00+00:00,0.072792,0.072827,0.072382,0.07242,8261869.0
2023-05-15 12:00:00+00:00,0.07242,0.072766,0.072403,0.072534,2191285.0
2023-05-15 14:00:00+00:00,0.072534,0.072706,0.071991,0.072525,3252500.0
2023-05-15 16:00:00+00:00,0.072525,0.0728,0.072107,0.072568,2679460.0
2023-05-15 18:00:00+00:00,0.072568,0.07266,0.071891,0.072222,3706274.0
2023-05-15 20:00:00+00:00,0.072222,0.072417,0.072132,0.072402,968724.0
2023-05-15 22:00:00+00:00,0.072402,0.072408,0.071661,0.071828,1750903.0
2023-05-16 00:00:00+00:00,0.071828,0.072203,0.070822,0.071285,4772032.0
2023-05-16 02:00:00+00:00,0.071285,0.071677,0.071206,0.071651,1163899.0
2023-05-16 04:00:00+00:00,0.071651,0.071957,0.071543,0.071683,3554337.0
2023-05-16 06:00:00+00:00,0.071683,0.072223,0.071501,0.072135,2078349.0
2023-05-16 08:00:00+00:00,0.072135,0.072276,0.071991,0.072053,3874513.0
2023-05-16 10:00:00+00:00,0.072053,0.072104,0.0718,0.071942,4678590.0
2023-05-16 12:00:00+00:00,0.071942,0.072237,0.071622,0.071759,11644665.0
2023-05-16 14:00:00+00:00,0.071759,0.072068,0.07145,0.071982,5101762.0
2023-05-16 16:00:00+00:00,0.071982,0.072292,0.071723,0.072194,9358880.0
2023-05-16 18:00:00+00:00,0.072194,0.072302,0.07176,0.071792,1995305.0
2023-05-16 20:00:00+00:00,0.071792,0.073174,0.071707,0.072912,7440403.0
2023-05-16 22:00:00+00:00,0.072912,0.072977,0.072312,0.072658,5664946.0
2023-05-17 00:00:00+00:00,0.072658,0.073495,0.072318,0.073274,6897250.0
2023-05-17 02:00:00+00:00,0.073274,0.073446,0.073001,0.073141,5820571.0
2023-05-17 04:00:00+00:00,0.073141,0.07328,0.072536,0.072571,9277929.0
2023-05-17 06:00:00+00:00,0.072571,0.072936,0.072368,0.072517,6991108.0
2023-05-17 08:00:00+00:00,0.072517,0.074431,0.072223,0.073766,16622488.0
2023-05-17 10:00:00+00:00,0.073766,0.073774,0.072519,0.072587,14054241.0
2023-05-17 12:00:00+00:00,0.072587,0.073443,0.07252,0.073074,7741332.0
2023-05-17 14:00:00+00:00,0.073074,0.07403,0.072682,0.073168,14810740.0
2023-05-17 16:00:00+00:00,0.073168,0.074646,0.073007,0.074267,16754576.0
2023-05-17 18:00:00+00:00,0.074267,0.075385,0.07422,0.074943,9936458.0
2023-05-17 20:00:00+00:00,0.074943,0.075278,0.074817,0.074972,5782369.0
2023-05-17 22:00:00+00:00,0.074972,0.075055,0.0747,0.074758,6145096.0
2023-05-18 00:00:00+00:00,0.074758,0.07485,0.0744,0.074514,5476900.0
2023-05-18 02:00:00+00:00,0.074514,0.074776,0.0744,0.074479,3980258.0
2023-05-18 04:00:00+00:00,0.074479,0.074544,0.07401,0.074139,6604957.0
2023-05-18 06:00:00+00:00,0.074139,0.074176,0.07356,0.073986,8255020.0
2023-05-18 08:00:00+00:00,0.073986,0.074125,0.07367,0.073944,12267557.0
2023-05-18 10:00:00+00:00,0.073944,0.074553,0.07387,0.07447,6990633.0
2023-05-18 12:00:00+00:00,0.07447,0.074491,0.073693,0.07421,13219490.0
2023-05-18 14:00:00+00:00,0.07421,0.074395,0.073329,0.073574,18155150.0
2023-05-18 16:00:00+00:00,0.073574,0.07414,0.072069,0.072491,18450372.0
2023-05-18 18:00:00+00:00,0.072491,0.072661,0.071574,0.072396,24791632.0
2023-05-18 20:00:00+00:00,0.072396,0.073694,0.072215,0.073683,4729537.0
2023-05-18 22:00:00+00:00,0.073683,0.074833,0.07333,0.07337,23165043.0
2023-05-19 00:00:00+00:00,0.07337,0.073657,0.07292,0.073195,7742501.0
2023-05-19 02:00:00+00:00,0.073195,0.073637,0.073108,0.073437,3944961.0
2023-05-19 04:00:00+00:00,0.073437,0.073916,0.073436,0.073638,6147754.0
2023-05-19 06:00:00+00:00,0.073638,0.073761,0.073379,0.073592,6218258.0
2023-05-19 08:00:00+00:00,0.073592,0.073781,0.07332,0.07343,4678789.0
2023-05-19 10:00:00+00:00,0.07343,0.073557,0.073248,0.073314,6294243.0
2023-05-19 12:00:00+00:00,0.073314,0.073666,0.073269,0.073347,4144593.0
2023-05-19 14:00:00+00:00,0.073347,0.074017,0.073048,0.073556,13667717.0
2023-05-19 16:00:00+00:00,0.073556,0.073866,0.07339,0.073734,1670158.0
2023-05-19 18:00:00+00:00,0.073734,0.073774,0.07318,0.073495,2217380.0
2023-05-19 20:00:00+00:00,0.073495,0.073685,0.073328,0.0734,2273157.0
2023-05-19 22:00:00+00:00,0.0734,0.073595,0.073362,0.073411,1270343.0
2023-05-20 00:00:00+00:00,0.073411,0.073457,0.072994,0.073261,2828654.0
2023-05-20 02:00:00+00:00,0.073261,0.073346,0.07306,0.073318,1406089.0
2023-05-20 04:00:00+00:00,0.073318,0.073418,0.073189,0.073243,1692746.0
2023-05-20 06:00:00+00:00,0.073243,0.073392,0.073225,0.073306,1517005.0
2023-05-20 08:00:00+00:00,0.073306,0.073417,0.073223,0.073327,2423142.0
2023-05-20 10:00:00+00:00,0.073327,0.073345,0.07309,0.073146,2400725.0
2023-05-20 12:00:00+00:00,0.073146,0.073317,0.073083,0.073205,3500174.0
2023-05-20 14:00:00+00:00,0.073205,0.073391,0.07308,0.073332,2515003.0
2023-05-20 16:00:00+00:00,0.073332,0.073827,0.073193,0.073746,6085531.0
2023-05-20 18:00:00+00:00,0.073746,0.073765,0.073029,0.073553,5494234.0
2023-05-20 20:00:00+00:00,0.073553,0.073762,0.073439,0.073458,5296755.0
2023-05-20 22:00:00+00:00,0.073458,0.073665,0.073454,0.073546,1901842.0
2023-05-21 00:00:00+00:00,0.073546,0.073934,0.073545,0.073603,7710325.0
2023-05-21 02:00:00+00:00,0.073603,0.07377,0.073602,0.07368,3114095.0
2023-05-21 04:00:00+00:00,0.07368,0.073836,0.073614,0.073761,1933785.0
2023-05-21 06:00:00+00:00,0.073761,0.073774,0.07355,0.073575,2030909.0
2023-05-21 08:00:00+00:00,0.073575,0.073674,0.073492,0.073671,3598791.0
2023-05-21 10:00:00+00:00,0.073671,0.073673,0.072963,0.073112,7560113.0
2023-05-21 12:00:00+00:00,0.073112,0.073285,0.072977,0.073236,3513771.0
2023-07-27 04:00:00+00:00,0.078026,0.078955,0.077964,0.078473,44189027.0
2023-07-27 06:00:00+00:00,0.078473,0.079078,0.078098,0.078709,62999915.0
2023-07-27 08:00:00+00:00,0.078709,0.079766,0.078397,0.079531,80292216.0
2023-07-27 10:00:00+00:00,0.079531,0.079756,0.078995,0.079517,66886499.0
2023-07-27 12:00:00+00:00,0.079517,0.079869,0.078681,0.078806,65386286.0
2023-07-27 14:00:00+00:00,0.078806,0.079168,0.078284,0.078647,62255305.0
2023-07-27 16:00:00+00:00,0.078647,0.078943,0.077943,0.078092,48029451.0
2023-07-27 18:00:00+00:00,0.078092,0.078097,0.076585,0.077247,63077393.0
2023-07-27 20:00:00+00:00,0.077247,0.077548,0.076561,0.077261,34784674.0
2023-07-27 22:00:00+00:00,0.077261,0.077648,0.077105,0.077554,21080542.0
2023-07-28 00:00:00+00:00,0.077554,0.077843,0.077184,0.077204,46403094.0
2023-07-28 02:00:00+00:00,0.077204,0.077474,0.076666,0.077469,36425025.0
2023-07-28 04:00:00+00:00,0.077469,0.077469,0.075823,0.07631,72405529.0
2023-07-28 06:00:00+00:00,0.07631,0.076596,0.076062,0.076222,62483935.0
2023-07-28 08:00:00+00:00,0.076222,0.076836,0.076045,0.076695,33681007.0
2023-07-28 10:00:00+00:00,0.076695,0.076796,0.07636,0.076485,28521763.0
2023-07-28 12:00:00+00:00,0.076485,0.077431,0.07644,0.076952,52642754.0
2023-07-28 14:00:00+00:00,0.076952,0.077715,0.076765,0.077005,76903669.0
2023-07-28 16:00:00+00:00,0.077005,0.077205,0.076485,0.076869,23621077.0
2023-07-28 18:00:00+00:00,0.076869,0.07755,0.076678,0.077301,16329567.0
2023-07-28 20:00:00+00:00,0.077301,0.077699,0.07716,0.077479,11453092.0
2023-07-28 22:00:00+00:00,0.077479,0.07764,0.077102,0.077108,5908626.0
2023-07-29 00:00:00+00:00,0.077108,0.078408,0.076698,0.077877,37545309.0
2023-07-29 02:00:00+00:00,0.077877,0.078003,0.077597,0.077676,15410623.0
2023-07-29 04:00:00+00:00,0.077676,0.078131,0.077657,0.077882,11874686.0
2023-07-29 06:00:00+00:00,0.077882,0.077928,0.077403,0.077743,21476041.0
2023-07-29 08:00:00+00:00,0.077743,0.077931,0.077097,0.077444,13326159.0
2023-07-29 10:00:00+00:00,0.077444,0.078069,0.077197,0.077783,21388742.0
2023-07-29 12:00:00+00:00,0.077783,0.078189,0.077697,0.077807,21804639.0
2023-07-29 14:00:00+00:00,0.077807,0.077996,0.077502,0.077907,17867002.0
2023-07-29 16:00:00+00:00,0.077907,0.07884,0.077707,0.078645,24820096.0
2023-07-29 18:00:00+00:00,0.078645,0.082449,0.078377,0.080788,207591056.0
2023-07-29 20:00:00+00:00,0.080788,0.081156,0.079361,0.079958,88604023.0
2023-07-29 22:00:00+00:00,0.079958,0.080574,0.079904,0.080206,45263491.0
2023-07-30 00:00:00+00:00,0.080206,0.080445,0.079565,0.079897,30108582.0
2023-07-30 02:00:00+00:00,0.079897,0.080355,0.079869,0.080152,21921805.0
2023-07-30 04:00:00+00:00,0.080152,0.080494,0.079861,0.08039,25290108.0
2023-07-30 06:00:00+00:00,0.08039,0.08039,0.079645,0.079844,27896551.0
2023-07-30 08:00:00+00:00,0.079844,0.080305,0.079653,0.08023,17403414.0
2023-07-30 10:00:00+00:00,0.08023,0.08023,0.079625,0.080016,24726385.0
2023-07-30 12:00:00+00:00,0.080016,0.080198,0.07974,0.079784,23845246.0
2023-07-30 14:00:00+00:00,0.079784,0.080034,0.078517,0.079215,99127503.0
2023-07-30 16:00:00+00:00,0.079215,0.079796,0.078966,0.079696,20749896.0
2023-07-30 18:00:00+00:00,0.079696,0.07977,0.07721,0.077691,116945139.0
2023-07-30 20:00:00+00:00,0.077691,0.078446,0.076065,0.077955,97086836.0
2023-07-30 22:00:00+00:00,0.077955,0.078225,0.077387,0.077975,24447874.0
2023-07-31 00:00:00+00:00,0.077975,0.078737,0.077789,0.078541,24761982.0
2023-07-31 02:00:00+00:00,0.078541,0.078977,0.078476,0.078721,17330237.0
2023-07-31 04:00:00+00:00,0.078721,0.078811,0.078106,0.07843,18455182.0
2023-07-31 06:00:00+00:00,0.07843,0.078852,0.07839,0.078568,13149905.0
2023-07-31 08:00:00+00:00,0.078568,0.079505,0.078555,0.079134,22349256.0
2023-07-31 10:00:00+00:00,0.079134,0.079747,0.079025,0.079552,20132290.0
2023-07-31 12:00:00+00:00,0.079552,0.079665,0.078274,0.078799,43513105.0
2023-07-31 14:00:00+00:00,0.078799,0.079074,0.078015,0.078024,35753754.0
2023-07-31 16:00:00+00:00,0.078024,0.078459,0.077622,0.078394,27549258.0
2023-07-31 18:00:00+00:00,0.078394,0.078408,0.076673,0.077286,34679586.0
2023-07-31 20:00:00+00:00,0.077286,0.077954,0.076685,0.077482,58650765.0
2023-07-31 22:00:00+00:00,0.077482,0.077956,0.077356,0.077797,13428503.0
2023-08-01 00:00:00+00:00,0.077797,0.078205,0.076962,0.077256,20734298.0
2023-08-01 02:00:00+00:00,0.077256,0.077307,0.075073,0.076147,110072024.0
2023-08-01 04:00:00+00:00,0.076147,0.076362,0.075909,0.076351,16665138.0
2023-08-01 06:00:00+00:00,0.076351,0.076689,0.076223,0.076557,14763732.0
2023-08-01 08:00:00+00:00,0.076557,0.077156,0.076501,0.076876,22118160.0
2023-08-01 10:00:00+00:00,0.076876,0.076965,0.076566,0.07663,9917888.0
2023-08-01 12:00:00+00:00,0.07663,0.077294,0.076561,0.076964,26927746.0
2023-08-01 14:00:00+00:00,0.076964,0.077123,0.075471,0.076769,54807941.0
2023-08-01 16:00:00+00:00,0.076769,0.077182,0.076499,0.076878,15764815.0
2023-08-01 18:00:00+00:00,0.076878,0.077523,0.076878,0.077328,10382763.0
2023-08-01 20:00:00+00:00,0.077328,0.077433,0.077064,0.077151,8222892.0
2023-08-01 22:00:00+00:00,0.077151,0.078125,0.077004,0.078087,68345175.0
2023-08-02 00:00:00+00:00,0.078087,0.07825,0.077576,0.077785,20540202.0
2023-08-02 02:00:00+00:00,0.077785,0.077855,0.077447,0.077502,8796023.0
2023-08-02 04:00:00+00:00,0.077502,0.077585,0.077037,0.077069,19182482.0
2023-08-02 06:00:00+00:00,0.077069,0.077241,0.076634,0.076686,20269393.0
2023-08-02 08:00:00+00:00,0.076686,0.076946,0.076351,0.076651,18820591.0
2023-08-02 10:00:00+00:00,0.076651,0.077059,0.076644,0.077024,15294790.0
2023-08-02 12:00:00+00:00,0.077024,0.077024,0.076188,0.076453,26944543.0
2023-08-02 14:00:00+00:00,0.076453,0.076455,0.074296,0.07533,76972630.0
2023-08-02 16:00:00+00:00,0.07533,0.075446,0.073769,0.074689,46853702.0
2023-08-02 18:00:00+00:00,0.074689,0.074984,0.074303,0.074676,11033340.0
2023-08-02 20:00:00+00:00,0.074676,0.075056,0.074006,0.074684,12531498.0
2023-08-02 22:00:00+00:00,0.074684,0.074927,0.073657,0.07416,36837991.0
2023-08-03 00:00:00+00:00,0.07416,0.074935,0.073959,0.074889,14792057.0
2023-08-03 02:00:00+00:00,0.074889,0.074957,0.074361,0.074496,46074487.0
2023-08-03 04:00:00+00:00,0.074496,0.074801,0.074201,0.074801,9256156.0
2023-08-03 06:00:00+00:00,0.074801,0.074837,0.073899,0.074028,17195850.0
2023-08-03 08:00:00+00:00,0.074028,0.074195,0.0725,0.073302,73800839.0
2023-08-03 10:00:00+00:00,0.073302,0.073717,0.073275,0.073617,10994035.0
2023-08-03 12:00:00+00:00,0.073617,0.073747,0.073129,0.07374,20587250.0
2023-08-03 14:00:00+00:00,0.07374,0.074605,0.073726,0.074147,21854452.0
2023-08-03 16:00:00+00:00,0.074147,0.074907,0.074004,0.07414,49288711.0
2023-08-03 18:00:00+00:00,0.07414,0.074437,0.073869,0.074384,14337691.0
2023-08-03 20:00:00+00:00,0.074384,0.074789,0.073585,0.073914,21194760.0
2023-08-03 22:00:00+00:00,0.073914,0.07404,0.072853,0.073526,27380045.0
2023-08-04 00:00:00+00:00,0.073526,0.074231,0.073376,0.07398,17663503.0
2023-08-04 02:00:00+00:00,0.07398,0.074399,0.07382,0.074252,17494137.0
2023-08-04 04:00:00+00:00,0.074252,0.07434,0.07385,0.074229,9836238.0
2023-08-04 06:00:00+00:00,0.074229,0.074471,0.073827,0.074346,14907357.0
2023-08-04 08:00:00+00:00,0.074346,0.074666,0.07397,0.074313,21672232.0
2023-08-04 10:00:00+00:00,0.074313,0.074379,0.073864,0.073941,6110203.0
2023-08-04 12:00:00+00:00,0.073941,0.074808,0.073815,0.074454,17698986.0
2023-08-04 14:00:00+00:00,0.074454,0.074626,0.074126,0.074439,10297119.0
2023-08-04 16:00:00+00:00,0.074439,0.074856,0.074386,0.074494,18940855.0
2023-08-04 18:00:00+00:00,0.074494,0.074494,0.072748,0.073302,48287238.0
2023-08-04 20:00:00+00:00,0.073302,0.073888,0.07239,0.073214,49745555.0
2023-08-04 22:00:00+00:00,0.073214,0.073576,0.073213,0.073411,10649354.0
2023-08-05 00:00:00+00:00,0.073411,0.073863,0.072858,0.072932,19990940.0
2023-08-05 02:00:00+00:00,0.072932,0.073926,0.072897,0.073844,11358605.0
2023-08-05 04:00:00+00:00,0.073844,0.075515,0.073733,0.075476,85804902.0
2023-08-05 06:00:00+00:00,0.075476,0.076066,0.075118,0.07544,53178964.0
2023-08-05 08:00:00+00:00,0.07544,0.076413,0.07512,0.075927,71819751.0
2023-08-05 10:00:00+00:00,0.075927,0.076247,0.075627,0.075804,34320448.0
2023-08-05 12:00:00+00:00,0.075804,0.076336,0.075569,0.076248,82719672.0
2023-08-05 14:00:00+00:00,0.076248,0.077024,0.07515,0.075194,107390634.0
2023-08-05 16:00:00+00:00,0.075194,0.076037,0.075027,0.075857,38200488.0
2023-08-05 18:00:00+00:00,0.075857,0.0763,0.075707,0.076004,44875742.0
2023-08-05 20:00:00+00:00,0.076004,0.076249,0.075499,0.075774,27092409.0
2023-08-05 22:00:00+00:00,0.075774,0.076084,0.075513,0.075661,13858126.0
2023-08-06 00:00:00+00:00,0.075661,0.076427,0.075417,0.07595,20373532.0
2023-08-06 02:00:00+00:00,0.07595,0.076389,0.075614,0.075898,17545939.0
2023-08-06 04:00:00+00:00,0.075898,0.075898,0.075326,0.075662,25310147.0
2023-08-06 06:00:00+00:00,0.075662,0.075702,0.07515,0.075203,14357333.0
2023-08-06 08:00:00+00:00,0.075203,0.075845,0.075151,0.075357,35313573.0
2023-08-06 10:00:00+00:00,0.075357,0.075379,0.0744,0.075145,47263207.0
2023-08-06 12:00:00+00:00,0.075145,0.075257,0.074273,0.074464,36005069.0
2023-08-06 14:00:00+00:00,0.074464,0.074743,0.07403,0.074407,26459379.0
2023-08-06 16:00:00+00:00,0.074407,0.075297,0.074157,0.074965,44932045.0
2023-08-06 18:00:00+00:00,0.074965,0.075327,0.074776,0.074836,10848453.0
2023-08-06 20:00:00+00:00,0.074836,0.075921,0.074628,0.074788,59997439.0
2023-08-06 22:00:00+00:00,0.074788,0.075158,0.074135,0.074237,13696427.0
2023-08-07 00:00:00+00:00,0.074237,0.075366,0.07398,0.075122,27823701.0
2023-08-07 02:00:00+00:00,0.075122,0.075633,0.074995,0.075128,19729955.0
2023-08-07 04:00:00+00:00,0.075128,0.075391,0.074772,0.074813,14994380.0
2023-08-07 06:00:00+00:00,0.074813,0.07494,0.074245,0.0748,23723846.0
2023-08-07 08:00:00+00:00,0.0748,0.074841,0.074304,0.074543,15243013.0
2023-08-07 10:00:00+00:00,0.074543,0.074806,0.074426,0.074501,8760444.0
2023-08-07 12:00:00+00:00,0.074501,0.07461,0.073519,0.073666,53049352.0
2023-08-07 14:00:00+00:00,0.073666,0.073976,0.073233,0.073596,32266440.0
2023-08-07 16:00:00+00:00,0.073596,0.073616,0.071449,0.072832,110395308.0
2023-08-07 18:00:00+00:00,0.072832,0.073483,0.07273,0.073403,24594827.0
2023-08-07 20:00:00+00:00,0.073403,0.073683,0.073191,0.073412,10125083.0
2023-08-07 22:00:00+00:00,0.073412,0.073592,0.073145,0.073496,11660522.0
2023-08-08 00:00:00+00:00,0.073496,0.073629,0.073181,0.073262,10994169.0
2023-08-08 02:00:00+00:00,0.073262,0.073906,0.073151,0.073765,13273820.0
2023-08-08 04:00:00+00:00,0.073765,0.074036,0.073563,0.073874,13755605.0
2023-08-08 06:00:00+00:00,0.073874,0.073913,0.073431,0.073516,17094875.0
2023-08-08 08:00:00+00:00,0.073516,0.073584,0.07333,0.073427,10125680.0
2023-08-08 10:00:00+00:00,0.073427,0.074006,0.073235,0.074003,21050759.0
2023-08-08 12:00:00+00:00,0.074003,0.0746,0.073669,0.073822,46459535.0
2023-08-08 14:00:00+00:00,0.073822,0.074681,0.073781,0.074523,21077564.0
2023-08-08 16:00:00+00:00,0.074523,0.075409,0.074407,0.075115,31626840.0
2023-08-08 18:00:00+00:00,0.075115,0.075436,0.074549,0.074655,26592386.0
2023-08-08 20:00:00+00:00,0.074655,0.075373,0.074493,0.074875,28643657.0
2023-08-08 22:00:00+00:00,0.074875,0.075233,0.074699,0.074919,9895044.0
2023-08-09 00:00:00+00:00,0.074919,0.075326,0.074812,0.075019,13431656.0
2023-08-09 02:00:00+00:00,0.075019,0.075064,0.074509,0.074703,14445268.0
2023-08-09 04:00:00+00:00,0.074703,0.075056,0.074623,0.074943,6019829.0
2023-08-09 06:00:00+00:00,0.074943,0.07579,0.074716,0.07557,21145414.0
2023-08-09 08:00:00+00:00,0.07557,0.075716,0.07531,0.075354,20246611.0
2023-08-09 10:00:00+00:00,0.075354,0.0756,0.075122,0.075396,21615239.0
2023-08-09 12:00:00+00:00,0.075396,0.076152,0.075368,0.075679,30804844.0
2023-08-09 14:00:00+00:00,0.075679,0.075938,0.074842,0.075021,34731944.0
2023-08-09 16:00:00+00:00,0.075021,0.075079,0.074576,0.074905,30384491.0
2023-08-09 18:00:00+00:00,0.074905,0.075246,0.07448,0.074657,12481313.0
2023-08-09 20:00:00+00:00,0.074657,0.074976,0.074118,0.074717,31179699.0
2023-08-09 22:00:00+00:00,0.074717,0.07543,0.074649,0.075385,10052773.0
2023-08-10 00:00:00+00:00,0.075385,0.075753,0.075245,0.075611,12015951.0
2023-08-10 02:00:00+00:00,0.075611,0.076435,0.075594,0.07589,28001381.0
2023-08-10 04:00:00+00:00,0.07589,0.075913,0.075477,0.075662,13543129.0
2023-08-10 06:00:00+00:00,0.075662,0.075844,0.075209,0.07536,28222401.0
2023-08-10 08:00:00+00:00,0.07536,0.07555,0.075189,0.075472,8217618.0
2023-08-10 10:00:00+00:00,0.075472,0.075552,0.0751,0.075121,13448490.0
2023-08-10 12:00:00+00:00,0.075121,0.076305,0.075108,0.076305,37434104.0
2023-08-10 14:00:00+00:00,0.076305,0.0764,0.075353,0.076162,71150960.0
2023-08-10 16:00:00+00:00,0.076162,0.076905,0.075765,0.076047,59919641.0
2023-08-10 18:00:00+00:00,0.076047,0.076122,0.075502,0.075741,14719290.0
2023-08-10 20:00:00+00:00,0.075741,0.076035,0.075561,0.075614,10009815.0
2023-08-10 22:00:00+00:00,0.075614,0.075855,0.075554,0.075828,3791580.0
2023-08-11 00:00:00+00:00,0.075828,0.076066,0.075699,0.075871,7116158.0
2023-08-11 02:00:00+00:00,0.075871,0.075964,0.075271,0.075493,18301777.0
2023-08-11 04:00:00+00:00,0.075493,0.075704,0.075452,0.0757,5470314.0
2023-08-11 06:00:00+00:00,0.0757,0.075773,0.075528,0.075602,8635494.0
2023-08-11 08:00:00+00:00,0.075602,0.075643,0.0753,0.075399,7243980.0
2023-08-11 10:00:00+00:00,0.075399,0.075938,0.075211,0.075732,11293330.0
2023-08-11 12:00:00+00:00,0.075732,0.075884,0.075497,0.075705,9988020.0
2023-08-11 14:00:00+00:00,0.075705,0.075971,0.075269,0.075421,19537525.0
2023-08-11 16:00:00+00:00,0.075421,0.075625,0.074798,0.075251,27508395.0
2023-08-11 18:00:00+00:00,0.075251,0.075419,0.075134,0.07533,5039865.0
2023-08-11 20:00:00+00:00,0.07533,0.075485,0.075234,0.075303,3208792.0
2023-08-11 22:00:00+00:00,0.075303,0.075762,0.075221,0.075689,7971512.0
2023-08-12 00:00:00+00:00,0.075689,0.076234,0.075568,0.075994,19082475.0
2023-08-12 02:00:00+00:00,0.075994,0.076603,0.07578,0.076043,32163086.0
2023-08-12 04:00:00+00:00,0.076043,0.076164,0.075835,0.075884,8765403.0
2023-08-12 06:00:00+00:00,0.075884,0.076484,0.075781,0.076321,20266580.0
2023-08-12 08:00:00+00:00,0.076321,0.077394,0.07615,0.077101,51187944.0
2023-08-12 10:00:00+00:00,0.077101,0.077304,0.0768,0.076865,24934025.0
2023-08-12 12:00:00+00:00,0.076865,0.077088,0.076614,0.076703,15699224.0
2023-08-12 14:00:00+00:00,0.076703,0.076835,0.07636,0.076651,27569355.0
2023-08-12 16:00:00+00:00,0.076651,0.077064,0.076574,0.076755,12268848.0
2023-08-12 18:00:00+00:00,0.076755,0.077194,0.07655,0.076702,15534702.0
2023-10-18 10:00:00+00:00,0.058702,0.058981,0.058658,0.058714,4395174.0
2023-10-18 12:00:00+00:00,0.058714,0.058764,0.058418,0.058542,11067621.0
2023-10-18 14:00:00+00:00,0.058542,0.058644,0.058308,0.058502,8479873.0
2023-10-18 16:00:00+00:00,0.058502,0.058593,0.058388,0.058441,3072196.0
2023-10-18 18:00:00+00:00,0.058441,0.058578,0.058312,0.058378,2562392.0
2023-10-18 20:00:00+00:00,0.058378,0.058444,0.058208,0.058398,3261007.0
2023-10-18 22:00:00+00:00,0.058398,0.058904,0.058368,0.058543,10138561.0
2023-10-19 00:00:00+00:00,0.058543,0.058666,0.057326,0.058069,31672982.0
2023-10-19 02:00:00+00:00,0.058069,0.058152,0.057869,0.058133,4349838.0
2023-10-19 04:00:00+00:00,0.058133,0.058273,0.058046,0.058143,6306770.0
2023-10-19 06:00:00+00:00,0.058143,0.058213,0.058063,0.058152,1782971.0
2023-10-19 08:00:00+00:00,0.058152,0.058193,0.057939,0.058009,4351889.0
2023-10-19 10:00:00+00:00,0.058009,0.058253,0.057993,0.058191,3225857.0
2023-10-19 12:00:00+00:00,0.058191,0.058379,0.058138,0.058178,4455519.0
2023-10-19 14:00:00+00:00,0.058178,0.058487,0.058081,0.05836,11663543.0
2023-10-19 16:00:00+00:00,0.05836,0.058673,0.058199,0.058472,6346331.0
2023-10-19 18:00:00+00:00,0.058472,0.058637,0.058429,0.058606,3292906.0
2023-10-19 20:00:00+00:00,0.058606,0.058897,0.0585,0.05853,19925564.0
2023-10-19 22:00:00+00:00,0.05853,0.058833,0.058511,0.058806,2869512.0
2023-10-20 00:00:00+00:00,0.058806,0.058923,0.058569,0.058732,3664525.0
2023-10-20 02:00:00+00:00,0.058732,0.05958,0.058724,0.059412,8951024.0
2023-10-20 04:00:00+00:00,0.059412,0.059449,0.059148,0.05937,7488841.0
2023-10-20 06:00:00+00:00,0.05937,0.059482,0.059228,0.059324,9378583.0
2023-10-20 08:00:00+00:00,0.059324,0.060226,0.059324,0.060153,13121830.0
2023-10-20 10:00:00+00:00,0.060153,0.060397,0.059657,0.059712,19490952.0
2023-10-20 12:00:00+00:00,0.059712,0.05983,0.0595,0.059806,3971558.0
2023-10-20 14:00:00+00:00,0.059806,0.059989,0.059667,0.059832,5096927.0
2023-10-20 16:00:00+00:00,0.059832,0.06,0.059655,0.059999,7946148.0
2023-10-20 18:00:00+00:00,0.059999,0.060163,0.059937,0.06012,4213204.0
2023-10-20 20:00:00+00:00,0.06012,0.060198,0.059963,0.060043,1810367.0
2023-10-20 22:00:00+00:00,0.060043,0.060083,0.059836,0.059845,2349931.0
2023-10-21 00:00:00+00:00,0.059845,0.059943,0.059707,0.059725,3184840.0
2023-10-21 02:00:00+00:00,0.059725,0.059741,0.059367,0.059715,5904446.0
2023-10-21 04:00:00+00:00,0.059715,0.059883,0.059715,0.059862,2507193.0
2023-10-21 06:00:00+00:00,0.059862,0.060393,0.059862,0.060374,9531368.0
2023-10-21 08:00:00+00:00,0.060374,0.060398,0.060097,0.060281,3325679.0
2023-10-21 10:00:00+00:00,0.060281,0.060564,0.060194,0.060377,8572341.0
2023-10-21 12:00:00+00:00,0.060377,0.060913,0.060277,0.060847,8502875.0
2023-10-21 14:00:00+00:00,0.060847,0.061186,0.060707,0.061166,19333844.0
2023-10-21 16:00:00+00:00,0.061166,0.061362,0.060964,0.061244,12263919.0
2023-10-21 18:00:00+00:00,0.061244,0.061392,0.060728,0.060956,8288164.0
2023-10-21 20:00:00+00:00,0.060956,0.061281,0.060753,0.061222,4083277.0
2023-10-21 22:00:00+00:00,0.061222,0.061354,0.060967,0.061138,6382794.0
2023-10-22 00:00:00+00:00,0.061138,0.061642,0.060977,0.061357,7822255.0
2023-10-22 02:00:00+00:00,0.061357,0.061398,0.061067,0.061217,5868844.0
2023-10-22 04:00:00+00:00,0.061217,0.061581,0.061178,0.061495,2865420.0
2023-10-22 06:00:00+00:00,0.061495,0.061601,0.059778,0.060671,21736534.0
2023-10-22 08:00:00+00:00,0.060671,0.060932,0.060543,0.06063,7667622.0
2023-10-22 10:00:00+00:00,0.06063,0.060787,0.060388,0.060601,3477300.0
2023-10-22 12:00:00+00:00,0.060601,0.060892,0.060572,0.060884,5980465.0
2023-10-22 14:00:00+00:00,0.060884,0.060892,0.060471,0.060692,5587918.0
2023-10-22 16:00:00+00:00,0.060692,0.061031,0.060671,0.061031,5309542.0
2023-10-22 18:00:00+00:00,0.061031,0.061111,0.060754,0.060794,5683484.0
2023-10-22 20:00:00+00:00,0.060794,0.060898,0.060658,0.060736,4832152.0
2023-10-22 22:00:00+00:00,0.060736,0.061696,0.060651,0.061641,10375968.0
2023-10-23 00:00:00+00:00,0.061641,0.062321,0.0613,0.061892,20591668.0
2023-10-23 02:00:00+00:00,0.061892,0.062772,0.06168,0.062578,34330202.0
2023-10-23 04:00:00+00:00,0.062578,0.063072,0.062437,0.062762,13463894.0
2023-10-23 06:00:00+00:00,0.062762,0.062955,0.062266,0.062495,22512882.0
2023-10-23 08:00:00+00:00,0.062495,0.065222,0.062401,0.063392,63088234.0
2023-10-23 10:00:00+00:00,0.063392,0.065371,0.063372,0.064834,34608918.0
2023-10-23 12:00:00+00:00,0.064834,0.065443,0.06335,0.06379,35806288.0
2023-10-23 14:00:00+00:00,0.06379,0.064615,0.063662,0.064154,39936522.0
2023-10-23 16:00:00+00:00,0.064154,0.06438,0.063139,0.063912,26506161.0
2023-10-23 18:00:00+00:00,0.063912,0.064424,0.063493,0.064354,13987742.0
2023-10-23 20:00:00+00:00,0.064354,0.0656,0.064162,0.065428,29788120.0
2023-10-23 22:00:00+00:00,0.065428,0.067922,0.065331,0.06742,56248960.0
2023-10-24 00:00:00+00:00,0.06742,0.068274,0.066319,0.067061,77881768.0
2023-10-24 02:00:00+00:00,0.067061,0.069362,0.06703,0.067553,48607244.0
2023-10-24 04:00:00+00:00,0.067553,0.068469,0.066656,0.067,21812510.0
2023-10-24 06:00:00+00:00,0.067,0.067163,0.06587,0.066492,16181025.0
2023-10-24 08:00:00+00:00,0.066492,0.067443,0.06641,0.067113,16468056.0
2023-10-24 10:00:00+00:00,0.067113,0.067889,0.067113,0.067879,14287255.0
2023-10-24 12:00:00+00:00,0.067879,0.070092,0.067335,0.0682,48347134.0
2023-10-24 14:00:00+00:00,0.0682,0.068222,0.064135,0.065653,94590287.0
2023-10-24 16:00:00+00:00,0.065653,0.06652,0.065009,0.06584,27199189.0
2023-10-24 18:00:00+00:00,0.06584,0.066864,0.065019,0.066589,27457802.0
2023-10-24 20:00:00+00:00,0.066589,0.066834,0.065604,0.066523,12352976.0
2023-10-24 22:00:00+00:00,0.066523,0.067099,0.066179,0.066564,9662781.0
2023-10-25 00:00:00+00:00,0.066564,0.067234,0.066059,0.06663,8998541.0
2023-10-25 02:00:00+00:00,0.06663,0.066655,0.065725,0.065907,18000883.0
2023-10-25 04:00:00+00:00,0.065907,0.06624,0.06559,0.065673,11975597.0
2023-10-25 06:00:00+00:00,0.065673,0.066439,0.064511,0.065183,18884498.0
2023-10-25 08:00:00+00:00,0.065183,0.065845,0.064836,0.065528,8888125.0
2023-10-25 10:00:00+00:00,0.065528,0.065915,0.0654,0.065502,10036556.0
2023-10-25 12:00:00+00:00,0.065502,0.066624,0.065499,0.066315,15568907.0
2023-10-25 14:00:00+00:00,0.066315,0.069036,0.066184,0.067788,69070508.0
2023-10-25 16:00:00+00:00,0.067788,0.06822,0.066049,0.066961,35313992.0
2023-10-25 18:00:00+00:00,0.066961,0.068904,0.066945,0.068051,63803129.0
2023-10-25 20:00:00+00:00,0.068051,0.069173,0.067988,0.068654,32370445.0
2023-10-25 22:00:00+00:00,0.068654,0.069794,0.068171,0.068324,27150841.0
2023-10-26 00:00:00+00:00,0.068324,0.070901,0.067796,0.070641,38619920.0
2023-10-26 02:00:00+00:00,0.070641,0.072855,0.070146,0.071437,77135087.0
2023-10-26 04:00:00+00:00,0.071437,0.071607,0.070498,0.070557,37366147.0
2023-10-26 06:00:00+00:00,0.070557,0.072608,0.070019,0.072556,46848347.0
2023-10-26 08:00:00+00:00,0.072556,0.072991,0.070858,0.072254,83413594.0
2023-10-26 10:00:00+00:00,0.072254,0.074515,0.071536,0.073904,155015049.0
2023-10-26 12:00:00+00:00,0.073904,0.075113,0.071712,0.071844,136101984.0
2023-10-26 14:00:00+00:00,0.071844,0.072344,0.069204,0.070591,114421045.0
2023-10-26 16:00:00+00:00,0.070591,0.071244,0.069905,0.071194,41032147.0
2023-10-26 18:00:00+00:00,0.071194,0.071813,0.070915,0.07147,15818180.0
2023-10-26 20:00:00+00:00,0.07147,0.0722,0.071194,0.071568,29753975.0
2023-10-26 22:00:00+00:00,0.071568,0.072403,0.071555,0.071854,16165200.0
2023-10-27 00:00:00+00:00,0.071854,0.072415,0.070362,0.070544,42552935.0
2023-10-27 02:00:00+00:00,0.070544,0.071644,0.070246,0.07155,35694393.0
2023-10-27 04:00:00+00:00,0.07155,0.071587,0.0705,0.070687,21816814.0
2023-10-27 06:00:00+00:00,0.070687,0.071084,0.070035,0.070085,19297156.0
2023-10-27 08:00:00+00:00,0.070085,0.071334,0.070042,0.07131,24218241.0
2023-10-27 10:00:00+00:00,0.07131,0.071584,0.070525,0.071554,19980980.0
2023-10-27 12:00:00+00:00,0.071554,0.071854,0.071,0.07126,21655388.0
2023-10-27 14:00:00+00:00,0.07126,0.07128,0.06979,0.07044,37263176.0
2023-10-27 16:00:00+00:00,0.07044,0.070539,0.067122,0.068425,60315557.0
2023-10-27 18:00:00+00:00,0.068425,0.06875,0.067746,0.068246,24405204.0
2023-10-27 20:00:00+00:00,0.068246,0.068393,0.067371,0.067864,36236275.0
2023-10-27 22:00:00+00:00,0.067864,0.067986,0.067406,0.067771,9159135.0
2023-10-28 00:00:00+00:00,0.067771,0.068283,0.067512,0.06815,20671903.0
2023-10-28 02:00:00+00:00,0.06815,0.068485,0.067702,0.068477,17093512.0
2023-10-28 04:00:00+00:00,0.068477,0.06893,0.068316,0.06866,14964083.0
2023-10-28 06:00:00+00:00,0.06866,0.06885,0.068412,0.06872,12688125.0
2023-10-28 08:00:00+00:00,0.06872,0.069721,0.068452,0.068858,30884123.0
2023-10-28 10:00:00+00:00,0.068858,0.069782,0.068849,0.069101,13928203.0
2023-10-28 12:00:00+00:00,0.069101,0.069266,0.068236,0.069068,17610815.0
2023-10-28 14:00:00+00:00,0.069068,0.069099,0.068682,0.068979,6570760.0
2023-10-28 16:00:00+00:00,0.068979,0.068979,0.068577,0.068823,6124669.0
2023-10-28 18:00:00+00:00,0.068823,0.068823,0.068342,0.068374,5197638.0
2023-10-28 20:00:00+00:00,0.068374,0.06949,0.068351,0.06949,3507373.0
2023-10-28 22:00:00+00:00,0.06949,0.069492,0.068685,0.069015,7862342.0
2023-10-29 00:00:00+00:00,0.069015,0.069129,0.0672,0.068211,28827228.0
2023-10-29 02:00:00+00:00,0.068211,0.06843,0.067982,0.068203,10284000.0
2023-10-29 04:00:00+00:00,0.068203,0.06856,0.068076,0.068297,4437811.0
2023-10-29 06:00:00+00:00,0.068297,0.06866,0.068249,0.068524,5061456.0
2023-10-29 08:00:00+00:00,0.068524,0.069098,0.068485,0.068898,11588826.0
2023-10-29 10:00:00+00:00,0.068898,0.069023,0.068542,0.06894,5801296.0
2023-10-29 12:00:00+00:00,0.06894,0.069369,0.068769,0.069369,14489604.0
2023-10-29 14:00:00+00:00,0.069369,0.069619,0.069002,0.069458,13826411.0
2023-10-29 16:00:00+00:00,0.069458,0.069789,0.069001,0.069381,9055488.0
2023-10-29 18:00:00+00:00,0.069381,0.069782,0.069121,0.069439,6176600.0
2023-10-29 20:00:00+00:00,0.069439,0.070199,0.06927,0.069422,9039871.0
2023-10-29 22:00:00+00:00,0.069422,0.069919,0.069161,0.069346,8116170.0
2023-10-30 00:00:00+00:00,0.069346,0.069528,0.068833,0.069146,11995456.0
2023-10-30 02:00:00+00:00,0.069146,0.069164,0.068343,0.068656,15033270.0
2023-10-30 04:00:00+00:00,0.068656,0.068909,0.068473,0.068519,9689129.0
2023-10-30 06:00:00+00:00,0.068519,0.068883,0.068113,0.068588,14637740.0
2023-10-30 08:00:00+00:00,0.068588,0.069694,0.068463,0.069253,14558843.0
2023-10-30 10:00:00+00:00,0.069253,0.069558,0.069046,0.069551,14210369.0
2023-10-30 12:00:00+00:00,0.069551,0.070126,0.0692,0.069784,29334484.0
2023-10-30 14:00:00+00:00,0.069784,0.070413,0.069642,0.069797,22098072.0
2023-10-30 16:00:00+00:00,0.069797,0.069846,0.067674,0.068749,39418593.0
2023-10-30 18:00:00+00:00,0.068749,0.069429,0.068723,0.069396,8382433.0
2023-10-30 20:00:00+00:00,0.069396,0.069794,0.069213,0.069708,6577458.0
2023-10-30 22:00:00+00:00,0.069708,0.069735,0.069392,0.0696,4621800.0
2023-10-31 00:00:00+00:00,0.0696,0.069959,0.069485,0.069924,9388780.0
2023-10-31 02:00:00+00:00,0.069924,0.070038,0.068933,0.068995,15772227.0
2023-10-31 04:00:00+00:00,0.068995,0.069328,0.068809,0.069245,18953661.0
2023-10-31 06:00:00+00:00,0.069245,0.069438,0.068333,0.068519,34216238.0
2023-10-31 08:00:00+00:00,0.068519,0.069146,0.067878,0.069114,21962727.0
2023-10-31 10:00:00+00:00,0.069114,0.070339,0.068927,0.070197,20663148.0
2023-10-31 12:00:00+00:00,0.070197,0.070826,0.068062,0.068592,85044024.0
2023-10-31 14:00:00+00:00,0.068592,0.068983,0.065534,0.0672,85953629.0
2023-10-31 16:00:00+00:00,0.0672,0.067917,0.066831,0.067718,25710647.0
2023-10-31 18:00:00+00:00,0.067718,0.068252,0.067559,0.068122,7377810.0
2023-10-31 20:00:00+00:00,0.068122,0.068656,0.06781,0.06796,10881417.0
2023-10-31 22:00:00+00:00,0.06796,0.068282,0.067679,0.068239,10894883.0
2023-11-01 00:00:00+00:00,0.068239,0.06853,0.06764,0.067693,22502373.0
2023-11-01 02:00:00+00:00,0.067693,0.06788,0.0673,0.067424,11720532.0
2023-11-01 04:00:00+00:00,0.067424,0.067522,0.066513,0.066621,21090658.0
2023-11-01 06:00:00+00:00,0.066621,0.067165,0.0664,0.066843,24503572.0
2023-11-01 08:00:00+00:00,0.066843,0.066973,0.066586,0.066952,9356184.0
2023-11-01 10:00:00+00:00,0.066952,0.066988,0.066084,0.066739,26648540.0
2023-11-01 12:00:00+00:00,0.066739,0.067942,0.066279,0.066918,41352542.0
2023-11-01 14:00:00+00:00,0.066918,0.067166,0.065644,0.066135,32243865.0
2023-11-01 16:00:00+00:00,0.066135,0.066764,0.065931,0.066763,11795272.0
2023-11-01 18:00:00+00:00,0.066763,0.068872,0.06664,0.068334,36621651.0
2023-11-01 20:00:00+00:00,0.068334,0.069681,0.068334,0.069379,39717492.0
2023-11-01 22:00:00+00:00,0.069379,0.069511,0.06843,0.068946,14097833.0
2023-11-02 00:00:00+00:00,0.068946,0.0699,0.06872,0.06933,20010479.0
2023-11-02 02:00:00+00:00,0.06933,0.069989,0.069148,0.069543,14614636.0
2023-11-02 04:00:00+00:00,0.069543,0.069681,0.068381,0.068641,23197342.0
2023-11-02 06:00:00+00:00,0.068641,0.069889,0.06858,0.069757,15200790.0
2023-11-02 08:00:00+00:00,0.069757,0.070921,0.069049,0.069921,36454040.0
2023-11-02 10:00:00+00:00,0.069921,0.07052,0.069199,0.06947,29320884.0
2023-11-02 12:00:00+00:00,0.06947,0.069641,0.067851,0.06858,43007665.0
2023-11-02 14:00:00+00:00,0.06858,0.068802,0.067203,0.067482,24869446.0
2023-11-02 16:00:00+00:00,0.067482,0.068137,0.066608,0.068121,24398296.0
2023-11-02 18:00:00+00:00,0.068121,0.06835,0.067846,0.068342,8384202.0
2023-11-02 20:00:00+00:00,0.068342,0.068358,0.06763,0.067982,8027010.0
2023-11-02 22:00:00+00:00,0.067982,0.068002,0.067452,0.067912,8257169.0
2023-11-03 00:00:00+00:00,0.067912,0.068082,0.0662,0.066891,24532727.0
2023-11-03 02:00:00+00:00,0.066891,0.067441,0.066783,0.0673,5978516.0
2023-11-03 04:00:00+00:00,0.0673,0.067525,0.066822,0.067522,5532629.0
2023-11-03 06:00:00+00:00,0.067522,0.067726,0.06728,0.067487,6056181.0
2023-11-03 08:00:00+00:00,0.067487,0.067727,0.0669,0.066993,11583154.0
2023-11-03 10:00:00+00:00,0.066993,0.067252,0.06658,0.06711,12285176.0
2023-11-03 12:00:00+00:00,0.06711,0.067652,0.066967,0.067622,7001027.0
2023-11-03 14:00:00+00:00,0.067622,0.067849,0.067407,0.067752,18104009.0
2023-11-03 16:00:00+00:00,0.067752,0.067862,0.06712,0.067361,20695974.0
2023-11-03 18:00:00+00:00,0.067361,0.06772,0.067213,0.06761,4270796.0
2023-11-03 20:00:00+00:00,0.06761,0.068192,0.0675,0.06794,5409488.0
2023-11-03 22:00:00+00:00,0.06794,0.068252,0.067892,0.068086,5453688.0
2023-11-04 00:00:00+00:00,0.068086,0.068729,0.067938,0.068726,14558449.0
2024-01-09 16:00:00+00:00,0.078282,0.084025,0.077016,0.08032,105316167.0
2024-01-09 18:00:00+00:00,0.08032,0.080662,0.078638,0.0798,44016455.0
2024-01-09 20:00:00+00:00,0.0798,0.079936,0.076801,0.077788,53451957.0
2024-01-09 22:00:00+00:00,0.077788,0.082232,0.077451,0.079222,53713223.0
2024-01-10 00:00:00+00:00,0.079222,0.080416,0.079072,0.08031,9431158.0
2024-01-10 02:00:00+00:00,0.08031,0.080886,0.079392,0.079854,7686398.0
2024-01-10 04:00:00+00:00,0.079854,0.080018,0.078947,0.079136,6644395.0
2024-01-10 06:00:00+00:00,0.079136,0.079195,0.078209,0.078653,8811399.0
2024-01-10 08:00:00+00:00,0.078653,0.079638,0.07792,0.079502,8224120.0
2024-01-10 10:00:00+00:00,0.079502,0.0797,0.078501,0.079166,11153589.0
2024-01-10 12:00:00+00:00,0.079166,0.079363,0.076195,0.077518,25029272.0
2024-01-10 14:00:00+00:00,0.077518,0.078483,0.076837,0.078322,9279760.0
2024-01-10 16:00:00+00:00,0.078322,0.078737,0.077619,0.078644,11088649.0
2024-01-10 18:00:00+00:00,0.078644,0.079243,0.078338,0.079111,12403426.0
2024-01-10 20:00:00+00:00,0.079111,0.081874,0.076756,0.081768,23248651.0
2024-01-10 22:00:00+00:00,0.081768,0.084948,0.08125,0.083016,33462889.0
2024-01-11 00:00:00+00:00,0.083016,0.08464,0.08225,0.084,16368200.0
2024-01-11 02:00:00+00:00,0.084,0.084415,0.083047,0.084011,14230675.0
2024-01-11 04:00:00+00:00,0.084011,0.084525,0.082736,0.083186,10557272.0
2024-01-11 06:00:00+00:00,0.083186,0.08394,0.082019,0.083747,8836008.0
2024-01-11 08:00:00+00:00,0.083747,0.084497,0.083564,0.084018,6689798.0
2024-01-11 10:00:00+00:00,0.084018,0.08616,0.083741,0.085941,21529409.0
2024-01-11 12:00:00+00:00,0.085941,0.086883,0.084548,0.08586,22117767.0
2024-01-11 14:00:00+00:00,0.08586,0.087913,0.084043,0.084911,37599633.0
2024-01-11 16:00:00+00:00,0.084911,0.085439,0.082878,0.084712,17710861.0
2024-01-11 18:00:00+00:00,0.084712,0.085332,0.084354,0.085253,6161635.0
2024-01-11 20:00:00+00:00,0.085253,0.085728,0.084078,0.084171,6213444.0
2024-01-11 22:00:00+00:00,0.084171,0.084783,0.083814,0.084624,4509626.0
2024-01-12 00:00:00+00:00,0.084624,0.084947,0.083168,0.083827,7176710.0
2024-01-12 02:00:00+00:00,0.083827,0.084297,0.083296,0.083617,5252735.0
2024-01-12 04:00:00+00:00,0.083617,0.084906,0.0835,0.084766,6670990.0
2024-01-12 06:00:00+00:00,0.084766,0.085057,0.0838,0.084081,4958862.0
2024-01-12 08:00:00+00:00,0.084081,0.084194,0.083348,0.083954,6470643.0
2024-01-12 10:00:00+00:00,0.083954,0.084994,0.083758,0.084656,7060573.0
2024-01-12 12:00:00+00:00,0.084656,0.085435,0.084039,0.084886,7214123.0
2024-01-12 14:00:00+00:00,0.084886,0.085517,0.082393,0.082708,24926623.0
2024-01-12 16:00:00+00:00,0.082708,0.083065,0.079394,0.08141,32217487.0
2024-01-12 18:00:00+00:00,0.08141,0.081794,0.080965,0.081655,4541353.0
2024-01-12 20:00:00+00:00,0.081655,0.081997,0.079712,0.080537,10868687.0
2024-01-12 22:00:00+00:00,0.080537,0.080588,0.07725,0.080079,16300104.0
2024-01-13 00:00:00+00:00,0.080079,0.080465,0.078608,0.079948,8809645.0
2024-01-13 02:00:00+00:00,0.079948,0.080396,0.079637,0.080245,6956231.0
2024-01-13 04:00:00+00:00,0.080245,0.080857,0.080133,0.080828,5972158.0
2024-01-13 06:00:00+00:00,0.080828,0.081115,0.080516,0.080815,5433252.0
2024-01-13 08:00:00+00:00,0.080815,0.081071,0.080053,0.080174,6297412.0
2024-01-13 10:00:00+00:00,0.080174,0.080355,0.079552,0.080222,6036145.0
2024-01-13 12:00:00+00:00,0.080222,0.080592,0.080086,0.080265,5020004.0
2024-01-13 14:00:00+00:00,0.080265,0.081385,0.079895,0.081187,7418698.0
2024-01-13 16:00:00+00:00,0.081187,0.0813,0.080571,0.080862,3656272.0
2024-01-13 18:00:00+00:00,0.080862,0.08129,0.080591,0.081064,4813430.0
2024-01-13 20:00:00+00:00,0.081064,0.081272,0.080798,0.080854,3444543.0
2024-01-13 22:00:00+00:00,0.080854,0.081273,0.080556,0.08092,3287024.0
2024-01-14 00:00:00+00:00,0.08092,0.080989,0.080172,0.080929,5364619.0
2024-01-14 02:00:00+00:00,0.080929,0.081078,0.080463,0.080745,1773532.0
2024-01-14 04:00:00+00:00,0.080745,0.080965,0.0803,0.080846,3011949.0
2024-01-14 06:00:00+00:00,0.080846,0.082753,0.080743,0.082547,11780872.0
2024-01-14 08:00:00+00:00,0.082547,0.083108,0.081779,0.082728,9701628.0
2024-01-14 10:00:00+00:00,0.082728,0.083893,0.082578,0.082977,9600909.0
2024-01-14 12:00:00+00:00,0.082977,0.083162,0.081882,0.082523,8499367.0
2024-01-14 14:00:00+00:00,0.082523,0.082889,0.081955,0.082014,7011592.0
2024-01-14 16:00:00+00:00,0.082014,0.082415,0.081179,0.081828,6906229.0
2024-01-14 18:00:00+00:00,0.081828,0.082013,0.080664,0.080792,9132686.0
2024-01-14 20:00:00+00:00,0.080792,0.081266,0.080016,0.0811,7411911.0
2024-01-14 22:00:00+00:00,0.0811,0.081346,0.079622,0.080022,7674302.0
2024-01-15 00:00:00+00:00,0.080022,0.080975,0.079963,0.080789,8798049.0
2024-01-15 02:00:00+00:00,0.080789,0.081469,0.08058,0.081183,6902626.0
2024-01-15 04:00:00+00:00,0.081183,0.081593,0.081128,0.081388,5119739.0
2024-01-15 06:00:00+00:00,0.081388,0.081388,0.0805,0.080901,4320089.0
2024-01-15 08:00:00+00:00,0.080901,0.081463,0.080633,0.081301,4952870.0
2024-01-15 10:00:00+00:00,0.081301,0.081779,0.08108,0.081574,8602300.0
2024-01-15 12:00:00+00:00,0.081574,0.08171,0.080973,0.081192,5756629.0
2024-01-15 14:00:00+00:00,0.081192,0.081277,0.079833,0.08031,7009305.0
2024-01-15 16:00:00+00:00,0.08031,0.080956,0.080171,0.080878,3893334.0
2024-01-15 18:00:00+00:00,0.080878,0.081726,0.08086,0.081147,4270870.0
2024-01-15 20:00:00+00:00,0.081147,0.08133,0.080736,0.080744,1790653.0
2024-01-15 22:00:00+00:00,0.080744,0.081375,0.079996,0.08103,4127037.0
2024-01-16 00:00:00+00:00,0.08103,0.081705,0.081019,0.081078,4416058.0
2024-01-16 02:00:00+00:00,0.081078,0.081276,0.080847,0.081155,4518343.0
2024-01-16 04:00:00+00:00,0.081155,0.081294,0.080416,0.080469,3058675.0
2024-01-16 06:00:00+00:00,0.080469,0.080926,0.080229,0.080911,4110166.0
2024-01-16 08:00:00+00:00,0.080911,0.082628,0.080823,0.082128,11216340.0
2024-01-16 10:00:00+00:00,0.082128,0.082238,0.081168,0.081593,9874849.0
2024-01-16 12:00:00+00:00,0.081593,0.082231,0.080728,0.080965,5767737.0
2024-01-16 14:00:00+00:00,0.080965,0.081451,0.07981,0.081297,15383234.0
2024-01-16 16:00:00+00:00,0.081297,0.081461,0.080862,0.081158,4350483.0
2024-01-16 18:00:00+00:00,0.081158,0.081628,0.080944,0.081381,3085850.0
2024-01-16 20:00:00+00:00,0.081381,0.081873,0.081233,0.081756,3982850.0
2024-01-16 22:00:00+00:00,0.081756,0.081859,0.081222,0.081313,4794897.0
2024-01-17 00:00:00+00:00,0.081313,0.081602,0.081135,0.081176,2118075.0
2024-01-17 02:00:00+00:00,0.081176,0.081442,0.081146,0.081233,2274826.0
2024-01-17 04:00:00+00:00,0.081233,0.081361,0.080675,0.080718,5073935.0
2024-01-17 06:00:00+00:00,0.080718,0.081022,0.080303,0.080422,5108844.0
2024-01-17 08:00:00+00:00,0.080422,0.080847,0.08021,0.080548,3520848.0
2024-01-17 10:00:00+00:00,0.080548,0.081184,0.080478,0.080624,3851762.0
2024-01-17 12:00:00+00:00,0.080624,0.080874,0.080218,0.080459,3748969.0
2024-01-17 14:00:00+00:00,0.080459,0.080787,0.079811,0.080091,9031740.0
2024-01-17 16:00:00+00:00,0.080091,0.080661,0.079249,0.080138,6955760.0
2024-01-17 18:00:00+00:00,0.080138,0.0806,0.080018,0.080503,2039702.0
2024-01-17 20:00:00+00:00,0.080503,0.080613,0.08031,0.080353,1657258.0
2024-01-17 22:00:00+00:00,0.080353,0.080596,0.079683,0.080596,4169752.0
2024-01-18 00:00:00+00:00,0.080596,0.080849,0.080003,0.0805,5387410.0
2024-01-18 02:00:00+00:00,0.0805,0.0806,0.080076,0.080298,2755232.0
2024-01-18 04:00:00+00:00,0.080298,0.080611,0.080223,0.080597,2754345.0
2024-01-18 06:00:00+00:00,0.080597,0.080796,0.080446,0.080709,2125789.0
2024-01-18 08:00:00+00:00,0.080709,0.080747,0.080282,0.080402,4983247.0
2024-01-18 10:00:00+00:00,0.080402,0.080593,0.079813,0.080174,6052774.0
2024-01-18 12:00:00+00:00,0.080174,0.080191,0.079143,0.079849,12507389.0
2024-01-18 14:00:00+00:00,0.079849,0.080221,0.079673,0.080066,3442008.0
2024-01-18 16:00:00+00:00,0.080066,0.08012,0.077788,0.078503,12300348.0
2024-01-18 18:00:00+00:00,0.078503,0.078642,0.076836,0.077556,10260718.0
2024-01-18 20:00:00+00:00,0.077556,0.078311,0.077401,0.078027,5062830.0
2024-01-18 22:00:00+00:00,0.078027,0.078387,0.077933,0.07807,4065665.0
2024-01-19 00:00:00+00:00,0.07807,0.078296,0.076834,0.077659,6485295.0
2024-01-19 02:00:00+00:00,0.077659,0.077779,0.076385,0.077409,6590035.0
2024-01-19 04:00:00+00:00,0.077409,0.077895,0.077329,0.077888,2176939.0
2024-01-19 06:00:00+00:00,0.077888,0.078291,0.077839,0.07813,1797745.0
2024-01-19 08:00:00+00:00,0.07813,0.0785,0.077878,0.078393,2781803.0
2024-01-19 10:00:00+00:00,0.078393,0.0785,0.07805,0.078185,2279014.0
2024-01-19 12:00:00+00:00,0.078185,0.078628,0.077924,0.07849,3191524.0
2024-01-19 14:00:00+00:00,0.07849,0.078599,0.076995,0.077444,8158160.0
2024-01-19 16:00:00+00:00,0.077444,0.077452,0.074804,0.077161,18791005.0
2024-01-19 18:00:00+00:00,0.077161,0.078444,0.07674,0.0784,6764897.0
2024-01-19 20:00:00+00:00,0.0784,0.0788,0.077882,0.078467,3665617.0
2024-01-19 22:00:00+00:00,0.078467,0.078726,0.078201,0.078547,2979228.0
2024-01-20 00:00:00+00:00,0.078547,0.078973,0.078247,0.078866,4312899.0
2024-01-20 02:00:00+00:00,0.078866,0.078866,0.078218,0.078506,3366022.0
2024-01-20 04:00:00+00:00,0.078506,0.07871,0.078195,0.07826,4108846.0
2024-01-20 06:00:00+00:00,0.07826,0.079606,0.078224,0.079214,11109631.0
2024-01-20 08:00:00+00:00,0.079214,0.079484,0.078451,0.078612,3539419.0
2024-01-20 10:00:00+00:00,0.078612,0.079299,0.078549,0.079284,4272804.0
2024-01-20 12:00:00+00:00,0.079284,0.07959,0.079162,0.079337,5200303.0
2024-01-20 14:00:00+00:00,0.079337,0.079534,0.078909,0.079239,4722865.0
2024-01-20 16:00:00+00:00,0.079239,0.080107,0.079103,0.080091,10417631.0
2024-01-20 18:00:00+00:00,0.080091,0.082443,0.079483,0.082278,13194715.0
2024-01-20 20:00:00+00:00,0.082278,0.08562,0.081841,0.08411,73063074.0
2024-01-20 22:00:00+00:00,0.08411,0.090536,0.083882,0.087727,121556793.0
2024-01-21 00:00:00+00:00,0.087727,0.0904,0.087574,0.089717,95460432.0
2024-01-21 02:00:00+00:00,0.089717,0.090199,0.086348,0.08685,87282319.0
2024-01-21 04:00:00+00:00,0.08685,0.087143,0.08559,0.086034,38176509.0
2024-01-21 06:00:00+00:00,0.086034,0.08662,0.084619,0.085891,36498749.0
2024-01-21 08:00:00+00:00,0.085891,0.086241,0.085084,0.086168,28343837.0
2024-01-21 10:00:00+00:00,0.086168,0.087258,0.086002,0.086881,33396026.0
2024-01-21 12:00:00+00:00,0.086881,0.088664,0.086126,0.088119,38689835.0
2024-01-21 14:00:00+00:00,0.088119,0.088932,0.086505,0.08714,56775081.0
2024-01-21 16:00:00+00:00,0.08714,0.087256,0.085631,0.086823,43850079.0
2024-01-21 18:00:00+00:00,0.086823,0.086875,0.085961,0.086406,15551181.0
2024-01-21 20:00:00+00:00,0.086406,0.086444,0.084786,0.085774,23430716.0
2024-01-21 22:00:00+00:00,0.085774,0.085786,0.084714,0.085416,18890783.0
2024-01-22 00:00:00+00:00,0.085416,0.085627,0.082951,0.083257,46608747.0
2024-01-22 02:00:00+00:00,0.083257,0.083476,0.082523,0.083285,18964925.0
2024-01-22 04:00:00+00:00,0.083285,0.083764,0.0822,0.083727,18117592.0
2024-01-22 06:00:00+00:00,0.083727,0.084199,0.083097,0.083384,16106394.0
2024-01-22 08:00:00+00:00,0.083384,0.08367,0.0822,0.082578,17716065.0
2024-01-22 10:00:00+00:00,0.082578,0.083698,0.081438,0.083403,34856217.0
2024-01-22 12:00:00+00:00,0.083403,0.084608,0.08325,0.084315,46419481.0
2024-01-22 14:00:00+00:00,0.084315,0.084571,0.082956,0.084101,34025195.0
2024-01-22 16:00:00+00:00,0.084101,0.084841,0.083502,0.084381,15113043.0
2024-01-22 18:00:00+00:00,0.084381,0.084475,0.080181,0.081928,36045072.0
2024-01-22 20:00:00+00:00,0.081928,0.08262,0.081089,0.08114,16076343.0
2024-01-22 22:00:00+00:00,0.08114,0.081474,0.080093,0.080552,15590605.0
2024-01-23 00:00:00+00:00,0.080552,0.081842,0.080403,0.081682,14112555.0
2024-01-23 02:00:00+00:00,0.081682,0.081697,0.080824,0.080894,11225257.0
2024-01-23 04:00:00+00:00,0.080894,0.081326,0.080826,0.081129,6806578.0
2024-01-23 06:00:00+00:00,0.081129,0.081147,0.079451,0.079764,19413228.0
2024-01-23 08:00:00+00:00,0.079764,0.080095,0.075813,0.077143,42686679.0
2024-01-23 10:00:00+00:00,0.077143,0.077576,0.076737,0.077271,19953999.0
2024-01-23 12:00:00+00:00,0.077271,0.07771,0.076703,0.076796,12200301.0
2024-01-23 14:00:00+00:00,0.076796,0.077857,0.076036,0.077566,19296501.0
2024-01-23 16:00:00+00:00,0.077566,0.077904,0.076894,0.077468,8466430.0
2024-01-23 18:00:00+00:00,0.077468,0.077877,0.076584,0.076635,7301608.0
2024-01-23 20:00:00+00:00,0.076635,0.077076,0.076364,0.076795,11781992.0
2024-01-23 22:00:00+00:00,0.076795,0.078288,0.076747,0.078214,12325749.0
2024-01-24 00:00:00+00:00,0.078214,0.078888,0.077696,0.077829,13994803.0
2024-01-24 02:00:00+00:00,0.077829,0.078501,0.077518,0.077831,5024109.0
2024-01-24 04:00:00+00:00,0.077831,0.079082,0.077788,0.07894,9075848.0
2024-01-24 06:00:00+00:00,0.07894,0.080061,0.078421,0.079545,17403779.0
2024-01-24 08:00:00+00:00,0.079545,0.080517,0.079503,0.080158,10639812.0
2024-01-24 10:00:00+00:00,0.080158,0.080644,0.079733,0.080104,7942578.0
2024-01-24 12:00:00+00:00,0.080104,0.080393,0.078443,0.078934,12008544.0
2024-01-24 14:00:00+00:00,0.078934,0.079402,0.078475,0.079164,6425697.0
2024-01-24 16:00:00+00:00,0.079164,0.07936,0.078744,0.079035,5666920.0
2024-01-24 18:00:00+00:00,0.079035,0.079057,0.078,0.078523,6323194.0
2024-01-24 20:00:00+00:00,0.078523,0.07887,0.078029,0.078526,3055369.0
2024-01-24 22:00:00+00:00,0.078526,0.079223,0.07834,0.079064,3244387.0
2024-01-25 00:00:00+00:00,0.079064,0.07925,0.078251,0.078384,7774590.0
2024-01-25 02:00:00+00:00,0.078384,0.07864,0.078078,0.078287,1549504.0
2024-01-25 04:00:00+00:00,0.078287,0.078369,0.07723,0.077514,9292931.0
2024-01-25 06:00:00+00:00,0.077514,0.078281,0.077342,0.078161,7805176.0
2024-01-25 08:00:00+00:00,0.078161,0.078363,0.07783,0.077894,3173132.0
2024-01-25 10:00:00+00:00,0.077894,0.078739,0.077559,0.078261,10006665.0
2024-01-25 12:00:00+00:00,0.078261,0.078502,0.077048,0.077547,11696834.0
2024-01-25 14:00:00+00:00,0.077547,0.078,0.07715,0.077437,5537582.0
2024-01-25 16:00:00+00:00,0.077437,0.077722,0.077102,0.077653,6477266.0
2024-01-25 18:00:00+00:00,0.077653,0.078319,0.077543,0.078064,6137545.0
2024-01-25 20:00:00+00:00,0.078064,0.078313,0.077775,0.078028,2916621.0
2024-01-25 22:00:00+00:00,0.078028,0.078107,0.077695,0.077925,2498966.0
2024-01-26 00:00:00+00:00,0.077925,0.078155,0.077491,0.07809,4228936.0
2024-01-26 02:00:00+00:00,0.07809,0.078453,0.077948,0.078063,6623482.0
2024-01-26 04:00:00+00:00,0.078063,0.07849,0.078,0.078251,6035268.0
2024-01-26 06:00:00+00:00,0.078251,0.078533,0.077703,0.077851,6274603.0
