timestamp,open,high,low,close,volume
2023-02-09 08:00:00+00:00,1629.63,1636.73,1629.63,1632.21,41108.38
2023-02-09 09:00:00+00:00,1632.21,1635.63,1630.01,1634.28,28128.07
2023-02-09 10:00:00+00:00,1634.28,1634.52,1630.44,1632.66,30308.85
2023-02-09 11:00:00+00:00,1632.66,1639.08,1629.88,1632.49,51328.34
2023-02-09 12:00:00+00:00,1632.49,1643.0,1625.0,1636.04,52360.63
2023-02-09 13:00:00+00:00,1636.04,1641.91,1633.65,1639.66,41893.45
2023-02-09 14:00:00+00:00,1639.66,1648.76,1635.44,1637.3,59785.84
2023-02-09 15:00:00+00:00,1637.3,1639.95,1627.78,1631.84,47081.84
2023-02-09 16:00:00+00:00,1631.84,1633.27,1616.7,1622.62,67890.64
2023-02-09 17:00:00+00:00,1622.62,1628.86,1615.6,1623.37,50023.34
2023-02-09 18:00:00+00:00,1623.37,1630.78,1619.67,1621.66,48133.37
2023-02-09 19:00:00+00:00,1621.66,1622.66,1556.58,1579.04,267799.38
2023-02-09 20:00:00+00:00,1579.04,1581.44,1564.52,1576.29,57165.46
2023-02-09 21:00:00+00:00,1576.29,1577.41,1522.4,1539.87,241897.48
2023-02-09 22:00:00+00:00,1539.87,1548.55,1527.78,1537.56,98822.48
2023-02-09 23:00:00+00:00,1537.56,1549.73,1536.59,1544.61,53333.27
2023-02-10 00:00:00+00:00,1544.61,1553.85,1541.41,1547.61,42961.83
2023-02-10 01:00:00+00:00,1547.61,1552.2,1543.24,1549.01,23386.23
2023-02-10 02:00:00+00:00,1549.01,1549.86,1541.89,1548.22,22044.25
2023-02-10 03:00:00+00:00,1548.22,1548.47,1541.68,1542.86,30345.75
2023-02-10 04:00:00+00:00,1542.86,1544.55,1530.68,1538.12,52599.42
2023-02-10 05:00:00+00:00,1538.12,1546.25,1529.35,1541.23,57079.95
2023-02-10 06:00:00+00:00,1541.23,1548.48,1539.26,1547.74,44609.81
2023-02-10 07:00:00+00:00,1547.74,1551.79,1542.9,1550.54,45047.11
2023-02-10 08:00:00+00:00,1550.54,1553.47,1548.26,1550.1,32707.59
2023-02-10 09:00:00+00:00,1550.1,1551.81,1544.7,1545.31,32278.82
2023-02-10 10:00:00+00:00,1545.31,1546.71,1541.42,1545.77,28628.62
2023-02-10 11:00:00+00:00,1545.77,1546.14,1533.42,1536.57,49215.9
2023-02-10 12:00:00+00:00,1536.57,1542.15,1531.58,1533.8,48712.15
2023-02-10 13:00:00+00:00,1533.8,1541.78,1533.59,1537.21,33644.89
2023-02-10 14:00:00+00:00,1537.21,1547.11,1535.07,1542.87,46291.88
2023-02-10 15:00:00+00:00,1542.87,1547.33,1504.0,1521.93,144734.2
2023-02-10 16:00:00+00:00,1521.93,1533.83,1514.57,1519.4,71887.91
2023-02-10 17:00:00+00:00,1519.4,1525.84,1514.69,1525.54,45019.15
2023-02-10 18:00:00+00:00,1525.54,1527.44,1522.11,1526.25,37913.45
2023-02-10 19:00:00+00:00,1526.25,1538.36,1522.52,1533.72,57862.79
2023-02-10 20:00:00+00:00,1533.72,1534.83,1527.32,1528.9,41429.63
2023-02-10 21:00:00+00:00,1528.9,1529.25,1488.7,1504.62,131186.54
2023-02-10 22:00:00+00:00,1504.62,1516.29,1502.83,1508.24,52539.24
2023-02-10 23:00:00+00:00,1508.24,1517.71,1504.5,1512.11,38071.58
2023-02-11 00:00:00+00:00,1512.11,1517.24,1506.94,1515.14,36377.29
2023-02-11 01:00:00+00:00,1515.14,1517.69,1508.86,1511.91,25812.52
2023-02-11 02:00:00+00:00,1511.91,1515.92,1511.37,1515.91,26087.13
2023-02-11 03:00:00+00:00,1515.91,1522.61,1515.66,1519.29,36156.95
2023-02-11 04:00:00+00:00,1519.29,1520.03,1517.61,1519.22,24219.03
2023-02-11 05:00:00+00:00,1519.22,1520.43,1515.5,1517.05,30976.71
2023-02-11 06:00:00+00:00,1517.05,1518.42,1513.97,1517.53,27344.24
2023-02-11 07:00:00+00:00,1517.53,1522.22,1515.34,1519.56,26696.65
2023-02-11 08:00:00+00:00,1519.56,1524.99,1518.39,1521.95,42000.38
2023-02-11 09:00:00+00:00,1521.95,1523.74,1520.2,1521.52,39383.47
2023-02-11 10:00:00+00:00,1521.52,1521.52,1515.29,1518.01,44126.97
2023-02-11 11:00:00+00:00,1518.01,1519.67,1516.4,1519.05,33069.37
2023-02-11 12:00:00+00:00,1519.05,1524.0,1514.11,1518.79,51013.15
2023-02-11 13:00:00+00:00,1518.79,1522.31,1517.24,1521.9,44317.22
2023-02-11 14:00:00+00:00,1521.9,1526.0,1518.17,1524.11,45369.85
2023-02-11 15:00:00+00:00,1524.11,1525.14,1519.47,1521.66,39353.46
2023-02-11 16:00:00+00:00,1521.66,1521.98,1516.21,1517.23,31275.38
2023-02-11 17:00:00+00:00,1517.23,1517.37,1513.82,1517.21,26435.72
2023-02-11 18:00:00+00:00,1517.21,1520.42,1503.69,1513.91,53817.46
2023-02-11 19:00:00+00:00,1513.91,1518.19,1513.34,1517.53,21758.94
2023-02-11 20:00:00+00:00,1517.53,1522.74,1515.52,1519.51,34505.32
2023-02-11 21:00:00+00:00,1519.51,1536.54,1518.35,1533.6,61322.22
2023-02-11 22:00:00+00:00,1533.6,1541.81,1529.77,1535.1,52387.04
2023-02-11 23:00:00+00:00,1535.1,1542.13,1534.21,1537.47,26668.7
2023-02-12 00:00:00+00:00,1537.47,1538.26,1532.5,1532.96,27122.03
2023-02-12 01:00:00+00:00,1532.96,1534.76,1531.41,1532.58,26996.83
2023-02-12 02:00:00+00:00,1532.58,1534.94,1529.55,1534.33,28025.96
2023-02-12 03:00:00+00:00,1534.33,1534.33,1530.33,1530.33,22776.73
2023-02-12 04:00:00+00:00,1530.33,1531.01,1528.31,1530.78,27551.8
2023-02-12 05:00:00+00:00,1530.78,1532.79,1530.43,1532.39,26556.16
2023-02-12 06:00:00+00:00,1532.39,1533.3,1530.55,1531.98,26889.91
2023-02-12 07:00:00+00:00,1531.98,1531.99,1529.34,1529.64,29839.57
2023-02-12 08:00:00+00:00,1529.64,1534.2,1529.64,1530.89,23707.38
2023-02-12 09:00:00+00:00,1530.89,1538.7,1530.19,1535.92,31875.65
2023-02-12 10:00:00+00:00,1535.92,1537.72,1531.32,1534.67,36048.03
2023-02-12 11:00:00+00:00,1534.67,1535.05,1532.01,1532.5,33769.73
2023-02-12 12:00:00+00:00,1532.5,1534.25,1520.31,1524.6,52830.33
2023-02-12 13:00:00+00:00,1524.6,1527.45,1520.96,1525.37,36362.6
2023-02-12 14:00:00+00:00,1525.37,1536.81,1524.16,1531.51,38279.91
2023-02-12 15:00:00+00:00,1531.51,1540.07,1529.11,1534.9,43934.22
2023-02-12 16:00:00+00:00,1534.9,1546.82,1533.32,1542.05,62644.4
2023-02-12 17:00:00+00:00,1542.05,1545.22,1538.94,1539.85,34748.7
2023-02-12 18:00:00+00:00,1539.85,1541.48,1537.32,1538.73,40857.06
2023-02-12 19:00:00+00:00,1538.73,1540.95,1535.0,1538.17,38065.34
2023-02-12 20:00:00+00:00,1538.17,1540.85,1535.87,1537.22,31490.48
2023-02-12 21:00:00+00:00,1537.22,1537.48,1507.3,1510.32,88017.01
2023-02-12 22:00:00+00:00,1510.32,1514.22,1491.68,1512.25,124832.49
2023-02-12 23:00:00+00:00,1512.25,1516.49,1508.54,1514.44,36447.69
2023-02-13 00:00:00+00:00,1514.44,1523.96,1505.91,1517.67,62567.8
2023-02-13 01:00:00+00:00,1517.67,1519.09,1501.49,1506.48,66007.22
2023-02-13 02:00:00+00:00,1506.48,1511.54,1496.0,1511.22,59984.25
2023-02-13 03:00:00+00:00,1511.22,1516.85,1510.46,1515.49,30414.74
2023-02-13 04:00:00+00:00,1515.49,1521.3,1514.84,1517.44,30462.95
2023-02-13 05:00:00+00:00,1517.44,1519.74,1516.25,1517.5,23148.33
2023-02-13 06:00:00+00:00,1517.5,1518.88,1516.14,1518.11,29398.08
2023-02-13 07:00:00+00:00,1518.11,1524.95,1516.39,1521.44,46325.75
2023-02-13 08:00:00+00:00,1521.44,1521.7,1504.0,1506.27,48869.96
2023-02-13 09:00:00+00:00,1506.27,1509.66,1471.45,1482.47,244407.44
2023-02-13 10:00:00+00:00,1482.47,1487.74,1465.3,1482.11,89697.64
2023-02-13 11:00:00+00:00,1482.11,1487.88,1481.0,1485.0,41090.21
2023-02-13 12:00:00+00:00,1485.0,1491.13,1483.19,1486.45,45027.92
2023-02-13 13:00:00+00:00,1486.45,1487.9,1477.2,1477.71,50309.09
2023-02-13 14:00:00+00:00,1477.71,1488.35,1477.32,1487.7,53925.27
2023-02-13 15:00:00+00:00,1487.7,1489.0,1475.06,1475.35,50352.71
2023-02-13 16:00:00+00:00,1475.35,1487.2,1461.0,1474.95,128793.89
2023-02-13 17:00:00+00:00,1474.95,1479.37,1462.0,1472.17,52345.39
2023-02-13 18:00:00+00:00,1472.17,1493.11,1471.34,1487.98,58202.68
2023-02-13 19:00:00+00:00,1487.98,1491.58,1484.37,1490.03,33313.62
2023-02-13 20:00:00+00:00,1490.03,1491.4,1485.51,1487.68,22323.89
2023-02-13 21:00:00+00:00,1487.68,1488.88,1481.49,1484.29,27705.31
2023-02-13 22:00:00+00:00,1484.29,1494.0,1483.2,1490.67,49088.1
2023-02-13 23:00:00+00:00,1490.67,1509.42,1490.06,1504.42,70388.33
2023-02-14 00:00:00+00:00,1504.42,1507.5,1499.63,1500.11,30673.57
2023-02-14 01:00:00+00:00,1500.11,1502.0,1493.14,1498.76,38042.39
2023-02-14 02:00:00+00:00,1498.76,1504.22,1497.0,1497.53,30582.71
2023-02-14 03:00:00+00:00,1497.53,1502.49,1496.84,1497.42,21884.31
2023-02-14 04:00:00+00:00,1497.42,1501.66,1496.09,1497.65,26565.56
2023-02-14 05:00:00+00:00,1497.65,1501.0,1497.6,1500.97,31697.6
2023-02-14 06:00:00+00:00,1500.97,1504.74,1500.0,1503.07,38492.8
2023-02-14 07:00:00+00:00,1503.07,1506.94,1501.7,1505.05,38903.26
2023-02-14 08:00:00+00:00,1505.05,1505.34,1496.64,1497.77,37931.11
2023-02-14 09:00:00+00:00,1497.77,1518.99,1496.67,1511.1,73256.28
2023-02-14 10:00:00+00:00,1511.1,1514.0,1506.98,1508.21,39883.05
2023-02-14 11:00:00+00:00,1508.21,1509.43,1503.75,1506.57,38927.79
2023-02-14 12:00:00+00:00,1506.57,1513.8,1506.52,1510.12,42575.44
2023-02-14 13:00:00+00:00,1510.12,1524.07,1483.72,1513.01,376316.0
2023-02-14 14:00:00+00:00,1513.01,1562.14,1494.62,1553.55,279606.86
2023-02-14 15:00:00+00:00,1553.55,1568.07,1532.46,1544.29,174117.81
2023-02-14 16:00:00+00:00,1544.29,1553.96,1533.5,1539.86,95918.28
2023-02-14 17:00:00+00:00,1539.86,1547.16,1539.5,1545.38,52999.98
2023-02-14 18:00:00+00:00,1545.38,1553.0,1545.25,1549.93,60818.38
2023-02-14 19:00:00+00:00,1549.93,1563.91,1545.98,1559.66,57113.82
2023-02-14 20:00:00+00:00,1559.66,1563.29,1554.05,1555.7,42235.07
2023-02-14 21:00:00+00:00,1555.7,1556.57,1548.64,1554.69,34320.8
2023-02-14 22:00:00+00:00,1554.69,1557.31,1550.45,1553.68,35971.4
2023-02-14 23:00:00+00:00,1553.68,1561.43,1551.61,1554.93,32264.98
2023-02-15 00:00:00+00:00,1554.93,1556.78,1547.0,1549.07,34938.55
2023-02-15 01:00:00+00:00,1549.07,1550.95,1546.56,1548.25,23773.97
2023-02-15 02:00:00+00:00,1548.25,1549.62,1542.0,1544.15,21641.54
2023-02-15 03:00:00+00:00,1544.15,1551.76,1543.12,1548.29,26147.86
2023-02-15 04:00:00+00:00,1548.29,1550.0,1545.57,1546.24,26963.4
2023-02-15 05:00:00+00:00,1546.24,1551.0,1546.23,1549.64,27805.8
2023-02-15 06:00:00+00:00,1549.64,1551.34,1546.79,1548.85,27054.27
2023-02-15 07:00:00+00:00,1548.85,1550.63,1543.81,1546.79,36709.78
2023-02-15 08:00:00+00:00,1546.79,1548.28,1544.29,1545.64,35015.14
2023-02-15 09:00:00+00:00,1545.64,1550.62,1545.64,1549.82,37089.67
2023-02-15 10:00:00+00:00,1549.82,1559.43,1548.37,1555.12,37154.61
2023-02-15 11:00:00+00:00,1555.12,1577.49,1553.39,1571.96,98224.97
2023-02-15 12:00:00+00:00,1571.96,1592.46,1571.96,1584.7,133543.84
2023-02-15 13:00:00+00:00,1584.7,1584.99,1573.5,1577.26,78590.99
2023-02-15 14:00:00+00:00,1577.26,1580.41,1566.54,1571.76,77381.16
2023-02-15 15:00:00+00:00,1571.76,1582.5,1570.68,1579.02,52537.3
2023-02-15 16:00:00+00:00,1579.02,1589.7,1575.68,1575.86,64787.15
2023-02-15 17:00:00+00:00,1575.86,1583.4,1573.3,1580.66,30629.65
2023-02-15 18:00:00+00:00,1580.66,1595.9,1577.01,1591.22,53982.23
2023-02-15 19:00:00+00:00,1591.22,1630.34,1588.08,1628.89,176677.33
2023-02-15 20:00:00+00:00,1628.89,1683.8,1624.22,1666.37,267711.13
2023-02-15 21:00:00+00:00,1666.37,1676.38,1662.15,1666.53,69152.96
2023-02-15 22:00:00+00:00,1666.53,1675.93,1664.11,1666.52,65810.3
2023-02-15 23:00:00+00:00,1666.52,1678.76,1665.73,1675.32,42110.2
2023-02-16 00:00:00+00:00,1675.32,1715.0,1673.0,1687.67,160114.77
2023-02-16 01:00:00+00:00,1687.67,1695.92,1686.92,1694.99,28979.65
2023-02-16 02:00:00+00:00,1694.99,1701.39,1693.48,1693.57,39671.51
2023-02-16 03:00:00+00:00,1693.57,1695.0,1691.43,1691.98,36184.9
2023-02-16 04:00:00+00:00,1691.98,1697.29,1687.25,1695.51,45107.84
2023-02-16 05:00:00+00:00,1695.51,1698.2,1693.52,1694.29,41557.94
2023-02-16 06:00:00+00:00,1694.29,1697.49,1684.3,1685.21,49297.19
2023-02-16 07:00:00+00:00,1685.21,1689.1,1676.29,1683.28,60363.14
2023-02-16 08:00:00+00:00,1683.28,1687.0,1679.76,1683.1,38835.14
2023-02-16 09:00:00+00:00,1683.1,1690.16,1680.66,1688.83,26042.15
2023-02-16 10:00:00+00:00,1688.83,1694.17,1685.74,1688.05,37096.26
2023-02-16 11:00:00+00:00,1688.05,1688.07,1680.84,1684.19,34477.5
2023-02-16 12:00:00+00:00,1684.19,1691.53,1681.01,1688.99,21405.85
2023-02-16 13:00:00+00:00,1688.99,1697.32,1669.37,1676.56,119115.24
2023-02-16 14:00:00+00:00,1676.56,1684.61,1666.61,1680.92,67545.47
2023-02-16 15:00:00+00:00,1680.92,1729.69,1677.59,1725.37,175416.09
2023-02-16 16:00:00+00:00,1725.37,1744.48,1688.52,1717.64,304157.11
2023-02-16 17:00:00+00:00,1717.64,1722.7,1707.3,1716.65,68543.53
2023-02-16 18:00:00+00:00,1716.65,1722.54,1712.82,1717.71,39459.63
2023-02-16 19:00:00+00:00,1717.71,1719.03,1707.67,1711.77,33855.08
2023-02-16 20:00:00+00:00,1711.77,1711.82,1680.32,1685.69,83130.48
2023-02-16 21:00:00+00:00,1685.69,1685.97,1667.9,1684.15,74420.89
2023-02-16 22:00:00+00:00,1684.15,1686.16,1641.51,1647.0,210577.76
2023-02-16 23:00:00+00:00,1647.0,1657.65,1634.95,1638.97,93549.18
2023-02-17 00:00:00+00:00,1638.97,1656.55,1632.0,1653.75,45892.04
2023-02-17 01:00:00+00:00,1653.75,1665.26,1651.43,1664.37,31678.77
2023-02-17 02:00:00+00:00,1664.37,1665.0,1657.79,1658.56,23667.77
2023-02-17 03:00:00+00:00,1658.56,1670.86,1657.51,1664.51,37999.43
2023-02-17 04:00:00+00:00,1664.51,1666.0,1655.0,1659.81,47220.98
2023-02-17 05:00:00+00:00,1659.81,1660.21,1654.08,1656.45,32216.61
2023-02-17 06:00:00+00:00,1656.45,1659.48,1654.4,1657.7,27108.83
2023-02-17 07:00:00+00:00,1657.7,1666.0,1652.35,1654.21,41405.73
2023-02-17 08:00:00+00:00,1654.21,1665.0,1649.28,1664.82,58804.68
2023-02-17 09:00:00+00:00,1664.82,1674.63,1661.1,1664.04,41002.39
2023-02-17 10:00:00+00:00,1664.04,1667.42,1661.26,1665.14,32684.92
2023-02-17 11:00:00+00:00,1665.14,1670.14,1664.23,1666.75,43171.26
2023-02-17 12:00:00+00:00,1666.75,1669.03,1664.89,1665.67,32447.95
2023-02-17 13:00:00+00:00,1665.67,1666.29,1658.22,1661.05,42688.76
2023-02-17 14:00:00+00:00,1661.05,1683.0,1647.0,1659.44,175540.44
2023-02-17 15:00:00+00:00,1659.44,1682.0,1658.47,1673.59,73471.47
2023-03-22 23:00:00+00:00,1725.95,1735.36,1724.47,1733.34,32369.39
2023-03-23 00:00:00+00:00,1733.34,1743.77,1729.08,1735.98,40685.01
2023-03-23 01:00:00+00:00,1735.98,1736.33,1728.66,1730.01,38848.36
2023-03-23 02:00:00+00:00,1730.01,1738.43,1728.55,1737.19,43598.98
2023-03-23 03:00:00+00:00,1737.19,1741.21,1735.31,1735.7,32443.95
2023-03-23 04:00:00+00:00,1735.7,1738.19,1729.2,1730.84,34638.48
2023-03-23 05:00:00+00:00,1730.84,1750.47,1729.53,1747.91,39917.14
2023-03-23 06:00:00+00:00,1747.91,1752.33,1744.64,1749.4,31657.83
2023-03-23 07:00:00+00:00,1749.4,1750.0,1743.75,1749.66,47366.8
2023-03-23 08:00:00+00:00,1749.66,1755.7,1747.12,1749.98,39184.69
2023-03-23 09:00:00+00:00,1749.98,1754.93,1747.8,1753.96,35412.61
2023-03-23 10:00:00+00:00,1753.96,1757.98,1749.2,1749.9,32950.41
2023-03-23 11:00:00+00:00,1749.9,1756.3,1744.17,1753.85,36263.89
2023-03-23 12:00:00+00:00,1753.85,1756.73,1749.31,1750.38,31025.55
2023-03-23 13:00:00+00:00,1750.38,1752.36,1740.99,1746.94,52189.74
2023-03-23 14:00:00+00:00,1746.94,1805.73,1743.79,1804.49,94172.34
2023-03-23 15:00:00+00:00,1804.49,1857.93,1802.29,1837.76,233101.59
2023-03-23 16:00:00+00:00,1837.76,1841.53,1822.34,1828.58,59487.49
2023-03-23 17:00:00+00:00,1828.58,1832.21,1815.41,1825.7,55834.11
2023-03-23 18:00:00+00:00,1825.7,1829.51,1793.06,1801.9,65238.45
2023-03-23 19:00:00+00:00,1801.9,1823.07,1793.19,1820.32,57854.54
2023-03-23 20:00:00+00:00,1820.32,1820.32,1805.55,1815.59,42675.15
2023-03-23 21:00:00+00:00,1815.59,1815.59,1803.96,1814.02,46474.88
2023-03-23 22:00:00+00:00,1814.02,1814.94,1803.31,1808.61,39844.17
2023-03-23 23:00:00+00:00,1808.61,1820.76,1807.22,1813.38,36706.52
2023-03-24 00:00:00+00:00,1813.38,1818.09,1808.93,1809.86,35863.19
2023-03-24 01:00:00+00:00,1809.86,1817.64,1806.3,1814.46,38225.38
2023-03-24 02:00:00+00:00,1814.46,1817.7,1808.59,1809.33,24223.67
2023-03-24 03:00:00+00:00,1809.33,1812.73,1808.72,1811.77,25892.48
2023-03-24 04:00:00+00:00,1811.77,1814.3,1802.64,1803.67,42069.05
2023-03-24 05:00:00+00:00,1803.67,1812.03,1803.31,1810.39,34579.79
2023-03-24 06:00:00+00:00,1810.39,1813.84,1809.65,1812.28,42868.74
2023-03-24 07:00:00+00:00,1812.28,1817.36,1808.44,1814.86,49889.38
2023-03-24 08:00:00+00:00,1814.86,1816.11,1786.49,1793.61,60116.92
2023-03-24 09:00:00+00:00,1793.61,1798.79,1781.28,1785.88,48519.98
2023-03-24 10:00:00+00:00,1785.88,1787.5,1776.0,1786.44,47406.32
2023-03-24 11:00:00+00:00,1786.44,1788.5,1723.91,1745.15,93278.84
2023-03-24 12:00:00+00:00,1745.15,1783.63,1741.34,1770.66,74471.1
2023-03-24 13:00:00+00:00,1770.66,1772.14,1746.22,1765.76,60499.56
2023-03-24 14:00:00+00:00,1765.76,1781.56,1754.55,1762.08,57927.08
2023-03-24 15:00:00+00:00,1762.08,1770.0,1752.11,1765.48,50389.02
2023-03-24 16:00:00+00:00,1765.48,1768.67,1759.06,1761.7,32704.24
2023-03-24 17:00:00+00:00,1761.7,1763.52,1724.74,1735.88,75595.29
2023-03-24 18:00:00+00:00,1735.88,1765.55,1735.08,1754.64,58941.03
2023-03-24 19:00:00+00:00,1754.64,1765.82,1751.0,1762.37,38186.55
2023-03-24 20:00:00+00:00,1762.37,1762.82,1738.81,1747.11,48358.51
2023-03-24 21:00:00+00:00,1747.11,1749.14,1727.59,1743.79,63042.81
2023-03-24 22:00:00+00:00,1743.79,1747.67,1740.24,1741.91,36460.26
2023-03-24 23:00:00+00:00,1741.91,1752.69,1740.68,1748.19,27714.4
2023-03-25 00:00:00+00:00,1748.19,1757.15,1745.2,1754.82,29009.73
2023-03-25 01:00:00+00:00,1754.82,1755.64,1747.58,1752.23,30908.97
2023-03-25 02:00:00+00:00,1752.23,1761.39,1751.57,1757.35,36676.54
2023-03-25 03:00:00+00:00,1757.35,1757.75,1752.73,1754.75,38348.26
2023-03-25 04:00:00+00:00,1754.75,1757.25,1748.34,1752.02,42993.33
2023-03-25 05:00:00+00:00,1752.02,1753.0,1740.57,1743.17,56234.85
2023-03-25 06:00:00+00:00,1743.17,1750.57,1740.69,1747.57,32461.83
2023-03-25 07:00:00+00:00,1747.57,1751.41,1745.85,1745.86,31744.21
2023-03-25 08:00:00+00:00,1745.86,1748.98,1735.0,1742.22,42101.81
2023-03-25 09:00:00+00:00,1742.22,1749.29,1739.31,1746.93,35487.65
2023-03-25 10:00:00+00:00,1746.93,1749.0,1740.68,1745.62,35379.83
2023-03-25 11:00:00+00:00,1745.62,1748.94,1742.14,1744.0,34501.66
2023-03-25 12:00:00+00:00,1744.0,1745.32,1737.62,1743.97,37406.06
2023-03-25 13:00:00+00:00,1743.97,1757.46,1739.34,1752.71,41068.36
2023-03-25 14:00:00+00:00,1752.71,1756.12,1746.65,1747.07,28445.25
2023-03-25 15:00:00+00:00,1747.07,1762.0,1743.42,1753.55,48624.06
2023-03-25 16:00:00+00:00,1753.55,1756.45,1751.29,1751.94,41084.54
2023-03-25 17:00:00+00:00,1751.94,1753.12,1739.61,1743.05,43537.52
2023-03-25 18:00:00+00:00,1743.05,1744.98,1736.12,1737.45,36213.32
2023-03-25 19:00:00+00:00,1737.45,1737.54,1714.23,1716.01,63082.36
2023-03-25 20:00:00+00:00,1716.01,1734.02,1712.49,1729.12,41575.75
2023-03-25 21:00:00+00:00,1729.12,1735.68,1726.99,1731.42,37366.73
2023-03-25 22:00:00+00:00,1731.42,1742.34,1729.91,1736.74,27620.78
2023-03-25 23:00:00+00:00,1736.74,1741.21,1734.52,1740.9,32870.13
2023-03-26 00:00:00+00:00,1740.9,1755.57,1737.91,1749.56,48069.43
2023-03-26 01:00:00+00:00,1749.56,1754.0,1746.7,1750.0,29565.85
2023-03-26 02:00:00+00:00,1750.0,1752.87,1749.05,1751.21,16345.75
2023-03-26 03:00:00+00:00,1751.21,1753.46,1746.49,1748.07,18894.31
2023-03-26 04:00:00+00:00,1748.07,1748.7,1744.77,1747.61,21678.22
2023-03-26 05:00:00+00:00,1747.61,1752.83,1745.0,1751.63,29626.24
2023-03-26 06:00:00+00:00,1751.63,1754.05,1748.9,1750.09,30474.03
2023-03-26 07:00:00+00:00,1750.09,1753.83,1749.41,1751.06,28764.87
2023-03-26 08:00:00+00:00,1751.06,1787.87,1748.27,1774.45,103734.97
2023-03-26 09:00:00+00:00,1774.45,1782.1,1770.9,1774.78,46470.2
2023-03-26 10:00:00+00:00,1774.78,1775.0,1766.18,1771.41,42896.81
2023-03-26 11:00:00+00:00,1771.41,1782.47,1767.25,1777.62,47481.54
2023-03-26 12:00:00+00:00,1777.62,1781.93,1770.75,1775.41,45674.6
2023-03-26 13:00:00+00:00,1775.41,1800.54,1773.07,1795.93,67763.19
2023-03-26 14:00:00+00:00,1795.93,1796.61,1752.29,1762.99,103348.88
2023-03-26 15:00:00+00:00,1762.99,1768.7,1759.55,1762.77,34737.21
2023-03-26 16:00:00+00:00,1762.77,1767.0,1754.03,1755.84,32419.89
2023-03-26 17:00:00+00:00,1755.84,1767.31,1754.68,1765.74,34649.64
2023-03-26 18:00:00+00:00,1765.74,1770.81,1763.05,1765.01,25974.46
2023-03-26 19:00:00+00:00,1765.01,1768.58,1763.18,1765.05,31506.6
2023-03-26 20:00:00+00:00,1765.05,1768.7,1753.85,1759.26,39138.22
2023-03-26 21:00:00+00:00,1759.26,1763.53,1756.57,1763.14,39514.07
2023-03-26 22:00:00+00:00,1763.14,1778.66,1760.14,1774.92,38156.59
2023-03-26 23:00:00+00:00,1774.92,1781.38,1771.67,1772.81,34869.58
2023-03-27 00:00:00+00:00,1772.81,1779.57,1770.9,1777.61,27320.95
2023-03-27 01:00:00+00:00,1777.61,1778.99,1762.1,1762.28,28771.61
2023-03-27 02:00:00+00:00,1762.28,1764.56,1758.0,1764.22,32184.38
2023-03-27 03:00:00+00:00,1764.22,1766.32,1761.36,1764.13,29403.07
2023-03-27 04:00:00+00:00,1764.13,1766.56,1762.64,1763.05,22791.65
2023-03-27 05:00:00+00:00,1763.05,1764.12,1745.67,1749.28,34857.67
2023-03-27 06:00:00+00:00,1749.28,1753.72,1745.29,1752.32,32672.76
2023-03-27 07:00:00+00:00,1752.32,1754.55,1747.97,1751.01,26204.08
2023-03-27 08:00:00+00:00,1751.01,1757.9,1748.47,1755.42,30101.89
2023-03-27 09:00:00+00:00,1755.42,1764.15,1753.44,1762.49,43914.0
2023-03-27 10:00:00+00:00,1762.49,1765.86,1759.15,1764.17,42775.0
2023-03-27 11:00:00+00:00,1764.17,1769.67,1762.2,1764.89,45493.03
2023-03-27 12:00:00+00:00,1764.89,1768.69,1751.65,1754.93,50799.39
2023-03-27 13:00:00+00:00,1754.93,1763.39,1748.31,1753.9,47033.41
2023-03-27 14:00:00+00:00,1753.9,1756.52,1717.95,1717.95,85695.77
2023-03-27 15:00:00+00:00,1717.95,1719.3,1684.66,1710.09,180918.82
2023-03-27 16:00:00+00:00,1710.09,1731.15,1706.98,1716.61,87555.83
2023-03-27 17:00:00+00:00,1716.61,1720.28,1703.5,1706.75,48022.84
2023-03-27 18:00:00+00:00,1706.75,1717.61,1705.19,1713.22,33279.59
2023-03-27 19:00:00+00:00,1713.22,1718.37,1700.12,1703.11,34341.3
2023-03-27 20:00:00+00:00,1703.11,1707.98,1695.03,1706.57,29362.02
2023-03-27 21:00:00+00:00,1706.57,1716.1,1705.0,1711.69,31765.7
2023-03-27 22:00:00+00:00,1711.69,1713.62,1705.9,1708.17,22116.06
2023-03-27 23:00:00+00:00,1708.17,1715.55,1706.0,1713.63,22900.98
2023-03-28 00:00:00+00:00,1713.63,1717.75,1705.1,1706.51,31137.34
2023-03-28 01:00:00+00:00,1706.51,1725.73,1700.3,1715.81,40671.74
2023-03-28 02:00:00+00:00,1715.81,1717.78,1708.65,1712.68,31208.96
2023-03-28 03:00:00+00:00,1712.68,1712.9,1707.72,1710.67,27808.87
2023-03-28 04:00:00+00:00,1710.67,1717.13,1708.73,1717.06,28921.0
2023-03-28 05:00:00+00:00,1717.06,1723.17,1712.99,1723.03,35208.55
2023-03-28 06:00:00+00:00,1723.03,1734.38,1722.61,1730.33,50486.57
2023-03-28 07:00:00+00:00,1730.33,1732.65,1721.93,1723.02,30083.96
2023-03-28 08:00:00+00:00,1723.02,1728.05,1720.24,1726.69,30845.78
2023-03-28 09:00:00+00:00,1726.69,1727.55,1715.51,1718.31,41238.48
2023-03-28 10:00:00+00:00,1718.31,1721.39,1708.95,1716.36,43977.81
2023-03-28 11:00:00+00:00,1716.36,1753.55,1716.29,1744.31,70447.37
2023-03-28 12:00:00+00:00,1744.31,1749.88,1729.38,1735.78,48206.49
2023-03-28 13:00:00+00:00,1735.78,1743.33,1729.67,1736.26,49245.65
2023-03-28 14:00:00+00:00,1736.26,1750.44,1734.51,1738.77,52814.4
2023-03-28 15:00:00+00:00,1738.77,1744.78,1735.81,1742.78,38271.14
2023-03-28 16:00:00+00:00,1742.78,1745.59,1731.65,1734.23,53355.54
2023-03-28 17:00:00+00:00,1734.23,1738.56,1726.51,1735.29,42734.37
2023-03-28 18:00:00+00:00,1735.29,1780.51,1734.39,1776.47,61550.1
2023-03-28 19:00:00+00:00,1776.47,1795.65,1766.67,1785.24,69001.27
2023-03-28 20:00:00+00:00,1785.24,1789.86,1770.92,1773.98,53696.0
2023-03-28 21:00:00+00:00,1773.98,1775.18,1761.43,1768.63,44608.45
2023-03-28 22:00:00+00:00,1768.63,1772.88,1766.28,1770.19,26395.48
2023-03-28 23:00:00+00:00,1770.19,1777.33,1770.19,1772.25,34137.19
2023-03-29 00:00:00+00:00,1772.25,1777.8,1772.11,1774.59,34527.67
2023-03-29 01:00:00+00:00,1774.59,1788.8,1774.59,1778.07,38446.1
2023-03-29 02:00:00+00:00,1778.07,1782.37,1776.9,1779.03,37794.13
2023-03-29 03:00:00+00:00,1779.03,1780.13,1774.45,1777.66,31110.46
2023-03-29 04:00:00+00:00,1777.66,1798.57,1777.63,1791.47,51559.12
2023-03-29 05:00:00+00:00,1791.47,1795.28,1787.76,1789.21,33572.06
2023-03-29 06:00:00+00:00,1789.21,1818.85,1786.37,1804.99,80283.9
2023-03-29 07:00:00+00:00,1804.99,1811.5,1802.83,1804.83,33452.03
2023-03-29 08:00:00+00:00,1804.83,1828.6,1799.47,1820.79,77266.27
2023-03-29 09:00:00+00:00,1820.79,1824.99,1814.2,1814.48,43823.73
2023-03-29 10:00:00+00:00,1814.48,1817.9,1807.84,1811.08,35737.16
2023-03-29 11:00:00+00:00,1811.08,1812.07,1805.0,1811.37,45061.49
2023-03-29 12:00:00+00:00,1811.37,1812.96,1801.47,1810.78,45978.86
2023-03-29 13:00:00+00:00,1810.78,1815.36,1803.98,1809.98,38901.02
2023-03-29 14:00:00+00:00,1809.98,1816.34,1792.27,1796.32,53540.16
2023-03-29 15:00:00+00:00,1796.32,1809.37,1794.06,1807.52,38645.51
2023-03-29 16:00:00+00:00,1807.52,1808.4,1791.75,1793.29,38935.74
2023-03-29 17:00:00+00:00,1793.29,1803.44,1792.03,1798.49,40676.13
2023-03-29 18:00:00+00:00,1798.49,1806.44,1795.69,1803.9,29529.86
2023-03-29 19:00:00+00:00,1803.9,1812.07,1801.94,1808.25,40805.34
2023-03-29 20:00:00+00:00,1808.25,1809.25,1801.83,1803.19,31131.03
2023-03-29 21:00:00+00:00,1803.19,1805.84,1793.53,1793.98,43091.1
2023-03-29 22:00:00+00:00,1793.98,1795.88,1782.35,1790.12,53377.41
2023-03-29 23:00:00+00:00,1790.12,1797.5,1789.36,1793.07,41014.57
2023-03-30 00:00:00+00:00,1793.07,1799.13,1776.0,1784.7,52071.55
2023-03-30 01:00:00+00:00,1784.7,1793.4,1781.1,1790.71,36751.7
2023-03-30 02:00:00+00:00,1790.71,1830.0,1790.17,1816.52,65376.7
2023-03-30 03:00:00+00:00,1816.52,1817.57,1766.0,1787.46,86918.22
2023-03-30 04:00:00+00:00,1787.46,1798.71,1785.27,1796.35,46001.37
2023-03-30 05:00:00+00:00,1796.35,1797.78,1790.53,1796.66,43657.17
2023-03-30 06:00:00+00:00,1796.66,1801.42,1792.58,1795.64,45932.88
2023-03-30 07:00:00+00:00,1795.64,1812.67,1794.14,1806.08,58410.07
2023-03-30 08:00:00+00:00,1806.08,1808.34,1798.1,1799.11,35719.85
2023-03-30 09:00:00+00:00,1799.11,1801.47,1793.16,1800.63,43223.8
2023-03-30 10:00:00+00:00,1800.63,1805.26,1797.98,1803.09,34914.68
2023-03-30 11:00:00+00:00,1803.09,1807.05,1801.48,1804.48,32960.03
2023-03-30 12:00:00+00:00,1804.48,1805.27,1796.64,1803.84,50421.21
2023-03-30 13:00:00+00:00,1803.84,1804.57,1793.57,1796.7,41611.81
2023-03-30 14:00:00+00:00,1796.7,1798.17,1786.09,1794.92,45001.73
2023-03-30 15:00:00+00:00,1794.92,1796.49,1783.98,1789.18,65319.93
2023-03-30 16:00:00+00:00,1789.18,1791.54,1778.75,1785.41,55124.0
2023-03-30 17:00:00+00:00,1785.41,1787.28,1762.78,1770.12,57774.89
2023-03-30 18:00:00+00:00,1770.12,1776.88,1767.75,1776.6,33373.45
2023-03-30 19:00:00+00:00,1776.6,1784.44,1775.81,1781.0,34460.23
2023-03-30 20:00:00+00:00,1781.0,1798.43,1778.92,1795.41,36182.58
2023-03-30 21:00:00+00:00,1795.41,1797.55,1790.53,1793.04,34624.19
2023-03-30 22:00:00+00:00,1793.04,1795.0,1781.94,1785.29,39370.0
2023-03-30 23:00:00+00:00,1785.29,1795.14,1782.1,1793.2,40196.83
2023-03-31 00:00:00+00:00,1793.2,1809.04,1789.39,1805.26,56337.95
2023-03-31 01:00:00+00:00,1805.26,1817.59,1800.03,1802.33,52912.19
2023-03-31 02:00:00+00:00,1802.33,1805.68,1799.04,1802.94,30916.1
2023-03-31 03:00:00+00:00,1802.94,1808.55,1802.38,1803.05,34964.79
2023-03-31 04:00:00+00:00,1803.05,1805.35,1799.88,1804.37,38323.68
2023-03-31 05:00:00+00:00,1804.37,1808.12,1792.23,1796.33,43582.5
2023-03-31 06:00:00+00:00,1796.33,1799.87,1795.04,1797.97,34882.54
2023-05-03 14:00:00+00:00,1855.69,1856.2,1844.87,1847.26,39400.0
2023-05-03 15:00:00+00:00,1847.26,1853.76,1843.21,1852.17,29288.12
2023-05-03 16:00:00+00:00,1852.17,1864.81,1849.92,1863.68,41928.0
2023-05-03 17:00:00+00:00,1863.68,1887.18,1859.33,1873.93,91615.46
2023-05-03 18:00:00+00:00,1873.93,1893.69,1865.74,1883.87,199550.63
2023-05-03 19:00:00+00:00,1883.87,1891.98,1866.22,1867.43,57720.57
2023-05-03 20:00:00+00:00,1867.43,1876.81,1856.91,1872.25,41036.57
2023-05-03 21:00:00+00:00,1872.25,1897.46,1871.78,1888.15,73007.45
2023-05-03 22:00:00+00:00,1888.15,1915.79,1888.15,1906.0,63858.93
2023-05-03 23:00:00+00:00,1906.0,1908.08,1898.0,1904.33,32698.64
2023-05-04 00:00:00+00:00,1904.33,1905.0,1895.38,1901.36,49081.5
2023-05-04 01:00:00+00:00,1901.36,1903.34,1897.01,1901.55,40294.53
2023-05-04 02:00:00+00:00,1901.55,1907.57,1897.75,1901.96,45072.84
2023-05-04 03:00:00+00:00,1901.96,1904.0,1897.98,1902.92,29819.87
2023-05-04 04:00:00+00:00,1902.92,1904.84,1900.0,1900.29,32256.21
2023-05-04 05:00:00+00:00,1900.29,1903.0,1897.11,1902.11,33481.4
2023-05-04 06:00:00+00:00,1902.11,1903.44,1896.4,1900.4,37648.99
2023-05-04 07:00:00+00:00,1900.4,1901.17,1896.09,1898.51,37743.46
2023-05-04 08:00:00+00:00,1898.51,1904.49,1896.58,1901.64,33543.87
2023-05-04 09:00:00+00:00,1901.64,1903.0,1898.56,1902.98,36432.28
2023-05-04 10:00:00+00:00,1902.98,1918.58,1901.33,1911.5,49450.95
2023-05-04 11:00:00+00:00,1911.5,1913.01,1902.7,1904.46,40193.1
2023-05-04 12:00:00+00:00,1904.46,1908.14,1893.34,1898.26,60557.01
2023-05-04 13:00:00+00:00,1898.26,1900.31,1876.57,1884.28,85668.59
2023-05-04 14:00:00+00:00,1884.28,1890.12,1882.83,1885.07,33937.22
2023-05-04 15:00:00+00:00,1885.07,1892.08,1884.51,1884.96,25106.41
2023-05-04 16:00:00+00:00,1884.96,1890.44,1878.86,1884.89,38937.81
2023-05-04 17:00:00+00:00,1884.89,1886.55,1876.99,1881.26,34760.78
2023-05-04 18:00:00+00:00,1881.26,1881.94,1866.41,1871.48,35789.83
2023-05-04 19:00:00+00:00,1871.48,1876.65,1865.4,1874.97,38736.24
2023-05-04 20:00:00+00:00,1874.97,1878.34,1872.08,1876.44,37782.96
2023-05-04 21:00:00+00:00,1876.44,1878.01,1869.62,1875.72,27360.61
2023-05-04 22:00:00+00:00,1875.72,1876.19,1868.54,1870.11,18154.52
2023-05-04 23:00:00+00:00,1870.11,1876.29,1869.89,1875.65,20258.7
2023-05-05 00:00:00+00:00,1875.65,1880.92,1874.63,1877.84,26590.03
2023-05-05 01:00:00+00:00,1877.84,1901.74,1875.67,1897.75,43633.41
2023-05-05 02:00:00+00:00,1897.75,1908.43,1891.78,1897.25,37251.42
2023-05-05 03:00:00+00:00,1897.25,1900.89,1893.33,1895.57,25443.68
2023-05-05 04:00:00+00:00,1895.57,1899.18,1895.1,1896.44,21478.66
2023-05-05 05:00:00+00:00,1896.44,1897.46,1892.2,1895.33,34123.5
2023-05-05 06:00:00+00:00,1895.33,1899.93,1895.0,1897.43,30415.51
2023-05-05 07:00:00+00:00,1897.43,1906.06,1891.53,1893.6,42227.89
2023-05-05 08:00:00+00:00,1893.6,1899.31,1893.16,1894.76,29961.94
2023-05-05 09:00:00+00:00,1894.76,1904.44,1894.17,1898.59,39044.55
2023-05-05 10:00:00+00:00,1898.59,1903.81,1897.43,1903.26,28187.22
2023-05-05 11:00:00+00:00,1903.26,1913.35,1899.52,1909.74,54434.13
2023-05-05 12:00:00+00:00,1909.74,1920.29,1888.25,1903.69,201861.22
2023-05-05 13:00:00+00:00,1903.69,1935.56,1898.31,1932.18,101215.47
2023-05-05 14:00:00+00:00,1932.18,1956.07,1932.18,1946.31,109511.6
2023-05-05 15:00:00+00:00,1946.31,1955.66,1939.96,1953.41,48913.83
2023-05-05 16:00:00+00:00,1953.41,2006.65,1953.41,1991.43,182694.22
2023-05-05 17:00:00+00:00,1991.43,1996.26,1985.82,1991.57,53252.87
2023-05-05 18:00:00+00:00,1991.57,1996.81,1968.98,1980.27,68055.43
2023-05-05 19:00:00+00:00,1980.27,1991.59,1975.01,1991.59,45585.64
2023-05-05 20:00:00+00:00,1991.59,1994.53,1984.57,1988.55,31947.01
2023-05-05 21:00:00+00:00,1988.55,1992.38,1984.87,1985.64,24028.28
2023-05-05 22:00:00+00:00,1985.64,1992.31,1985.25,1988.64,20825.19
2023-05-05 23:00:00+00:00,1988.64,1996.83,1988.18,1993.44,32147.72
2023-05-06 00:00:00+00:00,1993.44,2019.8,1992.57,2003.03,93359.54
2023-05-06 01:00:00+00:00,2003.03,2004.07,1980.83,1983.45,50868.28
2023-05-06 02:00:00+00:00,1983.45,1984.04,1973.94,1979.9,44635.18
2023-05-06 03:00:00+00:00,1979.9,1979.9,1963.75,1970.92,54112.92
2023-05-06 04:00:00+00:00,1970.92,1972.63,1962.34,1965.72,34460.73
2023-05-06 05:00:00+00:00,1965.72,1968.48,1958.03,1960.02,28495.94
2023-05-06 06:00:00+00:00,1960.02,1965.83,1956.0,1963.41,34478.58
2023-05-06 07:00:00+00:00,1963.41,1965.68,1956.59,1958.86,29455.62
2023-05-06 08:00:00+00:00,1958.86,1958.87,1921.56,1943.86,108878.76
2023-05-06 09:00:00+00:00,1943.86,1944.54,1935.07,1936.01,52380.51
2023-05-06 10:00:00+00:00,1936.01,1936.86,1921.5,1928.48,79036.99
2023-05-06 11:00:00+00:00,1928.48,1936.17,1926.78,1934.67,39967.07
2023-05-06 12:00:00+00:00,1934.67,1934.76,1903.67,1911.38,103817.07
2023-05-06 13:00:00+00:00,1911.38,1911.55,1890.51,1899.7,82882.47
2023-05-06 14:00:00+00:00,1899.7,1899.82,1853.42,1874.82,150503.65
2023-05-06 15:00:00+00:00,1874.82,1883.97,1859.41,1876.44,61948.26
2023-05-06 16:00:00+00:00,1876.44,1883.12,1874.79,1880.87,37011.95
2023-05-06 17:00:00+00:00,1880.87,1888.0,1878.7,1881.13,29201.06
2023-05-06 18:00:00+00:00,1881.13,1904.11,1880.62,1899.38,40564.86
2023-05-06 19:00:00+00:00,1899.38,1905.09,1895.75,1897.01,37514.69
2023-05-06 20:00:00+00:00,1897.01,1898.65,1892.53,1893.5,43981.99
2023-05-06 21:00:00+00:00,1893.5,1896.92,1882.28,1894.61,34969.29
2023-05-06 22:00:00+00:00,1894.61,1894.82,1890.44,1894.1,22874.73
2023-05-06 23:00:00+00:00,1894.1,1897.44,1891.47,1895.15,19802.41
2023-05-07 00:00:00+00:00,1895.15,1907.27,1892.27,1904.0,28571.9
2023-05-07 01:00:00+00:00,1904.0,1917.19,1893.4,1898.59,58406.97
2023-05-07 02:00:00+00:00,1898.59,1902.92,1888.01,1890.81,38933.64
2023-05-07 03:00:00+00:00,1890.81,1893.42,1885.92,1891.85,30398.75
2023-05-07 04:00:00+00:00,1891.85,1894.79,1889.0,1894.09,25444.47
2023-05-07 05:00:00+00:00,1894.09,1902.22,1893.08,1897.86,33386.65
2023-05-07 06:00:00+00:00,1897.86,1902.5,1895.9,1900.26,43477.05
2023-05-07 07:00:00+00:00,1900.26,1907.95,1900.26,1904.89,48013.3
2023-05-07 08:00:00+00:00,1904.89,1912.0,1902.84,1902.87,53501.31
2023-05-07 09:00:00+00:00,1902.87,1909.33,1898.36,1903.29,40018.28
2023-05-07 10:00:00+00:00,1903.29,1906.0,1899.28,1904.23,26149.92
2023-05-07 11:00:00+00:00,1904.23,1906.45,1895.22,1900.9,39911.66
2023-05-07 12:00:00+00:00,1900.9,1912.93,1900.9,1910.0,38685.9
2023-05-07 13:00:00+00:00,1910.0,1920.0,1908.0,1912.5,46402.99
2023-05-07 14:00:00+00:00,1912.5,1932.33,1908.1,1926.83,67629.03
2023-05-07 15:00:00+00:00,1926.83,1927.47,1913.72,1916.21,32658.85
2023-05-07 16:00:00+00:00,1916.21,1919.85,1905.72,1913.65,51872.1
2023-05-07 17:00:00+00:00,1913.65,1922.15,1909.06,1911.46,38672.04
2023-05-07 18:00:00+00:00,1911.46,1916.78,1908.8,1908.89,34021.41
2023-05-07 19:00:00+00:00,1908.89,1914.75,1902.63,1913.04,37422.87
2023-05-07 20:00:00+00:00,1913.04,1918.48,1913.03,1917.94,25766.77
2023-05-07 21:00:00+00:00,1917.94,1922.0,1907.5,1907.52,37702.23
2023-05-07 22:00:00+00:00,1907.52,1916.16,1901.35,1907.6,41618.62
2023-05-07 23:00:00+00:00,1907.6,1913.43,1866.99,1869.36,137300.85
2023-05-08 00:00:00+00:00,1869.36,1883.56,1859.58,1880.41,79637.51
2023-05-08 01:00:00+00:00,1880.41,1881.04,1838.36,1852.2,112437.13
2023-05-08 02:00:00+00:00,1852.2,1859.51,1845.51,1858.31,48641.11
2023-05-08 03:00:00+00:00,1858.31,1866.08,1849.14,1864.56,37354.33
2023-05-08 04:00:00+00:00,1864.56,1868.5,1856.36,1857.64,45614.91
2023-05-08 05:00:00+00:00,1857.64,1868.67,1856.91,1866.57,26055.87
2023-05-08 06:00:00+00:00,1866.57,1866.58,1857.78,1861.64,28128.23
2023-05-08 07:00:00+00:00,1861.64,1862.9,1836.99,1850.13,70684.04
2023-05-08 08:00:00+00:00,1850.13,1854.04,1833.59,1841.13,65218.19
2023-05-08 09:00:00+00:00,1841.13,1856.7,1838.38,1855.65,47500.53
2023-05-08 10:00:00+00:00,1855.65,1857.72,1852.56,1855.69,24975.33
2023-05-08 11:00:00+00:00,1855.69,1864.22,1853.18,1861.3,40237.8
2023-05-08 12:00:00+00:00,1861.3,1862.0,1852.38,1853.87,35495.81
2023-05-08 13:00:00+00:00,1853.87,1872.85,1851.51,1857.16,41468.15
2023-05-08 14:00:00+00:00,1857.16,1867.69,1846.27,1866.57,48536.71
2023-05-08 15:00:00+00:00,1866.57,1875.55,1860.32,1864.0,65306.88
2023-05-08 16:00:00+00:00,1864.0,1865.58,1855.84,1858.2,41394.79
2023-05-08 17:00:00+00:00,1858.2,1861.37,1824.51,1824.71,84383.97
2023-05-08 18:00:00+00:00,1824.71,1833.33,1809.95,1829.68,137689.78
2023-05-08 19:00:00+00:00,1829.68,1839.29,1826.23,1828.01,52682.78
2023-05-08 20:00:00+00:00,1828.01,1841.72,1825.51,1839.67,44557.41
2023-05-08 21:00:00+00:00,1839.67,1848.76,1832.62,1839.34,53031.45
2023-05-08 22:00:00+00:00,1839.34,1846.42,1838.01,1846.13,30080.77
2023-05-08 23:00:00+00:00,1846.13,1848.07,1841.21,1846.15,27201.51
2023-05-09 00:00:00+00:00,1846.15,1846.29,1839.57,1841.46,32876.41
2023-05-09 01:00:00+00:00,1841.46,1856.09,1840.44,1848.96,48994.41
2023-05-09 02:00:00+00:00,1848.96,1849.05,1836.25,1845.27,24385.17
2023-05-09 03:00:00+00:00,1845.27,1845.52,1839.5,1842.44,20591.13
2023-05-09 04:00:00+00:00,1842.44,1843.99,1838.71,1839.36,22275.08
2023-05-09 05:00:00+00:00,1839.36,1843.7,1836.7,1839.57,21556.68
2023-05-09 06:00:00+00:00,1839.57,1841.1,1830.0,1837.75,34353.24
2023-05-09 07:00:00+00:00,1837.75,1848.89,1833.71,1847.27,36578.22
2023-05-09 08:00:00+00:00,1847.27,1847.88,1837.56,1839.81,30571.2
2023-05-09 09:00:00+00:00,1839.81,1842.33,1837.49,1838.66,34246.23
2023-05-09 10:00:00+00:00,1838.66,1846.03,1838.31,1840.79,36921.35
2023-05-09 11:00:00+00:00,1840.79,1848.0,1833.48,1845.57,37570.3
2023-05-09 12:00:00+00:00,1845.57,1852.84,1843.45,1846.44,37182.53
2023-05-09 13:00:00+00:00,1846.44,1850.65,1837.06,1841.77,48013.52
2023-05-09 14:00:00+00:00,1841.77,1850.41,1833.24,1842.42,40396.24
2023-05-09 15:00:00+00:00,1842.42,1846.56,1835.18,1838.74,42634.55
2023-05-09 16:00:00+00:00,1838.74,1852.95,1834.84,1852.51,53290.23
2023-05-09 17:00:00+00:00,1852.51,1857.12,1842.7,1845.77,43076.22
2023-05-09 18:00:00+00:00,1845.77,1848.38,1838.11,1841.45,21933.05
2023-05-09 19:00:00+00:00,1841.45,1851.74,1840.79,1851.24,21847.06
2023-05-09 20:00:00+00:00,1851.24,1860.43,1843.75,1847.77,56840.8
2023-05-09 21:00:00+00:00,1847.77,1848.61,1840.67,1841.56,22216.37
2023-05-09 22:00:00+00:00,1841.56,1843.04,1840.21,1842.75,26930.76
2023-05-09 23:00:00+00:00,1842.75,1848.71,1842.75,1845.4,41893.65
2023-05-10 00:00:00+00:00,1845.4,1854.68,1845.22,1850.08,40383.73
2023-05-10 01:00:00+00:00,1850.08,1857.82,1847.22,1847.94,37220.51
2023-05-10 02:00:00+00:00,1847.94,1848.82,1843.0,1843.26,41712.43
2023-05-10 03:00:00+00:00,1843.26,1846.0,1841.15,1843.01,27979.33
2023-05-10 04:00:00+00:00,1843.01,1845.44,1840.13,1844.74,36433.96
2023-05-10 05:00:00+00:00,1844.74,1848.0,1841.98,1842.43,22682.63
2023-05-10 06:00:00+00:00,1842.43,1842.43,1832.87,1841.57,54316.71
2023-05-10 07:00:00+00:00,1841.57,1843.84,1837.34,1837.59,43033.47
2023-05-10 08:00:00+00:00,1837.59,1841.0,1834.34,1836.98,27190.11
2023-05-10 09:00:00+00:00,1836.98,1840.25,1833.38,1838.97,22314.14
2023-05-10 10:00:00+00:00,1838.97,1843.51,1837.67,1842.1,39222.62
2023-05-10 11:00:00+00:00,1842.1,1849.54,1841.54,1849.15,22959.52
2023-05-10 12:00:00+00:00,1849.15,1879.71,1845.47,1875.54,227659.35
2023-05-10 13:00:00+00:00,1875.54,1885.87,1867.24,1873.62,82343.38
2023-05-10 14:00:00+00:00,1873.62,1880.97,1865.24,1869.56,60064.23
2023-05-10 15:00:00+00:00,1869.56,1876.9,1867.49,1871.5,50558.37
2023-05-10 16:00:00+00:00,1871.5,1878.67,1870.94,1871.72,45089.87
2023-05-10 17:00:00+00:00,1871.72,1873.84,1785.35,1829.15,275935.26
2023-05-10 18:00:00+00:00,1829.15,1838.73,1823.25,1833.71,42073.06
2023-05-10 19:00:00+00:00,1833.71,1863.9,1831.92,1848.17,80648.89
2023-05-10 20:00:00+00:00,1848.17,1861.87,1845.44,1856.15,25742.7
2023-05-10 21:00:00+00:00,1856.15,1856.41,1824.99,1836.88,80528.95
2023-05-10 22:00:00+00:00,1836.88,1843.69,1833.9,1841.5,34682.53
2023-05-10 23:00:00+00:00,1841.5,1846.59,1835.58,1839.73,16667.66
2023-05-11 00:00:00+00:00,1839.73,1840.63,1825.96,1830.77,40747.93
2023-05-11 01:00:00+00:00,1830.77,1836.35,1826.19,1833.87,26868.15
2023-05-11 02:00:00+00:00,1833.87,1834.83,1828.94,1831.55,29924.08
2023-05-11 03:00:00+00:00,1831.55,1831.55,1820.56,1826.43,40519.52
2023-05-11 04:00:00+00:00,1826.43,1828.95,1823.8,1828.37,24380.53
2023-05-11 05:00:00+00:00,1828.37,1832.12,1824.18,1831.02,15948.76
2023-05-11 06:00:00+00:00,1831.02,1831.82,1826.61,1830.14,27343.32
2023-05-11 07:00:00+00:00,1830.14,1834.49,1825.98,1828.24,37811.53
2023-05-11 08:00:00+00:00,1828.24,1828.24,1806.09,1817.87,72545.17
2023-05-11 09:00:00+00:00,1817.87,1822.57,1816.37,1819.32,33626.35
2023-05-11 10:00:00+00:00,1819.32,1824.68,1818.22,1821.83,24292.28
2023-05-11 11:00:00+00:00,1821.83,1823.56,1817.62,1819.56,34507.83
2023-05-11 12:00:00+00:00,1819.56,1837.49,1814.43,1818.33,90349.22
2023-05-11 13:00:00+00:00,1818.33,1822.71,1799.99,1806.43,75785.45
2023-05-11 14:00:00+00:00,1806.43,1809.7,1783.73,1797.78,104727.5
2023-05-11 15:00:00+00:00,1797.78,1807.89,1794.11,1806.92,59876.88
2023-05-11 16:00:00+00:00,1806.92,1809.54,1801.83,1803.8,42698.32
2023-05-11 17:00:00+00:00,1803.8,1803.8,1770.38,1781.94,123746.49
2023-05-11 18:00:00+00:00,1781.94,1789.43,1775.68,1788.39,48432.06
2023-05-11 19:00:00+00:00,1788.39,1796.38,1774.99,1783.82,67620.74
2023-05-11 20:00:00+00:00,1783.82,1798.34,1781.45,1794.3,45951.67
2023-05-11 21:00:00+00:00,1794.3,1799.72,1790.82,1792.12,42932.49
2023-06-14 05:00:00+00:00,1740.92,1741.46,1735.63,1737.03,31343.69
2023-06-14 06:00:00+00:00,1737.03,1740.09,1736.32,1739.78,34835.68
2023-06-14 07:00:00+00:00,1739.78,1741.17,1737.5,1740.02,33763.24
2023-06-14 08:00:00+00:00,1740.02,1745.07,1739.6,1742.88,37822.1
2023-06-14 09:00:00+00:00,1742.88,1746.17,1742.02,1744.04,36311.36
2023-06-14 10:00:00+00:00,1744.04,1746.23,1742.39,1745.92,21582.31
2023-06-14 11:00:00+00:00,1745.92,1749.09,1743.97,1744.95,31182.32
2023-06-14 12:00:00+00:00,1744.95,1748.28,1742.1,1744.42,45730.66
2023-06-14 13:00:00+00:00,1744.42,1744.87,1736.0,1739.88,42843.42
2023-06-14 14:00:00+00:00,1739.88,1742.21,1737.7,1740.28,36269.81
2023-06-14 15:00:00+00:00,1740.28,1742.97,1735.9,1739.45,36496.52
2023-06-14 16:00:00+00:00,1739.45,1741.57,1736.82,1737.0,30864.05
2023-06-14 17:00:00+00:00,1737.0,1744.2,1729.71,1742.45,39387.21
2023-06-14 18:00:00+00:00,1742.45,1746.32,1719.35,1732.61,153795.7
2023-06-14 19:00:00+00:00,1732.61,1738.54,1725.51,1727.2,41365.1
2023-06-14 20:00:00+00:00,1727.2,1727.68,1625.68,1636.72,321304.53
2023-06-14 21:00:00+00:00,1636.72,1654.86,1629.81,1653.13,84692.91
2023-06-14 22:00:00+00:00,1653.13,1654.49,1645.75,1648.71,45899.77
2023-06-14 23:00:00+00:00,1648.71,1652.0,1644.5,1649.57,46437.35
2023-06-15 00:00:00+00:00,1649.57,1654.47,1647.74,1654.03,38313.27
2023-06-15 01:00:00+00:00,1654.03,1654.15,1642.04,1647.8,39851.42
2023-06-15 02:00:00+00:00,1647.8,1652.23,1647.8,1649.19,36683.75
2023-06-15 03:00:00+00:00,1649.19,1652.0,1647.26,1650.49,23291.13
2023-06-15 04:00:00+00:00,1650.49,1651.85,1644.26,1648.99,27675.22
2023-06-15 05:00:00+00:00,1648.99,1650.02,1641.12,1646.5,34140.81
2023-06-15 06:00:00+00:00,1646.5,1647.63,1632.61,1635.75,38429.1
2023-06-15 07:00:00+00:00,1635.75,1642.28,1630.56,1638.8,44889.93
2023-06-15 08:00:00+00:00,1638.8,1642.97,1637.82,1638.49,34400.36
2023-06-15 09:00:00+00:00,1638.49,1639.88,1626.0,1635.68,44021.93
2023-06-15 10:00:00+00:00,1635.68,1640.69,1633.0,1634.92,26205.47
2023-06-15 11:00:00+00:00,1634.92,1644.23,1630.3,1641.85,35662.51
2023-06-15 12:00:00+00:00,1641.85,1643.25,1634.8,1639.52,49184.23
2023-06-15 13:00:00+00:00,1639.52,1651.38,1637.32,1646.82,62613.34
2023-06-15 14:00:00+00:00,1646.82,1647.87,1641.25,1643.15,45032.87
2023-06-15 15:00:00+00:00,1643.15,1645.05,1639.86,1641.14,27171.12
2023-06-15 16:00:00+00:00,1641.14,1642.61,1637.66,1640.41,25315.0
2023-06-15 17:00:00+00:00,1640.41,1650.58,1632.7,1649.15,49424.57
2023-06-15 18:00:00+00:00,1649.15,1668.24,1646.29,1668.2,70581.67
2023-06-15 19:00:00+00:00,1668.2,1671.09,1661.86,1667.96,50595.69
2023-06-15 20:00:00+00:00,1667.96,1669.86,1653.38,1669.14,55360.38
2023-06-15 21:00:00+00:00,1669.14,1679.79,1664.66,1665.13,72839.93
2023-06-15 22:00:00+00:00,1665.13,1667.13,1662.89,1663.79,40433.2
2023-06-15 23:00:00+00:00,1663.79,1666.3,1661.09,1665.51,33469.58
2023-06-16 00:00:00+00:00,1665.51,1665.51,1659.49,1660.87,30374.99
2023-06-16 01:00:00+00:00,1660.87,1665.1,1658.32,1661.86,27362.78
2023-06-16 02:00:00+00:00,1661.86,1664.7,1660.35,1664.49,29407.47
2023-06-16 03:00:00+00:00,1664.49,1668.42,1663.56,1665.71,26565.21
2023-06-16 04:00:00+00:00,1665.71,1673.12,1665.18,1666.66,27450.25
2023-06-16 05:00:00+00:00,1666.66,1672.69,1666.5,1671.57,39192.75
2023-06-16 06:00:00+00:00,1671.57,1673.8,1670.51,1670.65,47290.66
2023-06-16 07:00:00+00:00,1670.65,1671.74,1668.89,1669.81,38928.6
2023-06-16 08:00:00+00:00,1669.81,1676.2,1669.19,1669.19,40028.96
2023-06-16 09:00:00+00:00,1669.19,1671.86,1668.66,1669.27,24681.88
2023-06-16 10:00:00+00:00,1669.27,1670.53,1667.0,1669.72,26685.84
2023-06-16 11:00:00+00:00,1669.72,1670.62,1662.3,1663.14,38172.82
2023-06-16 12:00:00+00:00,1663.14,1668.36,1662.72,1666.05,38716.23
2023-06-16 13:00:00+00:00,1666.05,1672.44,1661.45,1662.08,43403.71
2023-06-16 14:00:00+00:00,1662.08,1676.95,1648.2,1670.34,83065.86
2023-06-16 15:00:00+00:00,1670.34,1686.14,1663.33,1681.16,108316.69
2023-06-16 16:00:00+00:00,1681.16,1688.37,1676.27,1684.87,99630.85
2023-06-16 17:00:00+00:00,1684.87,1702.25,1683.19,1697.24,73608.02
2023-06-16 18:00:00+00:00,1697.24,1728.48,1693.63,1716.33,97749.91
2023-06-16 19:00:00+00:00,1716.33,1721.79,1711.79,1721.23,40108.62
2023-06-16 20:00:00+00:00,1721.23,1727.9,1717.69,1726.37,29326.56
2023-06-16 21:00:00+00:00,1726.37,1727.33,1714.73,1715.88,38372.57
2023-06-16 22:00:00+00:00,1715.88,1719.2,1715.88,1719.07,29463.04
2023-06-16 23:00:00+00:00,1719.07,1719.2,1714.41,1716.78,28868.69
2023-06-17 00:00:00+00:00,1716.78,1718.34,1714.58,1715.47,28133.18
2023-06-17 01:00:00+00:00,1715.47,1717.7,1713.04,1714.16,24003.41
2023-06-17 02:00:00+00:00,1714.16,1720.88,1713.6,1719.76,35725.45
2023-06-17 03:00:00+00:00,1719.76,1721.05,1717.18,1717.62,29517.61
2023-06-17 04:00:00+00:00,1717.62,1726.22,1716.25,1725.81,22663.29
2023-06-17 05:00:00+00:00,1725.81,1773.95,1723.77,1758.17,108616.6
2023-06-17 06:00:00+00:00,1758.17,1761.13,1745.86,1746.75,58698.73
2023-06-17 07:00:00+00:00,1746.75,1748.93,1741.03,1743.73,41780.04
2023-06-17 08:00:00+00:00,1743.73,1746.27,1740.3,1742.96,35532.02
2023-06-17 09:00:00+00:00,1742.96,1745.34,1741.67,1741.93,32549.26
2023-06-17 10:00:00+00:00,1741.93,1744.97,1741.67,1742.71,30726.75
2023-06-17 11:00:00+00:00,1742.71,1744.11,1732.97,1737.32,45126.13
2023-06-17 12:00:00+00:00,1737.32,1740.08,1729.26,1738.47,45582.3
2023-06-17 13:00:00+00:00,1738.47,1741.07,1737.68,1738.42,35618.32
2023-06-17 14:00:00+00:00,1738.42,1738.46,1731.47,1733.98,31273.21
2023-06-17 15:00:00+00:00,1733.98,1735.32,1716.0,1726.47,53337.54
2023-06-17 16:00:00+00:00,1726.47,1731.34,1723.38,1728.73,41969.43
2023-06-17 17:00:00+00:00,1728.73,1730.0,1720.24,1722.76,30971.35
2023-06-17 18:00:00+00:00,1722.76,1730.74,1721.57,1729.43,28268.58
2023-06-17 19:00:00+00:00,1729.43,1729.43,1725.37,1726.99,24491.01
2023-06-17 20:00:00+00:00,1726.99,1728.55,1721.5,1727.33,23638.48
2023-06-17 21:00:00+00:00,1727.33,1728.62,1726.01,1727.0,26084.98
2023-06-17 22:00:00+00:00,1727.0,1731.48,1727.0,1729.04,32241.31
2023-06-17 23:00:00+00:00,1729.04,1730.4,1725.94,1726.51,30284.21
2023-06-18 00:00:00+00:00,1726.51,1727.04,1719.14,1723.81,39236.61
2023-06-18 01:00:00+00:00,1723.81,1727.21,1722.76,1726.94,33186.92
2023-06-18 02:00:00+00:00,1726.94,1727.55,1723.8,1723.88,22624.62
2023-06-18 03:00:00+00:00,1723.88,1729.0,1723.36,1727.95,24457.41
2023-06-18 04:00:00+00:00,1727.95,1729.77,1726.86,1728.41,31245.82
2023-06-18 05:00:00+00:00,1728.41,1737.68,1725.36,1726.34,45515.0
2023-06-18 06:00:00+00:00,1726.34,1730.0,1720.73,1726.6,40751.24
2023-06-18 07:00:00+00:00,1726.6,1733.27,1726.51,1728.96,33653.26
2023-06-18 08:00:00+00:00,1728.96,1730.23,1725.15,1727.17,27836.73
2023-06-18 09:00:00+00:00,1727.17,1732.73,1725.57,1732.28,23737.65
2023-06-18 10:00:00+00:00,1732.28,1733.29,1728.72,1730.88,34874.1
2023-06-18 11:00:00+00:00,1730.88,1734.34,1729.47,1733.34,32593.14
2023-06-18 12:00:00+00:00,1733.34,1737.17,1729.05,1734.78,31594.56
2023-06-18 13:00:00+00:00,1734.78,1738.99,1731.71,1731.96,34681.16
2023-06-18 14:00:00+00:00,1731.96,1740.82,1730.17,1739.47,31089.13
2023-06-18 15:00:00+00:00,1739.47,1741.16,1734.67,1736.78,27060.45
2023-06-18 16:00:00+00:00,1736.78,1743.7,1734.91,1743.7,31880.4
2023-06-18 17:00:00+00:00,1743.7,1747.0,1740.16,1744.44,29405.75
2023-06-18 18:00:00+00:00,1744.44,1744.92,1736.99,1738.8,30732.31
2023-06-18 19:00:00+00:00,1738.8,1741.0,1737.08,1740.08,27750.93
2023-06-18 20:00:00+00:00,1740.08,1741.74,1719.68,1728.73,42358.98
2023-06-18 21:00:00+00:00,1728.73,1729.68,1722.33,1723.92,33749.83
2023-06-18 22:00:00+00:00,1723.92,1727.29,1721.47,1721.47,35536.48
2023-06-18 23:00:00+00:00,1721.47,1724.47,1711.05,1719.7,54798.01
2023-06-19 00:00:00+00:00,1719.7,1725.06,1713.1,1721.61,42421.8
2023-06-19 01:00:00+00:00,1721.61,1726.44,1720.01,1723.76,41982.96
2023-06-19 02:00:00+00:00,1723.76,1726.99,1723.53,1725.74,41891.99
2023-06-19 03:00:00+00:00,1725.74,1726.36,1720.37,1722.32,35231.99
2023-06-19 04:00:00+00:00,1722.32,1725.66,1718.77,1723.28,40487.59
2023-06-19 05:00:00+00:00,1723.28,1726.24,1722.47,1725.83,35311.15
2023-06-19 06:00:00+00:00,1725.83,1726.46,1723.0,1723.5,25171.3
2023-06-19 07:00:00+00:00,1723.5,1724.84,1721.39,1723.19,22998.94
2023-06-19 08:00:00+00:00,1723.19,1724.41,1719.63,1721.56,25068.19
2023-06-19 09:00:00+00:00,1721.56,1722.87,1718.79,1722.78,28487.18
2023-06-19 10:00:00+00:00,1722.78,1726.0,1719.54,1720.27,38968.88
2023-06-19 11:00:00+00:00,1720.27,1725.44,1719.52,1724.55,38880.12
2023-06-19 12:00:00+00:00,1724.55,1733.12,1723.76,1729.65,48942.12
2023-06-19 13:00:00+00:00,1729.65,1732.46,1726.56,1727.27,38074.99
2023-06-19 14:00:00+00:00,1727.27,1728.24,1715.0,1719.33,44700.16
2023-06-19 15:00:00+00:00,1719.33,1720.9,1714.48,1720.28,34556.78
2023-06-19 16:00:00+00:00,1720.28,1720.29,1697.8,1716.48,60994.9
2023-06-19 17:00:00+00:00,1716.48,1732.95,1715.0,1728.24,47544.63
2023-06-19 18:00:00+00:00,1728.24,1751.01,1709.74,1710.43,101972.45
2023-06-19 19:00:00+00:00,1710.43,1726.17,1701.36,1722.91,54900.33
2023-06-19 20:00:00+00:00,1722.91,1735.45,1721.33,1729.14,40444.83
2023-06-19 21:00:00+00:00,1729.14,1731.44,1723.98,1730.85,24570.0
2023-06-19 22:00:00+00:00,1730.85,1736.47,1729.43,1732.16,26080.19
2023-06-19 23:00:00+00:00,1732.16,1736.88,1732.16,1735.71,30323.48
2023-06-20 00:00:00+00:00,1735.71,1744.38,1733.46,1741.28,42196.06
2023-06-20 01:00:00+00:00,1741.28,1748.42,1731.94,1732.82,53275.35
2023-06-20 02:00:00+00:00,1732.82,1735.6,1730.68,1734.38,38107.39
2023-06-20 03:00:00+00:00,1734.38,1735.95,1729.0,1729.39,31941.24
2023-06-20 04:00:00+00:00,1729.39,1731.74,1728.26,1730.22,23051.23
2023-06-20 05:00:00+00:00,1730.22,1733.12,1726.76,1727.41,34791.92
2023-06-20 06:00:00+00:00,1727.41,1728.69,1722.3,1728.01,45767.62
2023-06-20 07:00:00+00:00,1728.01,1729.0,1726.29,1728.61,34357.03
2023-06-20 08:00:00+00:00,1728.61,1728.93,1722.76,1724.38,39268.32
2023-06-20 09:00:00+00:00,1724.38,1730.21,1722.42,1727.47,37905.58
2023-06-20 10:00:00+00:00,1727.47,1731.75,1726.52,1728.89,29022.34
2023-06-20 11:00:00+00:00,1728.89,1733.61,1726.97,1733.11,22906.69
2023-06-20 12:00:00+00:00,1733.11,1737.55,1729.29,1730.39,36000.97
2023-06-20 13:00:00+00:00,1730.39,1731.88,1719.1,1722.18,41931.11
2023-06-20 14:00:00+00:00,1722.18,1723.73,1713.21,1718.73,53763.13
2023-06-20 15:00:00+00:00,1718.73,1735.13,1717.13,1731.22,46288.47
2023-06-20 16:00:00+00:00,1731.22,1746.86,1727.13,1744.02,74082.69
2023-06-20 17:00:00+00:00,1744.02,1778.55,1743.96,1767.73,125957.6
2023-06-20 18:00:00+00:00,1767.73,1791.46,1767.71,1781.97,98861.91
2023-06-20 19:00:00+00:00,1781.97,1784.25,1768.67,1781.75,55387.99
2023-06-20 20:00:00+00:00,1781.75,1790.27,1777.45,1784.69,47614.85
2023-06-20 21:00:00+00:00,1784.69,1787.04,1773.77,1776.91,48266.67
2023-06-20 22:00:00+00:00,1776.91,1787.17,1776.13,1784.9,41844.6
2023-06-20 23:00:00+00:00,1784.9,1796.9,1784.23,1792.07,53600.82
2023-06-21 00:00:00+00:00,1792.07,1807.52,1787.2,1799.19,75943.62
2023-06-21 01:00:00+00:00,1799.19,1828.13,1798.95,1808.75,93376.98
2023-06-21 02:00:00+00:00,1808.75,1812.31,1805.55,1810.84,36012.36
2023-06-21 03:00:00+00:00,1810.84,1812.43,1806.97,1811.41,35947.69
2023-06-21 04:00:00+00:00,1811.41,1818.71,1807.84,1816.38,43045.49
2023-06-21 05:00:00+00:00,1816.38,1822.5,1812.83,1821.06,34997.91
2023-06-21 06:00:00+00:00,1821.06,1823.43,1809.0,1812.7,38230.48
2023-06-21 07:00:00+00:00,1812.7,1814.08,1810.22,1812.6,36914.32
2023-06-21 08:00:00+00:00,1812.6,1812.89,1807.11,1808.91,33858.39
2023-06-21 09:00:00+00:00,1808.91,1815.0,1808.73,1812.92,31549.33
2023-06-21 10:00:00+00:00,1812.92,1822.54,1808.35,1812.19,33599.8
2023-06-21 11:00:00+00:00,1812.19,1833.87,1811.68,1829.67,65502.2
2023-06-21 12:00:00+00:00,1829.67,1839.0,1815.18,1815.53,74720.45
2023-06-21 13:00:00+00:00,1815.53,1839.64,1814.43,1832.86,60185.22
2023-06-21 14:00:00+00:00,1832.86,1849.0,1818.31,1843.52,103123.23
2023-06-21 15:00:00+00:00,1843.52,1858.33,1839.21,1849.35,79513.42
2023-06-21 16:00:00+00:00,1849.35,1901.72,1846.25,1870.48,146372.82
2023-06-21 17:00:00+00:00,1870.48,1878.73,1856.58,1872.11,69537.91
2023-06-21 18:00:00+00:00,1872.11,1882.02,1870.86,1875.92,50059.19
2023-06-21 19:00:00+00:00,1875.92,1883.25,1867.06,1882.47,38878.72
2023-06-21 20:00:00+00:00,1882.47,1888.42,1873.39,1879.79,41462.99
2023-06-21 21:00:00+00:00,1879.79,1886.67,1872.01,1875.24,44370.24
2023-06-21 22:00:00+00:00,1875.24,1895.51,1873.85,1893.34,38201.04
2023-06-21 23:00:00+00:00,1893.34,1901.69,1888.9,1888.97,35719.3
2023-06-22 00:00:00+00:00,1888.97,1921.66,1883.61,1915.85,58439.54
2023-06-22 01:00:00+00:00,1915.85,1925.58,1909.9,1912.07,56014.75
2023-06-22 02:00:00+00:00,1912.07,1933.71,1908.57,1930.01,72423.83
2023-06-22 03:00:00+00:00,1930.01,1930.77,1915.56,1918.26,50136.79
2023-06-22 04:00:00+00:00,1918.26,1919.27,1912.3,1919.11,50821.25
2023-06-22 05:00:00+00:00,1919.11,1919.25,1907.18,1911.1,40863.72
2023-06-22 06:00:00+00:00,1911.1,1911.61,1902.89,1909.47,27689.64
2023-06-22 07:00:00+00:00,1909.47,1912.13,1906.05,1910.76,28421.39
2023-06-22 08:00:00+00:00,1910.76,1911.99,1904.0,1907.96,29180.03
2023-06-22 09:00:00+00:00,1907.96,1912.52,1905.51,1907.26,27351.5
2023-06-22 10:00:00+00:00,1907.26,1911.78,1905.01,1905.71,36955.76
2023-06-22 11:00:00+00:00,1905.71,1906.59,1881.55,1886.78,83588.17
2023-06-22 12:00:00+00:00,1886.78,1898.93,1885.42,1897.82,52169.43
2023-07-25 20:00:00+00:00,1855.8,1861.17,1855.07,1860.89,27500.43
2023-07-25 21:00:00+00:00,1860.89,1863.63,1859.75,1860.17,23061.55
2023-07-25 22:00:00+00:00,1860.17,1862.02,1858.32,1858.36,21472.37
2023-07-25 23:00:00+00:00,1858.36,1859.35,1855.43,1856.34,22510.62
2023-07-26 00:00:00+00:00,1856.34,1857.72,1853.5,1854.5,27081.71
2023-07-26 01:00:00+00:00,1854.5,1855.26,1850.47,1852.7,21175.09
2023-07-26 02:00:00+00:00,1852.7,1858.5,1852.59,1858.49,27606.53
2023-07-26 03:00:00+00:00,1858.49,1865.93,1857.1,1857.23,40393.92
2023-07-26 04:00:00+00:00,1857.23,1857.38,1852.8,1853.73,27314.6
2023-07-26 05:00:00+00:00,1853.73,1858.5,1853.52,1858.12,20169.76
2023-07-26 06:00:00+00:00,1858.12,1859.79,1852.36,1852.94,22379.63
2023-07-26 07:00:00+00:00,1852.94,1854.93,1851.0,1851.99,31774.44
2023-07-26 08:00:00+00:00,1851.99,1854.66,1851.64,1853.14,26869.69
2023-07-26 09:00:00+00:00,1853.14,1854.38,1846.99,1848.85,40258.43
2023-07-26 10:00:00+00:00,1848.85,1851.64,1848.4,1850.73,25086.33
2023-07-26 11:00:00+00:00,1850.73,1851.89,1849.44,1849.79,22255.38
2023-07-26 12:00:00+00:00,1849.79,1854.97,1848.9,1854.06,30811.9
2023-07-26 13:00:00+00:00,1854.06,1857.54,1853.62,1857.0,32175.5
2023-07-26 14:00:00+00:00,1857.0,1859.43,1853.76,1856.51,31712.96
2023-07-26 15:00:00+00:00,1856.51,1860.17,1856.51,1859.42,28968.12
2023-07-26 16:00:00+00:00,1859.42,1863.13,1856.67,1857.91,40437.34
2023-07-26 17:00:00+00:00,1857.91,1859.37,1853.84,1855.92,32395.11
2023-07-26 18:00:00+00:00,1855.92,1882.2,1854.12,1870.09,121792.1
2023-07-26 19:00:00+00:00,1870.09,1874.07,1855.78,1872.12,61470.01
2023-07-26 20:00:00+00:00,1872.12,1886.8,1870.56,1878.82,59738.37
2023-07-26 21:00:00+00:00,1878.82,1882.09,1867.68,1869.32,40911.33
2023-07-26 22:00:00+00:00,1869.32,1871.4,1865.02,1871.11,38225.43
2023-07-26 23:00:00+00:00,1871.11,1874.82,1865.79,1870.44,48063.15
2023-07-27 00:00:00+00:00,1870.44,1871.05,1865.83,1868.7,40067.06
2023-07-27 01:00:00+00:00,1868.7,1873.33,1867.84,1873.23,37728.87
2023-07-27 02:00:00+00:00,1873.23,1877.24,1870.43,1876.6,31289.14
2023-07-27 03:00:00+00:00,1876.6,1877.74,1874.63,1874.68,26770.03
2023-07-27 04:00:00+00:00,1874.68,1878.7,1874.68,1878.7,27389.94
2023-07-27 05:00:00+00:00,1878.7,1880.69,1876.76,1876.84,38857.56
2023-07-27 06:00:00+00:00,1876.84,1877.56,1872.26,1872.5,36930.83
2023-07-27 07:00:00+00:00,1872.5,1876.29,1863.82,1870.53,44931.08
2023-07-27 08:00:00+00:00,1870.53,1877.87,1868.43,1877.87,40782.03
2023-07-27 09:00:00+00:00,1877.87,1885.0,1876.69,1882.67,42410.06
2023-07-27 10:00:00+00:00,1882.67,1883.39,1875.77,1876.33,40184.98
2023-07-27 11:00:00+00:00,1876.33,1877.68,1874.38,1875.45,31747.73
2023-07-27 12:00:00+00:00,1875.45,1876.83,1872.56,1876.46,29315.84
2023-07-27 13:00:00+00:00,1876.46,1877.14,1871.82,1872.92,39821.41
2023-07-27 14:00:00+00:00,1872.92,1874.03,1867.43,1868.51,42822.36
2023-07-27 15:00:00+00:00,1868.51,1871.26,1862.54,1867.44,42649.08
2023-07-27 16:00:00+00:00,1867.44,1867.85,1864.85,1865.97,32319.38
2023-07-27 17:00:00+00:00,1865.97,1867.42,1861.23,1864.2,27923.63
2023-07-27 18:00:00+00:00,1864.2,1865.46,1854.64,1858.4,52153.38
2023-07-27 19:00:00+00:00,1858.4,1861.35,1853.72,1859.38,40622.37
2023-07-27 20:00:00+00:00,1859.38,1860.9,1857.07,1857.43,32466.16
2023-07-27 21:00:00+00:00,1857.43,1860.43,1855.8,1857.71,30597.34
2023-07-27 22:00:00+00:00,1857.71,1860.66,1855.44,1855.44,22941.58
2023-07-27 23:00:00+00:00,1855.44,1860.27,1853.58,1859.86,26409.15
2023-07-28 00:00:00+00:00,1859.86,1863.34,1859.47,1860.69,35294.69
2023-07-28 01:00:00+00:00,1860.69,1863.19,1859.05,1862.4,31116.78
2023-07-28 02:00:00+00:00,1862.4,1862.81,1858.56,1861.04,32891.87
2023-07-28 03:00:00+00:00,1861.04,1863.78,1858.68,1861.33,27598.3
2023-07-28 04:00:00+00:00,1861.33,1863.46,1859.33,1862.41,23951.74
2023-07-28 05:00:00+00:00,1862.41,1862.56,1855.22,1857.34,27439.28
2023-07-28 06:00:00+00:00,1857.34,1859.91,1855.93,1858.49,25105.52
2023-07-28 07:00:00+00:00,1858.49,1862.09,1857.8,1858.19,26279.04
2023-07-28 08:00:00+00:00,1858.19,1862.21,1857.6,1861.36,21020.85
2023-07-28 09:00:00+00:00,1861.36,1867.62,1860.43,1866.73,33138.7
2023-07-28 10:00:00+00:00,1866.73,1867.7,1864.47,1865.23,21479.07
2023-07-28 11:00:00+00:00,1865.23,1867.42,1863.92,1865.52,30319.63
2023-07-28 12:00:00+00:00,1865.52,1872.17,1865.35,1871.14,47073.53
2023-07-28 13:00:00+00:00,1871.14,1871.71,1866.64,1869.45,21992.61
2023-07-28 14:00:00+00:00,1869.45,1882.26,1869.45,1877.3,57340.17
2023-07-28 15:00:00+00:00,1877.3,1879.98,1872.93,1874.19,30589.19
2023-07-28 16:00:00+00:00,1874.19,1878.9,1872.71,1876.38,34840.62
2023-07-28 17:00:00+00:00,1876.38,1876.38,1864.76,1869.98,51303.48
2023-07-28 18:00:00+00:00,1869.98,1875.3,1869.59,1874.55,20322.26
2023-07-28 19:00:00+00:00,1874.55,1876.24,1871.93,1873.02,22311.47
2023-07-28 20:00:00+00:00,1873.02,1875.67,1871.23,1875.46,27464.48
2023-07-28 21:00:00+00:00,1875.46,1877.0,1873.47,1875.47,24715.1
2023-07-28 22:00:00+00:00,1875.47,1875.86,1874.25,1874.69,25570.71
2023-07-28 23:00:00+00:00,1874.69,1875.33,1872.93,1872.94,26222.94
2023-07-29 00:00:00+00:00,1872.94,1876.08,1872.02,1873.35,29873.17
2023-07-29 01:00:00+00:00,1873.35,1875.93,1871.55,1874.57,35248.25
2023-07-29 02:00:00+00:00,1874.57,1874.93,1872.0,1873.74,35920.41
2023-07-29 03:00:00+00:00,1873.74,1874.43,1871.7,1872.36,28538.08
2023-07-29 04:00:00+00:00,1872.36,1876.02,1872.17,1875.36,31132.68
2023-07-29 05:00:00+00:00,1875.36,1875.39,1872.5,1873.53,29733.98
2023-07-29 06:00:00+00:00,1873.53,1873.53,1871.54,1872.34,27291.05
2023-07-29 07:00:00+00:00,1872.34,1872.7,1870.11,1870.74,30025.67
2023-07-29 08:00:00+00:00,1870.74,1872.44,1868.42,1870.47,25488.94
2023-07-29 09:00:00+00:00,1870.47,1871.51,1868.44,1869.32,28124.63
2023-07-29 10:00:00+00:00,1869.32,1870.38,1868.42,1869.25,30477.62
2023-07-29 11:00:00+00:00,1869.25,1872.0,1868.81,1869.2,27569.36
2023-07-29 12:00:00+00:00,1869.2,1873.5,1868.99,1871.28,34472.5
2023-07-29 13:00:00+00:00,1871.28,1874.7,1871.28,1871.74,34608.65
2023-07-29 14:00:00+00:00,1871.74,1873.24,1871.0,1871.44,27600.45
2023-07-29 15:00:00+00:00,1871.44,1872.29,1870.81,1871.32,27785.76
2023-07-29 16:00:00+00:00,1871.32,1872.42,1869.9,1872.31,26290.99
2023-07-29 17:00:00+00:00,1872.31,1876.87,1871.58,1875.64,26684.63
2023-07-29 18:00:00+00:00,1875.64,1876.44,1871.89,1873.69,29921.86
2023-07-29 19:00:00+00:00,1873.69,1878.3,1873.69,1876.88,29368.73
2023-07-29 20:00:00+00:00,1876.88,1885.49,1876.88,1882.65,34914.31
2023-07-29 21:00:00+00:00,1882.65,1884.59,1879.96,1880.79,26802.19
2023-07-29 22:00:00+00:00,1880.79,1882.44,1879.56,1879.56,36674.82
2023-07-29 23:00:00+00:00,1879.56,1882.13,1879.48,1880.4,22921.64
2023-07-30 00:00:00+00:00,1880.4,1881.44,1878.36,1881.3,18006.6
2023-07-30 01:00:00+00:00,1881.3,1881.37,1877.0,1877.47,24639.03
2023-07-30 02:00:00+00:00,1877.47,1878.9,1877.16,1877.61,26485.11
2023-07-30 03:00:00+00:00,1877.61,1878.93,1877.59,1877.96,26773.48
2023-07-30 04:00:00+00:00,1877.96,1879.43,1877.84,1878.7,27336.45
2023-07-30 05:00:00+00:00,1878.7,1878.84,1875.79,1876.64,35967.04
2023-07-30 06:00:00+00:00,1876.64,1876.64,1873.64,1875.01,29736.42
2023-07-30 07:00:00+00:00,1875.01,1875.42,1873.48,1875.03,29621.71
2023-07-30 08:00:00+00:00,1875.03,1875.22,1873.8,1875.22,32015.81
2023-07-30 09:00:00+00:00,1875.22,1875.22,1872.26,1873.37,26823.67
2023-07-30 10:00:00+00:00,1873.37,1874.39,1871.33,1873.46,26833.06
2023-07-30 11:00:00+00:00,1873.46,1875.69,1872.43,1874.61,22881.89
2023-07-30 12:00:00+00:00,1874.61,1876.38,1873.92,1875.49,21244.55
2023-07-30 13:00:00+00:00,1875.49,1875.64,1869.82,1871.62,27257.43
2023-07-30 14:00:00+00:00,1871.62,1881.7,1871.62,1878.98,35347.3
2023-07-30 15:00:00+00:00,1878.98,1884.33,1872.93,1875.27,38987.09
2023-07-30 16:00:00+00:00,1875.27,1878.19,1873.05,1876.05,31315.93
2023-07-30 17:00:00+00:00,1876.05,1877.26,1873.18,1877.1,18382.0
2023-07-30 18:00:00+00:00,1877.1,1877.25,1874.29,1875.89,24803.55
2023-07-30 19:00:00+00:00,1875.89,1877.87,1856.19,1860.69,66037.11
2023-07-30 20:00:00+00:00,1860.69,1864.27,1847.0,1864.26,68048.05
2023-07-30 21:00:00+00:00,1864.26,1864.44,1856.42,1860.01,42734.67
2023-07-30 22:00:00+00:00,1860.01,1860.1,1853.3,1854.41,38443.79
2023-07-30 23:00:00+00:00,1854.41,1861.82,1854.01,1860.19,34006.32
2023-07-31 00:00:00+00:00,1860.19,1876.0,1859.45,1871.7,61835.31
2023-07-31 01:00:00+00:00,1871.7,1873.44,1866.5,1871.59,43405.9
2023-07-31 02:00:00+00:00,1871.59,1874.09,1868.7,1868.91,31465.1
2023-07-31 03:00:00+00:00,1868.91,1869.44,1866.0,1867.79,26378.3
2023-07-31 04:00:00+00:00,1867.79,1868.57,1861.68,1862.1,37924.58
2023-07-31 05:00:00+00:00,1862.1,1864.22,1861.09,1862.44,33283.86
2023-07-31 06:00:00+00:00,1862.44,1865.57,1861.73,1865.19,23003.64
2023-07-31 07:00:00+00:00,1865.19,1866.44,1863.24,1863.8,29414.98
2023-07-31 08:00:00+00:00,1863.8,1868.43,1863.16,1867.07,31364.96
2023-07-31 09:00:00+00:00,1867.07,1867.58,1864.08,1866.69,30878.19
2023-07-31 10:00:00+00:00,1866.69,1868.64,1866.14,1867.05,32947.59
2023-07-31 11:00:00+00:00,1867.05,1868.63,1866.1,1866.49,22725.92
2023-07-31 12:00:00+00:00,1866.49,1872.12,1865.73,1871.42,28267.35
2023-07-31 13:00:00+00:00,1871.42,1871.76,1861.43,1863.06,41983.28
2023-07-31 14:00:00+00:00,1863.06,1864.22,1858.59,1859.75,33573.32
2023-07-31 15:00:00+00:00,1859.75,1860.91,1855.2,1855.79,38402.92
2023-07-31 16:00:00+00:00,1855.79,1860.11,1852.82,1858.33,49761.21
2023-07-31 17:00:00+00:00,1858.33,1861.76,1854.45,1860.75,34050.77
2023-07-31 18:00:00+00:00,1860.75,1861.07,1856.25,1859.59,34997.78
2023-07-31 19:00:00+00:00,1859.59,1860.5,1853.5,1855.29,43759.41
2023-07-31 20:00:00+00:00,1855.29,1859.48,1850.61,1852.26,46140.32
2023-07-31 21:00:00+00:00,1852.26,1857.52,1849.65,1855.82,27051.47
2023-07-31 22:00:00+00:00,1855.82,1856.44,1853.64,1855.0,19239.28
2023-07-31 23:00:00+00:00,1855.0,1856.78,1853.63,1854.84,25776.73
2023-08-01 00:00:00+00:00,1854.84,1861.18,1853.74,1860.41,27356.32
2023-08-01 01:00:00+00:00,1860.41,1863.42,1850.12,1851.43,32075.47
2023-08-01 02:00:00+00:00,1851.43,1852.59,1807.84,1827.42,123296.97
2023-08-01 03:00:00+00:00,1827.42,1827.97,1823.93,1825.3,33779.74
2023-08-01 04:00:00+00:00,1825.3,1826.26,1819.85,1823.94,36888.28
2023-08-01 05:00:00+00:00,1823.94,1828.72,1823.62,1828.45,36579.07
2023-08-01 06:00:00+00:00,1828.45,1834.57,1826.61,1830.73,42177.22
2023-08-01 07:00:00+00:00,1830.73,1833.33,1828.33,1832.64,28099.65
2023-08-01 08:00:00+00:00,1832.64,1835.89,1831.4,1835.88,29157.29
2023-08-01 09:00:00+00:00,1835.88,1836.24,1830.75,1831.32,35981.62
2023-08-01 10:00:00+00:00,1831.32,1834.06,1830.68,1832.95,31891.5
2023-08-01 11:00:00+00:00,1832.95,1833.71,1828.94,1829.45,35206.61
2023-08-01 12:00:00+00:00,1829.45,1835.32,1825.97,1830.76,39633.85
2023-08-01 13:00:00+00:00,1830.76,1834.92,1830.43,1832.52,29349.15
2023-08-01 14:00:00+00:00,1832.52,1834.54,1824.94,1826.6,28042.81
2023-08-01 15:00:00+00:00,1826.6,1835.36,1812.0,1833.69,59398.29
2023-08-01 16:00:00+00:00,1833.69,1841.1,1828.45,1832.45,54370.64
2023-08-01 17:00:00+00:00,1832.45,1836.68,1832.45,1836.06,39447.6
2023-08-01 18:00:00+00:00,1836.06,1852.69,1836.06,1852.17,64827.92
2023-08-01 19:00:00+00:00,1852.17,1856.57,1847.15,1849.94,58814.01
2023-08-01 20:00:00+00:00,1849.94,1852.39,1847.15,1849.26,34990.93
2023-08-01 21:00:00+00:00,1849.26,1851.44,1846.67,1848.72,44617.15
2023-08-01 22:00:00+00:00,1848.72,1850.5,1845.66,1850.32,32612.47
2023-08-01 23:00:00+00:00,1850.32,1874.91,1849.98,1872.48,84122.44
2023-08-02 00:00:00+00:00,1872.48,1877.77,1866.82,1869.45,52507.94
2023-08-02 01:00:00+00:00,1869.45,1878.71,1867.46,1869.01,48323.29
2023-08-02 02:00:00+00:00,1869.01,1869.44,1865.64,1866.89,34682.1
2023-08-02 03:00:00+00:00,1866.89,1866.89,1861.9,1862.15,34167.16
2023-08-02 04:00:00+00:00,1862.15,1863.89,1859.93,1862.23,29829.02
2023-08-02 05:00:00+00:00,1862.23,1862.24,1858.27,1861.06,24791.69
2023-08-02 06:00:00+00:00,1861.06,1862.78,1856.4,1856.4,23794.79
2023-08-02 07:00:00+00:00,1856.4,1860.41,1854.93,1855.94,20192.19
2023-08-02 08:00:00+00:00,1855.94,1857.09,1852.55,1856.53,32369.26
2023-08-02 09:00:00+00:00,1856.53,1859.0,1853.4,1853.6,28169.43
2023-08-02 10:00:00+00:00,1853.6,1857.73,1852.91,1857.73,20517.28
2023-08-02 11:00:00+00:00,1857.73,1859.82,1856.77,1858.65,27208.42
2023-08-02 12:00:00+00:00,1858.65,1859.77,1852.94,1853.17,37375.1
2023-08-02 13:00:00+00:00,1853.17,1854.92,1848.78,1851.49,37948.69
2023-08-02 14:00:00+00:00,1851.49,1851.49,1839.8,1840.39,52211.34
2023-08-02 15:00:00+00:00,1840.39,1843.37,1833.01,1841.41,42102.46
2023-08-02 16:00:00+00:00,1841.41,1846.44,1820.0,1827.97,91447.49
2023-08-02 17:00:00+00:00,1827.97,1838.11,1824.58,1830.52,59211.62
2023-08-02 18:00:00+00:00,1830.52,1833.9,1828.65,1833.42,30757.9
2023-08-02 19:00:00+00:00,1833.42,1842.27,1832.34,1840.82,36982.13
2023-08-02 20:00:00+00:00,1840.82,1843.68,1839.89,1841.64,29468.32
2023-08-02 21:00:00+00:00,1841.64,1843.56,1837.23,1842.96,24638.27
2023-08-02 22:00:00+00:00,1842.96,1844.45,1841.32,1841.57,33524.94
2023-08-02 23:00:00+00:00,1841.57,1841.57,1836.77,1838.86,32003.19
2023-08-03 00:00:00+00:00,1838.86,1842.3,1837.6,1837.65,30531.95
2023-08-03 01:00:00+00:00,1837.65,1845.2,1836.21,1844.0,34482.58
2023-08-03 02:00:00+00:00,1844.0,1844.8,1836.69,1840.59,24364.94
2023-08-03 03:00:00+00:00,1840.59,1840.75,1838.28,1839.6,24993.63
2023-09-05 11:00:00+00:00,1632.13,1634.94,1630.86,1634.15,22913.88
2023-09-05 12:00:00+00:00,1634.15,1638.5,1628.73,1636.42,28568.7
2023-09-05 13:00:00+00:00,1636.42,1637.36,1629.12,1629.52,21575.93
2023-09-05 14:00:00+00:00,1629.52,1631.93,1624.67,1629.01,22063.96
2023-09-05 15:00:00+00:00,1629.01,1647.46,1628.99,1635.32,65554.72
2023-09-05 16:00:00+00:00,1635.32,1642.42,1634.31,1635.25,36371.31
2023-09-05 17:00:00+00:00,1635.25,1637.72,1632.59,1634.71,30252.74
2023-09-05 18:00:00+00:00,1634.71,1636.62,1632.05,1635.4,17225.28
2023-09-05 19:00:00+00:00,1635.4,1638.1,1631.01,1631.14,27947.47
2023-09-05 20:00:00+00:00,1631.14,1632.31,1625.56,1628.65,45552.37
2023-09-05 21:00:00+00:00,1628.65,1632.34,1628.36,1629.28,29862.01
2023-09-05 22:00:00+00:00,1629.28,1630.83,1628.59,1630.54,24885.48
2023-09-05 23:00:00+00:00,1630.54,1633.27,1630.33,1633.15,30869.69
2023-09-06 00:00:00+00:00,1633.15,1634.19,1630.38,1632.62,21489.06
2023-09-06 01:00:00+00:00,1632.62,1634.71,1631.65,1632.23,37027.25
2023-09-06 02:00:00+00:00,1632.23,1638.83,1631.46,1637.89,26182.18
2023-09-06 03:00:00+00:00,1637.89,1639.12,1632.18,1632.23,36825.43
2023-09-06 04:00:00+00:00,1632.23,1632.58,1629.25,1629.51,35109.59
2023-09-06 05:00:00+00:00,1629.51,1630.37,1627.11,1627.55,27122.86
2023-09-06 06:00:00+00:00,1627.55,1630.29,1626.59,1629.29,26854.53
2023-09-06 07:00:00+00:00,1629.29,1630.47,1627.8,1627.93,28874.04
2023-09-06 08:00:00+00:00,1627.93,1630.91,1627.68,1630.1,18560.48
2023-09-06 09:00:00+00:00,1630.1,1632.17,1628.01,1631.09,19908.51
2023-09-06 10:00:00+00:00,1631.09,1633.42,1630.09,1630.55,15015.34
2023-09-06 11:00:00+00:00,1630.55,1635.18,1630.1,1631.52,14775.94
2023-09-06 12:00:00+00:00,1631.52,1633.54,1629.58,1631.33,22833.94
2023-09-06 13:00:00+00:00,1631.33,1634.4,1628.67,1631.24,18064.4
2023-09-06 14:00:00+00:00,1631.24,1631.24,1618.06,1623.14,43753.22
2023-09-06 15:00:00+00:00,1623.14,1626.01,1618.4,1622.0,21360.65
2023-09-06 16:00:00+00:00,1622.0,1624.77,1620.66,1622.42,20549.86
2023-09-06 17:00:00+00:00,1622.42,1671.86,1607.45,1645.61,116268.42
2023-09-06 18:00:00+00:00,1645.61,1654.44,1622.7,1626.94,60164.31
2023-09-06 19:00:00+00:00,1626.94,1632.0,1624.71,1630.23,20697.08
2023-09-06 20:00:00+00:00,1630.23,1632.5,1627.3,1627.49,20818.87
2023-09-06 21:00:00+00:00,1627.49,1632.28,1626.29,1631.11,31060.26
2023-09-06 22:00:00+00:00,1631.11,1633.95,1630.3,1630.32,29239.98
2023-09-06 23:00:00+00:00,1630.32,1633.44,1629.8,1631.84,22438.3
2023-09-07 00:00:00+00:00,1631.84,1632.67,1630.57,1632.67,21718.76
2023-09-07 01:00:00+00:00,1632.67,1633.52,1630.52,1632.98,23108.85
2023-09-07 02:00:00+00:00,1632.98,1638.0,1631.39,1632.78,81466.88
2023-09-07 03:00:00+00:00,1632.78,1639.19,1632.18,1638.95,22230.89
2023-09-07 04:00:00+00:00,1638.95,1641.61,1636.32,1638.19,20042.56
2023-09-07 05:00:00+00:00,1638.19,1639.55,1636.4,1637.52,18951.24
2023-09-07 06:00:00+00:00,1637.52,1637.99,1636.07,1636.21,23748.35
2023-09-07 07:00:00+00:00,1636.21,1636.51,1634.21,1634.67,23795.96
2023-09-07 08:00:00+00:00,1634.67,1634.82,1631.1,1632.11,25631.35
2023-09-07 09:00:00+00:00,1632.11,1633.21,1630.0,1630.35,30597.53
2023-09-07 10:00:00+00:00,1630.35,1632.19,1627.9,1629.69,33536.12
2023-09-07 11:00:00+00:00,1629.69,1630.42,1624.71,1626.1,43020.18
2023-09-07 12:00:00+00:00,1626.1,1628.65,1623.01,1625.02,34424.65
2023-09-07 13:00:00+00:00,1625.02,1632.46,1623.71,1624.7,48175.42
2023-09-07 14:00:00+00:00,1624.7,1631.25,1622.34,1631.25,41489.9
2023-09-07 15:00:00+00:00,1631.25,1632.74,1627.63,1629.25,38541.5
2023-09-07 16:00:00+00:00,1629.25,1640.46,1628.72,1633.12,37273.49
2023-09-07 17:00:00+00:00,1633.12,1639.06,1630.33,1637.85,27648.05
2023-09-07 18:00:00+00:00,1637.85,1640.33,1633.28,1635.43,43451.08
2023-09-07 19:00:00+00:00,1635.43,1636.77,1631.92,1636.33,39162.54
2023-09-07 20:00:00+00:00,1636.33,1638.27,1634.66,1637.64,27467.98
2023-09-07 21:00:00+00:00,1637.64,1658.86,1637.64,1645.18,70667.73
2023-09-07 22:00:00+00:00,1645.18,1653.45,1645.18,1649.11,33827.12
2023-09-07 23:00:00+00:00,1649.11,1651.22,1643.57,1646.62,29386.84
2023-09-08 00:00:00+00:00,1646.62,1657.97,1643.65,1653.57,25880.34
2023-09-08 01:00:00+00:00,1653.57,1655.97,1645.95,1646.07,29987.07
2023-09-08 02:00:00+00:00,1646.07,1646.77,1642.69,1644.38,40109.79
2023-09-08 03:00:00+00:00,1644.38,1646.14,1643.17,1645.17,41331.44
2023-09-08 04:00:00+00:00,1645.17,1651.89,1644.88,1650.36,83519.56
2023-09-08 05:00:00+00:00,1650.36,1652.35,1644.15,1644.19,66806.57
2023-09-08 06:00:00+00:00,1644.19,1645.23,1641.93,1644.39,33902.57
2023-09-08 07:00:00+00:00,1644.39,1647.4,1643.56,1645.59,23269.43
2023-09-08 08:00:00+00:00,1645.59,1646.28,1642.5,1644.13,24573.78
2023-09-08 09:00:00+00:00,1644.13,1644.29,1632.63,1634.28,48271.28
2023-09-08 10:00:00+00:00,1634.28,1634.28,1614.85,1625.3,83058.21
2023-09-08 11:00:00+00:00,1625.3,1626.9,1623.33,1624.63,37735.5
2023-09-08 12:00:00+00:00,1624.63,1630.41,1623.39,1627.56,34723.49
2023-09-08 13:00:00+00:00,1627.56,1633.55,1626.83,1630.02,32088.41
2023-09-08 14:00:00+00:00,1630.02,1632.81,1628.22,1628.42,28585.87
2023-09-08 15:00:00+00:00,1628.42,1631.73,1625.97,1627.38,24925.49
2023-09-08 16:00:00+00:00,1627.38,1630.34,1623.54,1626.99,53482.41
2023-09-08 17:00:00+00:00,1626.99,1629.35,1624.27,1628.78,26630.97
2023-09-08 18:00:00+00:00,1628.78,1629.7,1625.0,1626.66,42231.6
2023-09-08 19:00:00+00:00,1626.66,1633.92,1625.42,1633.2,42894.03
2023-09-08 20:00:00+00:00,1633.2,1636.15,1631.85,1635.55,45544.29
2023-09-08 21:00:00+00:00,1635.55,1637.01,1632.98,1633.16,32501.8
2023-09-08 22:00:00+00:00,1633.16,1635.2,1633.16,1634.7,44448.46
2023-09-08 23:00:00+00:00,1634.7,1637.72,1633.9,1635.27,32791.33
2023-09-09 00:00:00+00:00,1635.27,1635.72,1633.7,1633.7,35425.12
2023-09-09 01:00:00+00:00,1633.7,1635.29,1633.63,1634.53,25594.26
2023-09-09 02:00:00+00:00,1634.53,1635.13,1633.73,1634.39,20702.15
2023-09-09 03:00:00+00:00,1634.39,1634.41,1632.17,1633.4,37542.71
2023-09-09 04:00:00+00:00,1633.4,1633.4,1631.0,1632.3,31574.16
2023-09-09 05:00:00+00:00,1632.3,1633.67,1630.82,1631.47,31122.61
2023-09-09 06:00:00+00:00,1631.47,1634.49,1630.84,1634.49,36073.95
2023-09-09 07:00:00+00:00,1634.49,1634.7,1632.71,1633.22,25310.26
2023-09-09 08:00:00+00:00,1633.22,1634.03,1632.43,1632.94,17111.09
2023-09-09 09:00:00+00:00,1632.94,1635.0,1632.25,1633.67,21424.52
2023-09-09 10:00:00+00:00,1633.67,1633.99,1632.16,1632.91,15846.64
2023-09-09 11:00:00+00:00,1632.91,1634.72,1632.6,1634.02,11568.45
2023-09-09 12:00:00+00:00,1634.02,1634.5,1633.1,1633.5,22412.08
2023-09-09 13:00:00+00:00,1633.5,1633.5,1628.82,1630.1,27834.76
2023-09-09 14:00:00+00:00,1630.1,1632.35,1628.75,1631.5,20518.08
2023-09-09 15:00:00+00:00,1631.5,1636.42,1631.45,1633.98,21880.64
2023-09-09 16:00:00+00:00,1633.98,1636.39,1633.31,1634.25,21056.55
2023-09-09 17:00:00+00:00,1634.25,1634.71,1632.47,1633.09,20204.96
2023-09-09 18:00:00+00:00,1633.09,1633.09,1631.03,1631.92,20549.42
2023-09-09 19:00:00+00:00,1631.92,1633.29,1631.51,1632.75,16039.54
2023-09-09 20:00:00+00:00,1632.75,1633.57,1632.36,1632.37,12077.55
2023-09-09 21:00:00+00:00,1632.37,1634.5,1632.36,1634.48,19282.08
2023-09-09 22:00:00+00:00,1634.48,1636.0,1633.9,1634.38,21395.68
2023-09-09 23:00:00+00:00,1634.38,1634.61,1633.5,1634.32,12805.08
2023-09-10 00:00:00+00:00,1634.32,1634.56,1629.16,1631.01,13411.43
2023-09-10 01:00:00+00:00,1631.01,1631.01,1625.56,1629.91,23233.36
2023-09-10 02:00:00+00:00,1629.91,1630.44,1628.62,1629.74,25619.96
2023-09-10 03:00:00+00:00,1629.74,1630.46,1628.52,1629.84,24444.51
2023-09-10 04:00:00+00:00,1629.84,1629.88,1616.73,1624.08,50103.76
2023-09-10 05:00:00+00:00,1624.08,1625.13,1621.88,1624.72,21901.34
2023-09-10 06:00:00+00:00,1624.72,1627.0,1624.41,1625.51,19136.7
2023-09-10 07:00:00+00:00,1625.51,1625.99,1623.3,1623.6,15603.32
2023-09-10 08:00:00+00:00,1623.6,1624.5,1621.43,1624.21,14526.15
2023-09-10 09:00:00+00:00,1624.21,1625.38,1621.33,1622.36,16469.87
2023-09-10 10:00:00+00:00,1622.36,1622.6,1620.68,1620.68,17950.2
2023-09-10 11:00:00+00:00,1620.68,1625.29,1618.33,1623.11,28281.16
2023-09-10 12:00:00+00:00,1623.11,1625.57,1622.99,1624.74,29638.17
2023-09-10 13:00:00+00:00,1624.74,1627.51,1622.75,1625.84,20765.32
2023-09-10 14:00:00+00:00,1625.84,1626.25,1619.82,1621.14,17743.91
2023-09-10 15:00:00+00:00,1621.14,1621.3,1609.75,1618.44,33355.44
2023-09-10 16:00:00+00:00,1618.44,1618.92,1592.43,1612.38,68401.44
2023-09-10 17:00:00+00:00,1612.38,1612.59,1601.0,1607.41,35355.98
2023-09-10 18:00:00+00:00,1607.41,1613.0,1606.57,1611.16,28555.9
2023-09-10 19:00:00+00:00,1611.16,1618.87,1601.57,1615.87,36822.77
2023-09-10 20:00:00+00:00,1615.87,1625.05,1613.22,1617.97,51570.2
2023-09-10 21:00:00+00:00,1617.97,1627.35,1617.64,1622.8,36004.35
2023-09-10 22:00:00+00:00,1622.8,1626.28,1618.01,1618.19,26499.37
2023-09-10 23:00:00+00:00,1618.19,1618.86,1615.23,1616.0,24004.09
2023-09-11 00:00:00+00:00,1616.0,1617.86,1601.99,1608.74,40543.91
2023-09-11 01:00:00+00:00,1608.74,1611.5,1605.23,1607.37,35064.75
2023-09-11 02:00:00+00:00,1607.37,1611.76,1605.6,1611.62,26789.71
2023-09-11 03:00:00+00:00,1611.62,1613.72,1610.97,1611.44,14190.1
2023-09-11 04:00:00+00:00,1611.44,1611.44,1606.57,1610.64,31936.5
2023-09-11 05:00:00+00:00,1610.64,1616.35,1609.89,1616.21,20878.94
2023-09-11 06:00:00+00:00,1616.21,1616.99,1613.29,1614.23,29428.68
2023-09-11 07:00:00+00:00,1614.23,1614.81,1610.02,1611.07,29312.67
2023-09-11 08:00:00+00:00,1611.07,1611.59,1602.64,1605.69,43797.36
2023-09-11 09:00:00+00:00,1605.69,1607.06,1578.4,1592.54,85336.92
2023-09-11 10:00:00+00:00,1592.54,1592.96,1573.25,1588.27,99026.72
2023-09-11 11:00:00+00:00,1588.27,1589.26,1584.39,1585.49,29432.35
2023-09-11 12:00:00+00:00,1585.49,1593.7,1583.89,1592.99,48750.24
2023-09-11 13:00:00+00:00,1592.99,1597.31,1586.7,1587.13,44149.12
2023-09-11 14:00:00+00:00,1587.13,1588.99,1547.78,1557.78,187728.26
2023-09-11 15:00:00+00:00,1557.78,1564.13,1549.52,1561.21,56309.9
2023-09-11 16:00:00+00:00,1561.21,1566.94,1556.41,1556.82,56653.52
2023-09-11 17:00:00+00:00,1556.82,1563.0,1550.43,1562.83,38906.67
2023-09-11 18:00:00+00:00,1562.83,1562.83,1553.71,1554.89,30312.87
2023-09-11 19:00:00+00:00,1554.89,1555.86,1532.05,1538.12,70300.79
2023-09-11 20:00:00+00:00,1538.12,1545.19,1529.72,1540.57,47477.58
2023-09-11 21:00:00+00:00,1540.57,1547.34,1537.37,1542.7,27424.63
2023-09-11 22:00:00+00:00,1542.7,1548.38,1542.63,1546.56,29141.88
2023-09-11 23:00:00+00:00,1546.56,1550.96,1544.58,1550.62,25009.99
2023-09-12 00:00:00+00:00,1550.62,1558.0,1548.25,1556.0,37055.98
2023-09-12 01:00:00+00:00,1556.0,1556.96,1550.82,1551.15,24191.13
2023-09-12 02:00:00+00:00,1551.15,1557.13,1550.59,1556.07,36832.35
2023-09-12 03:00:00+00:00,1556.07,1593.79,1556.07,1583.58,90337.02
2023-09-12 04:00:00+00:00,1583.58,1592.33,1580.03,1581.0,53373.5
2023-09-12 05:00:00+00:00,1581.0,1581.72,1575.01,1579.72,49510.04
2023-09-12 06:00:00+00:00,1579.72,1583.81,1576.92,1577.83,41827.15
2023-09-12 07:00:00+00:00,1577.83,1580.61,1573.17,1578.69,44250.39
2023-09-12 08:00:00+00:00,1578.69,1583.26,1575.37,1576.69,32539.37
2023-09-12 09:00:00+00:00,1576.69,1589.28,1575.13,1587.78,27393.55
2023-09-12 10:00:00+00:00,1587.78,1625.56,1585.22,1612.31,81854.93
2023-09-12 11:00:00+00:00,1612.31,1614.32,1605.19,1607.86,26307.29
2023-09-12 12:00:00+00:00,1607.86,1610.85,1602.72,1603.45,30093.8
2023-09-12 13:00:00+00:00,1603.45,1608.25,1594.0,1606.89,38862.1
2023-09-12 14:00:00+00:00,1606.89,1612.65,1593.52,1596.15,41855.2
2023-09-12 15:00:00+00:00,1596.15,1604.39,1596.15,1602.43,18317.78
2023-09-12 16:00:00+00:00,1602.43,1621.37,1595.0,1597.67,62545.01
2023-09-12 17:00:00+00:00,1597.67,1601.35,1583.1,1584.61,67261.93
2023-09-12 18:00:00+00:00,1584.61,1592.25,1583.29,1591.91,24230.22
2023-09-12 19:00:00+00:00,1591.91,1608.3,1591.77,1597.18,44083.79
2023-09-12 20:00:00+00:00,1597.18,1600.2,1596.08,1597.61,19698.1
2023-09-12 21:00:00+00:00,1597.61,1603.49,1596.33,1599.93,27648.32
2023-09-12 22:00:00+00:00,1599.93,1599.95,1594.73,1595.94,25975.1
2023-09-12 23:00:00+00:00,1595.94,1595.94,1589.19,1591.86,20650.19
2023-09-13 00:00:00+00:00,1591.86,1600.21,1587.86,1595.81,24869.78
2023-09-13 01:00:00+00:00,1595.81,1599.64,1594.43,1597.66,15967.62
2023-09-13 02:00:00+00:00,1597.66,1598.26,1592.78,1593.11,13210.38
2023-09-13 03:00:00+00:00,1593.11,1594.68,1585.26,1588.43,22993.23
2023-09-13 04:00:00+00:00,1588.43,1590.87,1586.65,1589.51,21103.05
2023-09-13 05:00:00+00:00,1589.51,1589.82,1580.4,1583.27,43892.13
2023-09-13 06:00:00+00:00,1583.27,1587.83,1580.6,1586.39,31831.56
2023-09-13 07:00:00+00:00,1586.39,1602.27,1581.57,1583.19,64028.63
2023-09-13 08:00:00+00:00,1583.19,1593.19,1581.9,1591.41,58305.73
2023-09-13 09:00:00+00:00,1591.41,1601.52,1589.66,1599.41,54956.53
2023-09-13 10:00:00+00:00,1599.41,1603.36,1594.24,1598.95,49166.8
2023-09-13 11:00:00+00:00,1598.95,1606.13,1595.95,1603.24,51533.47
2023-09-13 12:00:00+00:00,1603.24,1604.34,1591.0,1600.04,68848.91
2023-09-13 13:00:00+00:00,1600.04,1601.0,1590.8,1593.88,45537.72
2023-09-13 14:00:00+00:00,1593.88,1610.58,1591.03,1602.55,57220.27
2023-09-13 15:00:00+00:00,1602.55,1617.91,1601.14,1606.88,74283.45
2023-09-13 16:00:00+00:00,1606.88,1614.75,1604.61,1608.12,43440.39
2023-09-13 17:00:00+00:00,1608.12,1609.75,1595.5,1596.46,48034.78
2023-09-13 18:00:00+00:00,1596.46,1601.4,1595.81,1598.3,23935.73
2023-10-17 02:00:00+00:00,1592.74,1595.0,1588.22,1594.73,32533.5
2023-10-17 03:00:00+00:00,1594.73,1594.73,1587.19,1588.03,29589.1
2023-10-17 04:00:00+00:00,1588.03,1588.69,1582.0,1587.31,33355.96
2023-10-17 05:00:00+00:00,1587.31,1588.92,1584.08,1586.49,17196.84
2023-10-17 06:00:00+00:00,1586.49,1586.61,1582.19,1584.65,22821.15
2023-10-17 07:00:00+00:00,1584.65,1591.0,1581.29,1589.19,27987.17
2023-10-17 08:00:00+00:00,1589.19,1592.12,1583.5,1587.67,23055.6
2023-10-17 09:00:00+00:00,1587.67,1589.57,1585.33,1589.08,21234.28
2023-10-17 10:00:00+00:00,1589.08,1592.92,1581.8,1585.0,35067.76
2023-10-17 11:00:00+00:00,1585.0,1585.37,1582.06,1583.11,18423.0
2023-10-17 12:00:00+00:00,1583.11,1584.7,1572.87,1573.05,24904.29
2023-10-17 13:00:00+00:00,1573.05,1577.84,1563.51,1570.42,53695.96
2023-10-17 14:00:00+00:00,1570.42,1576.74,1569.26,1571.65,29979.54
2023-10-17 15:00:00+00:00,1571.65,1577.69,1571.11,1574.2,26694.65
2023-10-17 16:00:00+00:00,1574.2,1579.18,1573.16,1575.2,17817.08
2023-10-17 17:00:00+00:00,1575.2,1575.2,1563.27,1566.82,22974.88
2023-10-17 18:00:00+00:00,1566.82,1568.59,1550.0,1552.35,32989.43
2023-10-17 19:00:00+00:00,1552.35,1563.13,1551.55,1563.02,24826.65
2023-10-17 20:00:00+00:00,1563.02,1564.58,1558.61,1558.95,18184.53
2023-10-17 21:00:00+00:00,1558.95,1564.48,1556.23,1560.84,19957.71
2023-10-17 22:00:00+00:00,1560.84,1562.68,1558.08,1561.08,15757.08
2023-10-17 23:00:00+00:00,1561.08,1564.62,1560.05,1563.51,14169.58
2023-10-18 00:00:00+00:00,1563.51,1566.19,1561.0,1563.31,18717.87
2023-10-18 01:00:00+00:00,1563.31,1568.02,1562.54,1566.64,13844.22
2023-10-18 02:00:00+00:00,1566.64,1570.91,1564.28,1566.23,15941.74
2023-10-18 03:00:00+00:00,1566.23,1567.17,1562.37,1566.94,24086.14
2023-10-18 04:00:00+00:00,1566.94,1581.18,1565.47,1571.69,31950.58
2023-10-18 05:00:00+00:00,1571.69,1575.53,1568.8,1571.5,32754.41
2023-10-18 06:00:00+00:00,1571.5,1573.4,1568.82,1571.54,19737.03
2023-10-18 07:00:00+00:00,1571.54,1575.44,1565.23,1571.11,28169.14
2023-10-18 08:00:00+00:00,1571.11,1576.43,1570.21,1576.37,28162.77
2023-10-18 09:00:00+00:00,1576.37,1582.73,1567.81,1568.28,41356.75
2023-10-18 10:00:00+00:00,1568.28,1581.53,1568.11,1579.19,37100.32
2023-10-18 11:00:00+00:00,1579.19,1584.35,1577.4,1577.56,35435.04
2023-10-18 12:00:00+00:00,1577.56,1580.91,1574.7,1578.03,27783.18
2023-10-18 13:00:00+00:00,1578.03,1578.85,1570.04,1572.64,38140.51
2023-10-18 14:00:00+00:00,1572.64,1576.74,1567.44,1569.52,21935.56
2023-10-18 15:00:00+00:00,1569.52,1572.08,1567.52,1568.99,27774.3
2023-10-18 16:00:00+00:00,1568.99,1573.84,1564.74,1569.91,47368.04
2023-10-18 17:00:00+00:00,1569.91,1572.48,1565.59,1568.01,26565.35
2023-10-18 18:00:00+00:00,1568.01,1571.53,1566.81,1567.81,16762.57
2023-10-18 19:00:00+00:00,1567.81,1567.81,1561.5,1561.83,26296.86
2023-10-18 20:00:00+00:00,1561.83,1564.66,1557.67,1561.06,29186.91
2023-10-18 21:00:00+00:00,1561.06,1561.06,1554.21,1557.41,27545.69
2023-10-18 22:00:00+00:00,1557.41,1564.53,1555.77,1563.29,24689.72
2023-10-18 23:00:00+00:00,1563.29,1563.68,1558.31,1562.2,19152.45
2023-10-19 00:00:00+00:00,1562.2,1566.15,1559.62,1565.08,18031.29
2023-10-19 01:00:00+00:00,1565.08,1565.63,1540.0,1548.13,50262.45
2023-10-19 02:00:00+00:00,1548.13,1549.94,1543.29,1546.41,19743.11
2023-10-19 03:00:00+00:00,1546.41,1550.06,1545.52,1548.08,14094.02
2023-10-19 04:00:00+00:00,1548.08,1549.3,1544.53,1549.3,17991.17
2023-10-19 05:00:00+00:00,1549.3,1552.3,1548.36,1551.27,23198.46
2023-10-19 06:00:00+00:00,1551.27,1552.01,1549.13,1550.18,27267.6
2023-10-19 07:00:00+00:00,1550.18,1551.46,1546.58,1550.8,17521.64
2023-10-19 08:00:00+00:00,1550.8,1552.31,1545.4,1546.77,15420.31
2023-10-19 09:00:00+00:00,1546.77,1549.78,1540.18,1546.61,24448.85
2023-10-19 10:00:00+00:00,1546.61,1553.47,1545.22,1551.44,29931.62
2023-10-19 11:00:00+00:00,1551.44,1554.4,1550.44,1552.64,21226.12
2023-10-19 12:00:00+00:00,1552.64,1555.87,1549.57,1552.03,25025.38
2023-10-19 13:00:00+00:00,1552.03,1559.14,1551.01,1553.1,21562.61
2023-10-19 14:00:00+00:00,1553.1,1561.48,1551.8,1560.07,32741.01
2023-10-19 15:00:00+00:00,1560.07,1564.45,1555.25,1559.85,34373.08
2023-10-19 16:00:00+00:00,1559.85,1573.24,1558.95,1563.08,55954.49
2023-10-19 17:00:00+00:00,1563.08,1566.28,1558.62,1560.76,25393.94
2023-10-19 18:00:00+00:00,1560.76,1564.76,1560.21,1560.56,21067.64
2023-10-19 19:00:00+00:00,1560.56,1568.97,1560.02,1567.11,15153.44
2023-10-19 20:00:00+00:00,1567.11,1572.44,1562.6,1565.22,27774.36
2023-10-19 21:00:00+00:00,1565.22,1566.67,1562.02,1562.02,21973.34
2023-10-19 22:00:00+00:00,1562.02,1566.92,1561.81,1563.0,20712.31
2023-10-19 23:00:00+00:00,1563.0,1566.24,1562.46,1565.3,21626.61
2023-10-20 00:00:00+00:00,1565.3,1567.25,1561.49,1562.57,16907.97
2023-10-20 01:00:00+00:00,1562.57,1563.97,1559.91,1563.97,18634.89
2023-10-20 02:00:00+00:00,1563.97,1588.03,1563.36,1584.36,68540.6
2023-10-20 03:00:00+00:00,1584.36,1594.06,1580.2,1585.65,44617.72
2023-10-20 04:00:00+00:00,1585.65,1586.82,1580.33,1581.63,19712.54
2023-10-20 05:00:00+00:00,1581.63,1583.28,1577.72,1582.42,21902.84
2023-10-20 06:00:00+00:00,1582.42,1583.42,1578.52,1582.35,20721.44
2023-10-20 07:00:00+00:00,1582.35,1588.36,1581.21,1582.3,23798.03
2023-10-20 08:00:00+00:00,1582.3,1620.34,1582.06,1610.29,80679.49
2023-10-20 09:00:00+00:00,1610.29,1617.46,1605.77,1617.07,36898.58
2023-10-20 10:00:00+00:00,1617.07,1629.61,1614.21,1614.49,75050.39
2023-10-20 11:00:00+00:00,1614.49,1618.61,1610.74,1611.99,20915.64
2023-10-20 12:00:00+00:00,1611.99,1615.3,1601.86,1605.72,39277.21
2023-10-20 13:00:00+00:00,1605.72,1608.06,1596.44,1605.9,38425.5
2023-10-20 14:00:00+00:00,1605.9,1609.49,1598.22,1604.1,30836.27
2023-10-20 15:00:00+00:00,1604.1,1607.8,1600.7,1604.34,22816.12
2023-10-20 16:00:00+00:00,1604.34,1608.69,1601.64,1602.93,26540.45
2023-10-20 17:00:00+00:00,1602.93,1608.4,1596.21,1607.82,32067.11
2023-10-20 18:00:00+00:00,1607.82,1608.38,1604.34,1605.01,21572.83
2023-10-20 19:00:00+00:00,1605.01,1607.54,1601.6,1605.53,18795.68
2023-10-20 20:00:00+00:00,1605.53,1607.99,1601.27,1601.36,11933.23
2023-10-20 21:00:00+00:00,1601.36,1607.52,1601.0,1606.14,17134.02
2023-10-20 22:00:00+00:00,1606.14,1609.15,1605.37,1606.85,15481.19
2023-10-20 23:00:00+00:00,1606.85,1609.0,1601.7,1602.63,10705.16
2023-10-21 00:00:00+00:00,1602.63,1605.07,1600.51,1602.25,14086.14
2023-10-21 01:00:00+00:00,1602.25,1603.49,1596.81,1598.3,15411.65
2023-10-21 02:00:00+00:00,1598.3,1598.3,1591.23,1594.24,27013.3
2023-10-21 03:00:00+00:00,1594.24,1597.88,1591.0,1596.39,20398.59
2023-10-21 04:00:00+00:00,1596.39,1599.21,1596.03,1597.3,9976.1
2023-10-21 05:00:00+00:00,1597.3,1598.94,1596.58,1598.46,13782.65
2023-10-21 06:00:00+00:00,1598.46,1604.25,1597.52,1602.61,19533.34
2023-10-21 07:00:00+00:00,1602.61,1605.97,1601.2,1605.29,17479.11
2023-10-21 08:00:00+00:00,1605.29,1607.04,1603.39,1604.63,22085.15
2023-10-21 09:00:00+00:00,1604.63,1607.84,1601.81,1605.82,18763.66
2023-10-21 10:00:00+00:00,1605.82,1606.75,1602.48,1603.64,12358.46
2023-10-21 11:00:00+00:00,1603.64,1608.85,1603.64,1607.6,14639.42
2023-10-21 12:00:00+00:00,1607.6,1608.87,1603.68,1603.98,23576.64
2023-10-21 13:00:00+00:00,1603.98,1612.74,1601.38,1612.02,34034.69
2023-10-21 14:00:00+00:00,1612.02,1623.92,1609.11,1620.95,39946.03
2023-10-21 15:00:00+00:00,1620.95,1628.31,1612.65,1627.52,53445.83
2023-10-21 16:00:00+00:00,1627.52,1628.8,1618.95,1619.97,35331.19
2023-10-21 17:00:00+00:00,1619.97,1638.42,1619.51,1637.6,42571.25
2023-10-21 18:00:00+00:00,1637.6,1643.27,1627.15,1633.6,58335.46
2023-10-21 19:00:00+00:00,1633.6,1635.11,1625.98,1633.92,29094.35
2023-10-21 20:00:00+00:00,1633.92,1634.79,1624.71,1628.68,28090.37
2023-10-21 21:00:00+00:00,1628.68,1632.39,1626.57,1627.52,31173.67
2023-10-21 22:00:00+00:00,1627.52,1630.71,1626.04,1629.5,28763.29
2023-10-21 23:00:00+00:00,1629.5,1629.5,1624.76,1627.85,23446.83
2023-10-22 00:00:00+00:00,1627.85,1640.47,1625.25,1632.89,23475.73
2023-10-22 01:00:00+00:00,1632.89,1638.01,1625.27,1630.0,23835.26
2023-10-22 02:00:00+00:00,1630.0,1630.35,1622.01,1624.5,27308.57
2023-10-22 03:00:00+00:00,1624.5,1628.37,1622.85,1628.01,17799.3
2023-10-22 04:00:00+00:00,1628.01,1635.0,1628.01,1632.99,22937.2
2023-10-22 05:00:00+00:00,1632.99,1647.84,1632.13,1640.94,41663.72
2023-10-22 06:00:00+00:00,1640.94,1645.99,1636.2,1643.81,41790.22
2023-10-22 07:00:00+00:00,1643.81,1644.28,1623.01,1629.56,53087.21
2023-10-22 08:00:00+00:00,1629.56,1633.81,1623.36,1627.09,28528.57
2023-10-22 09:00:00+00:00,1627.09,1634.74,1626.52,1628.84,23934.73
2023-10-22 10:00:00+00:00,1628.84,1633.71,1628.6,1631.21,11057.53
2023-10-22 11:00:00+00:00,1631.21,1631.68,1623.3,1627.38,24824.91
2023-10-22 12:00:00+00:00,1627.38,1632.49,1626.53,1630.43,20484.79
2023-10-22 13:00:00+00:00,1630.43,1636.34,1629.88,1634.66,14013.12
2023-10-22 14:00:00+00:00,1634.66,1636.2,1624.1,1627.46,23949.07
2023-10-22 15:00:00+00:00,1627.46,1627.93,1620.0,1624.56,27076.3
2023-10-22 16:00:00+00:00,1624.56,1631.49,1623.1,1629.94,28096.34
2023-10-22 17:00:00+00:00,1629.94,1637.5,1628.95,1634.52,24921.63
2023-10-22 18:00:00+00:00,1634.52,1635.84,1632.13,1633.13,11042.14
2023-10-22 19:00:00+00:00,1633.13,1639.83,1632.04,1634.01,20885.26
2023-10-22 20:00:00+00:00,1634.01,1641.22,1634.0,1639.39,21813.86
2023-10-22 21:00:00+00:00,1639.39,1641.29,1633.81,1635.08,21659.0
2023-10-22 22:00:00+00:00,1635.08,1667.44,1633.13,1665.97,40098.95
2023-10-22 23:00:00+00:00,1665.97,1667.33,1657.6,1662.99,34607.57
2023-10-23 00:00:00+00:00,1662.99,1676.45,1656.24,1672.33,50275.9
2023-10-23 01:00:00+00:00,1672.33,1688.93,1669.75,1675.55,64815.82
2023-10-23 02:00:00+00:00,1675.55,1680.14,1670.36,1678.78,20585.48
2023-10-23 03:00:00+00:00,1678.78,1702.0,1676.66,1693.89,65181.87
2023-10-23 04:00:00+00:00,1693.89,1697.82,1689.27,1694.01,27642.31
2023-10-23 05:00:00+00:00,1694.01,1705.46,1689.33,1692.38,46015.98
2023-10-23 06:00:00+00:00,1692.38,1699.46,1682.2,1682.21,31549.02
2023-10-23 07:00:00+00:00,1682.21,1686.86,1670.56,1675.68,31583.53
2023-10-23 08:00:00+00:00,1675.68,1683.8,1673.81,1682.44,21485.22
2023-10-23 09:00:00+00:00,1682.44,1682.44,1661.11,1670.07,35896.51
2023-10-23 10:00:00+00:00,1670.07,1674.8,1669.39,1671.83,17314.47
2023-10-23 11:00:00+00:00,1671.83,1680.23,1671.82,1675.9,20784.45
2023-10-23 12:00:00+00:00,1675.9,1679.34,1673.77,1676.11,18556.4
2023-10-23 13:00:00+00:00,1676.11,1678.81,1662.25,1668.94,35653.03
2023-10-23 14:00:00+00:00,1668.94,1682.7,1668.29,1677.14,38797.04
2023-10-23 15:00:00+00:00,1677.14,1683.3,1675.11,1675.38,23056.15
2023-10-23 16:00:00+00:00,1675.38,1692.34,1669.79,1689.11,43774.84
2023-10-23 17:00:00+00:00,1689.11,1693.45,1675.69,1684.73,33805.77
2023-10-23 18:00:00+00:00,1684.73,1701.12,1680.0,1700.31,34002.99
2023-10-23 19:00:00+00:00,1700.31,1712.22,1692.92,1707.52,48498.54
2023-10-23 20:00:00+00:00,1707.52,1722.51,1704.94,1707.15,43175.15
2023-10-23 21:00:00+00:00,1707.15,1724.04,1702.42,1715.83,21078.59
2023-10-23 22:00:00+00:00,1715.83,1791.65,1713.97,1785.51,113889.62
2023-10-23 23:00:00+00:00,1785.51,1802.6,1747.84,1765.92,64282.26
2023-10-24 00:00:00+00:00,1765.92,1785.45,1757.64,1775.77,31698.72
2023-10-24 01:00:00+00:00,1775.77,1785.88,1765.21,1782.72,36728.76
2023-10-24 02:00:00+00:00,1782.72,1849.45,1779.25,1833.63,89492.0
2023-10-24 03:00:00+00:00,1833.63,1838.48,1807.39,1808.32,35107.88
2023-10-24 04:00:00+00:00,1808.32,1823.19,1807.88,1820.29,34347.65
2023-10-24 05:00:00+00:00,1820.29,1837.1,1805.0,1813.36,50846.93
2023-10-24 06:00:00+00:00,1813.36,1818.35,1804.52,1812.2,30283.32
2023-10-24 07:00:00+00:00,1812.2,1814.92,1800.36,1809.28,33283.79
2023-10-24 08:00:00+00:00,1809.28,1819.32,1806.22,1818.22,20682.66
2023-10-24 09:00:00+00:00,1818.22,1837.45,1813.18,1825.39,35853.17
2023-10-24 10:00:00+00:00,1825.39,1830.34,1823.01,1828.67,22038.54
2023-10-24 11:00:00+00:00,1828.67,1845.35,1825.85,1845.35,33217.8
2023-10-24 12:00:00+00:00,1845.35,1854.27,1836.64,1840.36,45827.57
2023-10-24 13:00:00+00:00,1840.36,1841.39,1815.11,1829.44,48613.39
2023-10-24 14:00:00+00:00,1829.44,1829.48,1806.82,1821.72,35004.8
2023-10-24 15:00:00+00:00,1821.72,1828.49,1761.64,1777.03,142149.02
2023-10-24 16:00:00+00:00,1777.03,1799.49,1767.14,1781.63,58860.37
2023-10-24 17:00:00+00:00,1781.63,1788.56,1774.82,1775.58,28087.76
2023-10-24 18:00:00+00:00,1775.58,1777.97,1754.88,1776.41,61470.99
2023-10-24 19:00:00+00:00,1776.41,1780.78,1770.89,1776.32,27408.22
2023-10-24 20:00:00+00:00,1776.32,1783.77,1768.14,1770.67,29921.53
2023-10-24 21:00:00+00:00,1770.67,1790.94,1763.24,1786.4,36164.45
2023-10-24 22:00:00+00:00,1786.4,1793.17,1777.64,1792.75,23969.31
2023-10-24 23:00:00+00:00,1792.75,1795.5,1778.7,1783.82,35162.39
2023-10-25 00:00:00+00:00,1783.82,1793.92,1776.04,1792.0,24604.46
2023-10-25 01:00:00+00:00,1792.0,1805.99,1790.79,1799.69,32545.41
2023-10-25 02:00:00+00:00,1799.69,1801.81,1787.1,1792.2,18403.25
2023-10-25 03:00:00+00:00,1792.2,1793.63,1783.59,1787.66,26395.86
2023-10-25 04:00:00+00:00,1787.66,1794.34,1784.03,1794.11,25812.47
2023-10-25 05:00:00+00:00,1794.11,1794.69,1777.69,1782.0,32430.63
2023-10-25 06:00:00+00:00,1782.0,1789.43,1781.9,1787.24,18227.4
2023-10-25 07:00:00+00:00,1787.24,1789.92,1760.0,1768.31,52302.25
2023-10-25 08:00:00+00:00,1768.31,1774.5,1759.19,1771.94,29811.42
2023-10-25 09:00:00+00:00,1771.94,1786.45,1769.0,1777.38,38097.1
2023-11-27 17:00:00+00:00,2021.0,2024.0,2008.0,2009.87,61678.46
2023-11-27 18:00:00+00:00,2009.87,2018.94,2006.32,2006.32,19190.38
2023-11-27 19:00:00+00:00,2006.32,2011.04,1984.88,1994.23,55702.36
2023-11-27 20:00:00+00:00,1994.23,1996.94,1986.7,1995.9,20634.82
2023-11-27 21:00:00+00:00,1995.9,2019.19,1995.0,2015.04,29289.38
2023-11-27 22:00:00+00:00,2015.04,2022.12,2011.13,2020.12,18876.27
2023-11-27 23:00:00+00:00,2020.12,2029.2,2019.78,2026.94,15453.0
2023-11-28 00:00:00+00:00,2026.94,2040.4,2022.07,2033.16,30597.95
2023-11-28 01:00:00+00:00,2033.16,2033.86,2024.38,2026.43,20081.71
2023-11-28 02:00:00+00:00,2026.43,2029.2,2019.98,2026.39,21249.48
2023-11-28 03:00:00+00:00,2026.39,2031.92,2023.06,2026.87,17075.68
2023-11-28 04:00:00+00:00,2026.87,2029.39,2016.81,2018.81,20693.91
2023-11-28 05:00:00+00:00,2018.81,2019.93,1996.76,1997.15,53255.38
2023-11-28 06:00:00+00:00,1997.15,2014.62,1994.48,2013.15,25014.01
2023-11-28 07:00:00+00:00,2013.15,2016.99,2001.65,2014.17,25914.69
2023-11-28 08:00:00+00:00,2014.17,2015.4,2005.0,2005.58,26044.11
2023-11-28 09:00:00+00:00,2005.58,2020.36,2005.11,2017.9,27241.49
2023-11-28 10:00:00+00:00,2017.9,2020.74,2013.58,2020.22,16302.63
2023-11-28 11:00:00+00:00,2020.22,2028.4,2017.75,2027.57,24707.89
2023-11-28 12:00:00+00:00,2027.57,2028.75,2020.79,2022.34,17050.35
2023-11-28 13:00:00+00:00,2022.34,2036.05,2018.6,2034.2,39266.1
2023-11-28 14:00:00+00:00,2034.2,2041.47,2029.63,2030.5,33363.02
2023-11-28 15:00:00+00:00,2030.5,2039.17,2023.86,2035.79,32423.73
2023-11-28 16:00:00+00:00,2035.79,2063.33,2034.65,2056.85,57274.56
2023-11-28 17:00:00+00:00,2056.85,2075.38,2049.78,2072.06,64396.61
2023-11-28 18:00:00+00:00,2072.06,2073.0,2050.9,2056.97,43476.96
2023-11-28 19:00:00+00:00,2056.97,2068.77,2055.3,2059.19,27310.53
2023-11-28 20:00:00+00:00,2059.19,2065.57,2054.37,2062.62,22516.34
2023-11-28 21:00:00+00:00,2062.62,2064.1,2051.99,2053.16,19295.35
2023-11-28 22:00:00+00:00,2053.16,2057.7,2042.5,2048.71,35747.4
2023-11-28 23:00:00+00:00,2048.71,2053.99,2043.14,2048.38,26087.08
2023-11-29 00:00:00+00:00,2048.38,2051.17,2038.75,2050.38,33323.03
2023-11-29 01:00:00+00:00,2050.38,2057.3,2050.0,2050.01,14748.05
2023-11-29 02:00:00+00:00,2050.01,2052.88,2046.55,2049.08,13054.41
2023-11-29 03:00:00+00:00,2049.08,2053.93,2048.0,2052.91,19164.0
2023-11-29 04:00:00+00:00,2052.91,2054.85,2049.37,2053.9,13646.14
2023-11-29 05:00:00+00:00,2053.9,2056.09,2046.92,2053.14,31905.44
2023-11-29 06:00:00+00:00,2053.14,2063.22,2049.43,2061.63,27239.61
2023-11-29 07:00:00+00:00,2061.63,2061.88,2054.09,2056.98,14956.06
2023-11-29 08:00:00+00:00,2056.98,2071.2,2054.13,2070.51,17095.56
2023-11-29 09:00:00+00:00,2070.51,2076.24,2061.52,2066.79,29590.08
2023-11-29 10:00:00+00:00,2066.79,2066.79,2044.38,2047.78,29509.4
2023-11-29 11:00:00+00:00,2047.78,2056.69,2045.01,2052.0,31685.92
2023-11-29 12:00:00+00:00,2052.0,2059.99,2049.44,2053.42,24821.01
2023-11-29 13:00:00+00:00,2053.42,2061.27,2051.26,2053.19,21826.41
2023-11-29 14:00:00+00:00,2053.19,2058.22,2032.0,2036.0,61102.49
2023-11-29 15:00:00+00:00,2036.0,2039.94,2019.68,2030.35,68454.62
2023-11-29 16:00:00+00:00,2030.35,2033.5,2018.57,2025.25,23604.76
2023-11-29 17:00:00+00:00,2025.25,2037.72,2019.4,2032.23,23164.01
2023-11-29 18:00:00+00:00,2032.23,2037.59,2028.01,2037.0,14785.85
2023-11-29 19:00:00+00:00,2037.0,2042.26,2032.6,2038.74,21375.98
2023-11-29 20:00:00+00:00,2038.74,2039.66,2019.23,2025.41,18320.52
2023-11-29 21:00:00+00:00,2025.41,2030.14,2022.0,2027.53,13673.6
2023-11-29 22:00:00+00:00,2027.53,2032.23,2027.53,2028.44,10167.76
2023-11-29 23:00:00+00:00,2028.44,2030.87,2024.04,2028.63,17745.3
2023-11-30 00:00:00+00:00,2028.63,2033.42,2024.31,2025.86,11930.56
2023-11-30 01:00:00+00:00,2025.86,2030.0,2021.97,2024.4,14331.34
2023-11-30 02:00:00+00:00,2024.4,2036.46,2023.51,2035.25,19840.98
2023-11-30 03:00:00+00:00,2035.25,2040.68,2029.46,2040.52,25371.78
2023-11-30 04:00:00+00:00,2040.52,2043.99,2034.87,2036.08,52329.46
2023-11-30 05:00:00+00:00,2036.08,2038.48,2031.61,2033.59,14032.61
2023-11-30 06:00:00+00:00,2033.59,2038.59,2030.99,2034.55,17487.34
2023-11-30 07:00:00+00:00,2034.55,2039.05,2032.07,2034.99,14317.74
2023-11-30 08:00:00+00:00,2034.99,2036.17,2020.02,2025.57,28324.95
2023-11-30 09:00:00+00:00,2025.57,2032.37,2021.78,2028.18,20427.2
2023-11-30 10:00:00+00:00,2028.18,2033.49,2027.23,2029.74,12386.67
2023-11-30 11:00:00+00:00,2029.74,2046.2,2027.88,2044.55,26059.77
2023-11-30 12:00:00+00:00,2044.55,2052.13,2042.38,2044.68,34131.9
2023-11-30 13:00:00+00:00,2044.68,2048.26,2026.83,2034.82,43423.27
2023-11-30 14:00:00+00:00,2034.82,2035.93,2024.09,2029.39,40169.07
2023-11-30 15:00:00+00:00,2029.39,2039.01,2025.42,2032.93,38576.69
2023-11-30 16:00:00+00:00,2032.93,2038.88,2028.14,2034.47,29531.64
2023-11-30 17:00:00+00:00,2034.47,2040.47,2033.39,2038.75,20316.36
2023-11-30 18:00:00+00:00,2038.75,2043.81,2036.7,2038.43,20105.04
2023-11-30 19:00:00+00:00,2038.43,2043.78,2036.05,2041.22,20549.84
2023-11-30 20:00:00+00:00,2041.22,2045.92,2039.02,2043.34,12767.49
2023-11-30 21:00:00+00:00,2043.34,2048.96,2039.68,2045.39,15217.65
2023-11-30 22:00:00+00:00,2045.39,2050.55,2042.6,2042.61,14990.62
2023-11-30 23:00:00+00:00,2042.61,2054.06,2039.53,2051.17,26574.53
2023-12-01 00:00:00+00:00,2051.17,2052.44,2044.19,2048.8,20100.93
2023-12-01 01:00:00+00:00,2048.8,2090.69,2046.5,2087.56,79001.61
2023-12-01 02:00:00+00:00,2087.56,2093.0,2081.97,2085.13,31550.2
2023-12-01 03:00:00+00:00,2085.13,2092.21,2082.37,2091.35,20637.4
2023-12-01 04:00:00+00:00,2091.35,2099.86,2088.94,2094.13,39775.04
2023-12-01 05:00:00+00:00,2094.13,2096.24,2089.91,2090.95,32445.15
2023-12-01 06:00:00+00:00,2090.95,2093.27,2086.6,2092.23,25571.3
2023-12-01 07:00:00+00:00,2092.23,2107.95,2088.71,2091.9,37982.02
2023-12-01 08:00:00+00:00,2091.9,2098.47,2090.59,2093.52,19106.05
2023-12-01 09:00:00+00:00,2093.52,2111.77,2093.52,2104.3,46275.14
2023-12-01 10:00:00+00:00,2104.3,2105.34,2088.25,2089.35,32098.04
2023-12-01 11:00:00+00:00,2089.35,2094.34,2085.94,2092.16,33097.47
2023-12-01 12:00:00+00:00,2092.16,2094.37,2083.43,2086.94,30345.15
2023-12-01 13:00:00+00:00,2086.94,2090.66,2076.4,2080.47,34968.03
2023-12-01 14:00:00+00:00,2080.47,2082.92,2073.95,2078.21,38362.99
2023-12-01 15:00:00+00:00,2078.21,2082.38,2069.96,2079.58,30139.16
2023-12-01 16:00:00+00:00,2079.58,2109.37,2077.77,2104.48,57358.43
2023-12-01 17:00:00+00:00,2104.48,2107.63,2087.51,2093.67,36149.41
2023-12-01 18:00:00+00:00,2093.67,2098.17,2086.94,2089.84,16700.84
2023-12-01 19:00:00+00:00,2089.84,2091.79,2080.12,2089.42,16486.24
2023-12-01 20:00:00+00:00,2089.42,2095.68,2087.46,2090.15,18315.7
2023-12-01 21:00:00+00:00,2090.15,2095.48,2087.95,2089.82,22748.12
2023-12-01 22:00:00+00:00,2089.82,2092.01,2081.57,2084.83,28091.26
2023-12-01 23:00:00+00:00,2084.83,2086.95,2082.36,2086.95,26893.47
2023-12-02 00:00:00+00:00,2086.95,2092.87,2085.86,2091.87,21063.13
2023-12-02 01:00:00+00:00,2091.87,2095.62,2090.09,2093.85,21721.79
2023-12-02 02:00:00+00:00,2093.85,2096.48,2087.51,2091.08,17752.05
2023-12-02 03:00:00+00:00,2091.08,2094.68,2089.36,2092.52,16166.36
2023-12-02 04:00:00+00:00,2092.52,2094.82,2089.05,2093.87,12874.99
2023-12-02 05:00:00+00:00,2093.87,2095.73,2090.76,2094.17,14757.78
2023-12-02 06:00:00+00:00,2094.17,2102.79,2092.86,2101.23,16466.67
2023-12-02 07:00:00+00:00,2101.23,2105.97,2094.68,2095.02,19282.16
2023-12-02 08:00:00+00:00,2095.02,2101.61,2095.02,2098.69,9563.63
2023-12-02 09:00:00+00:00,2098.69,2105.37,2098.66,2102.58,11071.04
2023-12-02 10:00:00+00:00,2102.58,2106.73,2098.93,2101.01,12448.03
2023-12-02 11:00:00+00:00,2101.01,2101.25,2096.43,2098.42,9799.26
2023-12-02 12:00:00+00:00,2098.42,2105.87,2097.37,2105.6,9515.23
2023-12-02 13:00:00+00:00,2105.6,2108.55,2101.76,2103.62,11964.02
2023-12-02 14:00:00+00:00,2103.62,2108.83,2092.97,2098.99,16108.58
2023-12-02 15:00:00+00:00,2098.99,2106.01,2093.49,2103.97,10869.2
2023-12-02 16:00:00+00:00,2103.97,2104.8,2096.88,2098.82,14525.2
2023-12-02 17:00:00+00:00,2098.82,2105.86,2097.97,2105.0,9121.44
2023-12-02 18:00:00+00:00,2105.0,2157.01,2104.11,2148.89,63596.56
2023-12-02 19:00:00+00:00,2148.89,2198.25,2132.0,2160.3,86612.31
2023-12-02 20:00:00+00:00,2160.3,2164.62,2153.89,2158.81,21014.27
2023-12-02 21:00:00+00:00,2158.81,2177.44,2154.81,2169.88,28755.09
2023-12-02 22:00:00+00:00,2169.88,2172.05,2155.2,2159.02,19544.44
2023-12-02 23:00:00+00:00,2159.02,2167.5,2158.01,2165.62,12305.99
2023-12-03 00:00:00+00:00,2165.62,2168.98,2157.96,2166.96,10981.83
2023-12-03 01:00:00+00:00,2166.96,2172.94,2165.34,2169.84,14945.63
2023-12-03 02:00:00+00:00,2169.84,2178.09,2163.49,2165.71,22451.35
2023-12-03 03:00:00+00:00,2165.71,2166.81,2156.03,2162.12,15258.79
2023-12-03 04:00:00+00:00,2162.12,2163.58,2155.79,2156.58,11452.28
2023-12-03 05:00:00+00:00,2156.58,2161.34,2153.34,2160.53,14917.56
2023-12-03 06:00:00+00:00,2160.53,2161.02,2152.42,2156.58,11923.24
2023-12-03 07:00:00+00:00,2156.58,2165.12,2154.74,2164.4,11793.0
2023-12-03 08:00:00+00:00,2164.4,2165.27,2159.9,2160.21,9438.49
2023-12-03 09:00:00+00:00,2160.21,2167.81,2159.74,2165.96,10940.13
2023-12-03 10:00:00+00:00,2165.96,2168.3,2160.7,2166.35,10267.41
2023-12-03 11:00:00+00:00,2166.35,2166.6,2156.61,2158.95,14813.04
2023-12-03 12:00:00+00:00,2158.95,2159.27,2149.08,2152.82,19901.92
2023-12-03 13:00:00+00:00,2152.82,2169.59,2151.09,2160.99,27245.75
2023-12-03 14:00:00+00:00,2160.99,2162.54,2151.6,2151.6,18976.85
2023-12-03 15:00:00+00:00,2151.6,2162.54,2151.1,2160.08,11353.67
2023-12-03 16:00:00+00:00,2160.08,2167.35,2155.21,2159.01,14428.18
2023-12-03 17:00:00+00:00,2159.01,2160.36,2150.33,2153.61,13009.65
2023-12-03 18:00:00+00:00,2153.61,2163.35,2152.86,2160.82,8084.3
2023-12-03 19:00:00+00:00,2160.82,2168.35,2157.4,2167.1,14541.65
2023-12-03 20:00:00+00:00,2167.1,2173.24,2164.56,2167.28,13136.2
2023-12-03 21:00:00+00:00,2167.28,2185.0,2167.2,2182.54,17911.18
2023-12-03 22:00:00+00:00,2182.54,2221.0,2181.35,2205.41,69202.93
2023-12-03 23:00:00+00:00,2205.41,2209.32,2181.5,2192.71,27467.14
2023-12-04 00:00:00+00:00,2192.71,2211.12,2191.43,2210.09,35002.22
2023-12-04 01:00:00+00:00,2210.09,2229.23,2205.91,2213.71,52633.18
2023-12-04 02:00:00+00:00,2213.71,2215.42,2204.59,2212.3,20267.67
2023-12-04 03:00:00+00:00,2212.3,2219.32,2209.96,2209.96,15641.76
2023-12-04 04:00:00+00:00,2209.96,2225.91,2209.9,2224.27,15924.66
2023-12-04 05:00:00+00:00,2224.27,2254.26,2220.66,2246.05,59170.49
2023-12-04 06:00:00+00:00,2246.05,2266.95,2240.65,2246.51,46887.4
2023-12-04 07:00:00+00:00,2246.51,2258.35,2243.0,2246.57,25822.8
2023-12-04 08:00:00+00:00,2246.57,2259.81,2240.8,2255.36,17079.6
2023-12-04 09:00:00+00:00,2255.36,2269.6,2245.11,2245.63,27419.8
2023-12-04 10:00:00+00:00,2245.63,2276.16,2245.54,2260.88,39416.11
2023-12-04 11:00:00+00:00,2260.88,2267.52,2212.94,2237.78,88334.02
2023-12-04 12:00:00+00:00,2237.78,2255.99,2225.92,2252.83,43276.17
2023-12-04 13:00:00+00:00,2252.83,2254.71,2235.32,2239.26,25478.33
2023-12-04 14:00:00+00:00,2239.26,2241.26,2215.41,2224.79,33514.14
2023-12-04 15:00:00+00:00,2224.79,2226.77,2200.95,2211.53,38898.65
2023-12-04 16:00:00+00:00,2211.53,2226.65,2209.56,2225.68,26914.39
2023-12-04 17:00:00+00:00,2225.68,2230.64,2215.0,2218.97,18807.26
2023-12-04 18:00:00+00:00,2218.97,2226.19,2215.92,2224.41,16782.07
2023-12-04 19:00:00+00:00,2224.41,2235.0,2218.71,2234.37,17231.72
2023-12-04 20:00:00+00:00,2234.37,2235.09,2225.77,2228.54,13121.99
2023-12-04 21:00:00+00:00,2228.54,2234.85,2224.11,2234.26,12260.14
2023-12-04 22:00:00+00:00,2234.26,2254.12,2220.01,2227.83,34539.05
2023-12-04 23:00:00+00:00,2227.83,2243.7,2223.65,2243.0,16485.13
2023-12-05 00:00:00+00:00,2243.0,2252.92,2232.96,2251.47,17044.84
2023-12-05 01:00:00+00:00,2251.47,2252.23,2231.14,2240.01,16018.93
2023-12-05 02:00:00+00:00,2240.01,2240.92,2222.65,2228.69,15366.17
2023-12-05 03:00:00+00:00,2228.69,2235.17,2226.18,2230.9,10988.56
2023-12-05 04:00:00+00:00,2230.9,2230.9,2224.38,2226.56,10774.48
2023-12-05 05:00:00+00:00,2226.56,2234.53,2221.95,2234.31,18121.08
2023-12-05 06:00:00+00:00,2234.31,2237.44,2226.08,2229.7,20400.42
2023-12-05 07:00:00+00:00,2229.7,2230.99,2187.49,2199.63,89851.56
2023-12-05 08:00:00+00:00,2199.63,2206.8,2189.74,2201.29,22832.26
2023-12-05 09:00:00+00:00,2201.29,2209.23,2200.03,2207.05,14039.89
2023-12-05 10:00:00+00:00,2207.05,2209.63,2197.04,2197.05,11396.99
2023-12-05 11:00:00+00:00,2197.05,2207.29,2192.74,2204.04,14367.13
2023-12-05 12:00:00+00:00,2204.04,2212.69,2202.31,2211.73,18333.44
2023-12-05 13:00:00+00:00,2211.73,2218.45,2199.55,2200.34,29682.38
2023-12-05 14:00:00+00:00,2200.34,2217.38,2198.76,2215.42,23136.88
2023-12-05 15:00:00+00:00,2215.42,2234.28,2209.5,2227.99,40529.77
2023-12-05 16:00:00+00:00,2227.99,2243.13,2219.51,2235.75,28222.49
2023-12-05 17:00:00+00:00,2235.75,2302.12,2235.21,2292.58,78706.88
2023-12-05 18:00:00+00:00,2292.58,2311.13,2277.14,2280.26,61546.44
2023-12-05 19:00:00+00:00,2280.26,2283.51,2259.5,2272.99,24719.75
2023-12-05 20:00:00+00:00,2272.99,2277.52,2251.57,2265.93,16644.74
2023-12-05 21:00:00+00:00,2265.93,2282.33,2257.92,2272.9,13208.1
2023-12-05 22:00:00+00:00,2272.9,2286.29,2264.66,2281.9,18899.29
2023-12-05 23:00:00+00:00,2281.9,2298.92,2279.15,2293.08,16488.98
2023-12-06 00:00:00+00:00,2293.08,2312.86,2287.55,2310.31,21884.49
2024-01-08 08:00:00+00:00,2223.1,2233.85,2219.85,2221.45,46594.03
2024-01-08 09:00:00+00:00,2221.45,2224.91,2203.37,2209.98,50815.95
2024-01-08 10:00:00+00:00,2209.98,2228.87,2207.02,2225.99,46343.22
2024-01-08 11:00:00+00:00,2225.99,2241.93,2219.55,2240.16,55611.45
2024-01-08 12:00:00+00:00,2240.16,2269.49,2239.35,2264.46,93350.74
2024-01-08 13:00:00+00:00,2264.46,2274.25,2257.94,2264.58,77189.0
2024-01-08 14:00:00+00:00,2264.58,2272.4,2254.79,2260.03,57197.0
2024-01-08 15:00:00+00:00,2260.03,2283.84,2255.2,2269.43,54312.57
2024-01-08 16:00:00+00:00,2269.43,2281.6,2258.74,2262.57,55057.04
2024-01-08 17:00:00+00:00,2262.57,2307.97,2260.63,2306.96,73213.37
2024-01-08 18:00:00+00:00,2306.96,2340.98,2304.8,2335.61,87463.19
2024-01-08 19:00:00+00:00,2335.61,2359.13,2322.63,2354.33,66526.53
2024-01-08 20:00:00+00:00,2354.33,2357.79,2333.58,2335.99,43765.57
2024-01-08 21:00:00+00:00,2335.99,2347.48,2332.61,2336.87,51656.4
2024-01-08 22:00:00+00:00,2336.87,2342.42,2331.79,2337.01,61723.17
2024-01-08 23:00:00+00:00,2337.01,2337.42,2325.18,2330.35,73022.08
2024-01-09 00:00:00+00:00,2330.35,2336.48,2288.61,2306.42,69700.74
2024-01-09 01:00:00+00:00,2306.42,2314.42,2295.67,2308.87,46444.66
2024-01-09 02:00:00+00:00,2308.87,2316.19,2305.27,2311.88,47118.49
2024-01-09 03:00:00+00:00,2311.88,2314.19,2306.21,2308.85,52057.01
2024-01-09 04:00:00+00:00,2308.85,2316.97,2299.36,2314.44,52781.16
2024-01-09 05:00:00+00:00,2314.44,2318.0,2300.81,2308.21,51639.17
2024-01-09 06:00:00+00:00,2308.21,2308.5,2296.31,2301.12,49886.04
2024-01-09 07:00:00+00:00,2301.12,2309.5,2297.37,2305.33,55742.21
2024-01-09 08:00:00+00:00,2305.33,2311.0,2289.18,2290.78,51025.66
2024-01-09 09:00:00+00:00,2290.78,2296.75,2284.89,2290.91,54933.88
2024-01-09 10:00:00+00:00,2290.91,2301.72,2288.31,2292.01,51239.03
2024-01-09 11:00:00+00:00,2292.01,2302.9,2288.51,2298.18,54654.39
2024-01-09 12:00:00+00:00,2298.18,2304.26,2222.43,2262.94,112318.42
2024-01-09 13:00:00+00:00,2262.94,2283.12,2258.94,2274.89,78972.34
2024-01-09 14:00:00+00:00,2274.89,2282.96,2241.1,2246.87,60738.86
2024-01-09 15:00:00+00:00,2246.87,2267.61,2241.18,2256.38,54547.82
2024-01-09 16:00:00+00:00,2256.38,2265.66,2243.0,2264.07,59868.83
2024-01-09 17:00:00+00:00,2264.07,2270.65,2255.34,2263.48,50917.9
2024-01-09 18:00:00+00:00,2263.48,2277.76,2258.21,2275.32,47958.38
2024-01-09 19:00:00+00:00,2275.32,2277.22,2257.14,2270.46,36544.46
2024-01-09 20:00:00+00:00,2270.46,2273.43,2246.53,2249.87,59105.39
2024-01-09 21:00:00+00:00,2249.87,2375.62,2246.45,2316.79,218935.9
2024-01-09 22:00:00+00:00,2316.79,2372.11,2316.01,2340.97,102630.57
2024-01-09 23:00:00+00:00,2340.97,2346.48,2315.4,2343.69,65755.03
2024-01-10 00:00:00+00:00,2343.69,2400.45,2339.36,2399.0,56899.97
2024-01-10 01:00:00+00:00,2399.0,2401.74,2365.17,2376.66,57817.99
2024-01-10 02:00:00+00:00,2376.66,2377.31,2345.0,2347.66,52267.28
2024-01-10 03:00:00+00:00,2347.66,2367.7,2344.03,2361.2,56384.63
2024-01-10 04:00:00+00:00,2361.2,2388.2,2357.05,2380.12,58845.1
2024-01-10 05:00:00+00:00,2380.12,2393.0,2371.1,2386.07,49770.36
2024-01-10 06:00:00+00:00,2386.07,2388.0,2372.0,2380.36,39487.43
2024-01-10 07:00:00+00:00,2380.36,2385.79,2365.59,2368.82,57195.48
2024-01-10 08:00:00+00:00,2368.82,2383.37,2362.0,2365.0,57849.89
2024-01-10 09:00:00+00:00,2365.0,2431.15,2364.54,2425.67,87804.27
2024-01-10 10:00:00+00:00,2425.67,2427.78,2400.0,2400.6,71830.23
2024-01-10 11:00:00+00:00,2400.6,2409.1,2379.26,2402.37,69205.21
2024-01-10 12:00:00+00:00,2402.37,2418.88,2342.18,2359.67,116859.71
2024-01-10 13:00:00+00:00,2359.67,2391.9,2350.23,2377.99,95423.21
2024-01-10 14:00:00+00:00,2377.99,2395.81,2369.7,2386.45,76061.93
2024-01-10 15:00:00+00:00,2386.45,2461.47,2382.76,2449.81,135356.8
2024-01-10 16:00:00+00:00,2449.81,2458.67,2406.0,2407.22,89641.99
2024-01-10 17:00:00+00:00,2407.22,2445.23,2400.79,2436.61,68411.1
2024-01-10 18:00:00+00:00,2436.61,2443.35,2414.3,2434.9,57504.89
2024-01-10 19:00:00+00:00,2434.9,2482.38,2425.39,2477.42,94613.28
2024-01-10 20:00:00+00:00,2477.42,2490.05,2409.76,2484.41,138760.67
2024-01-10 21:00:00+00:00,2484.41,2535.0,2471.71,2526.82,148347.64
2024-01-10 22:00:00+00:00,2526.82,2557.7,2509.57,2546.52,83178.75
2024-01-10 23:00:00+00:00,2546.52,2644.1,2542.13,2584.71,118851.87
2024-01-11 00:00:00+00:00,2584.71,2608.36,2568.74,2606.56,58145.23
2024-01-11 01:00:00+00:00,2606.56,2607.16,2565.04,2567.63,49201.3
2024-01-11 02:00:00+00:00,2567.63,2586.16,2565.5,2580.14,62831.42
2024-01-11 03:00:00+00:00,2580.14,2614.54,2571.0,2612.84,61545.7
2024-01-11 04:00:00+00:00,2612.84,2629.4,2603.06,2613.54,57404.87
2024-01-11 05:00:00+00:00,2613.54,2614.54,2583.21,2596.31,69145.58
2024-01-11 06:00:00+00:00,2596.31,2598.3,2572.77,2577.0,69174.26
2024-01-11 07:00:00+00:00,2577.0,2591.0,2575.44,2589.08,51774.07
2024-01-11 08:00:00+00:00,2589.08,2617.0,2586.01,2615.0,63638.02
2024-01-11 09:00:00+00:00,2615.0,2619.9,2604.49,2608.15,51838.06
2024-01-11 10:00:00+00:00,2608.15,2650.34,2607.14,2636.49,71740.15
2024-01-11 11:00:00+00:00,2636.49,2665.34,2626.77,2657.22,75766.08
2024-01-11 12:00:00+00:00,2657.22,2661.99,2634.96,2646.51,71240.49
2024-01-11 13:00:00+00:00,2646.51,2656.65,2622.49,2635.82,85302.28
2024-01-11 14:00:00+00:00,2635.82,2687.34,2616.14,2682.84,126671.5
2024-01-11 15:00:00+00:00,2682.84,2690.44,2596.62,2614.01,98781.95
2024-01-11 16:00:00+00:00,2614.01,2625.79,2570.21,2588.56,86135.48
2024-01-11 17:00:00+00:00,2588.56,2616.52,2574.0,2603.03,74071.79
2024-01-11 18:00:00+00:00,2603.03,2619.0,2590.07,2613.63,78334.11
2024-01-11 19:00:00+00:00,2613.63,2623.06,2598.16,2622.3,65896.95
2024-01-11 20:00:00+00:00,2622.3,2633.01,2587.51,2593.84,57757.9
2024-01-11 21:00:00+00:00,2593.84,2621.04,2592.13,2603.58,60835.98
2024-01-11 22:00:00+00:00,2603.58,2616.54,2595.53,2615.57,56137.13
2024-01-11 23:00:00+00:00,2615.57,2625.0,2610.31,2618.01,48260.19
2024-01-12 00:00:00+00:00,2618.01,2624.07,2592.4,2600.0,38001.73
2024-01-12 01:00:00+00:00,2600.0,2604.11,2580.43,2593.25,41191.19
2024-01-12 02:00:00+00:00,2593.25,2615.98,2591.0,2608.1,33439.06
2024-01-12 03:00:00+00:00,2608.1,2608.47,2587.51,2589.79,35682.5
2024-01-12 04:00:00+00:00,2589.79,2605.74,2585.12,2594.28,49404.72
2024-01-12 05:00:00+00:00,2594.28,2610.7,2590.32,2608.97,69497.42
2024-01-12 06:00:00+00:00,2608.97,2625.96,2607.69,2617.94,70713.57
2024-01-12 07:00:00+00:00,2617.94,2621.74,2592.01,2596.57,68965.22
2024-01-12 08:00:00+00:00,2596.57,2604.97,2584.36,2602.53,69436.15
2024-01-12 09:00:00+00:00,2602.53,2619.0,2585.8,2615.25,56371.15
2024-01-12 10:00:00+00:00,2615.25,2623.43,2611.46,2621.1,34494.45
2024-01-12 11:00:00+00:00,2621.1,2668.75,2619.03,2647.6,81351.31
2024-01-12 12:00:00+00:00,2647.6,2680.51,2633.56,2650.33,72244.43
2024-01-12 13:00:00+00:00,2650.33,2691.26,2644.65,2673.13,76004.62
2024-01-12 14:00:00+00:00,2673.13,2713.3,2661.47,2705.55,93516.96
2024-01-12 15:00:00+00:00,2705.55,2718.62,2637.73,2648.36,102291.54
2024-01-12 16:00:00+00:00,2648.36,2689.96,2601.84,2621.38,108873.85
2024-01-12 17:00:00+00:00,2621.38,2632.34,2557.76,2603.74,94672.25
2024-01-12 18:00:00+00:00,2603.74,2611.92,2579.45,2596.36,52226.74
2024-01-12 19:00:00+00:00,2596.36,2614.99,2583.28,2585.01,57067.57
2024-01-12 20:00:00+00:00,2585.01,2599.57,2566.35,2570.84,57490.67
2024-01-12 21:00:00+00:00,2570.84,2576.47,2502.12,2527.0,78937.9
2024-01-12 22:00:00+00:00,2527.0,2529.74,2458.2,2499.34,103167.46
2024-01-12 23:00:00+00:00,2499.34,2530.75,2497.35,2522.4,51959.8
2024-01-13 00:00:00+00:00,2522.4,2537.91,2516.5,2517.83,38003.56
2024-01-13 01:00:00+00:00,2517.83,2528.43,2496.9,2525.65,59806.78
2024-01-13 02:00:00+00:00,2525.65,2553.5,2519.39,2545.8,57369.22
2024-01-13 03:00:00+00:00,2545.8,2556.63,2536.42,2548.11,66336.41
2024-01-13 04:00:00+00:00,2548.11,2549.0,2539.13,2547.12,53440.04
2024-01-13 05:00:00+00:00,2547.12,2554.71,2540.0,2553.06,51948.33
2024-01-13 06:00:00+00:00,2553.06,2553.82,2542.01,2551.47,41494.35
2024-01-13 07:00:00+00:00,2551.47,2560.72,2546.79,2549.82,54113.88
2024-01-13 08:00:00+00:00,2549.82,2560.04,2548.53,2554.76,46451.23
2024-01-13 09:00:00+00:00,2554.76,2557.04,2537.51,2540.54,41088.05
2024-01-13 10:00:00+00:00,2540.54,2541.45,2520.61,2530.84,35803.82
2024-01-13 11:00:00+00:00,2530.84,2545.86,2529.5,2542.95,46880.72
2024-01-13 12:00:00+00:00,2542.95,2551.48,2535.66,2542.59,49061.38
2024-01-13 13:00:00+00:00,2542.59,2549.82,2537.44,2542.36,38303.34
2024-01-13 14:00:00+00:00,2542.36,2545.34,2531.21,2539.73,38539.33
2024-01-13 15:00:00+00:00,2539.73,2566.19,2539.38,2563.31,46995.9
2024-01-13 16:00:00+00:00,2563.31,2571.93,2550.49,2556.7,44558.7
2024-01-13 17:00:00+00:00,2556.7,2566.19,2548.92,2556.0,48367.45
2024-01-13 18:00:00+00:00,2556.0,2573.88,2551.41,2560.89,44516.4
2024-01-13 19:00:00+00:00,2560.89,2579.78,2559.67,2571.46,37687.49
2024-01-13 20:00:00+00:00,2571.46,2581.19,2566.67,2568.93,33861.39
2024-01-13 21:00:00+00:00,2568.93,2574.72,2562.35,2573.07,43692.19
2024-01-13 22:00:00+00:00,2573.07,2577.75,2565.9,2577.47,41313.58
2024-01-13 23:00:00+00:00,2577.47,2589.99,2572.75,2577.76,43523.54
2024-01-14 00:00:00+00:00,2577.76,2578.17,2560.78,2564.0,40005.67
2024-01-14 01:00:00+00:00,2564.0,2574.67,2562.01,2569.02,38568.52
2024-01-14 02:00:00+00:00,2569.02,2571.16,2555.23,2560.51,28246.26
2024-01-14 03:00:00+00:00,2560.51,2564.55,2550.26,2551.02,23364.24
2024-01-14 04:00:00+00:00,2551.02,2556.5,2542.71,2544.2,42951.24
2024-01-14 05:00:00+00:00,2544.2,2556.13,2543.97,2552.39,33530.18
2024-01-14 06:00:00+00:00,2552.39,2556.0,2548.1,2552.71,37299.17
2024-01-14 07:00:00+00:00,2552.71,2554.47,2544.11,2551.14,30986.19
2024-01-14 08:00:00+00:00,2551.14,2553.37,2545.1,2553.3,24717.34
2024-01-14 09:00:00+00:00,2553.3,2554.0,2539.32,2553.98,30045.13
2024-01-14 10:00:00+00:00,2553.98,2554.0,2539.34,2541.62,32155.44
2024-01-14 11:00:00+00:00,2541.62,2547.37,2534.51,2537.41,40950.44
2024-01-14 12:00:00+00:00,2537.41,2546.55,2533.6,2537.14,41179.11
2024-01-14 13:00:00+00:00,2537.14,2538.75,2524.0,2533.64,38989.39
2024-01-14 14:00:00+00:00,2533.64,2542.8,2530.67,2540.9,49189.01
2024-01-14 15:00:00+00:00,2540.9,2545.6,2534.9,2537.67,36251.0
2024-01-14 16:00:00+00:00,2537.67,2544.0,2521.1,2528.01,35674.64
2024-01-14 17:00:00+00:00,2528.01,2539.0,2524.28,2531.31,28072.1
2024-01-14 18:00:00+00:00,2531.31,2538.0,2522.0,2531.61,34646.54
2024-01-14 19:00:00+00:00,2531.61,2533.36,2499.33,2501.36,64126.73
2024-01-14 20:00:00+00:00,2501.36,2519.75,2480.0,2509.38,64624.7
2024-01-14 21:00:00+00:00,2509.38,2528.46,2498.78,2527.95,50469.99
2024-01-14 22:00:00+00:00,2527.95,2532.39,2503.02,2508.94,47128.64
2024-01-14 23:00:00+00:00,2508.94,2510.99,2469.55,2473.46,61332.47
2024-01-15 00:00:00+00:00,2473.46,2502.89,2471.41,2495.87,53608.83
2024-01-15 01:00:00+00:00,2495.87,2513.38,2487.82,2506.4,44926.91
2024-01-15 02:00:00+00:00,2506.4,2507.15,2494.86,2506.5,33869.06
2024-01-15 03:00:00+00:00,2506.5,2514.37,2503.01,2504.01,50897.63
2024-01-15 04:00:00+00:00,2504.01,2512.83,2503.5,2510.38,48821.26
2024-01-15 05:00:00+00:00,2510.38,2519.61,2510.0,2518.58,45827.98
2024-01-15 06:00:00+00:00,2518.58,2521.37,2510.88,2513.32,44893.79
2024-01-15 07:00:00+00:00,2513.32,2517.38,2503.88,2513.69,34525.2
2024-01-15 08:00:00+00:00,2513.69,2518.44,2507.04,2513.46,46745.02
2024-01-15 09:00:00+00:00,2513.46,2534.36,2510.0,2528.67,57734.34
2024-01-15 10:00:00+00:00,2528.67,2541.14,2525.59,2535.18,43938.55
2024-01-15 11:00:00+00:00,2535.18,2542.91,2531.56,2538.79,39419.35
2024-01-15 12:00:00+00:00,2538.79,2547.8,2532.61,2540.72,35596.03
2024-01-15 13:00:00+00:00,2540.72,2548.89,2534.36,2538.87,36160.43
2024-01-15 14:00:00+00:00,2538.87,2539.77,2505.12,2507.82,45734.29
2024-01-15 15:00:00+00:00,2507.82,2524.48,2507.78,2514.37,41956.88
2024-01-15 16:00:00+00:00,2514.37,2527.17,2513.71,2523.59,39644.6
2024-01-15 17:00:00+00:00,2523.59,2536.72,2523.45,2531.6,52829.05
2024-01-15 18:00:00+00:00,2531.6,2553.65,2531.6,2539.85,51640.14
2024-01-15 19:00:00+00:00,2539.85,2546.12,2530.24,2534.39,51530.44
2024-01-15 20:00:00+00:00,2534.39,2539.36,2524.56,2530.24,50529.62
2024-01-15 21:00:00+00:00,2530.24,2530.76,2520.98,2521.48,38877.57
2024-01-15 22:00:00+00:00,2521.48,2524.91,2498.59,2513.47,51387.18
2024-01-15 23:00:00+00:00,2513.47,2519.74,2510.31,2511.28,49771.92
2024-01-16 00:00:00+00:00,2511.28,2515.98,2505.76,2508.7,44273.69
2024-01-16 01:00:00+00:00,2508.7,2522.38,2504.52,2513.52,33007.17
2024-01-16 02:00:00+00:00,2513.52,2528.36,2512.01,2517.11,40121.46
2024-01-16 03:00:00+00:00,2517.11,2538.23,2516.18,2537.47,51511.75
2024-01-16 04:00:00+00:00,2537.47,2538.97,2527.37,2530.43,47040.72
2024-01-16 05:00:00+00:00,2530.43,2542.11,2527.61,2530.19,37785.11
2024-01-16 06:00:00+00:00,2530.19,2536.81,2525.19,2534.25,32954.29
2024-01-16 07:00:00+00:00,2534.25,2536.48,2522.04,2527.98,44090.66
2024-01-16 08:00:00+00:00,2527.98,2544.87,2523.36,2543.34,41711.94
2024-01-16 09:00:00+00:00,2543.34,2548.9,2536.84,2542.55,41580.77
2024-01-16 10:00:00+00:00,2542.55,2543.57,2529.1,2532.95,33140.07
2024-01-16 11:00:00+00:00,2532.95,2537.32,2521.19,2530.42,31896.13
2024-01-16 12:00:00+00:00,2530.42,2547.47,2528.36,2546.91,34372.17
2024-01-16 13:00:00+00:00,2546.91,2547.55,2523.36,2525.6,47914.94
2024-01-16 14:00:00+00:00,2525.6,2538.55,2499.51,2534.43,55114.63
2024-01-16 15:00:00+00:00,2534.43,2570.97,2525.32,2559.19,46237.33
