timestamp,open,high,low,close,volume
2024-03-13 16:00:00+00:00,157.3302,159.8,156.5713,158.9254,59943.9
2024-03-13 18:00:00+00:00,158.9254,161.855,158.3554,161.5169,45733.1
2024-03-13 20:00:00+00:00,161.5169,166.555,159.4043,165.5586,68344.1
2024-03-13 22:00:00+00:00,165.5586,166.2479,162.7804,163.7835,36986.9
2024-03-14 00:00:00+00:00,163.7835,169.0787,163.0463,166.4294,81150.0
2024-03-14 02:00:00+00:00,166.4294,167.6222,164.9337,167.5085,33032.3
2024-03-14 04:00:00+00:00,167.5085,168.68,165.3248,166.7326,41380.4
2024-03-14 06:00:00+00:00,166.7326,170.0,166.2769,168.3832,53838.1
2024-03-14 08:00:00+00:00,168.3832,173.9999,168.3037,172.597,86984.5
2024-03-14 10:00:00+00:00,172.597,174.254,169.5364,173.349,96313.8
2024-03-14 12:00:00+00:00,173.349,173.6101,164.45,166.5788,143788.0
2024-03-14 14:00:00+00:00,166.5788,170.6777,164.1979,167.7669,164611.9
2024-03-14 16:00:00+00:00,167.7669,170.5423,164.0702,167.1046,91612.5
2024-03-14 18:00:00+00:00,167.1046,168.5235,159.3161,162.6675,112307.4
2024-03-14 20:00:00+00:00,162.6675,170.4947,162.227,169.2497,62470.5
2024-03-14 22:00:00+00:00,169.2497,178.6105,169.1638,176.8164,82863.8
2024-03-15 00:00:00+00:00,176.8164,186.9331,176.2003,183.9394,124513.5
2024-03-15 02:00:00+00:00,183.9394,185.8402,169.3542,176.0836,225356.1
2024-03-15 04:00:00+00:00,176.0836,179.2857,171.3,174.1264,115394.9
2024-03-15 06:00:00+00:00,174.1264,182.259,173.4506,176.2852,134918.2
2024-03-15 08:00:00+00:00,176.2852,177.4955,164.4563,173.2478,204682.0
2024-03-15 10:00:00+00:00,173.2478,173.2897,165.8591,170.2202,91067.2
2024-03-15 12:00:00+00:00,170.2202,184.4273,168.3918,182.1535,149116.6
2024-03-15 14:00:00+00:00,182.1535,184.3941,178.55,181.5692,120953.8
2024-03-15 16:00:00+00:00,181.5692,183.941,177.9893,181.4434,98355.5
2024-03-15 18:00:00+00:00,181.4434,189.084,180.3403,183.3219,123666.8
2024-03-15 20:00:00+00:00,183.3219,183.4481,175.1919,179.7557,96338.2
2024-03-15 22:00:00+00:00,179.7557,185.8261,178.9045,184.1684,79198.3
2024-03-16 00:00:00+00:00,184.1684,186.911,180.3791,185.3996,52252.5
2024-03-16 02:00:00+00:00,185.3996,189.1405,183.5825,187.5,50129.1
2024-03-16 04:00:00+00:00,187.5,192.8259,185.1678,192.3346,82444.2
2024-03-16 06:00:00+00:00,192.3346,193.8076,188.2047,192.8864,73170.0
2024-03-16 08:00:00+00:00,192.8864,194.8586,191.2265,194.4093,77187.6
2024-03-16 10:00:00+00:00,194.4093,198.1148,190.3258,192.8936,165380.9
2024-03-16 12:00:00+00:00,192.8936,193.7211,188.5,189.0297,118275.0
2024-03-16 14:00:00+00:00,189.0297,196.1173,187.9515,195.0647,97349.7
2024-03-16 16:00:00+00:00,195.0647,195.7143,182.5,188.6302,120801.2
2024-03-16 18:00:00+00:00,188.6302,189.5546,178.8451,180.4759,132854.8
2024-03-16 20:00:00+00:00,180.4759,186.1168,177.1383,180.7521,103150.4
2024-03-16 22:00:00+00:00,180.7521,184.9507,177.0008,182.2363,85973.2
2024-03-17 00:00:00+00:00,182.2363,189.5146,181.7273,187.1354,100816.0
2024-03-17 02:00:00+00:00,187.1354,188.1635,184.0127,186.6232,44126.1
2024-03-17 04:00:00+00:00,186.6232,188.004,182.6396,187.8659,37131.8
2024-03-17 06:00:00+00:00,187.8659,188.6657,178.3661,181.8902,90888.9
2024-03-17 08:00:00+00:00,181.8902,187.9364,179.8301,185.73,83979.0
2024-03-17 10:00:00+00:00,185.73,193.7696,185.7287,191.8376,89461.8
2024-03-17 12:00:00+00:00,191.8376,194.4235,188.2,193.0491,85252.1
2024-03-17 14:00:00+00:00,193.0491,195.8758,190.4092,195.2945,46019.1
2024-03-17 16:00:00+00:00,195.2945,195.9629,191.8237,195.6373,49903.3
2024-03-17 18:00:00+00:00,195.6373,198.0,194.3761,195.8102,54107.9
2024-03-17 20:00:00+00:00,195.8102,198.2587,195.6223,196.4158,40428.7
2024-03-17 22:00:00+00:00,196.4158,204.6624,196.2961,201.7283,99214.3
2024-03-18 00:00:00+00:00,201.7283,201.9962,193.6131,199.1675,75353.9
2024-03-18 02:00:00+00:00,199.1675,205.3048,198.1464,203.6487,62446.8
2024-03-18 04:00:00+00:00,203.6487,205.0,200.5541,203.3789,56923.8
2024-03-18 06:00:00+00:00,203.3789,203.7977,199.8224,203.2618,50934.3
2024-03-18 08:00:00+00:00,203.2618,207.9273,198.356,206.6598,120214.5
2024-03-18 10:00:00+00:00,206.6598,209.9881,205.6203,208.1018,100651.2
2024-03-18 12:00:00+00:00,208.1018,209.5183,203.511,204.7865,88674.8
2024-03-18 14:00:00+00:00,204.7865,205.5931,198.5719,204.1107,117600.8
2024-03-18 16:00:00+00:00,204.1107,206.6,195.5644,197.8286,120245.7
2024-03-18 18:00:00+00:00,197.8286,201.6775,196.881,198.5737,46017.8
2024-03-18 20:00:00+00:00,198.5737,205.0,198.4293,201.9399,59186.9
2024-03-18 22:00:00+00:00,201.9399,202.6664,195.7109,196.2158,62063.9
2024-03-19 00:00:00+00:00,196.2158,199.0511,186.2617,188.0813,109892.3
2024-03-19 02:00:00+00:00,188.0813,190.0206,180.4957,184.6057,107634.0
2024-03-19 04:00:00+00:00,184.6057,189.291,183.2151,185.9377,85157.4
2024-03-19 06:00:00+00:00,185.9377,187.0,179.0616,186.2843,114083.3
2024-03-19 08:00:00+00:00,186.2843,186.3138,171.0,179.6873,206013.9
2024-03-19 10:00:00+00:00,179.6873,179.6873,171.2401,177.9353,133985.4
2024-03-19 12:00:00+00:00,177.9353,186.1848,177.369,181.8777,133136.2
2024-03-19 14:00:00+00:00,181.8777,185.1443,174.8227,183.1204,130606.6
2024-03-19 16:00:00+00:00,183.1204,186.7965,181.212,183.6708,78314.8
2024-03-19 18:00:00+00:00,183.6708,184.1772,180.2577,181.7526,46511.8
2024-03-19 20:00:00+00:00,181.7526,182.1938,171.9,173.0034,84524.6
2024-03-19 22:00:00+00:00,173.0034,173.611,166.1,170.0546,131306.7
2024-03-20 00:00:00+00:00,170.0546,176.874,169.7387,171.6784,86788.7
2024-03-20 02:00:00+00:00,171.6784,176.8719,169.3008,169.9151,55589.3
2024-03-20 04:00:00+00:00,169.9151,171.3236,162.3057,166.2356,118809.7
2024-03-20 06:00:00+00:00,166.2356,174.2358,165.3218,173.4017,67504.6
2024-03-20 08:00:00+00:00,173.4017,175.1051,170.7268,171.5028,68117.2
2024-03-20 10:00:00+00:00,171.5028,175.6944,169.4523,172.5135,76074.7
2024-03-20 12:00:00+00:00,172.5135,177.0,171.1076,172.2097,79664.3
2024-03-20 14:00:00+00:00,172.2097,176.4815,170.0495,170.6933,61180.8
2024-03-20 16:00:00+00:00,170.6933,174.1912,165.5889,172.359,98441.2
2024-03-20 18:00:00+00:00,172.359,184.7143,172.359,182.7523,127016.2
2024-03-20 20:00:00+00:00,182.7523,190.1991,181.9756,190.1989,96621.7
2024-03-20 22:00:00+00:00,190.1989,193.4611,188.7023,191.9564,84683.9
2024-03-21 00:00:00+00:00,191.9564,195.7037,189.3794,191.8184,49403.0
2024-03-21 02:00:00+00:00,191.8184,194.7998,189.3659,190.2978,39603.6
2024-03-21 04:00:00+00:00,190.2978,191.51,184.7121,189.1252,63315.8
2024-03-21 06:00:00+00:00,189.1252,192.4827,188.3099,188.579,45060.7
2024-03-21 08:00:00+00:00,188.579,191.7885,186.2858,187.9035,46310.8
2024-03-21 10:00:00+00:00,187.9035,191.2076,187.1346,189.3802,38150.6
2024-03-21 12:00:00+00:00,189.3802,191.6232,187.4847,187.4932,43766.6
2024-03-21 14:00:00+00:00,187.4932,190.985,184.0,185.7661,61723.5
2024-03-21 16:00:00+00:00,185.7661,188.2967,180.1193,181.3109,63253.0
2024-03-21 18:00:00+00:00,181.3109,182.0281,177.1032,178.3627,65452.1
2024-03-21 20:00:00+00:00,178.3627,182.2655,175.8711,180.1675,54460.4
2024-03-21 22:00:00+00:00,180.1675,181.8059,178.4279,179.8204,28284.0
2024-03-22 00:00:00+00:00,179.8204,182.1031,174.5627,174.6903,39463.5
2024-03-22 02:00:00+00:00,174.6903,180.18,174.2576,179.2711,28812.3
2024-03-22 04:00:00+00:00,179.2711,180.5944,177.7414,179.9886,25383.3
2024-03-22 06:00:00+00:00,179.9886,181.2056,178.6,179.4769,22785.1
2024-03-22 08:00:00+00:00,179.4769,180.6038,176.0,176.6518,33640.6
2024-03-22 10:00:00+00:00,176.6518,177.2498,171.786,172.3736,53201.1
2024-03-22 12:00:00+00:00,172.3736,174.3936,167.8345,169.2668,76274.4
2024-03-22 14:00:00+00:00,169.2668,173.621,167.8974,171.8776,100590.2
2024-03-22 16:00:00+00:00,171.8776,172.9759,169.0,172.4182,42219.7
2024-03-22 18:00:00+00:00,172.4182,173.9906,171.2404,173.1316,24197.0
2024-03-22 20:00:00+00:00,173.1316,173.5452,168.1654,170.4354,32315.9
2024-03-22 22:00:00+00:00,170.4354,175.3702,168.3432,175.2,26650.8
2024-03-23 00:00:00+00:00,175.2,178.2536,173.6402,176.9198,38465.4
2024-03-23 02:00:00+00:00,176.9198,176.9198,170.5,172.1153,38159.2
2024-03-23 04:00:00+00:00,172.1153,173.6093,171.5452,172.9215,20269.9
2024-03-23 06:00:00+00:00,172.9215,177.6872,172.1461,176.1396,38845.7
2024-03-23 08:00:00+00:00,176.1396,177.1969,174.1718,175.4514,22512.1
2024-03-23 10:00:00+00:00,175.4514,176.8135,174.5621,176.0012,24020.3
2024-03-23 12:00:00+00:00,176.0012,177.7138,175.2488,177.1003,28100.4
2024-03-23 14:00:00+00:00,177.1003,179.2437,174.7318,175.5285,55992.5
2024-03-23 16:00:00+00:00,175.5285,176.9857,173.4341,176.323,29511.7
2024-03-23 18:00:00+00:00,176.323,176.9957,174.6855,175.0034,18005.1
2024-03-23 20:00:00+00:00,175.0034,175.2911,172.6661,174.2341,24442.4
2024-03-23 22:00:00+00:00,174.2341,175.6758,172.6046,172.7664,18029.0
2024-03-24 00:00:00+00:00,172.7664,177.5949,172.6396,176.1705,30399.1
2024-03-24 02:00:00+00:00,176.1705,176.2957,171.9,171.9758,22351.5
2024-03-24 04:00:00+00:00,171.9758,174.1722,171.5923,173.6481,21930.0
2024-03-24 06:00:00+00:00,173.6481,173.9,172.0072,173.9,15009.0
2024-03-24 08:00:00+00:00,173.9,176.243,173.4997,174.2471,36706.1
2024-03-24 10:00:00+00:00,174.2471,175.5,173.7219,174.9379,16933.7
2024-03-24 12:00:00+00:00,174.9379,177.1032,174.6789,175.3563,39873.7
2024-03-24 14:00:00+00:00,175.3563,177.4234,175.2428,176.4666,23670.2
2024-03-24 16:00:00+00:00,176.4666,177.1766,172.5,174.3992,36434.2
2024-03-24 18:00:00+00:00,174.3992,177.0355,174.2948,176.1505,21973.1
2024-03-24 20:00:00+00:00,176.1505,182.8183,175.4729,182.0223,64176.2
2024-03-24 22:00:00+00:00,182.0223,186.902,181.9213,183.8189,55915.9
2024-03-25 00:00:00+00:00,183.8189,184.254,180.7429,182.8946,35985.1
2024-03-25 02:00:00+00:00,182.8946,185.554,182.4338,184.8594,25016.3
2024-03-25 04:00:00+00:00,184.8594,187.3702,183.8,185.9498,24858.1
2024-03-25 06:00:00+00:00,185.9498,189.66,185.4653,185.7173,64761.9
2024-03-25 08:00:00+00:00,185.7173,189.1927,185.6537,188.9957,35276.7
2024-03-25 10:00:00+00:00,188.9957,191.8555,187.3203,187.8305,82119.9
2024-03-25 12:00:00+00:00,187.8305,190.8894,186.4313,190.8839,55006.5
2024-03-25 14:00:00+00:00,190.8839,194.7461,188.9726,192.8412,130211.5
2024-03-25 16:00:00+00:00,192.8412,194.5,190.3747,193.2152,54430.4
2024-03-25 18:00:00+00:00,193.2152,193.3817,190.7002,192.3938,27144.5
2024-03-25 20:00:00+00:00,192.3938,193.2613,188.6507,189.4085,42895.9
2024-03-25 22:00:00+00:00,189.4085,191.6547,188.3148,189.1404,29702.7
2024-03-26 00:00:00+00:00,189.1404,190.7143,188.1475,190.138,19862.6
2024-03-26 02:00:00+00:00,190.138,192.2785,189.61,191.8183,16151.5
2024-03-26 04:00:00+00:00,191.8183,196.2711,191.4581,195.0199,45841.6
2024-03-26 06:00:00+00:00,195.0199,197.0,193.6421,194.2883,57949.8
2024-03-26 08:00:00+00:00,194.2883,195.9386,191.9698,195.5286,42275.0
2024-03-26 10:00:00+00:00,195.5286,196.4507,194.572,194.9601,40144.3
2024-03-26 12:00:00+00:00,194.9601,195.58,191.7992,192.9533,41222.9
2024-03-26 14:00:00+00:00,192.9533,193.6396,189.0207,190.7721,72424.6
2024-03-26 16:00:00+00:00,190.7721,192.0,186.1436,188.926,62013.6
2024-03-26 18:00:00+00:00,188.926,191.4743,187.5374,188.5291,33924.8
2024-03-26 20:00:00+00:00,188.5291,192.7336,188.4408,191.4393,23671.4
2024-03-26 22:00:00+00:00,191.4393,192.8064,190.0182,190.6935,22183.3
2024-03-27 00:00:00+00:00,190.6935,192.8531,188.9135,190.636,25895.6
2024-03-27 02:00:00+00:00,190.636,191.9907,189.6,190.2537,18624.2
2024-03-27 04:00:00+00:00,190.2537,190.7661,188.7834,190.5175,15773.5
2024-03-27 06:00:00+00:00,190.5175,190.8416,186.3409,187.2562,32400.0
2024-03-27 08:00:00+00:00,187.2562,188.0,183.4797,186.3444,59759.9
2024-03-27 10:00:00+00:00,186.3444,188.8,185.9498,188.7685,32861.8
2024-03-27 12:00:00+00:00,188.7685,191.5515,185.4222,185.799,76246.6
2024-03-27 14:00:00+00:00,185.799,186.4573,180.85,181.364,101018.0
2024-03-27 16:00:00+00:00,181.364,184.5,180.2931,183.2813,40300.8
2024-03-27 18:00:00+00:00,183.2813,184.0323,181.4,183.1191,21837.8
2024-03-27 20:00:00+00:00,183.1191,185.6697,182.9555,184.4963,24343.2
2024-03-27 22:00:00+00:00,184.4963,187.2,184.4533,186.4355,21076.9
2024-03-28 00:00:00+00:00,186.4355,188.2218,183.5242,184.5118,28306.3
2024-03-28 02:00:00+00:00,184.5118,185.2221,181.1628,182.569,21022.9
2024-03-28 04:00:00+00:00,182.569,184.8748,182.3531,183.904,18531.4
2024-03-28 06:00:00+00:00,183.904,187.7723,183.4424,187.5467,26953.8
2024-03-28 08:00:00+00:00,187.5467,188.6162,186.5947,187.6949,32620.5
2024-03-28 10:00:00+00:00,187.6949,187.8276,184.93,185.5429,34247.2
2024-03-28 12:00:00+00:00,185.5429,186.5264,183.0155,186.4057,37996.1
2024-03-28 14:00:00+00:00,186.4057,189.6917,185.4268,187.5073,71466.6
2024-03-28 16:00:00+00:00,187.5073,187.5907,184.6643,185.6616,33658.5
2024-03-28 18:00:00+00:00,185.6616,187.3187,185.4651,186.8037,21828.1
2024-03-28 20:00:00+00:00,186.8037,189.1171,186.4014,187.4901,38211.9
2024-03-28 22:00:00+00:00,187.4901,191.0931,186.4512,189.8208,45591.6
2024-03-29 00:00:00+00:00,189.8208,190.9972,187.8531,188.9427,26406.9
2024-03-29 02:00:00+00:00,188.9427,190.4665,187.8,188.5705,28980.2
2024-03-29 04:00:00+00:00,188.5705,189.3716,186.0174,186.351,28139.7
2024-03-29 06:00:00+00:00,186.351,187.2297,183.6,184.1271,29381.8
2024-03-29 08:00:00+00:00,184.1271,186.5866,183.866,184.09,29124.5
2024-03-29 10:00:00+00:00,184.09,186.8557,183.776,186.0239,24790.4
2024-03-29 12:00:00+00:00,186.0239,187.3056,185.05,187.1442,25016.5
2024-03-29 14:00:00+00:00,187.1442,189.9633,184.0891,185.0446,65552.8
2024-03-29 16:00:00+00:00,185.0446,187.5671,184.6445,186.1623,26292.5
2024-03-29 18:00:00+00:00,186.1623,188.0,185.5153,187.9519,12584.5
2024-03-29 20:00:00+00:00,187.9519,190.0695,187.2955,188.5159,47231.9
2024-03-29 22:00:00+00:00,188.5159,192.8456,188.5055,191.8386,53054.7
2024-03-30 00:00:00+00:00,191.8386,194.4272,190.684,192.1196,29050.3
2024-03-30 02:00:00+00:00,192.1196,193.1408,191.3193,192.75,13255.2
2024-03-30 04:00:00+00:00,192.75,199.8951,192.3805,198.4979,66072.2
2024-03-30 06:00:00+00:00,198.4979,199.1433,195.3273,195.7597,46730.8
2024-06-04 22:00:00+00:00,169.5809,171.9126,169.5555,171.7142,92747.4
2024-06-05 00:00:00+00:00,171.7142,173.5555,171.1056,173.1873,126823.1
2024-06-05 02:00:00+00:00,173.1873,174.8812,172.3983,172.9871,138141.1
2024-06-05 04:00:00+00:00,172.9871,173.8022,172.3456,173.4002,84651.7
2024-06-05 06:00:00+00:00,173.4002,174.4882,173.2693,173.5623,109560.9
2024-06-05 08:00:00+00:00,173.5623,174.1572,172.5513,173.5346,96979.0
2024-06-05 10:00:00+00:00,173.5346,173.769,172.1298,172.96,83371.4
2024-06-05 12:00:00+00:00,172.96,174.0797,172.1723,172.621,117301.7
2024-06-05 14:00:00+00:00,172.621,175.3519,171.1548,174.8417,248347.1
2024-06-05 16:00:00+00:00,174.8417,175.6668,173.7974,174.7568,123655.1
2024-06-05 18:00:00+00:00,174.7568,175.24,172.62,173.0948,113364.4
2024-06-05 20:00:00+00:00,173.0948,173.7268,172.8859,173.2797,32800.2
2024-06-05 22:00:00+00:00,173.2797,173.9754,173.0724,173.6945,50976.2
2024-06-06 00:00:00+00:00,173.6945,174.312,173.2633,173.657,55987.2
2024-06-06 02:00:00+00:00,173.657,174.3795,173.6202,173.9267,60567.2
2024-06-06 04:00:00+00:00,173.9267,174.1029,172.4505,172.5571,77817.9
2024-06-06 06:00:00+00:00,172.5571,173.0,171.6948,172.7941,105808.4
2024-06-06 08:00:00+00:00,172.7941,173.6152,172.2882,172.8653,102492.2
2024-06-06 10:00:00+00:00,172.8653,173.3421,172.3595,173.2689,76239.2
2024-06-06 12:00:00+00:00,173.2689,173.7692,172.5,172.7,131267.5
2024-06-06 14:00:00+00:00,172.7,173.8045,172.384,172.9766,109100.8
2024-06-06 16:00:00+00:00,172.9766,173.0881,171.0944,172.0615,286484.1
2024-06-06 18:00:00+00:00,172.0615,172.2514,168.7748,169.2274,345429.8
2024-06-06 20:00:00+00:00,169.2274,170.9999,167.6053,170.331,325842.0
2024-06-06 22:00:00+00:00,170.331,170.9667,170.0,170.2846,54127.3
2024-06-07 00:00:00+00:00,170.2846,170.7999,169.5517,170.2912,74392.9
2024-06-07 02:00:00+00:00,170.2912,170.6518,169.1567,170.6265,56915.8
2024-06-07 04:00:00+00:00,170.6265,172.5344,170.5249,172.0576,129972.5
2024-06-07 06:00:00+00:00,172.0576,172.5473,171.8002,172.0656,67244.5
2024-06-07 08:00:00+00:00,172.0656,172.4317,171.474,171.715,57389.6
2024-06-07 10:00:00+00:00,171.715,172.3818,170.8559,172.2287,110293.1
2024-06-07 12:00:00+00:00,172.2287,172.797,169.1243,171.4424,465907.3
2024-06-07 14:00:00+00:00,171.4424,171.7006,169.3775,170.1699,128302.2
2024-06-07 16:00:00+00:00,170.1699,170.534,165.5041,165.5041,324167.3
2024-06-07 18:00:00+00:00,165.5041,165.7439,152.0484,162.0436,3505403.3
2024-06-07 20:00:00+00:00,162.0436,163.1591,161.0896,162.6636,166411.4
2024-06-07 22:00:00+00:00,162.6636,163.2806,162.3,162.5623,88378.9
2024-06-08 00:00:00+00:00,162.5623,163.2358,161.8789,163.2,71016.8
2024-06-08 02:00:00+00:00,163.2,163.2,162.38,162.7919,26442.7
2024-06-08 04:00:00+00:00,162.7919,162.8477,161.4393,162.3971,80398.9
2024-06-08 06:00:00+00:00,162.3971,163.7756,162.1459,163.6233,90599.4
2024-06-08 08:00:00+00:00,163.6233,163.678,162.0965,162.4217,109563.1
2024-06-08 10:00:00+00:00,162.4217,162.5624,159.9825,160.5077,206379.5
2024-06-08 12:00:00+00:00,160.5077,160.9058,158.2061,160.5017,344525.8
2024-06-08 14:00:00+00:00,160.5017,161.3492,159.8972,160.1978,222355.7
2024-06-08 16:00:00+00:00,160.1978,160.5552,158.7956,160.3416,122855.2
2024-06-08 18:00:00+00:00,160.3416,161.022,159.3391,159.8256,95844.1
2024-06-08 20:00:00+00:00,159.8256,160.0,158.6,158.9516,74007.8
2024-06-08 22:00:00+00:00,158.9516,159.0922,157.4061,157.9016,154268.7
2024-06-09 00:00:00+00:00,157.9016,158.9599,157.7576,158.7753,55406.2
2024-06-09 02:00:00+00:00,158.7753,158.7873,156.4869,157.8935,132376.5
2024-06-09 04:00:00+00:00,157.8935,159.1159,157.2802,158.9874,125808.2
2024-06-09 06:00:00+00:00,158.9874,159.8752,158.8622,159.0288,103814.8
2024-06-09 08:00:00+00:00,159.0288,159.9,158.6629,159.6093,77289.5
2024-06-09 10:00:00+00:00,159.6093,159.6502,158.9457,159.5026,48827.8
2024-06-09 12:00:00+00:00,159.5026,161.6259,159.3153,160.4792,240856.9
2024-06-09 14:00:00+00:00,160.4792,161.7912,160.2199,161.594,113214.0
2024-06-09 16:00:00+00:00,161.594,161.7473,160.4251,160.8607,96835.3
2024-06-09 18:00:00+00:00,160.8607,163.0729,160.5646,161.994,136291.2
2024-06-09 20:00:00+00:00,161.994,162.099,161.1108,161.8276,68450.4
2024-06-09 22:00:00+00:00,161.8276,162.401,161.5666,162.1056,34588.5
2024-06-10 00:00:00+00:00,162.1056,162.1905,160.4545,161.1941,76808.2
2024-06-10 02:00:00+00:00,161.1941,161.623,159.6002,159.8362,121250.4
2024-06-10 04:00:00+00:00,159.8362,160.5985,159.2466,159.9244,76569.1
2024-06-10 06:00:00+00:00,159.9244,160.1192,157.4109,157.6805,176181.9
2024-06-10 08:00:00+00:00,157.6805,160.2,157.6023,160.0426,135527.2
2024-06-10 10:00:00+00:00,160.0426,160.1838,159.2549,159.5392,73675.4
2024-06-10 12:00:00+00:00,159.5392,159.5852,157.8,158.9804,114849.8
2024-06-10 14:00:00+00:00,158.9804,162.9999,158.1792,162.1676,290116.0
2024-06-10 16:00:00+00:00,162.1676,162.6277,160.6052,162.4881,161685.5
2024-06-10 18:00:00+00:00,162.4881,162.7792,159.914,160.3583,178076.7
2024-06-10 20:00:00+00:00,160.3583,160.6704,158.7705,159.5631,115961.3
2024-06-10 22:00:00+00:00,159.5631,159.6794,158.3333,159.1219,73509.7
2024-06-11 00:00:00+00:00,159.1219,159.7748,155.28,156.4991,531091.1
2024-06-11 02:00:00+00:00,156.4991,157.9111,154.6323,156.1788,494783.9
2024-06-11 04:00:00+00:00,156.1788,156.2814,152.4199,154.3647,387011.4
2024-06-11 06:00:00+00:00,154.3647,154.8632,152.1511,153.4864,254375.9
2024-06-11 08:00:00+00:00,153.4864,154.4689,152.8281,154.0342,166823.7
2024-06-11 10:00:00+00:00,154.0342,155.3534,153.3545,153.8842,184332.8
2024-06-11 12:00:00+00:00,153.8842,154.5702,150.5804,151.1804,407956.8
2024-06-11 14:00:00+00:00,151.1804,152.8497,146.0,147.6181,1270430.2
2024-06-11 16:00:00+00:00,147.6181,149.4176,144.8842,147.7001,437851.0
2024-06-11 18:00:00+00:00,147.7001,149.8176,147.2145,149.2404,174806.4
2024-06-11 20:00:00+00:00,149.2404,149.6219,147.9807,149.3422,108305.9
2024-06-11 22:00:00+00:00,149.3422,150.3137,148.8143,149.3383,106556.6
2024-06-12 00:00:00+00:00,149.3383,149.6297,145.3702,147.1009,236386.6
2024-06-12 02:00:00+00:00,147.1009,149.827,146.4668,149.5489,131155.2
2024-06-12 04:00:00+00:00,149.5489,151.9472,149.5158,150.1872,128944.5
2024-06-12 06:00:00+00:00,150.1872,151.979,150.1605,151.7925,80536.0
2024-06-12 08:00:00+00:00,151.7925,152.6216,151.0,152.2021,115799.5
2024-06-12 10:00:00+00:00,152.2021,153.5,151.5858,151.7196,199242.1
2024-06-12 12:00:00+00:00,151.7196,161.6681,151.5978,159.0724,1317150.5
2024-06-12 14:00:00+00:00,159.0724,160.473,157.5858,158.7083,293689.1
2024-06-12 16:00:00+00:00,158.7083,159.7924,157.6456,159.472,139482.7
2024-06-12 18:00:00+00:00,159.472,159.6158,151.0633,153.4642,1482221.6
2024-06-12 20:00:00+00:00,153.4642,155.5256,152.8334,155.1528,202295.5
2024-06-12 22:00:00+00:00,155.1528,155.5383,154.1728,155.099,61831.0
2024-06-13 00:00:00+00:00,155.099,155.099,152.7,152.8633,296729.2
2024-06-13 02:00:00+00:00,152.8633,153.6925,149.3511,151.614,283294.8
2024-06-13 04:00:00+00:00,151.614,152.8995,151.3321,152.3322,74624.4
2024-06-13 06:00:00+00:00,152.3322,152.4672,150.7476,152.1072,81544.2
2024-06-13 08:00:00+00:00,152.1072,152.447,150.2,151.1584,154236.8
2024-06-13 10:00:00+00:00,151.1584,152.0177,148.9645,149.6527,220831.3
2024-06-13 12:00:00+00:00,149.6527,152.1716,149.0615,150.1022,628361.2
2024-06-13 14:00:00+00:00,150.1022,150.5395,145.9674,146.9,488499.8
2024-06-13 16:00:00+00:00,146.9,148.5753,146.1533,148.5051,310502.4
2024-06-13 18:00:00+00:00,148.5051,148.8346,147.4382,147.5514,145672.3
2024-06-13 20:00:00+00:00,147.5514,148.1637,146.0357,148.0634,174657.0
2024-06-13 22:00:00+00:00,148.0634,148.4536,146.7542,147.2263,176329.0
2024-06-14 00:00:00+00:00,147.2263,148.2,145.6415,147.8478,144074.7
2024-06-14 02:00:00+00:00,147.8478,148.3723,147.234,147.4329,96381.3
2024-06-14 04:00:00+00:00,147.4329,148.8794,146.7183,148.5457,345838.6
2024-06-14 06:00:00+00:00,148.5457,148.7365,147.2459,147.6145,125164.4
2024-06-14 08:00:00+00:00,147.6145,148.6458,147.3703,147.7501,144028.9
2024-06-14 10:00:00+00:00,147.7501,148.3805,147.1713,148.0502,111315.9
2024-06-14 12:00:00+00:00,148.0502,148.9153,147.6281,147.8787,152865.1
2024-06-14 14:00:00+00:00,147.8787,147.9923,142.893,143.8401,1128395.2
2024-06-14 16:00:00+00:00,143.8401,144.1424,139.3286,141.6294,1253352.3
2024-06-14 18:00:00+00:00,141.6294,142.5812,139.5424,141.8024,268795.2
2024-06-14 20:00:00+00:00,141.8024,145.1083,141.3751,143.8576,194934.9
2024-06-14 22:00:00+00:00,143.8576,144.1466,141.9606,142.9284,99687.6
2024-06-15 00:00:00+00:00,142.9284,144.477,142.6269,143.2239,114277.0
2024-06-15 02:00:00+00:00,143.2239,144.9223,143.105,144.8978,46741.0
2024-06-15 04:00:00+00:00,144.8978,145.4109,143.9991,144.8244,132076.9
2024-06-15 06:00:00+00:00,144.8244,145.2972,143.4625,143.6944,214000.2
2024-06-15 08:00:00+00:00,143.6944,144.31,143.2052,143.5052,89333.5
2024-06-15 10:00:00+00:00,143.5052,144.6339,142.9,144.4262,109789.7
2024-06-15 12:00:00+00:00,144.4262,145.0,143.9943,144.9118,63215.3
2024-06-15 14:00:00+00:00,144.9118,145.3,144.1549,145.0233,105606.7
2024-06-15 16:00:00+00:00,145.0233,145.6384,144.7022,145.3096,77547.5
2024-06-15 18:00:00+00:00,145.3096,145.3132,143.8474,144.5186,94252.1
2024-06-15 20:00:00+00:00,144.5186,145.4,143.5903,145.1535,65185.2
2024-06-15 22:00:00+00:00,145.1535,145.44,144.6373,145.297,55790.0
2024-06-16 00:00:00+00:00,145.297,145.34,144.1678,144.5635,96728.7
2024-06-16 02:00:00+00:00,144.5635,144.6057,143.7024,143.8458,70021.4
2024-06-16 04:00:00+00:00,143.8458,144.3125,142.7791,144.2263,131923.0
2024-06-16 06:00:00+00:00,144.2263,145.09,143.7773,144.3561,171073.3
2024-06-16 08:00:00+00:00,144.3561,144.6484,143.658,144.58,78109.1
2024-06-16 10:00:00+00:00,144.58,145.6779,144.2526,144.8926,114058.7
2024-06-16 12:00:00+00:00,144.8926,146.0453,144.6875,145.7929,88816.9
2024-06-16 14:00:00+00:00,145.7929,148.6009,145.5268,148.2888,296906.9
2024-06-16 16:00:00+00:00,148.2888,149.1678,147.5933,147.7908,247852.8
2024-06-16 18:00:00+00:00,147.7908,148.9323,147.3844,148.5585,126051.1
2024-06-16 20:00:00+00:00,148.5585,149.3549,148.0995,149.0241,116978.1
2024-06-16 22:00:00+00:00,149.0241,151.2854,149.0241,151.068,230783.2
2024-06-17 00:00:00+00:00,151.068,151.6365,148.2987,148.9214,326245.3
2024-06-17 02:00:00+00:00,148.9214,149.0224,147.0294,147.2613,136648.4
2024-06-17 04:00:00+00:00,147.2613,149.1293,146.4601,147.795,213652.1
2024-06-17 06:00:00+00:00,147.795,147.8707,145.5972,146.5004,226361.1
2024-06-17 08:00:00+00:00,146.5004,147.2393,144.0924,144.229,262840.4
2024-06-17 10:00:00+00:00,144.229,144.5652,141.4609,143.9198,482003.9
2024-06-17 12:00:00+00:00,143.9198,144.0935,141.8241,142.4019,166524.1
2024-06-17 14:00:00+00:00,142.4019,144.6145,140.6849,141.1659,202571.2
2024-06-17 16:00:00+00:00,141.1659,145.0951,139.8092,144.6367,322794.6
2024-06-17 18:00:00+00:00,144.6367,146.85,144.1163,144.3781,224619.4
2024-06-17 20:00:00+00:00,144.3781,144.4669,141.2979,143.0663,181636.4
2024-06-17 22:00:00+00:00,143.0663,144.0782,142.5515,143.1077,84583.7
2024-06-18 00:00:00+00:00,143.1077,143.5943,127.192,132.5369,2830593.5
2024-06-18 02:00:00+00:00,132.5369,135.6971,130.763,135.5576,502480.2
2024-06-18 04:00:00+00:00,135.5576,137.8251,134.6273,136.3651,226549.2
2024-06-18 06:00:00+00:00,136.3651,136.9999,135.3622,136.5479,106358.1
2024-06-18 08:00:00+00:00,136.5479,138.801,136.3233,137.2658,154846.2
2024-06-18 10:00:00+00:00,137.2658,138.2558,135.4458,137.0323,203966.8
2024-06-18 12:00:00+00:00,137.0323,137.5419,132.8776,134.1839,507374.8
2024-06-18 14:00:00+00:00,134.1839,137.5809,132.7573,135.9534,488178.8
2024-06-18 16:00:00+00:00,135.9534,136.1274,132.4519,132.6595,182172.9
2024-06-18 18:00:00+00:00,132.6595,134.211,130.4304,133.1016,307999.4
2024-06-18 20:00:00+00:00,133.1016,138.2597,131.8591,137.5789,407056.9
2024-06-18 22:00:00+00:00,137.5789,137.6608,136.1374,137.2039,86336.3
2024-06-19 00:00:00+00:00,137.2039,139.55,135.8624,137.7715,165553.8
2024-06-19 02:00:00+00:00,137.7715,141.3218,137.747,139.9897,245947.2
2024-06-19 04:00:00+00:00,139.9897,141.198,139.2751,139.7287,113650.7
2024-06-19 06:00:00+00:00,139.7287,141.742,139.5182,139.8195,184013.5
2024-06-19 08:00:00+00:00,139.8195,140.1363,137.5401,138.3402,181884.1
2024-06-19 10:00:00+00:00,138.3402,139.4749,136.9109,137.8887,154819.2
2024-06-19 12:00:00+00:00,137.8887,138.68,137.2223,137.403,168162.0
2024-06-19 14:00:00+00:00,137.403,137.413,135.4669,136.7986,356403.5
2024-06-19 16:00:00+00:00,136.7986,139.0639,136.0122,137.8592,277711.3
2024-06-19 18:00:00+00:00,137.8592,138.4312,135.3966,136.5895,164499.6
2024-06-19 20:00:00+00:00,136.5895,136.7333,134.6939,135.7946,189051.7
2024-06-19 22:00:00+00:00,135.7946,135.9836,134.4801,135.5912,127996.4
2024-06-20 00:00:00+00:00,135.5912,137.2165,134.5327,135.0523,250899.7
2024-06-20 02:00:00+00:00,135.0523,135.0523,132.5518,133.0676,329484.4
2024-06-20 04:00:00+00:00,133.0676,136.2395,132.521,135.8708,292645.8
2024-06-20 06:00:00+00:00,135.8708,138.0316,135.3,137.1091,472647.9
2024-06-20 08:00:00+00:00,137.1091,137.85,136.2998,137.3362,240640.5
2024-06-20 10:00:00+00:00,137.3362,141.1014,136.7029,139.1559,708688.1
2024-06-20 12:00:00+00:00,139.1559,139.5979,134.7788,134.9688,503783.5
2024-06-20 14:00:00+00:00,134.9688,135.0973,132.5279,133.2375,393291.6
2024-06-20 16:00:00+00:00,133.2375,134.915,131.8055,134.6987,291556.5
2024-06-20 18:00:00+00:00,134.6987,135.76,133.3894,134.1918,183690.6
2024-06-20 20:00:00+00:00,134.1918,134.8663,133.4574,133.6574,136807.4
2024-06-20 22:00:00+00:00,133.6574,134.4303,133.3442,133.5336,64204.4
2024-06-21 00:00:00+00:00,133.5336,134.2854,132.14,134.2572,180136.8
2024-06-21 02:00:00+00:00,134.2572,134.8411,131.6619,132.6437,182710.8
2024-06-21 04:00:00+00:00,132.6437,133.2916,131.8,133.0539,191836.1
2024-06-21 06:00:00+00:00,133.0539,133.2505,130.6312,131.3787,316975.9
2024-06-21 08:00:00+00:00,131.3787,132.7108,129.4897,132.2853,477889.5
2024-06-21 10:00:00+00:00,132.2853,132.65,131.3727,131.9779,155585.4
2024-06-21 12:00:00+00:00,131.9779,132.4075,129.2749,130.1817,395980.0
2024-08-27 04:00:00+00:00,158.301,159.603,157.783,159.179,28719.7
2024-08-27 06:00:00+00:00,159.179,159.267,157.129,157.553,43255.8
2024-08-27 08:00:00+00:00,157.553,157.911,156.038,156.439,36303.3
2024-08-27 10:00:00+00:00,156.439,156.439,153.243,154.119,92652.2
2024-08-27 12:00:00+00:00,154.119,155.412,152.639,153.96,82347.3
2024-08-27 14:00:00+00:00,153.96,155.68,153.052,153.785,76824.8
2024-08-27 16:00:00+00:00,153.785,154.987,153.161,154.9,49270.0
2024-08-27 18:00:00+00:00,154.9,155.517,154.088,154.805,44976.1
2024-08-27 20:00:00+00:00,154.805,154.961,147.157,149.143,179630.5
2024-08-27 22:00:00+00:00,149.143,149.434,144.811,146.722,175204.9
2024-08-28 00:00:00+00:00,146.722,147.04,145.278,146.827,41790.2
2024-08-28 02:00:00+00:00,146.827,148.195,145.689,148.011,33673.8
2024-08-28 04:00:00+00:00,148.011,148.809,146.987,147.237,62348.5
2024-08-28 06:00:00+00:00,147.237,147.4,143.524,143.829,88667.8
2024-08-28 08:00:00+00:00,143.829,148.03,142.7,148.028,89300.3
2024-08-28 10:00:00+00:00,148.028,148.07,146.5,146.994,56270.1
2024-08-28 12:00:00+00:00,146.994,148.4,144.89,144.999,64306.2
2024-08-28 14:00:00+00:00,144.999,146.802,143.032,144.14,92041.6
2024-08-28 16:00:00+00:00,144.14,144.14,140.424,141.951,143838.9
2024-08-28 18:00:00+00:00,141.951,145.526,141.765,144.139,57324.6
2024-08-28 20:00:00+00:00,144.139,146.2,142.568,142.941,91839.5
2024-08-28 22:00:00+00:00,142.941,144.271,141.529,143.837,41749.7
2024-08-29 00:00:00+00:00,143.837,144.992,142.894,143.382,31114.9
2024-08-29 02:00:00+00:00,143.382,144.164,142.841,143.261,17322.6
2024-08-29 04:00:00+00:00,143.261,144.357,143.045,144.217,36122.3
2024-08-29 06:00:00+00:00,144.217,145.351,144.08,144.601,37248.9
2024-08-29 08:00:00+00:00,144.601,145.945,144.342,145.148,32510.3
2024-08-29 10:00:00+00:00,145.148,146.838,144.828,145.547,42502.7
2024-08-29 12:00:00+00:00,145.547,146.062,144.507,145.447,49664.7
2024-08-29 14:00:00+00:00,145.447,147.296,144.77,146.086,67431.6
2024-08-29 16:00:00+00:00,146.086,146.792,143.448,144.448,61566.0
2024-08-29 18:00:00+00:00,144.448,144.493,138.484,140.231,143859.6
2024-08-29 20:00:00+00:00,140.231,141.262,139.2,139.33,46098.4
2024-08-29 22:00:00+00:00,139.33,140.291,138.0,139.956,44389.7
2024-08-30 00:00:00+00:00,139.956,141.083,139.375,139.959,30184.2
2024-08-30 02:00:00+00:00,139.959,140.189,138.376,138.777,36020.2
2024-08-30 04:00:00+00:00,138.777,139.915,136.9,138.003,72293.3
2024-08-30 06:00:00+00:00,138.003,139.791,137.4,138.976,76465.9
2024-08-30 08:00:00+00:00,138.976,140.045,138.894,139.745,30949.1
2024-08-30 10:00:00+00:00,139.745,139.992,138.158,138.578,46454.5
2024-08-30 12:00:00+00:00,138.578,140.7,137.789,139.69,72365.8
2024-08-30 14:00:00+00:00,139.69,140.275,132.391,133.272,217456.8
2024-08-30 16:00:00+00:00,133.272,134.8,131.999,134.299,128114.3
2024-08-30 18:00:00+00:00,134.299,137.782,134.235,135.8,82129.2
2024-08-30 20:00:00+00:00,135.8,136.977,135.442,136.362,26031.6
2024-08-30 22:00:00+00:00,136.362,138.49,136.297,137.749,51672.5
2024-08-31 00:00:00+00:00,137.749,139.158,137.623,137.753,36084.8
2024-08-31 02:00:00+00:00,137.753,138.614,137.282,138.053,34138.4
2024-08-31 04:00:00+00:00,138.053,138.612,137.36,137.45,23548.7
2024-08-31 06:00:00+00:00,137.45,138.172,137.083,137.371,39651.7
2024-08-31 08:00:00+00:00,137.371,137.685,135.575,136.526,56652.9
2024-08-31 10:00:00+00:00,136.526,137.386,136.365,136.834,27517.9
2024-08-31 12:00:00+00:00,136.834,137.126,135.503,135.695,28421.9
2024-08-31 14:00:00+00:00,135.695,136.655,135.435,136.572,35253.3
2024-08-31 16:00:00+00:00,136.572,136.639,134.632,135.551,39527.6
2024-08-31 18:00:00+00:00,135.551,136.428,134.386,134.911,26127.8
2024-08-31 20:00:00+00:00,134.911,136.248,134.406,135.87,22137.7
2024-08-31 22:00:00+00:00,135.87,136.149,134.694,135.28,28288.8
2024-09-01 00:00:00+00:00,135.28,135.619,133.462,133.637,46895.7
2024-09-01 02:00:00+00:00,133.637,134.38,132.76,133.96,49333.0
2024-09-01 04:00:00+00:00,133.96,133.97,130.873,131.489,77614.0
2024-09-01 06:00:00+00:00,131.489,132.912,131.321,132.674,56524.8
2024-09-01 08:00:00+00:00,132.674,132.73,130.8,131.165,74985.8
2024-09-01 10:00:00+00:00,131.165,131.883,130.015,131.806,85407.5
2024-09-01 12:00:00+00:00,131.806,132.0,130.051,131.441,63706.6
2024-09-01 14:00:00+00:00,131.441,134.776,129.915,134.094,136434.6
2024-09-01 16:00:00+00:00,134.094,134.627,131.748,132.508,81381.8
2024-09-01 18:00:00+00:00,132.508,135.79,132.346,135.063,82412.7
2024-09-01 20:00:00+00:00,135.063,135.979,132.906,133.722,58335.9
2024-09-01 22:00:00+00:00,133.722,133.879,127.519,128.457,129516.1
2024-09-02 00:00:00+00:00,128.457,130.475,128.204,129.709,83927.6
2024-09-02 02:00:00+00:00,129.709,130.666,128.317,130.05,80251.2
2024-09-02 04:00:00+00:00,130.05,130.199,127.1,128.943,75281.8
2024-09-02 06:00:00+00:00,128.943,129.587,126.86,127.611,76921.8
2024-09-02 08:00:00+00:00,127.611,131.7,127.281,131.521,120730.6
2024-09-02 10:00:00+00:00,131.521,132.696,131.051,131.7,86575.7
2024-09-02 12:00:00+00:00,131.7,132.365,130.474,130.545,68670.5
2024-09-02 14:00:00+00:00,130.545,133.267,129.729,132.287,90715.1
2024-09-02 16:00:00+00:00,132.287,133.576,131.445,133.188,58708.6
2024-09-02 18:00:00+00:00,133.188,133.735,132.272,132.817,51292.5
2024-09-02 20:00:00+00:00,132.817,134.91,132.522,133.977,80513.9
2024-09-02 22:00:00+00:00,133.977,135.187,133.84,134.725,34697.7
2024-09-03 00:00:00+00:00,134.725,135.328,133.973,135.282,34385.9
2024-09-03 02:00:00+00:00,135.282,137.5,135.175,135.278,78464.2
2024-09-03 04:00:00+00:00,135.278,135.655,134.261,134.836,67765.4
2024-09-03 06:00:00+00:00,134.836,134.836,133.318,134.486,46608.4
2024-09-03 08:00:00+00:00,134.486,134.551,132.527,133.404,61129.2
2024-09-03 10:00:00+00:00,133.404,134.484,133.25,134.175,41919.2
2024-09-03 12:00:00+00:00,134.175,135.487,131.056,131.444,120097.6
2024-09-03 14:00:00+00:00,131.444,131.444,129.241,129.8,128212.1
2024-09-03 16:00:00+00:00,129.8,131.54,129.271,130.071,64282.4
2024-09-03 18:00:00+00:00,130.071,132.149,129.626,130.832,64359.0
2024-09-03 20:00:00+00:00,130.832,131.563,129.27,130.105,57442.7
2024-09-03 22:00:00+00:00,130.105,130.403,127.147,127.579,69161.1
2024-09-04 00:00:00+00:00,127.579,128.866,122.604,126.666,223615.1
2024-09-04 02:00:00+00:00,126.666,127.844,126.073,127.557,45038.6
2024-09-04 04:00:00+00:00,127.557,127.814,126.346,126.671,57259.4
2024-09-04 06:00:00+00:00,126.671,131.292,126.669,130.076,104640.3
2024-09-04 08:00:00+00:00,130.076,130.477,129.324,129.399,52570.3
2024-09-04 10:00:00+00:00,129.399,129.636,127.901,128.244,56229.9
2024-09-04 12:00:00+00:00,128.244,129.527,127.659,129.181,84711.7
2024-09-04 14:00:00+00:00,129.181,134.0,128.511,133.599,197350.5
2024-09-04 16:00:00+00:00,133.599,134.701,132.301,132.349,103898.3
2024-09-04 18:00:00+00:00,132.349,133.653,132.29,133.056,41217.1
2024-09-04 20:00:00+00:00,133.056,134.286,132.682,134.093,48988.7
2024-09-04 22:00:00+00:00,134.093,134.65,132.972,133.407,44329.0
2024-09-05 00:00:00+00:00,133.407,134.24,132.718,133.655,44944.0
2024-09-05 02:00:00+00:00,133.655,133.936,131.045,131.434,71907.4
2024-09-05 04:00:00+00:00,131.434,134.145,131.14,132.248,62502.6
2024-09-05 06:00:00+00:00,132.248,133.245,130.582,132.997,86486.9
2024-09-05 08:00:00+00:00,132.997,133.658,131.497,132.229,74639.3
2024-09-05 10:00:00+00:00,132.229,133.01,131.647,132.663,52813.9
2024-09-05 12:00:00+00:00,132.663,134.852,131.669,134.371,118125.6
2024-09-05 14:00:00+00:00,134.371,135.396,130.111,130.555,211956.6
2024-09-05 16:00:00+00:00,130.555,131.1,129.416,130.803,96090.4
2024-09-05 18:00:00+00:00,130.803,131.121,127.75,128.423,118175.8
2024-09-05 20:00:00+00:00,128.423,129.667,128.163,129.399,71185.5
2024-09-05 22:00:00+00:00,129.399,129.777,128.24,129.257,38388.8
2024-09-06 00:00:00+00:00,129.257,130.546,128.528,130.187,52606.4
2024-09-06 02:00:00+00:00,130.187,131.532,129.863,130.627,50606.7
2024-09-06 04:00:00+00:00,130.627,131.079,129.372,130.201,40349.1
2024-09-06 06:00:00+00:00,130.201,130.42,127.226,128.052,91300.5
2024-09-06 08:00:00+00:00,128.052,129.553,128.008,129.325,41151.7
2024-09-06 10:00:00+00:00,129.325,130.917,129.31,130.131,74126.1
2024-09-06 12:00:00+00:00,130.131,134.111,129.553,130.683,306577.7
2024-09-06 14:00:00+00:00,130.683,130.714,126.661,127.993,286177.1
2024-09-06 16:00:00+00:00,127.993,128.23,125.262,126.637,159259.0
2024-09-06 18:00:00+00:00,126.637,126.784,123.822,125.035,218832.8
2024-09-06 20:00:00+00:00,125.035,125.889,120.487,124.604,287714.2
2024-09-06 22:00:00+00:00,124.604,125.252,123.791,124.941,48465.4
2024-09-07 00:00:00+00:00,124.941,125.615,123.988,124.408,40092.7
2024-09-07 02:00:00+00:00,124.408,125.387,124.223,125.021,20359.0
2024-09-07 04:00:00+00:00,125.021,127.146,124.964,126.777,53067.0
2024-09-07 06:00:00+00:00,126.777,128.33,126.597,127.504,71147.5
2024-09-07 08:00:00+00:00,127.504,127.644,126.595,126.97,42010.8
2024-09-07 10:00:00+00:00,126.97,127.453,126.62,126.881,29972.4
2024-09-07 12:00:00+00:00,126.881,127.675,126.77,126.966,49575.2
2024-09-07 14:00:00+00:00,126.966,129.33,126.854,128.688,76296.9
2024-09-07 16:00:00+00:00,128.688,129.0,126.443,126.728,88881.0
2024-09-07 18:00:00+00:00,126.728,128.751,126.094,128.214,70355.5
2024-09-07 20:00:00+00:00,128.214,128.324,126.532,126.773,51001.7
2024-09-07 22:00:00+00:00,126.773,127.776,126.305,127.619,43323.0
2024-09-08 00:00:00+00:00,127.619,128.197,126.773,127.785,30743.3
2024-09-08 02:00:00+00:00,127.785,128.374,127.647,128.147,28104.9
2024-09-08 04:00:00+00:00,128.147,128.599,127.692,127.713,24103.4
2024-09-08 06:00:00+00:00,127.713,130.02,127.706,129.472,59972.0
2024-09-08 08:00:00+00:00,129.472,130.814,129.075,129.528,66501.0
2024-09-08 10:00:00+00:00,129.528,130.8,129.519,129.947,40775.2
2024-09-08 12:00:00+00:00,129.947,130.127,128.222,128.897,76361.7
2024-09-08 14:00:00+00:00,128.897,129.072,126.5,126.665,88586.8
2024-09-08 16:00:00+00:00,126.665,129.2,126.501,129.104,64243.9
2024-09-08 18:00:00+00:00,129.104,129.256,128.268,128.556,30031.4
2024-09-08 20:00:00+00:00,128.556,129.806,128.17,129.099,37499.8
2024-09-08 22:00:00+00:00,129.099,131.55,128.637,130.032,130426.1
2024-09-09 00:00:00+00:00,130.032,130.928,129.016,129.728,55796.5
2024-09-09 02:00:00+00:00,129.728,129.833,127.818,128.491,59043.2
2024-09-09 04:00:00+00:00,128.491,128.709,127.373,127.673,36689.2
2024-09-09 06:00:00+00:00,127.673,129.262,127.537,129.201,54128.5
2024-09-09 08:00:00+00:00,129.201,130.882,129.11,129.347,87907.0
2024-09-09 10:00:00+00:00,129.347,130.248,129.092,129.325,31071.3
2024-09-09 12:00:00+00:00,129.325,130.1,128.365,129.596,101139.0
2024-09-09 14:00:00+00:00,129.596,129.927,126.826,128.237,159923.3
2024-09-09 16:00:00+00:00,128.237,133.747,128.123,132.744,404126.9
2024-09-09 18:00:00+00:00,132.744,134.862,132.069,134.822,113198.6
2024-09-09 20:00:00+00:00,134.822,137.05,133.563,134.992,146397.6
2024-09-09 22:00:00+00:00,134.992,135.553,133.843,134.947,115989.9
2024-09-10 00:00:00+00:00,134.947,135.043,132.81,133.291,92012.8
2024-09-10 02:00:00+00:00,133.291,133.518,132.664,132.747,34602.0
2024-09-10 04:00:00+00:00,132.747,134.492,132.435,134.487,63906.3
2024-09-10 06:00:00+00:00,134.487,135.2,133.6,134.849,64269.3
2024-09-10 08:00:00+00:00,134.849,135.412,134.128,134.442,71430.5
2024-09-10 10:00:00+00:00,134.442,135.229,133.901,135.073,54314.6
2024-09-10 12:00:00+00:00,135.073,135.452,133.254,133.938,101832.1
2024-09-10 14:00:00+00:00,133.938,136.28,133.639,134.038,109642.0
2024-09-10 16:00:00+00:00,134.038,136.509,133.693,135.677,111149.5
2024-09-10 18:00:00+00:00,135.677,137.946,135.649,136.615,153550.3
2024-09-10 20:00:00+00:00,136.615,136.75,135.084,135.314,58322.3
2024-09-10 22:00:00+00:00,135.314,136.028,135.037,135.583,28276.6
2024-09-11 00:00:00+00:00,135.583,135.829,133.23,133.326,88293.1
2024-09-11 02:00:00+00:00,133.326,134.402,133.234,133.54,68959.6
2024-09-11 04:00:00+00:00,133.54,133.542,131.234,131.326,99032.9
2024-09-11 06:00:00+00:00,131.326,132.512,131.006,132.337,58800.3
2024-09-11 08:00:00+00:00,132.337,132.35,130.836,131.455,42769.5
2024-09-11 10:00:00+00:00,131.455,132.205,130.28,131.912,67205.4
2024-09-11 12:00:00+00:00,131.912,133.267,129.369,129.565,210996.5
2024-09-11 14:00:00+00:00,129.565,132.317,128.073,131.12,187437.5
2024-09-11 16:00:00+00:00,131.12,133.442,131.051,133.008,115253.3
2024-09-11 18:00:00+00:00,133.008,133.425,131.577,132.63,104676.3
2024-09-11 20:00:00+00:00,132.63,133.056,131.892,132.28,28731.0
2024-09-11 22:00:00+00:00,132.28,132.698,132.056,132.342,25247.2
2024-09-12 00:00:00+00:00,132.342,134.8,132.284,134.633,88081.3
2024-09-12 02:00:00+00:00,134.633,135.948,134.633,135.553,68651.4
2024-09-12 04:00:00+00:00,135.553,136.188,134.352,134.869,70624.1
2024-09-12 06:00:00+00:00,134.869,135.383,134.2,134.805,40234.1
2024-09-12 08:00:00+00:00,134.805,135.365,134.28,134.364,35322.2
2024-09-12 10:00:00+00:00,134.364,135.047,134.077,134.694,31649.1
2024-09-12 12:00:00+00:00,134.694,135.163,133.799,134.467,73239.7
2024-09-12 14:00:00+00:00,134.467,136.681,133.382,133.486,143012.2
2024-09-12 16:00:00+00:00,133.486,135.506,133.41,135.161,70437.5
2024-09-12 18:00:00+00:00,135.161,135.729,134.504,135.685,43095.0
2024-11-18 10:00:00+00:00,245.017,248.766,241.8,242.727,388602.8
2024-11-18 12:00:00+00:00,242.727,244.5,238.439,238.818,308906.2
2024-11-18 14:00:00+00:00,238.818,245.244,238.079,243.484,379349.7
2024-11-18 16:00:00+00:00,243.484,244.234,237.48,239.919,247857.3
2024-11-18 18:00:00+00:00,239.919,242.093,234.4,236.529,272839.8
2024-11-18 20:00:00+00:00,236.529,241.102,235.926,238.517,185082.5
2024-11-18 22:00:00+00:00,238.517,240.737,237.809,239.992,84915.1
2024-11-19 00:00:00+00:00,239.992,241.173,237.737,238.817,101242.3
2024-11-19 02:00:00+00:00,238.817,243.608,238.5,240.839,73866.3
2024-11-19 04:00:00+00:00,240.839,242.439,238.836,241.198,142672.7
2024-11-19 06:00:00+00:00,241.198,244.596,240.873,243.444,115179.1
2024-11-19 08:00:00+00:00,243.444,246.443,242.037,245.115,224514.3
2024-11-19 10:00:00+00:00,245.115,247.316,244.585,246.295,157415.0
2024-11-19 12:00:00+00:00,246.295,247.76,239.976,240.143,280798.5
2024-11-19 14:00:00+00:00,240.143,241.376,238.461,240.652,309407.2
2024-11-19 16:00:00+00:00,240.652,243.465,240.153,243.142,190002.9
2024-11-19 18:00:00+00:00,243.142,244.805,242.207,243.8,201355.1
2024-11-19 20:00:00+00:00,243.8,244.436,234.417,236.594,357567.7
2024-11-19 22:00:00+00:00,236.594,238.054,233.507,237.662,226060.5
2024-11-20 00:00:00+00:00,237.662,237.953,234.421,234.948,93605.1
2024-11-20 02:00:00+00:00,234.948,235.211,230.524,233.932,182920.7
2024-11-20 04:00:00+00:00,233.932,235.12,231.53,234.974,103536.5
2024-11-20 06:00:00+00:00,234.974,236.433,234.2,236.013,103477.9
2024-11-20 08:00:00+00:00,236.013,238.878,235.508,237.597,217441.9
2024-11-20 10:00:00+00:00,237.597,238.409,234.908,237.616,161801.6
2024-11-20 12:00:00+00:00,237.616,238.898,235.528,238.5,192855.2
2024-11-20 14:00:00+00:00,238.5,242.569,235.912,238.449,509297.4
2024-11-20 16:00:00+00:00,238.449,239.172,231.778,231.822,365707.5
2024-11-20 18:00:00+00:00,231.822,234.262,230.968,232.968,187244.8
2024-11-20 20:00:00+00:00,232.968,238.096,231.708,236.637,285399.8
2024-11-20 22:00:00+00:00,236.637,238.093,234.818,235.426,86891.1
2024-11-21 00:00:00+00:00,235.426,238.736,234.845,236.397,64457.6
2024-11-21 02:00:00+00:00,236.397,236.9,229.649,235.778,236728.2
2024-11-21 04:00:00+00:00,235.778,242.039,235.692,239.131,264283.9
2024-11-21 06:00:00+00:00,239.131,242.874,236.797,241.52,233520.5
2024-11-21 08:00:00+00:00,241.52,243.5,240.757,241.824,173688.6
2024-11-21 10:00:00+00:00,241.824,242.874,240.007,240.101,283021.4
2024-11-21 12:00:00+00:00,240.101,248.81,240.047,245.38,488441.6
2024-11-21 14:00:00+00:00,245.38,253.425,242.693,248.994,844094.2
2024-11-21 16:00:00+00:00,248.994,259.445,248.373,257.517,679547.8
2024-11-21 18:00:00+00:00,257.517,260.158,253.572,254.107,493292.1
2024-11-21 20:00:00+00:00,254.107,257.197,253.094,253.379,374586.4
2024-11-21 22:00:00+00:00,253.379,257.734,253.368,256.678,149576.4
2024-11-22 00:00:00+00:00,256.678,258.986,252.444,255.31,183368.8
2024-11-22 02:00:00+00:00,255.31,264.584,255.267,262.712,291647.7
2024-11-22 04:00:00+00:00,262.712,263.079,259.812,260.829,200673.2
2024-11-22 06:00:00+00:00,260.829,261.379,257.962,259.326,181296.1
2024-11-22 08:00:00+00:00,259.326,261.13,258.367,258.72,118190.5
2024-11-22 10:00:00+00:00,258.72,259.7,256.263,259.528,196226.5
2024-11-22 12:00:00+00:00,259.528,260.628,253.064,255.137,373077.4
2024-11-22 14:00:00+00:00,255.137,257.178,252.524,256.504,309081.1
2024-11-22 16:00:00+00:00,256.504,256.618,253.993,254.579,176161.8
2024-11-22 18:00:00+00:00,254.579,255.477,251.479,254.19,308307.2
2024-11-22 20:00:00+00:00,254.19,258.158,253.404,257.405,148865.2
2024-11-22 22:00:00+00:00,257.405,257.61,254.545,257.066,85397.4
2024-11-23 00:00:00+00:00,257.066,257.981,254.688,256.725,101281.7
2024-11-23 02:00:00+00:00,256.725,257.46,253.5,257.376,84758.5
2024-11-23 04:00:00+00:00,257.376,264.207,257.124,260.117,255401.0
2024-11-23 06:00:00+00:00,260.117,260.751,257.665,258.419,119144.8
2024-11-23 08:00:00+00:00,258.419,259.712,257.638,258.38,91595.2
2024-11-23 10:00:00+00:00,258.38,259.034,255.86,256.301,128953.8
2024-11-23 12:00:00+00:00,256.301,260.414,256.161,259.991,130063.9
2024-11-23 14:00:00+00:00,259.991,263.852,258.85,259.903,327203.7
2024-11-23 16:00:00+00:00,259.903,260.671,254.839,257.495,328466.4
2024-11-23 18:00:00+00:00,257.495,257.495,254.349,254.562,105930.1
2024-11-23 20:00:00+00:00,254.562,255.946,252.944,255.513,127877.2
2024-11-23 22:00:00+00:00,255.513,256.311,253.1,255.064,81578.9
2024-11-24 00:00:00+00:00,255.064,260.0,254.681,258.87,136905.5
2024-11-24 02:00:00+00:00,258.87,259.671,257.461,258.75,74617.2
2024-11-24 04:00:00+00:00,258.75,259.48,254.365,255.429,96241.9
2024-11-24 06:00:00+00:00,255.429,256.989,254.3,256.879,65692.6
2024-11-24 08:00:00+00:00,256.879,256.992,253.168,254.581,95065.4
2024-11-24 10:00:00+00:00,254.581,254.818,248.103,248.552,401415.3
2024-11-24 12:00:00+00:00,248.552,250.402,241.018,247.837,746715.8
2024-11-24 14:00:00+00:00,247.837,248.0,244.194,244.32,311438.7
2024-11-24 16:00:00+00:00,244.32,248.866,243.794,247.767,205051.2
2024-11-24 18:00:00+00:00,247.767,250.573,247.275,248.737,269428.1
2024-11-24 20:00:00+00:00,248.737,251.588,248.38,251.196,233033.5
2024-11-24 22:00:00+00:00,251.196,254.949,250.828,252.923,201426.5
2024-11-25 00:00:00+00:00,252.923,253.448,245.782,248.753,161732.8
2024-11-25 02:00:00+00:00,248.753,252.938,248.543,252.574,70466.6
2024-11-25 04:00:00+00:00,252.574,254.254,252.048,253.326,66854.9
2024-11-25 06:00:00+00:00,253.326,254.305,251.792,253.479,116635.9
2024-11-25 08:00:00+00:00,253.479,256.914,253.148,255.098,159314.2
2024-11-25 10:00:00+00:00,255.098,255.933,251.418,252.327,176469.1
2024-11-25 12:00:00+00:00,252.327,252.731,246.8,248.214,249058.8
2024-11-25 14:00:00+00:00,248.214,249.128,235.221,245.029,889947.3
2024-11-25 16:00:00+00:00,245.029,246.396,237.565,240.106,377039.3
2024-11-25 18:00:00+00:00,240.106,242.295,237.62,239.833,206744.8
2024-11-25 20:00:00+00:00,239.833,241.285,235.464,238.768,232935.4
2024-11-25 22:00:00+00:00,238.768,238.769,231.2,234.285,402920.9
2024-11-26 00:00:00+00:00,234.285,238.849,233.677,237.643,118404.7
2024-11-26 02:00:00+00:00,237.643,239.654,236.277,237.657,62437.2
2024-11-26 04:00:00+00:00,237.657,238.914,236.03,238.847,59126.3
2024-11-26 06:00:00+00:00,238.847,239.799,234.977,235.76,129314.7
2024-11-26 08:00:00+00:00,235.76,236.698,230.968,234.014,330624.6
2024-11-26 10:00:00+00:00,234.014,234.978,221.823,227.919,691024.9
2024-11-26 12:00:00+00:00,227.919,229.79,225.87,227.872,277265.5
2024-11-26 14:00:00+00:00,227.872,232.57,225.917,227.489,330476.1
2024-11-26 16:00:00+00:00,227.489,232.607,226.843,230.247,197546.1
2024-11-26 18:00:00+00:00,230.247,230.393,223.5,229.152,261482.1
2024-11-26 20:00:00+00:00,229.152,231.841,227.451,230.315,152034.8
2024-11-26 22:00:00+00:00,230.315,232.19,229.51,230.788,68553.1
2024-11-27 00:00:00+00:00,230.788,232.769,228.202,232.144,80994.3
2024-11-27 02:00:00+00:00,232.144,233.825,230.025,231.558,51989.9
2024-11-27 04:00:00+00:00,231.558,233.851,227.625,228.803,79322.7
2024-11-27 06:00:00+00:00,228.803,234.951,228.803,234.403,108356.8
2024-11-27 08:00:00+00:00,234.403,234.451,232.075,233.691,94840.6
2024-11-27 10:00:00+00:00,233.691,237.196,232.83,235.019,142131.5
2024-11-27 12:00:00+00:00,235.019,237.933,232.629,237.932,181979.2
2024-11-27 14:00:00+00:00,237.932,241.0,236.458,240.513,246084.0
2024-11-27 16:00:00+00:00,240.513,241.213,237.703,239.813,210749.5
2024-11-27 18:00:00+00:00,239.813,240.603,238.628,239.09,108423.2
2024-11-27 20:00:00+00:00,239.09,243.0,238.889,240.132,206079.1
2024-11-27 22:00:00+00:00,240.132,243.474,239.844,242.12,119873.0
2024-11-28 00:00:00+00:00,242.12,245.426,240.608,243.604,136499.4
2024-11-28 02:00:00+00:00,243.604,245.022,238.045,240.08,209202.1
2024-11-28 04:00:00+00:00,240.08,241.256,237.825,238.456,90278.3
2024-11-28 06:00:00+00:00,238.456,239.61,236.694,238.069,175982.7
2024-11-28 08:00:00+00:00,238.069,239.278,235.695,235.775,112964.9
2024-11-28 10:00:00+00:00,235.775,237.685,234.355,236.938,171471.9
2024-11-28 12:00:00+00:00,236.938,237.331,234.031,236.514,144994.3
2024-11-28 14:00:00+00:00,236.514,237.795,232.796,233.141,169906.1
2024-11-28 16:00:00+00:00,233.141,236.421,233.117,235.21,75668.3
2024-11-28 18:00:00+00:00,235.21,237.078,234.648,235.46,79282.5
2024-11-28 20:00:00+00:00,235.46,236.75,234.894,235.839,68101.2
2024-11-28 22:00:00+00:00,235.839,238.456,235.641,237.584,81861.6
2024-11-29 00:00:00+00:00,237.584,238.757,236.562,238.074,55722.7
2024-11-29 02:00:00+00:00,238.074,243.137,238.021,242.048,104365.1
2024-11-29 04:00:00+00:00,242.048,242.299,240.176,240.582,84494.7
2024-11-29 06:00:00+00:00,240.582,241.6,237.626,237.691,118445.3
2024-11-29 08:00:00+00:00,237.691,240.92,237.681,240.463,69117.1
2024-11-29 10:00:00+00:00,240.463,245.67,240.312,245.254,174853.6
2024-11-29 12:00:00+00:00,245.254,246.897,242.188,243.594,346819.5
2024-11-29 14:00:00+00:00,243.594,246.684,242.586,243.563,340703.2
2024-11-29 16:00:00+00:00,243.563,244.656,240.297,240.423,190103.5
2024-11-29 18:00:00+00:00,240.423,242.543,240.077,241.414,102400.4
2024-11-29 20:00:00+00:00,241.414,244.502,241.111,244.396,101743.5
2024-11-29 22:00:00+00:00,244.396,245.494,243.256,243.473,115579.4
2024-11-30 00:00:00+00:00,243.473,243.484,239.245,240.409,121370.6
2024-11-30 02:00:00+00:00,240.409,243.454,240.137,243.123,51876.7
2024-11-30 04:00:00+00:00,243.123,244.004,241.754,243.796,49107.8
2024-11-30 06:00:00+00:00,243.796,245.25,242.167,244.418,119433.9
2024-11-30 08:00:00+00:00,244.418,245.544,243.322,243.93,80200.1
2024-11-30 10:00:00+00:00,243.93,244.029,240.191,241.616,152442.7
2024-11-30 12:00:00+00:00,241.616,243.2,240.537,240.702,106260.1
2024-11-30 14:00:00+00:00,240.702,241.853,238.73,240.045,137780.9
2024-11-30 16:00:00+00:00,240.045,240.747,238.877,240.018,81441.3
2024-11-30 18:00:00+00:00,240.018,240.583,239.05,240.123,47038.1
2024-11-30 20:00:00+00:00,240.123,241.403,239.717,240.802,45368.2
2024-11-30 22:00:00+00:00,240.802,240.802,237.618,237.76,137716.4
2024-12-01 00:00:00+00:00,237.76,240.0,236.66,237.019,148217.4
2024-12-01 02:00:00+00:00,237.019,237.486,234.174,235.791,147953.9
2024-12-01 04:00:00+00:00,235.791,237.022,235.089,235.484,37994.0
2024-12-01 06:00:00+00:00,235.484,236.652,235.25,235.657,47466.9
2024-12-01 08:00:00+00:00,235.657,238.902,235.568,237.751,100437.8
2024-12-01 10:00:00+00:00,237.751,237.832,235.65,237.283,76150.3
2024-12-01 12:00:00+00:00,237.283,238.622,236.318,237.986,72146.5
2024-12-01 14:00:00+00:00,237.986,239.49,236.988,238.716,83937.5
2024-12-01 16:00:00+00:00,238.716,239.591,236.48,237.232,119897.5
2024-12-01 18:00:00+00:00,237.232,237.822,235.145,236.5,120961.3
2024-12-01 20:00:00+00:00,236.5,237.8,234.5,237.413,112168.2
2024-12-01 22:00:00+00:00,237.413,239.4,236.604,237.066,112209.0
2024-12-02 00:00:00+00:00,237.066,238.249,234.706,238.116,132267.0
2024-12-02 02:00:00+00:00,238.116,238.586,228.063,228.584,357199.8
2024-12-02 04:00:00+00:00,228.584,230.49,226.442,228.728,236314.1
2024-12-02 06:00:00+00:00,228.728,229.4,226.061,228.827,179179.8
2024-12-02 08:00:00+00:00,228.827,229.0,223.315,228.09,354327.8
2024-12-02 10:00:00+00:00,228.09,228.154,223.039,225.003,212281.4
2024-12-02 12:00:00+00:00,225.003,226.031,221.752,226.031,283409.5
2024-12-02 14:00:00+00:00,226.031,229.812,224.569,229.412,342401.4
2024-12-02 16:00:00+00:00,229.412,230.182,220.18,220.762,451655.7
2024-12-02 18:00:00+00:00,220.762,224.531,220.58,224.161,214431.0
2024-12-02 20:00:00+00:00,224.161,225.371,221.32,222.385,196053.3
2024-12-02 22:00:00+00:00,222.385,226.031,221.784,225.93,98872.3
2024-12-03 00:00:00+00:00,225.93,226.788,224.139,224.159,102960.9
2024-12-03 02:00:00+00:00,224.159,229.569,223.359,228.183,104841.5
2024-12-03 04:00:00+00:00,228.183,229.496,227.359,228.375,76902.7
2024-12-03 06:00:00+00:00,228.375,231.172,225.246,227.107,228282.3
2024-12-03 08:00:00+00:00,227.107,228.712,224.359,225.217,162989.1
2024-12-03 10:00:00+00:00,225.217,226.31,223.089,225.808,132143.4
2024-12-03 12:00:00+00:00,225.808,225.883,216.0,218.362,437213.5
2024-12-03 14:00:00+00:00,218.362,226.541,215.049,223.398,591659.9
2024-12-03 16:00:00+00:00,223.398,225.331,220.46,224.85,187150.2
2024-12-03 18:00:00+00:00,224.85,228.672,223.969,228.361,180294.3
2024-12-03 20:00:00+00:00,228.361,239.834,227.9,237.569,620865.6
2024-12-03 22:00:00+00:00,237.569,237.977,233.772,234.183,264015.7
2024-12-04 00:00:00+00:00,234.183,239.803,234.148,239.264,185993.5
2024-12-04 02:00:00+00:00,239.264,240.825,235.225,237.826,138429.0
2024-12-04 04:00:00+00:00,237.826,241.0,236.766,238.138,103927.6
2024-12-04 06:00:00+00:00,238.138,238.59,236.054,236.781,109483.7
2024-12-04 08:00:00+00:00,236.781,237.612,235.165,235.793,140905.9
2024-12-04 10:00:00+00:00,235.793,238.185,235.537,236.265,96494.4
2024-12-04 12:00:00+00:00,236.265,236.436,230.728,231.434,265345.2
2024-12-04 14:00:00+00:00,231.434,235.388,230.091,233.956,212675.6
2024-12-04 16:00:00+00:00,233.956,234.325,224.787,229.295,439379.1
2024-12-04 18:00:00+00:00,229.295,233.056,228.35,232.895,143650.0
2024-12-04 20:00:00+00:00,232.895,236.546,229.536,229.781,425413.1
2024-12-04 22:00:00+00:00,229.781,231.934,225.957,229.385,179177.7
2024-12-05 00:00:00+00:00,229.385,229.878,223.113,225.911,182327.2
2025-02-09 16:00:00+00:00,200.532,202.088,199.659,199.897,101145.7
2025-02-09 18:00:00+00:00,199.897,200.598,197.722,198.924,119202.5
2025-02-09 20:00:00+00:00,198.924,200.918,193.342,195.06,236519.2
2025-02-09 22:00:00+00:00,195.06,200.708,194.0,200.323,215612.8
2025-02-10 00:00:00+00:00,200.323,205.0,197.652,198.278,189786.8
2025-02-10 02:00:00+00:00,198.278,204.372,195.742,201.875,189104.5
2025-02-10 04:00:00+00:00,201.875,204.518,199.816,202.353,105386.0
2025-02-10 06:00:00+00:00,202.353,203.914,201.432,202.748,71385.3
2025-02-10 08:00:00+00:00,202.748,205.9,202.492,204.978,169653.3
2025-02-10 10:00:00+00:00,204.978,205.318,203.132,204.377,104105.6
2025-02-10 12:00:00+00:00,204.377,208.946,202.379,208.495,181965.4
2025-02-10 14:00:00+00:00,208.495,208.99,201.362,202.976,431238.0
2025-02-10 16:00:00+00:00,202.976,204.27,201.942,203.469,122564.6
2025-02-10 18:00:00+00:00,203.469,203.568,200.943,201.234,70395.7
2025-02-10 20:00:00+00:00,201.234,202.648,199.861,200.048,75414.4
2025-02-10 22:00:00+00:00,200.048,200.768,199.139,200.391,78624.6
2025-02-11 00:00:00+00:00,200.391,204.588,199.812,203.664,106911.7
2025-02-11 02:00:00+00:00,203.664,203.978,200.325,200.976,80284.2
2025-02-11 04:00:00+00:00,200.976,205.393,200.922,204.922,132423.3
2025-02-11 06:00:00+00:00,204.922,206.05,203.717,204.338,110225.9
2025-02-11 08:00:00+00:00,204.338,205.869,202.353,202.728,108728.6
2025-02-11 10:00:00+00:00,202.728,203.308,201.122,203.298,107622.9
2025-02-11 12:00:00+00:00,203.298,203.298,197.726,198.287,192007.5
2025-02-11 14:00:00+00:00,198.287,200.908,197.811,199.302,157710.7
2025-02-11 16:00:00+00:00,199.302,199.929,196.482,198.476,136441.0
2025-02-11 18:00:00+00:00,198.476,198.485,194.902,195.538,150629.5
2025-02-11 20:00:00+00:00,195.538,198.677,195.362,198.098,143184.0
2025-02-11 22:00:00+00:00,198.098,199.338,196.122,197.897,81906.4
2025-02-12 00:00:00+00:00,197.897,198.464,196.268,197.256,36114.3
2025-02-12 02:00:00+00:00,197.256,197.404,193.754,194.256,110001.8
2025-02-12 04:00:00+00:00,194.256,196.13,193.276,195.671,114397.1
2025-02-12 06:00:00+00:00,195.671,196.085,193.006,195.154,124513.5
2025-02-12 08:00:00+00:00,195.154,196.85,195.046,196.554,80759.2
2025-02-12 10:00:00+00:00,196.554,197.945,195.545,197.276,69769.0
2025-02-12 12:00:00+00:00,197.276,198.435,189.288,191.906,634062.9
2025-02-12 14:00:00+00:00,191.906,193.776,188.382,191.884,229010.4
2025-02-12 16:00:00+00:00,191.884,196.555,189.254,195.049,217272.9
2025-02-12 18:00:00+00:00,195.049,195.333,191.107,193.636,117650.4
2025-02-12 20:00:00+00:00,193.636,196.546,192.924,195.716,123801.4
2025-02-12 22:00:00+00:00,195.716,198.326,195.374,196.68,162126.2
2025-02-13 00:00:00+00:00,196.68,197.745,194.923,197.474,73364.7
2025-02-13 02:00:00+00:00,197.474,198.106,196.054,198.104,72912.7
2025-02-13 04:00:00+00:00,198.104,198.406,194.484,195.005,80081.0
2025-02-13 06:00:00+00:00,195.005,195.456,192.564,192.996,112922.4
2025-02-13 08:00:00+00:00,192.996,193.4,191.724,193.213,81110.9
2025-02-13 10:00:00+00:00,193.213,193.366,191.004,191.78,72163.6
2025-02-13 12:00:00+00:00,191.78,192.246,190.187,190.852,119314.6
2025-02-13 14:00:00+00:00,190.852,193.052,188.8,191.866,216725.3
2025-02-13 16:00:00+00:00,191.866,192.486,189.874,191.576,95888.2
2025-02-13 18:00:00+00:00,191.576,194.49,191.012,192.558,95301.0
2025-02-13 20:00:00+00:00,192.558,195.386,192.493,194.922,92377.2
2025-02-13 22:00:00+00:00,194.922,195.066,193.63,194.13,46030.7
2025-02-14 00:00:00+00:00,194.13,196.142,194.02,195.77,69912.8
2025-02-14 02:00:00+00:00,195.77,197.333,195.428,196.934,56428.3
2025-02-14 04:00:00+00:00,196.934,197.329,194.655,195.435,60227.9
2025-02-14 06:00:00+00:00,195.435,196.969,195.185,196.556,46561.7
2025-02-14 08:00:00+00:00,196.556,200.0,196.295,199.85,174725.9
2025-02-14 10:00:00+00:00,199.85,201.317,198.872,199.518,137508.9
2025-02-14 12:00:00+00:00,199.518,199.596,196.331,197.703,139169.4
2025-02-14 14:00:00+00:00,197.703,202.017,196.691,200.777,263224.2
2025-02-14 16:00:00+00:00,200.777,205.12,198.763,204.583,210693.5
2025-02-14 18:00:00+00:00,204.583,205.327,200.807,201.507,158509.5
2025-02-14 20:00:00+00:00,201.507,202.167,199.343,201.407,108487.6
2025-02-14 22:00:00+00:00,201.407,201.59,198.0,199.35,134729.2
2025-02-15 00:00:00+00:00,199.35,199.597,196.677,199.393,117180.6
2025-02-15 02:00:00+00:00,199.393,200.17,197.794,198.279,75488.7
2025-02-15 04:00:00+00:00,198.279,198.767,196.743,197.217,43722.7
2025-02-15 06:00:00+00:00,197.217,197.217,195.139,195.806,91405.0
2025-02-15 08:00:00+00:00,195.806,196.697,195.024,195.131,55649.0
2025-02-15 10:00:00+00:00,195.131,195.257,193.833,194.756,107226.3
2025-02-15 12:00:00+00:00,194.756,195.957,194.535,194.963,78197.0
2025-02-15 14:00:00+00:00,194.963,194.963,193.2,194.529,97338.1
2025-02-15 16:00:00+00:00,194.529,194.947,193.203,193.583,43672.6
2025-02-15 18:00:00+00:00,193.583,195.047,193.502,194.107,49950.7
2025-02-15 20:00:00+00:00,194.107,194.416,192.542,194.212,75748.6
2025-02-15 22:00:00+00:00,194.212,194.997,193.463,194.365,39617.9
2025-02-16 00:00:00+00:00,194.365,195.4,193.354,194.744,47140.8
2025-02-16 02:00:00+00:00,194.744,194.94,193.0,194.604,49977.1
2025-02-16 04:00:00+00:00,194.604,195.645,194.134,195.066,30485.1
2025-02-16 06:00:00+00:00,195.066,196.184,192.254,192.816,117566.4
2025-02-16 08:00:00+00:00,192.816,193.676,192.156,193.634,84582.8
2025-02-16 10:00:00+00:00,193.634,193.934,192.854,193.657,56948.1
2025-02-16 12:00:00+00:00,193.657,193.706,190.0,190.686,130213.2
2025-02-16 14:00:00+00:00,190.686,191.006,189.132,190.234,149406.9
2025-02-16 16:00:00+00:00,190.234,191.2,189.594,189.926,62427.2
2025-02-16 18:00:00+00:00,189.926,189.986,187.535,189.166,188137.2
2025-02-16 20:00:00+00:00,189.166,189.796,186.106,188.853,147722.0
2025-02-16 22:00:00+00:00,188.853,189.076,187.244,188.148,83880.5
2025-02-17 00:00:00+00:00,188.148,189.6,187.8,188.967,78177.5
2025-02-17 02:00:00+00:00,188.967,189.2,185.187,186.267,119569.9
2025-02-17 04:00:00+00:00,186.267,186.394,180.585,183.999,337334.6
2025-02-17 06:00:00+00:00,183.999,184.756,180.806,181.266,178234.7
2025-02-17 08:00:00+00:00,181.266,185.089,180.634,184.124,161796.7
2025-02-17 10:00:00+00:00,184.124,185.446,182.874,184.182,110055.8
2025-02-17 12:00:00+00:00,184.182,186.8,184.126,184.864,167929.9
2025-02-17 14:00:00+00:00,184.864,186.856,179.573,180.264,355461.9
2025-02-17 16:00:00+00:00,180.264,181.246,177.284,177.284,313431.7
2025-02-17 18:00:00+00:00,177.284,178.556,174.594,176.964,319386.4
2025-02-17 20:00:00+00:00,176.964,181.156,176.868,181.102,152143.0
2025-02-17 22:00:00+00:00,181.102,181.2,177.33,177.468,131363.8
2025-02-18 00:00:00+00:00,177.468,178.446,175.374,177.966,175673.4
2025-02-18 02:00:00+00:00,177.966,178.962,176.994,177.906,86062.1
2025-02-18 04:00:00+00:00,177.906,177.916,171.46,172.186,402685.7
2025-02-18 06:00:00+00:00,172.186,172.286,163.825,165.551,1029256.2
2025-02-18 08:00:00+00:00,165.551,170.012,163.084,169.918,644817.6
2025-02-18 10:00:00+00:00,169.918,170.829,167.568,168.649,232816.9
2025-02-18 12:00:00+00:00,168.649,171.433,168.298,169.592,317423.1
2025-02-18 14:00:00+00:00,169.592,170.822,164.29,165.879,502005.5
2025-02-18 16:00:00+00:00,165.879,167.069,160.85,163.449,523097.8
2025-02-18 18:00:00+00:00,163.449,165.854,162.761,165.251,347901.9
2025-02-18 20:00:00+00:00,165.251,168.769,163.871,167.481,242436.5
2025-02-18 22:00:00+00:00,167.481,169.689,166.941,169.26,158396.4
2025-02-19 00:00:00+00:00,169.26,170.749,166.951,168.38,160137.9
2025-02-19 02:00:00+00:00,168.38,169.9,166.608,167.398,117844.3
2025-02-19 04:00:00+00:00,167.398,167.654,163.641,167.01,174972.1
2025-02-19 06:00:00+00:00,167.01,169.778,166.44,168.862,152190.5
2025-02-19 08:00:00+00:00,168.862,171.475,168.381,170.709,150210.6
2025-02-19 10:00:00+00:00,170.709,174.249,170.369,173.821,269026.2
2025-02-19 12:00:00+00:00,173.821,174.039,170.75,171.5,221325.9
2025-02-19 14:00:00+00:00,171.5,171.879,168.061,169.699,307459.7
2025-02-19 16:00:00+00:00,169.699,173.352,169.2,170.764,183706.7
2025-02-19 18:00:00+00:00,170.764,171.419,168.125,168.659,132244.2
2025-02-19 20:00:00+00:00,168.659,169.409,166.311,166.829,148879.3
2025-02-19 22:00:00+00:00,166.829,169.87,166.521,168.859,100646.8
2025-02-20 00:00:00+00:00,168.859,170.5,167.563,168.153,114218.8
2025-02-20 02:00:00+00:00,168.153,172.757,168.153,172.346,141893.6
2025-02-20 04:00:00+00:00,172.346,174.901,172.093,172.294,130155.6
2025-02-20 06:00:00+00:00,172.294,172.637,170.773,171.667,101214.5
2025-02-20 08:00:00+00:00,171.667,172.587,170.813,172.02,65432.5
2025-02-20 10:00:00+00:00,172.02,175.011,171.97,173.888,137930.9
2025-02-20 12:00:00+00:00,173.888,174.749,172.373,174.053,177041.0
2025-02-20 14:00:00+00:00,174.053,176.57,171.078,171.527,307522.8
2025-02-20 16:00:00+00:00,171.527,173.407,171.143,173.3,185593.6
2025-02-20 18:00:00+00:00,173.3,175.408,173.253,174.893,182623.9
2025-02-20 20:00:00+00:00,174.893,175.885,173.133,173.264,86857.5
2025-02-20 22:00:00+00:00,173.264,176.469,173.093,175.963,75770.2
2025-02-21 00:00:00+00:00,175.963,176.356,173.176,174.164,92832.1
2025-02-21 02:00:00+00:00,174.164,174.737,172.854,173.205,73524.4
2025-02-21 04:00:00+00:00,173.205,175.5,173.194,175.006,85746.9
2025-02-21 06:00:00+00:00,175.006,176.749,174.753,175.757,111046.8
2025-02-21 08:00:00+00:00,175.757,180.272,175.756,177.44,325783.8
2025-02-21 10:00:00+00:00,177.44,179.986,176.904,177.096,189321.7
2025-02-21 12:00:00+00:00,177.096,180.469,176.564,179.955,205497.3
2025-02-21 14:00:00+00:00,179.955,179.996,170.465,173.158,560003.6
2025-02-21 16:00:00+00:00,173.158,175.621,170.653,171.731,300174.0
2025-02-21 18:00:00+00:00,171.731,172.396,168.244,168.375,200900.3
2025-02-21 20:00:00+00:00,168.375,169.977,167.2,168.125,169446.2
2025-02-21 22:00:00+00:00,168.125,169.456,167.4,168.956,99673.1
2025-02-22 00:00:00+00:00,168.956,172.715,168.046,171.842,163431.1
2025-02-22 02:00:00+00:00,171.842,171.946,169.814,170.419,84794.8
2025-02-22 04:00:00+00:00,170.419,172.474,170.145,172.074,77995.3
2025-02-22 06:00:00+00:00,172.074,172.936,170.852,171.824,113450.3
2025-02-22 08:00:00+00:00,171.824,173.426,171.385,173.358,98116.8
2025-02-22 10:00:00+00:00,173.358,174.11,172.914,173.541,91912.2
2025-02-22 12:00:00+00:00,173.541,174.576,172.614,172.746,103822.4
2025-02-22 14:00:00+00:00,172.746,174.565,172.734,174.261,81775.3
2025-02-22 16:00:00+00:00,174.261,174.752,172.284,173.195,99018.1
2025-02-22 18:00:00+00:00,173.195,174.066,172.384,172.578,49674.8
2025-02-22 20:00:00+00:00,172.578,173.126,171.804,172.97,55100.2
2025-02-22 22:00:00+00:00,172.97,173.576,171.964,172.005,34722.4
2025-02-23 00:00:00+00:00,172.005,172.243,170.755,171.055,53703.3
2025-02-23 02:00:00+00:00,171.055,171.281,170.095,170.559,39711.2
2025-02-23 04:00:00+00:00,170.559,171.125,169.895,170.692,46116.3
2025-02-23 06:00:00+00:00,170.692,173.035,170.315,172.78,65672.5
2025-02-23 08:00:00+00:00,172.78,172.815,170.793,171.266,73606.4
2025-02-23 10:00:00+00:00,171.266,171.45,169.359,169.544,112064.7
2025-02-23 12:00:00+00:00,169.544,169.855,168.253,169.603,155117.4
2025-02-23 14:00:00+00:00,169.603,169.875,166.505,166.7,174180.1
2025-02-23 16:00:00+00:00,166.7,168.395,166.695,168.108,88849.2
2025-02-23 18:00:00+00:00,168.108,168.655,167.491,167.653,54146.2
2025-02-23 20:00:00+00:00,167.653,168.175,166.915,168.057,57408.7
2025-02-23 22:00:00+00:00,168.057,168.843,166.388,167.9,152676.3
2025-02-24 00:00:00+00:00,167.9,169.605,163.216,163.634,266535.1
2025-02-24 02:00:00+00:00,163.634,164.944,160.5,160.965,279168.2
2025-02-24 04:00:00+00:00,160.965,161.178,157.134,159.776,385185.4
2025-02-24 06:00:00+00:00,159.776,161.688,158.67,160.973,162940.3
2025-02-24 08:00:00+00:00,160.973,161.075,157.694,158.174,352461.5
2025-02-24 10:00:00+00:00,158.174,159.627,155.333,159.249,374691.6
2025-02-24 12:00:00+00:00,159.249,160.312,157.773,157.963,242518.0
2025-02-24 14:00:00+00:00,157.963,158.807,150.718,152.709,816962.5
2025-02-24 16:00:00+00:00,152.709,155.109,151.901,154.1,406832.0
2025-02-24 18:00:00+00:00,154.1,154.509,147.829,150.092,366942.2
2025-02-24 20:00:00+00:00,150.092,152.643,149.408,150.089,282262.6
2025-02-24 22:00:00+00:00,150.089,150.089,137.489,141.772,1478306.3
2025-02-25 00:00:00+00:00,141.772,144.419,138.092,140.078,654967.1
2025-02-25 02:00:00+00:00,140.078,142.739,138.087,138.879,402511.6
2025-02-25 04:00:00+00:00,138.879,141.6,135.971,140.979,621230.5
2025-02-25 06:00:00+00:00,140.979,141.729,132.8,136.229,999650.1
2025-02-25 08:00:00+00:00,136.229,139.571,133.6,134.5,462063.4
2025-02-25 10:00:00+00:00,134.5,141.319,131.847,141.219,683567.5
2025-02-25 12:00:00+00:00,141.219,141.819,137.297,138.281,448140.3
2025-02-25 14:00:00+00:00,138.281,141.221,134.5,138.83,570313.6
2025-02-25 16:00:00+00:00,138.83,144.982,137.948,142.651,544736.7
2025-02-25 18:00:00+00:00,142.651,145.5,140.166,145.368,219239.7
2025-02-25 20:00:00+00:00,145.368,146.112,143.159,145.828,299716.3
2025-02-25 22:00:00+00:00,145.828,147.022,143.549,144.232,190062.2
2025-02-26 00:00:00+00:00,144.232,144.66,141.669,142.842,132459.2
2025-02-26 02:00:00+00:00,142.842,145.169,141.609,143.26,135736.1
2025-02-26 04:00:00+00:00,143.26,144.715,141.139,141.171,152718.0
2025-02-26 06:00:00+00:00,141.171,142.501,139.549,140.107,172992.1
2025-05-03 22:00:00+00:00,147.552,147.692,146.547,146.631,101546.1
2025-05-04 00:00:00+00:00,146.631,147.153,145.802,146.972,196755.0
2025-05-04 02:00:00+00:00,146.972,147.6,145.414,145.522,217664.3
2025-05-04 04:00:00+00:00,145.522,146.47,145.121,146.174,232189.0
2025-05-04 06:00:00+00:00,146.174,146.312,145.12,145.555,143170.1
2025-05-04 08:00:00+00:00,145.555,145.883,144.63,144.834,194193.1
2025-05-04 10:00:00+00:00,144.834,145.893,144.711,145.344,192543.5
2025-05-04 12:00:00+00:00,145.344,145.983,144.897,145.517,162136.0
2025-05-04 14:00:00+00:00,145.517,147.153,145.466,146.722,224919.5
2025-05-04 16:00:00+00:00,146.722,147.273,146.241,147.067,183691.3
2025-05-04 18:00:00+00:00,147.067,147.7,145.895,146.093,173543.6
2025-05-04 20:00:00+00:00,146.093,147.054,146.061,147.022,132530.1
2025-05-04 22:00:00+00:00,147.022,147.061,143.537,143.872,268876.7
2025-05-05 00:00:00+00:00,143.872,145.39,142.854,143.119,344197.8
2025-05-05 02:00:00+00:00,143.119,145.24,142.44,144.832,257478.3
2025-05-05 04:00:00+00:00,144.832,147.1,144.831,146.978,264468.3
2025-05-05 06:00:00+00:00,146.978,147.323,146.451,146.808,191979.1
2025-05-05 08:00:00+00:00,146.808,146.992,146.02,146.046,198090.1
2025-05-05 10:00:00+00:00,146.046,146.13,143.48,144.121,400294.5
2025-05-05 12:00:00+00:00,144.121,144.89,143.32,144.82,228247.0
2025-05-05 14:00:00+00:00,144.82,145.35,143.06,143.663,211511.7
2025-05-05 16:00:00+00:00,143.663,145.891,143.57,145.687,214186.2
2025-05-05 18:00:00+00:00,145.687,147.058,145.529,146.392,187335.2
2025-05-05 20:00:00+00:00,146.392,146.956,144.901,146.614,173922.6
2025-05-05 22:00:00+00:00,146.614,147.65,146.54,146.635,194026.1
2025-05-06 00:00:00+00:00,146.635,146.757,144.56,144.689,222493.0
2025-05-06 02:00:00+00:00,144.689,144.91,143.71,144.557,217715.0
2025-05-06 04:00:00+00:00,144.557,145.166,144.26,144.422,159043.2
2025-05-06 06:00:00+00:00,144.422,145.789,144.402,145.201,140000.4
2025-05-06 08:00:00+00:00,145.201,145.201,143.42,144.282,237854.3
2025-05-06 10:00:00+00:00,144.282,144.282,141.9,142.5,287928.0
2025-05-06 12:00:00+00:00,142.5,143.05,141.35,141.867,271323.3
2025-05-06 14:00:00+00:00,141.867,143.89,141.854,143.089,454048.9
2025-05-06 16:00:00+00:00,143.089,144.299,142.37,143.581,211767.2
2025-05-06 18:00:00+00:00,143.581,145.2,143.5,144.779,275811.1
2025-05-06 20:00:00+00:00,144.779,144.96,143.45,144.402,197466.2
2025-05-06 22:00:00+00:00,144.402,147.15,144.37,146.821,365921.1
2025-05-07 00:00:00+00:00,146.821,149.48,146.58,148.283,271153.0
2025-05-07 02:00:00+00:00,148.283,148.525,145.38,146.19,260160.1
2025-05-07 04:00:00+00:00,146.19,146.71,145.35,145.482,178000.3
2025-05-07 06:00:00+00:00,145.482,147.2,145.427,147.18,145262.8
2025-05-07 08:00:00+00:00,147.18,148.229,146.84,147.788,224978.0
2025-05-07 10:00:00+00:00,147.788,147.87,147.3,147.548,160327.5
2025-05-07 12:00:00+00:00,147.548,147.694,146.273,146.8,196331.4
2025-05-07 14:00:00+00:00,146.8,147.49,145.359,145.686,248787.7
2025-05-07 16:00:00+00:00,145.686,146.571,145.049,145.586,226637.9
2025-05-07 18:00:00+00:00,145.586,147.291,144.624,145.689,407110.2
2025-05-07 20:00:00+00:00,145.689,147.81,145.39,147.237,198369.1
2025-05-07 22:00:00+00:00,147.237,148.25,146.97,147.269,217854.5
2025-05-08 00:00:00+00:00,147.269,149.936,147.024,148.04,231395.8
2025-05-08 02:00:00+00:00,148.04,151.13,147.96,150.789,281766.9
2025-05-08 04:00:00+00:00,150.789,151.9,149.95,150.119,253418.2
2025-05-08 06:00:00+00:00,150.119,151.85,150.101,151.49,293522.7
2025-05-08 08:00:00+00:00,151.49,154.847,151.46,154.586,336370.4
2025-05-08 10:00:00+00:00,154.586,155.22,153.656,154.519,291323.0
2025-05-08 12:00:00+00:00,154.519,155.815,154.142,154.899,283483.1
2025-05-08 14:00:00+00:00,154.899,163.0,154.206,160.195,1027786.8
2025-05-08 16:00:00+00:00,160.195,161.04,158.51,158.641,349824.8
2025-05-08 18:00:00+00:00,158.641,160.693,158.641,160.487,205543.4
2025-05-08 20:00:00+00:00,160.487,163.934,159.7,160.9,527147.9
2025-05-08 22:00:00+00:00,160.9,164.563,160.32,164.42,209519.6
2025-05-09 00:00:00+00:00,164.42,164.42,162.025,163.53,194638.9
2025-05-09 02:00:00+00:00,163.53,163.542,161.29,161.333,187687.6
2025-05-09 04:00:00+00:00,161.333,162.818,161.05,162.805,146930.8
2025-05-09 06:00:00+00:00,162.805,166.896,162.418,165.03,374279.7
2025-05-09 08:00:00+00:00,165.03,169.8,164.241,166.411,748836.8
2025-05-09 10:00:00+00:00,166.411,176.11,166.161,172.269,935470.9
2025-05-09 12:00:00+00:00,172.269,173.43,169.507,172.641,369166.9
2025-05-09 14:00:00+00:00,172.641,172.641,167.43,170.723,455061.4
2025-05-09 16:00:00+00:00,170.723,172.08,168.6,171.923,279565.2
2025-05-09 18:00:00+00:00,171.923,172.57,170.67,171.865,233921.7
2025-05-09 20:00:00+00:00,171.865,173.022,171.115,172.62,143272.2
2025-05-09 22:00:00+00:00,172.62,173.77,172.064,172.75,120454.4
2025-05-10 00:00:00+00:00,172.75,175.18,170.659,171.629,221673.8
2025-05-10 02:00:00+00:00,171.629,172.641,171.03,171.559,166374.7
2025-05-10 04:00:00+00:00,171.559,171.559,169.68,171.13,195829.8
2025-05-10 06:00:00+00:00,171.13,172.48,171.04,172.271,194288.8
2025-05-10 08:00:00+00:00,172.271,173.35,170.507,171.574,272640.5
2025-05-10 10:00:00+00:00,171.574,172.28,168.685,168.906,257456.6
2025-05-10 12:00:00+00:00,168.906,171.94,168.906,171.666,294476.1
2025-05-10 14:00:00+00:00,171.666,171.961,170.216,171.045,195994.2
2025-05-10 16:00:00+00:00,171.045,173.829,170.853,171.749,312481.0
2025-05-10 18:00:00+00:00,171.749,172.739,171.03,172.144,203469.1
2025-05-10 20:00:00+00:00,172.144,174.496,171.328,174.121,170487.4
2025-05-10 22:00:00+00:00,174.121,178.89,172.968,177.868,338821.4
2025-05-11 00:00:00+00:00,177.868,180.27,172.874,176.92,563894.3
2025-05-11 02:00:00+00:00,176.92,177.82,174.7,175.835,222465.5
2025-05-11 04:00:00+00:00,175.835,177.624,175.748,176.145,140425.0
2025-05-11 06:00:00+00:00,176.145,176.2,172.25,172.59,272225.6
2025-05-11 08:00:00+00:00,172.59,174.99,172.52,174.349,220410.9
2025-05-11 10:00:00+00:00,174.349,174.82,173.201,174.698,150691.5
2025-05-11 12:00:00+00:00,174.698,175.16,170.83,170.881,322637.9
2025-05-11 14:00:00+00:00,170.881,172.88,169.23,170.41,292064.8
2025-05-11 16:00:00+00:00,170.41,171.841,169.355,171.78,167310.5
2025-05-11 18:00:00+00:00,171.78,173.358,170.758,172.639,155220.4
2025-05-11 20:00:00+00:00,172.639,173.191,171.53,173.077,148010.6
2025-05-11 22:00:00+00:00,173.077,173.737,171.18,173.086,111952.3
2025-05-12 00:00:00+00:00,173.086,175.98,171.7,173.65,225468.1
2025-05-12 02:00:00+00:00,173.65,176.836,172.913,174.79,226215.4
2025-05-12 04:00:00+00:00,174.79,176.11,173.579,174.453,204610.6
2025-05-12 06:00:00+00:00,174.453,179.75,173.75,176.0,520624.3
2025-05-12 08:00:00+00:00,176.0,177.0,173.578,175.604,256783.7
2025-05-12 10:00:00+00:00,175.604,176.33,173.665,174.001,212231.2
2025-05-12 12:00:00+00:00,174.001,180.66,173.895,179.26,415453.5
2025-05-12 14:00:00+00:00,179.26,181.368,174.02,174.339,821527.4
2025-05-12 16:00:00+00:00,174.339,176.58,171.691,172.044,394779.9
2025-05-12 18:00:00+00:00,172.044,172.643,168.267,171.14,483397.9
2025-05-12 20:00:00+00:00,171.14,172.88,170.334,172.609,177874.3
2025-05-12 22:00:00+00:00,172.609,174.721,172.065,174.14,160972.0
2025-05-13 00:00:00+00:00,174.14,174.3,169.505,170.99,227024.4
2025-05-13 02:00:00+00:00,170.99,171.33,166.9,166.92,316059.1
2025-05-13 04:00:00+00:00,166.92,170.359,166.095,169.779,220155.5
2025-05-13 06:00:00+00:00,169.779,172.336,169.773,171.44,209352.4
2025-05-13 08:00:00+00:00,171.44,173.916,170.87,173.649,238403.6
2025-05-13 10:00:00+00:00,173.649,175.09,172.96,173.925,165814.6
2025-05-13 12:00:00+00:00,173.925,175.73,172.83,174.259,341985.0
2025-05-13 14:00:00+00:00,174.259,176.221,172.047,175.975,340964.5
2025-05-13 16:00:00+00:00,175.975,178.989,175.624,178.276,285831.0
2025-05-13 18:00:00+00:00,178.276,184.357,177.91,182.05,370224.4
2025-05-13 20:00:00+00:00,182.05,183.349,180.28,182.692,245634.8
2025-05-13 22:00:00+00:00,182.692,184.78,182.14,183.7,190775.1
2025-05-14 00:00:00+00:00,183.7,184.827,181.65,182.859,188582.8
2025-05-14 02:00:00+00:00,182.859,183.057,179.0,180.249,244238.6
2025-05-14 04:00:00+00:00,180.249,183.2,179.811,182.745,198445.3
2025-05-14 06:00:00+00:00,182.745,183.94,180.51,181.65,263258.0
2025-05-14 08:00:00+00:00,181.65,182.61,177.5,179.73,346256.1
2025-05-14 10:00:00+00:00,179.73,181.89,179.2,180.974,217340.6
2025-05-14 12:00:00+00:00,180.974,181.79,177.308,178.846,257252.5
2025-05-14 14:00:00+00:00,178.846,178.899,175.53,177.269,290296.4
2025-05-14 16:00:00+00:00,177.269,177.607,173.174,175.814,236974.6
2025-05-14 18:00:00+00:00,175.814,177.53,175.046,176.96,156497.9
2025-05-14 20:00:00+00:00,176.96,177.553,175.7,177.41,130132.8
2025-05-14 22:00:00+00:00,177.41,177.479,175.111,176.478,126221.6
2025-05-15 00:00:00+00:00,176.478,178.24,174.001,174.541,194998.5
2025-05-15 02:00:00+00:00,174.541,176.357,174.001,174.03,148518.8
2025-05-15 04:00:00+00:00,174.03,175.209,172.66,173.101,187833.1
2025-05-15 06:00:00+00:00,173.101,174.39,169.717,170.33,321035.6
2025-05-15 08:00:00+00:00,170.33,172.96,169.48,170.67,325298.0
2025-05-15 10:00:00+00:00,170.67,171.42,168.669,171.001,235607.4
2025-05-15 12:00:00+00:00,171.001,172.761,168.1,169.654,292350.4
2025-05-15 14:00:00+00:00,169.654,172.49,166.889,172.149,418146.6
2025-05-15 16:00:00+00:00,172.149,174.359,170.727,173.034,269426.3
2025-05-15 18:00:00+00:00,173.034,173.23,167.621,169.639,246211.3
2025-05-15 20:00:00+00:00,169.639,170.57,166.59,168.941,268838.6
2025-05-15 22:00:00+00:00,168.941,170.234,166.86,169.067,154923.5
2025-05-16 00:00:00+00:00,169.067,172.104,168.58,171.822,163303.7
2025-05-16 02:00:00+00:00,171.822,173.61,171.79,172.545,265636.4
2025-05-16 04:00:00+00:00,172.545,173.48,171.08,172.827,163772.0
2025-05-16 06:00:00+00:00,172.827,173.043,171.527,172.068,146191.7
2025-05-16 08:00:00+00:00,172.068,172.66,169.27,172.59,229154.8
2025-05-16 10:00:00+00:00,172.59,174.12,171.9,172.73,254819.3
2025-05-16 12:00:00+00:00,172.73,174.005,171.77,173.72,176736.1
2025-05-16 14:00:00+00:00,173.72,173.72,170.746,172.003,248180.9
2025-05-16 16:00:00+00:00,172.003,172.658,169.878,170.235,249748.6
2025-05-16 18:00:00+00:00,170.235,171.433,169.622,171.328,153611.3
2025-05-16 20:00:00+00:00,171.328,171.329,168.57,168.955,169236.7
2025-05-16 22:00:00+00:00,168.955,169.009,166.312,167.368,231281.5
2025-05-17 00:00:00+00:00,167.368,168.23,163.917,165.023,292759.8
2025-05-17 02:00:00+00:00,165.023,168.478,164.07,168.177,184907.1
2025-05-17 04:00:00+00:00,168.177,169.43,167.225,167.443,203010.1
2025-05-17 06:00:00+00:00,167.443,169.89,167.443,168.479,188002.2
2025-05-17 08:00:00+00:00,168.479,169.331,166.94,167.71,203253.7
2025-05-17 10:00:00+00:00,167.71,168.6,166.65,167.515,150105.1
2025-05-17 12:00:00+00:00,167.515,167.99,165.72,166.385,158338.2
2025-05-17 14:00:00+00:00,166.385,168.15,166.361,167.2,148286.3
2025-05-17 16:00:00+00:00,167.2,167.4,164.317,165.646,223992.8
2025-05-17 18:00:00+00:00,165.646,166.98,164.89,165.153,198405.1
2025-05-17 20:00:00+00:00,165.153,167.873,164.6,166.939,191991.5
2025-05-17 22:00:00+00:00,166.939,166.99,164.29,165.886,127951.9
2025-05-18 00:00:00+00:00,165.886,167.74,165.792,167.202,133763.5
2025-05-18 02:00:00+00:00,167.202,167.84,166.47,166.82,166692.6
2025-05-18 04:00:00+00:00,166.82,170.08,166.82,169.81,145934.9
2025-05-18 06:00:00+00:00,169.81,170.64,168.99,170.593,158991.0
2025-05-18 08:00:00+00:00,170.593,171.92,170.556,170.922,224791.6
2025-05-18 10:00:00+00:00,170.922,171.63,170.6,170.711,151896.9
2025-05-18 12:00:00+00:00,170.711,172.87,170.144,172.741,235029.6
2025-05-18 14:00:00+00:00,172.741,176.61,172.227,176.19,388130.1
2025-05-18 16:00:00+00:00,176.19,176.74,172.061,172.176,368460.4
2025-05-18 18:00:00+00:00,172.176,172.3,166.479,166.553,387617.5
2025-05-18 20:00:00+00:00,166.553,168.84,164.425,167.481,309653.0
2025-05-18 22:00:00+00:00,167.481,174.23,166.07,173.241,238589.7
2025-05-19 00:00:00+00:00,173.241,173.846,166.41,167.771,321793.7
2025-05-19 02:00:00+00:00,167.771,168.45,164.914,165.25,181450.6
2025-05-19 04:00:00+00:00,165.25,166.71,162.19,162.626,358141.1
2025-05-19 06:00:00+00:00,162.626,163.268,159.3,161.8,355130.1
2025-05-19 08:00:00+00:00,161.8,162.509,160.32,161.55,197350.0
2025-05-19 10:00:00+00:00,161.55,162.591,160.69,162.083,153993.1
2025-05-19 12:00:00+00:00,162.083,163.488,160.1,162.57,227513.9
2025-05-19 14:00:00+00:00,162.57,164.625,161.53,164.079,282061.3
2025-05-19 16:00:00+00:00,164.079,167.29,162.72,165.462,271949.3
2025-05-19 18:00:00+00:00,165.462,166.838,163.61,166.586,194276.1
2025-05-19 20:00:00+00:00,166.586,167.73,165.2,166.608,103863.4
2025-05-19 22:00:00+00:00,166.608,166.94,165.08,166.72,62889.3
2025-05-20 00:00:00+00:00,166.72,170.657,166.68,169.849,210453.6
2025-05-20 02:00:00+00:00,169.849,173.06,168.262,169.118,275826.1
2025-05-20 04:00:00+00:00,169.118,170.57,168.423,169.2,119330.8
2025-05-20 06:00:00+00:00,169.2,169.53,167.01,167.318,164405.2
2025-05-20 08:00:00+00:00,167.318,168.08,166.13,167.2,130697.8
2025-05-20 10:00:00+00:00,167.2,167.61,165.161,166.389,263413.7
2025-05-20 12:00:00+00:00,166.389,166.453,164.697,165.259,183843.4
2025-07-26 04:00:00+00:00,185.947,187.115,185.604,186.717,251582.0
2025-07-26 06:00:00+00:00,186.717,186.856,185.858,186.413,208961.8
2025-07-26 08:00:00+00:00,186.413,189.15,186.413,188.955,586760.6
2025-07-26 10:00:00+00:00,188.955,189.761,187.25,187.71,545534.4
2025-07-26 12:00:00+00:00,187.71,188.442,187.208,187.536,431577.8
2025-07-26 14:00:00+00:00,187.536,187.914,185.97,187.518,620092.8
2025-07-26 16:00:00+00:00,187.518,187.797,185.327,185.588,454849.2
2025-07-26 18:00:00+00:00,185.588,186.639,185.004,186.414,279928.6
2025-07-26 20:00:00+00:00,186.414,186.478,185.243,186.353,211926.4
2025-07-26 22:00:00+00:00,186.353,186.749,184.225,184.86,379873.4
2025-07-27 00:00:00+00:00,184.86,186.534,184.507,186.287,373238.0
2025-07-27 02:00:00+00:00,186.287,187.545,185.785,187.162,691519.8
2025-07-27 04:00:00+00:00,187.162,188.315,186.603,187.82,350400.2
2025-07-27 06:00:00+00:00,187.82,188.006,186.527,187.173,294028.4
2025-07-27 08:00:00+00:00,187.173,187.455,186.114,186.325,298737.2
2025-07-27 10:00:00+00:00,186.325,188.548,186.301,186.958,513876.0
2025-07-27 12:00:00+00:00,186.958,187.309,185.426,185.728,421820.0
2025-07-27 14:00:00+00:00,185.728,186.498,184.792,186.444,435766.6
2025-07-27 16:00:00+00:00,186.444,189.723,185.869,188.01,1063666.2
2025-07-27 18:00:00+00:00,188.01,188.724,186.813,186.886,361710.4
2025-07-27 20:00:00+00:00,186.886,188.178,186.35,187.9,300195.6
2025-07-27 22:00:00+00:00,187.9,190.669,187.1,188.6,677193.4
2025-07-28 00:00:00+00:00,188.6,191.105,187.574,188.242,616429.8
2025-07-28 02:00:00+00:00,188.242,193.746,187.826,193.279,814355.6
2025-07-28 04:00:00+00:00,193.279,195.231,192.443,194.336,790969.4
2025-07-28 06:00:00+00:00,194.336,194.499,191.535,192.3,597485.8
2025-07-28 08:00:00+00:00,192.3,193.285,191.19,193.11,360130.6
2025-07-28 10:00:00+00:00,193.11,193.271,190.576,191.942,402093.0
2025-07-28 12:00:00+00:00,191.942,193.499,189.234,190.162,1019210.6
2025-07-28 14:00:00+00:00,190.162,190.662,186.47,187.138,1094550.6
2025-07-28 16:00:00+00:00,187.138,187.959,185.319,185.833,600324.8
2025-07-28 18:00:00+00:00,185.833,186.405,183.4,185.204,1359204.4
2025-07-28 20:00:00+00:00,185.204,185.478,182.528,184.201,707598.6
2025-07-28 22:00:00+00:00,184.201,184.586,182.085,183.033,327070.6
2025-07-29 00:00:00+00:00,183.033,184.638,180.882,181.62,970039.2
2025-07-29 02:00:00+00:00,181.62,184.671,180.534,184.26,429510.2
2025-07-29 04:00:00+00:00,184.26,184.817,183.16,184.817,287094.0
2025-07-29 06:00:00+00:00,184.817,186.555,184.442,185.994,534439.4
2025-07-29 08:00:00+00:00,185.994,186.446,184.161,184.546,351008.4
2025-07-29 10:00:00+00:00,184.546,184.705,182.113,182.833,560138.6
2025-07-29 12:00:00+00:00,182.833,184.944,182.08,182.585,583878.4
2025-07-29 14:00:00+00:00,182.585,182.699,179.169,180.738,1199947.6
2025-07-29 16:00:00+00:00,180.738,181.639,178.076,181.404,809947.6
2025-07-29 18:00:00+00:00,181.404,182.274,180.308,181.015,744817.0
2025-07-29 20:00:00+00:00,181.015,181.83,179.18,181.166,525342.2
2025-07-29 22:00:00+00:00,181.166,181.913,180.325,181.401,240679.4
2025-07-30 00:00:00+00:00,181.401,181.819,178.744,181.264,377307.4
2025-07-30 02:00:00+00:00,181.264,182.278,181.002,181.61,162588.8
2025-07-30 04:00:00+00:00,181.61,182.03,179.282,180.936,255441.6
2025-07-30 06:00:00+00:00,180.936,182.46,180.236,180.71,347638.6
2025-07-30 08:00:00+00:00,180.71,181.413,178.557,179.063,402653.0
2025-07-30 10:00:00+00:00,179.063,180.01,176.354,177.214,985924.2
2025-07-30 12:00:00+00:00,177.214,178.174,176.586,177.861,1007197.2
2025-07-30 14:00:00+00:00,177.861,180.504,177.627,179.118,569510.0
2025-07-30 16:00:00+00:00,179.118,179.935,178.156,179.263,307572.6
2025-07-30 18:00:00+00:00,179.263,180.115,170.155,176.052,3141895.4
2025-07-30 20:00:00+00:00,176.052,177.369,174.638,175.749,690254.8
2025-07-30 22:00:00+00:00,175.749,177.998,175.02,177.698,302366.2
2025-07-31 00:00:00+00:00,177.698,179.991,177.537,179.391,459775.4
2025-07-31 02:00:00+00:00,179.391,180.475,179.096,180.251,409083.2
2025-07-31 04:00:00+00:00,180.251,181.143,179.702,180.697,406746.0
2025-07-31 06:00:00+00:00,180.697,181.565,180.27,181.175,473615.2
2025-07-31 08:00:00+00:00,181.175,182.63,181.002,182.446,551368.4
2025-07-31 10:00:00+00:00,182.446,182.575,180.15,180.657,471460.4
2025-07-31 12:00:00+00:00,180.657,180.826,176.611,177.632,1088572.6
2025-07-31 14:00:00+00:00,177.632,178.164,175.172,177.268,1302309.4
2025-07-31 16:00:00+00:00,177.268,179.7,176.698,177.202,750809.6
2025-07-31 18:00:00+00:00,177.202,178.144,174.709,175.242,887323.6
2025-07-31 20:00:00+00:00,175.242,175.675,172.602,173.74,1209999.8
2025-07-31 22:00:00+00:00,173.74,174.269,171.318,172.146,758035.4
2025-08-01 00:00:00+00:00,172.146,172.196,167.393,169.559,2276989.8
2025-08-01 02:00:00+00:00,169.559,172.1,169.131,171.032,546317.0
2025-08-01 04:00:00+00:00,171.032,171.039,168.148,169.079,633086.6
2025-08-01 06:00:00+00:00,169.079,169.904,167.883,169.313,720011.8
2025-08-01 08:00:00+00:00,169.313,169.313,166.091,167.268,1308219.6
2025-08-01 10:00:00+00:00,167.268,169.17,166.983,169.142,392660.8
2025-08-01 12:00:00+00:00,169.142,170.298,164.72,165.602,1730049.6
2025-08-01 14:00:00+00:00,165.602,169.61,164.445,168.489,1431717.6
2025-08-01 16:00:00+00:00,168.489,169.682,165.311,166.503,677759.4
2025-08-01 18:00:00+00:00,166.503,167.522,165.026,166.415,893591.4
2025-08-01 20:00:00+00:00,166.415,166.75,161.598,163.805,1675524.2
2025-08-01 22:00:00+00:00,163.805,163.899,159.033,162.613,1448966.6
2025-08-02 00:00:00+00:00,162.613,164.769,162.474,164.689,350215.2
2025-08-02 02:00:00+00:00,164.689,164.936,164.067,164.296,213668.6
2025-08-02 04:00:00+00:00,164.296,165.179,163.866,164.622,181859.2
2025-08-02 06:00:00+00:00,164.622,164.716,161.725,164.373,527525.2
2025-08-02 08:00:00+00:00,164.373,164.76,163.251,163.691,285145.4
2025-08-02 10:00:00+00:00,163.691,165.044,162.148,164.413,500590.2
2025-08-02 12:00:00+00:00,164.413,164.871,163.397,164.363,247471.4
2025-08-02 14:00:00+00:00,164.363,164.709,160.943,161.432,592868.0
2025-08-02 16:00:00+00:00,161.432,162.099,158.292,159.233,807995.6
2025-08-02 18:00:00+00:00,159.233,159.673,155.721,157.333,1453494.4
2025-08-02 20:00:00+00:00,157.333,159.467,157.267,158.767,388117.8
2025-08-02 22:00:00+00:00,158.767,159.693,156.924,158.382,579221.8
2025-08-03 00:00:00+00:00,158.382,160.144,156.17,159.449,552084.6
2025-08-03 02:00:00+00:00,159.449,161.015,159.425,160.761,230444.0
2025-08-03 04:00:00+00:00,160.761,160.843,159.942,160.259,208107.8
2025-08-03 06:00:00+00:00,160.259,161.527,159.955,161.281,180851.8
2025-08-03 08:00:00+00:00,161.281,161.696,160.591,161.061,238575.8
2025-08-03 10:00:00+00:00,161.061,162.8,161.029,161.38,360355.0
2025-08-03 12:00:00+00:00,161.38,162.243,160.558,161.256,436483.6
2025-08-03 14:00:00+00:00,161.256,162.2,160.266,162.014,515246.4
2025-08-03 16:00:00+00:00,162.014,162.665,161.036,162.082,279951.0
2025-08-03 18:00:00+00:00,162.082,162.54,161.213,161.555,306727.4
2025-08-03 20:00:00+00:00,161.555,162.122,160.651,161.96,177883.8
2025-08-03 22:00:00+00:00,161.96,163.051,160.81,161.876,514188.2
2025-08-04 00:00:00+00:00,161.876,164.862,161.321,163.215,875393.4
2025-08-04 02:00:00+00:00,163.215,164.311,162.481,162.886,499335.2
2025-08-04 04:00:00+00:00,162.886,163.352,161.417,162.178,400210.8
2025-08-04 06:00:00+00:00,162.178,163.218,161.18,162.964,349683.2
2025-08-04 08:00:00+00:00,162.964,163.994,162.344,162.363,393904.2
2025-08-04 10:00:00+00:00,162.363,162.915,161.542,162.324,412304.2
2025-08-04 12:00:00+00:00,162.324,165.711,162.066,165.377,801003.0
2025-08-04 14:00:00+00:00,165.377,166.823,164.394,165.397,1214150.4
2025-08-04 16:00:00+00:00,165.397,169.707,165.375,167.732,1173288.8
2025-08-04 18:00:00+00:00,167.732,168.047,164.916,165.57,563116.6
2025-08-04 20:00:00+00:00,165.57,168.686,165.187,168.44,591259.6
2025-08-04 22:00:00+00:00,168.44,169.682,168.159,169.459,514890.8
2025-08-05 00:00:00+00:00,169.459,169.877,168.058,168.149,514790.2
2025-08-05 02:00:00+00:00,168.149,169.371,167.467,167.816,378159.2
2025-08-05 04:00:00+00:00,167.816,168.479,167.135,168.343,279722.6
2025-08-05 06:00:00+00:00,168.343,169.173,165.68,166.141,664814.6
2025-08-05 08:00:00+00:00,166.141,169.299,165.561,168.775,481164.8
2025-08-05 10:00:00+00:00,168.775,171.646,168.324,170.803,832073.8
2025-08-05 12:00:00+00:00,170.803,170.972,166.523,167.695,1516547.6
2025-08-05 14:00:00+00:00,167.695,167.722,162.852,163.683,1891484.8
2025-08-05 16:00:00+00:00,163.683,164.862,162.673,164.724,497480.2
2025-08-05 18:00:00+00:00,164.724,164.863,162.16,162.68,476882.2
2025-08-05 20:00:00+00:00,162.68,163.624,161.512,162.291,412002.0
2025-08-05 22:00:00+00:00,162.291,164.463,161.165,164.001,438464.0
2025-08-06 00:00:00+00:00,164.001,164.08,161.609,162.789,409851.0
2025-08-06 02:00:00+00:00,162.789,163.217,161.041,161.768,218206.4
2025-08-06 04:00:00+00:00,161.768,164.726,161.161,164.181,601497.0
2025-08-06 06:00:00+00:00,164.181,164.527,163.335,164.179,214368.8
2025-08-06 08:00:00+00:00,164.179,164.474,162.655,163.915,543557.4
2025-08-06 10:00:00+00:00,163.915,164.57,162.815,164.109,461307.6
2025-08-06 12:00:00+00:00,164.109,164.633,162.544,164.183,1116266.0
2025-08-06 14:00:00+00:00,164.183,169.35,163.874,168.947,1497599.6
2025-08-06 16:00:00+00:00,168.947,169.394,167.07,169.05,667121.0
2025-08-06 18:00:00+00:00,169.05,169.85,167.869,168.762,541881.2
2025-08-06 20:00:00+00:00,168.762,168.775,167.217,167.989,388956.4
2025-08-06 22:00:00+00:00,167.989,168.434,167.745,168.016,191232.4
2025-08-07 00:00:00+00:00,168.016,168.927,167.417,167.791,305418.8
2025-08-07 02:00:00+00:00,167.791,167.957,166.618,166.824,277614.2
2025-08-07 04:00:00+00:00,166.824,168.698,166.686,168.678,259109.2
2025-08-07 06:00:00+00:00,168.678,170.286,168.51,169.917,792573.6
2025-08-07 08:00:00+00:00,169.917,170.444,168.959,169.559,456852.4
2025-08-07 10:00:00+00:00,169.559,173.446,169.322,172.729,1545613.0
2025-08-07 12:00:00+00:00,172.729,173.1,171.24,171.624,978620.8
2025-08-07 14:00:00+00:00,171.624,171.711,169.627,170.416,909346.8
2025-08-07 16:00:00+00:00,170.416,170.537,166.928,169.363,877657.2
2025-08-07 18:00:00+00:00,169.363,171.818,168.683,171.693,482645.4
2025-08-07 20:00:00+00:00,171.693,174.141,171.432,173.462,786710.4
2025-08-07 22:00:00+00:00,173.462,175.447,173.462,175.28,715685.0
2025-08-08 00:00:00+00:00,175.28,175.517,173.38,174.455,822911.8
2025-08-08 02:00:00+00:00,174.455,175.83,173.793,174.645,500231.4
2025-08-08 04:00:00+00:00,174.645,175.106,173.792,174.112,328454.2
2025-08-08 06:00:00+00:00,174.112,177.771,173.801,177.055,873087.0
2025-08-08 08:00:00+00:00,177.055,177.738,174.813,175.965,677716.4
2025-08-08 10:00:00+00:00,175.965,177.877,175.634,177.555,548252.4
2025-08-08 12:00:00+00:00,177.555,178.69,175.376,178.565,1323077.8
2025-08-08 14:00:00+00:00,178.565,179.05,174.122,175.149,1385167.8
2025-08-08 16:00:00+00:00,175.149,179.296,175.125,179.285,1134345.4
2025-08-08 18:00:00+00:00,179.285,179.62,177.123,178.39,1141823.4
2025-08-08 20:00:00+00:00,178.39,178.694,177.172,177.505,419404.6
2025-08-08 22:00:00+00:00,177.505,178.0,176.5,176.706,446774.4
2025-08-09 00:00:00+00:00,176.706,178.989,176.556,178.617,425130.8
2025-08-09 02:00:00+00:00,178.617,178.633,176.969,177.213,385506.4
2025-08-09 04:00:00+00:00,177.213,182.092,176.89,180.779,1325025.2
2025-08-09 06:00:00+00:00,180.779,180.861,179.256,180.599,901482.8
2025-08-09 08:00:00+00:00,180.599,182.681,180.367,182.213,628391.0
2025-08-09 10:00:00+00:00,182.213,183.315,180.625,180.734,828868.2
2025-08-09 12:00:00+00:00,180.734,182.444,179.728,179.735,780879.6
2025-08-09 14:00:00+00:00,179.735,181.598,178.822,180.029,994088.6
2025-08-09 16:00:00+00:00,180.029,181.941,179.4,181.555,519299.2
2025-08-09 18:00:00+00:00,181.555,182.665,181.187,182.114,580214.4
2025-08-09 20:00:00+00:00,182.114,183.453,180.63,181.215,863874.8
2025-08-09 22:00:00+00:00,181.215,182.445,179.688,179.903,697889.6
2025-08-10 00:00:00+00:00,179.903,184.598,179.774,184.41,918410.2
2025-08-10 02:00:00+00:00,184.41,185.966,182.869,184.935,1240841.0
2025-08-10 04:00:00+00:00,184.935,186.156,181.627,181.982,1082712.0
2025-08-10 06:00:00+00:00,181.982,182.336,177.742,178.884,1500159.8
2025-08-10 08:00:00+00:00,178.884,181.025,177.393,180.391,829370.0
2025-08-10 10:00:00+00:00,180.391,180.666,178.616,179.929,889920.8
2025-08-10 12:00:00+00:00,179.929,180.285,178.773,178.773,523020.8
2025-08-10 14:00:00+00:00,178.773,182.335,178.45,181.46,989198.8
2025-08-10 16:00:00+00:00,181.46,182.404,181.133,181.645,349350.4
2025-08-10 18:00:00+00:00,181.645,183.28,181.585,182.748,398429.0
2025-08-10 20:00:00+00:00,182.748,183.879,181.196,183.439,1210501.4
2025-08-10 22:00:00+00:00,183.439,183.625,182.021,182.598,343867.2
2025-08-11 00:00:00+00:00,182.598,183.834,181.24,183.658,711906.2
2025-08-11 02:00:00+00:00,183.658,185.75,183.542,185.103,1071883.6
2025-08-11 04:00:00+00:00,185.103,186.77,184.844,185.285,853971.6
2025-08-11 06:00:00+00:00,185.285,185.552,182.739,182.937,540742.4
2025-08-11 08:00:00+00:00,182.937,184.643,182.088,183.07,844751.6
2025-08-11 10:00:00+00:00,183.07,183.166,178.268,179.0,1516777.4
2025-08-11 12:00:00+00:00,179.0,179.996,177.16,179.536,1470951.6
2025-08-11 14:00:00+00:00,179.536,180.455,177.559,180.129,1046039.2
2025-08-11 16:00:00+00:00,180.129,181.731,177.972,178.117,1026904.6
2025-08-11 18:00:00+00:00,178.117,178.318,175.457,176.57,1113931.6
2025-10-17 10:00:00+00:00,176.832,182.777,174.063,181.473,1508995.71968
2025-10-17 12:00:00+00:00,181.473,182.645,177.93,180.729,1038539.4
2025-10-17 14:00:00+00:00,180.729,182.866,176.289,182.743,952466.1
2025-10-17 16:00:00+00:00,182.743,185.075,181.801,183.779,739683.75
2025-10-17 18:00:00+00:00,183.779,185.478,181.418,181.98,393407.55
2025-10-17 20:00:00+00:00,181.98,186.111,181.5,185.452,253633.35
2025-10-17 22:00:00+00:00,185.452,185.999,181.833,182.023,240903.45
2025-10-18 00:00:00+00:00,182.023,184.939,181.8,184.659,272289.0
2025-10-18 02:00:00+00:00,184.659,185.589,183.427,184.833,221094.15
2025-10-18 04:00:00+00:00,184.833,184.833,183.102,184.534,178369.35
2025-10-18 06:00:00+00:00,184.534,188.266,184.207,186.265,441177.75
2025-10-18 08:00:00+00:00,186.265,187.159,185.33,185.915,220916.55
2025-10-18 10:00:00+00:00,185.915,186.26,184.366,186.137,182406.2
2025-10-18 12:00:00+00:00,186.137,187.406,184.804,185.238,169951.4
2025-10-18 14:00:00+00:00,185.238,186.319,183.942,185.071,122292.7
2025-10-18 16:00:00+00:00,185.071,186.167,183.354,185.982,209161.1
2025-10-18 18:00:00+00:00,185.982,186.499,185.327,186.374,83328.3
2025-10-18 20:00:00+00:00,186.374,187.684,185.857,187.093,167392.5
2025-10-18 22:00:00+00:00,187.093,187.843,186.76,187.516,85701.0
2025-10-19 00:00:00+00:00,187.516,187.8,184.88,185.876,171429.7
2025-10-19 02:00:00+00:00,185.876,187.145,185.0,187.021,112912.2
2025-10-19 04:00:00+00:00,187.021,187.675,186.283,186.497,107936.8
2025-10-19 06:00:00+00:00,186.497,186.883,185.175,185.92,118053.2
2025-10-19 08:00:00+00:00,185.92,188.735,183.187,187.228,630286.2
2025-10-19 10:00:00+00:00,187.228,190.067,186.714,189.019,300954.7
2025-10-19 12:00:00+00:00,189.019,191.084,188.111,190.592,196072.1
2025-10-19 14:00:00+00:00,190.592,191.688,189.739,190.764,309563.4
2025-10-19 16:00:00+00:00,190.764,192.3,189.716,190.042,282696.9
2025-10-19 18:00:00+00:00,190.042,190.438,188.361,188.949,190905.9
2025-10-19 20:00:00+00:00,188.949,189.952,188.42,189.353,118457.3
2025-10-19 22:00:00+00:00,189.353,190.252,186.935,187.956,228698.0
2025-10-20 00:00:00+00:00,187.956,187.956,183.88,185.742,319536.4
2025-10-20 02:00:00+00:00,185.742,191.825,184.209,191.256,399908.1
2025-10-20 04:00:00+00:00,191.256,193.433,190.65,193.024,275345.2
2025-10-20 06:00:00+00:00,193.024,194.489,192.774,192.959,240679.1
2025-10-20 08:00:00+00:00,192.959,194.193,192.168,193.171,256699.4
2025-10-20 10:00:00+00:00,193.171,193.702,190.957,192.199,209772.0
2025-10-20 12:00:00+00:00,192.199,192.988,191.566,192.396,185765.0
2025-10-20 14:00:00+00:00,192.396,192.58,190.353,190.497,252646.2
2025-10-20 16:00:00+00:00,190.497,190.497,185.582,187.719,617615.5
2025-10-20 18:00:00+00:00,187.719,189.518,187.25,188.888,153531.1
2025-10-20 20:00:00+00:00,188.888,191.269,188.333,189.068,172691.7
2025-10-20 22:00:00+00:00,189.068,190.981,188.85,189.82,124218.6
2025-10-21 00:00:00+00:00,189.82,190.319,186.291,186.829,259557.5
2025-10-21 02:00:00+00:00,186.829,187.035,185.356,185.665,224807.9
2025-10-21 04:00:00+00:00,185.665,185.762,182.768,183.958,457041.3
2025-10-21 06:00:00+00:00,183.958,185.219,183.223,185.011,202248.8
2025-10-21 08:00:00+00:00,185.011,185.011,183.72,184.386,123509.7
2025-10-21 10:00:00+00:00,184.386,186.749,184.205,186.268,208921.6
2025-10-21 12:00:00+00:00,186.268,187.755,183.912,185.092,385937.2
2025-10-21 14:00:00+00:00,185.092,197.193,184.963,196.248,1007298.3
2025-10-21 16:00:00+00:00,196.248,197.736,192.1,194.87,777256.8
2025-10-21 18:00:00+00:00,194.87,195.499,193.087,193.998,164327.3
2025-10-21 20:00:00+00:00,193.998,194.272,187.902,191.365,392490.2
2025-10-21 22:00:00+00:00,191.365,191.562,185.15,185.725,390228.6
2025-10-22 00:00:00+00:00,185.725,187.269,184.158,187.075,281761.7
2025-10-22 02:00:00+00:00,187.075,187.51,184.527,185.318,162010.1
2025-10-22 04:00:00+00:00,185.318,186.363,183.34,184.666,285920.7
2025-10-22 06:00:00+00:00,184.666,185.187,183.449,185.061,256191.6
2025-10-22 08:00:00+00:00,185.061,185.228,183.374,184.057,118296.5
2025-10-22 10:00:00+00:00,184.057,186.067,181.802,185.13,506425.5
2025-10-22 12:00:00+00:00,185.13,187.043,184.181,186.662,325598.7
2025-10-22 14:00:00+00:00,186.662,186.719,181.305,184.0,790863.2
2025-10-22 16:00:00+00:00,184.0,185.0,181.33,181.681,360862.0
2025-10-22 18:00:00+00:00,181.681,182.569,177.008,180.197,609564.0
2025-10-22 20:00:00+00:00,180.197,180.796,177.079,178.414,611415.2
2025-10-22 22:00:00+00:00,178.414,180.53,177.8,180.084,221809.2
2025-10-23 00:00:00+00:00,180.084,182.054,179.67,181.751,188883.1
2025-10-23 02:00:00+00:00,181.751,183.352,181.4,182.854,168156.8
2025-10-23 04:00:00+00:00,182.854,184.783,182.646,184.761,184669.8
2025-10-23 06:00:00+00:00,184.761,187.9,184.465,187.374,372211.0
2025-10-23 08:00:00+00:00,187.374,188.888,187.351,188.315,221405.8
2025-10-23 10:00:00+00:00,188.315,189.425,187.43,187.89,279292.7
2025-10-23 12:00:00+00:00,187.89,192.518,186.529,190.283,647477.6
2025-10-23 14:00:00+00:00,190.283,191.796,188.04,190.98,448368.7
2025-10-23 16:00:00+00:00,190.98,193.39,189.98,192.409,376139.6
2025-10-23 18:00:00+00:00,192.409,192.8,190.44,191.007,193145.6
2025-10-23 20:00:00+00:00,191.007,191.172,188.061,188.715,244657.2
2025-10-23 22:00:00+00:00,188.715,191.478,188.583,191.292,146728.2
2025-10-24 00:00:00+00:00,191.292,193.913,190.88,192.869,228774.2
2025-10-24 02:00:00+00:00,192.869,193.032,190.77,191.228,166989.7
2025-10-24 04:00:00+00:00,191.228,194.636,190.721,193.279,393490.1
2025-10-24 06:00:00+00:00,193.279,193.649,191.491,192.145,207592.2
2025-10-24 08:00:00+00:00,192.145,193.45,191.7,192.1,154896.7
2025-10-24 10:00:00+00:00,192.1,192.173,190.498,192.106,183665.7
2025-10-24 12:00:00+00:00,192.106,196.806,190.755,192.397,1019786.7
2025-10-24 14:00:00+00:00,192.397,192.397,188.704,189.361,379799.5
2025-10-24 16:00:00+00:00,189.361,191.7,188.721,191.109,228131.5
2025-10-24 18:00:00+00:00,191.109,193.578,190.95,193.0,170056.2
2025-10-24 20:00:00+00:00,193.0,194.102,192.751,193.701,121772.9
2025-10-24 22:00:00+00:00,193.701,194.1,192.996,193.507,117748.5
2025-10-25 00:00:00+00:00,193.507,194.443,192.356,193.693,247625.4
2025-10-25 02:00:00+00:00,193.693,194.166,193.151,193.379,138777.3
2025-10-25 04:00:00+00:00,193.379,194.653,193.292,194.351,168382.2
2025-10-25 06:00:00+00:00,194.351,194.853,193.696,193.845,150341.3
2025-10-25 08:00:00+00:00,193.845,195.138,192.345,192.497,257986.2
2025-10-25 10:00:00+00:00,192.497,192.893,191.006,192.689,233736.0
2025-10-25 12:00:00+00:00,192.689,194.198,192.375,192.827,202425.0
2025-10-25 14:00:00+00:00,192.827,192.834,191.72,191.817,117436.5
2025-10-25 16:00:00+00:00,191.817,192.439,191.358,192.294,74978.8
2025-10-25 18:00:00+00:00,192.294,194.547,192.238,194.396,160635.6
2025-10-25 20:00:00+00:00,194.396,194.781,193.567,194.268,116319.5
2025-10-25 22:00:00+00:00,194.268,194.624,193.708,193.731,43633.8
2025-10-26 00:00:00+00:00,193.731,194.253,192.167,192.729,120334.1
2025-10-26 02:00:00+00:00,192.729,193.055,191.808,192.858,96212.1
2025-10-26 04:00:00+00:00,192.858,193.7,192.654,193.5,63027.3
2025-10-26 06:00:00+00:00,193.5,194.213,193.402,193.768,75416.8
2025-10-26 08:00:00+00:00,193.768,196.357,193.571,195.863,285622.8
2025-10-26 10:00:00+00:00,195.863,197.842,194.245,197.694,399967.3
2025-10-26 12:00:00+00:00,197.694,199.595,196.741,198.958,400495.5
2025-10-26 14:00:00+00:00,198.958,199.88,198.418,199.405,207174.3
2025-10-26 16:00:00+00:00,199.405,199.437,198.052,198.792,124761.5
2025-10-26 18:00:00+00:00,198.792,199.58,198.393,198.792,111579.5
2025-10-26 20:00:00+00:00,198.792,198.792,196.735,198.383,204856.3
2025-10-26 22:00:00+00:00,198.383,202.407,198.383,199.99,476381.7
2025-10-27 00:00:00+00:00,199.99,205.079,199.41,204.302,313718.5
2025-10-27 02:00:00+00:00,204.302,204.972,203.2,204.244,146152.7
2025-10-27 04:00:00+00:00,204.244,205.276,203.086,204.253,143951.2
2025-10-27 06:00:00+00:00,204.253,205.114,202.1,202.397,370732.1
2025-10-27 08:00:00+00:00,202.397,202.423,198.0,199.935,521284.9
2025-10-27 10:00:00+00:00,199.935,200.95,198.806,200.187,178376.2
2025-10-27 12:00:00+00:00,200.187,200.609,198.422,200.347,237536.9
2025-10-27 14:00:00+00:00,200.347,200.55,198.265,200.082,204814.0
2025-10-27 16:00:00+00:00,200.082,203.24,199.975,202.194,313254.7
2025-10-27 18:00:00+00:00,202.194,203.179,199.703,199.956,285281.2
2025-10-27 20:00:00+00:00,199.956,200.18,197.603,198.643,231387.1
2025-10-27 22:00:00+00:00,198.643,199.332,197.227,198.6,145186.1
2025-10-28 00:00:00+00:00,198.6,202.021,198.318,201.261,222919.9
2025-10-28 02:00:00+00:00,201.261,201.864,199.343,201.176,303605.0
2025-10-28 04:00:00+00:00,201.176,202.058,198.49,198.576,187411.8
2025-10-28 06:00:00+00:00,198.576,202.925,198.576,202.211,249736.8
2025-10-28 08:00:00+00:00,202.211,203.91,201.351,201.886,300079.9
2025-10-28 10:00:00+00:00,201.886,201.958,199.128,199.681,271935.9
2025-10-28 12:00:00+00:00,199.681,202.999,198.17,202.706,522386.6
2025-10-28 14:00:00+00:00,202.706,202.914,196.545,198.86,850289.5
2025-10-28 16:00:00+00:00,198.86,200.922,197.933,200.825,288410.7
2025-10-28 18:00:00+00:00,200.825,201.246,194.405,195.318,521563.0
2025-10-28 20:00:00+00:00,195.318,195.318,190.12,193.834,869732.7
2025-10-28 22:00:00+00:00,193.834,195.124,193.288,194.142,251402.5
2025-10-29 00:00:00+00:00,194.142,195.07,192.64,194.114,243325.7
2025-10-29 02:00:00+00:00,194.114,194.832,193.171,193.899,143139.9
2025-10-29 04:00:00+00:00,193.899,195.773,193.743,195.121,111948.0
2025-10-29 06:00:00+00:00,195.121,196.06,194.723,195.603,137458.9
2025-10-29 08:00:00+00:00,195.603,195.69,193.688,194.174,179616.4
2025-10-29 10:00:00+00:00,194.174,199.3,193.892,198.676,567599.1
2025-10-29 12:00:00+00:00,198.676,201.657,198.043,200.66,516515.9
2025-10-29 14:00:00+00:00,200.66,200.917,196.286,196.664,551739.3
2025-10-29 16:00:00+00:00,196.664,198.735,194.581,198.467,521529.3
2025-10-29 18:00:00+00:00,198.467,198.544,189.052,192.684,1633029.1
2025-10-29 20:00:00+00:00,192.684,197.04,191.823,196.033,315950.1
2025-10-29 22:00:00+00:00,196.033,196.374,192.895,193.8,220770.3
2025-10-30 00:00:00+00:00,193.8,195.98,192.04,195.48,179788.2
2025-10-30 02:00:00+00:00,195.48,198.169,195.205,197.06,203261.2
2025-10-30 04:00:00+00:00,197.06,197.151,190.179,195.109,775406.9
2025-10-30 06:00:00+00:00,195.109,196.153,193.3,195.726,233179.8
2025-10-30 08:00:00+00:00,195.726,196.102,192.271,192.347,267066.8
2025-10-30 10:00:00+00:00,192.347,192.638,191.002,191.814,325425.9
2025-10-30 12:00:00+00:00,191.814,192.035,184.8,185.69,1097586.6
2025-10-30 14:00:00+00:00,185.69,187.833,184.375,185.026,335283.7
2025-10-30 16:00:00+00:00,185.026,186.329,181.352,183.775,474618.6
2025-10-30 18:00:00+00:00,183.775,183.969,178.56,178.978,457616.5
2025-10-30 20:00:00+00:00,178.978,182.69,178.676,182.349,390809.9
2025-10-30 22:00:00+00:00,182.349,184.7,182.068,184.596,214639.8
2025-10-31 00:00:00+00:00,184.596,186.851,184.016,186.178,246201.9
2025-10-31 02:00:00+00:00,186.178,186.234,183.609,185.068,251974.7
2025-10-31 04:00:00+00:00,185.068,186.992,184.848,185.662,241716.9
2025-10-31 06:00:00+00:00,185.662,186.074,184.671,185.282,156770.9
2025-10-31 08:00:00+00:00,185.282,186.968,184.471,186.524,214262.7
2025-10-31 10:00:00+00:00,186.524,189.107,186.087,188.777,225184.1
2025-10-31 12:00:00+00:00,188.777,189.329,185.84,188.279,368751.9
2025-10-31 14:00:00+00:00,188.279,190.2,186.831,188.026,304292.5
2025-10-31 16:00:00+00:00,188.026,188.516,184.216,185.3,366574.4
2025-10-31 18:00:00+00:00,185.3,188.984,184.406,188.316,278429.5
2025-10-31 20:00:00+00:00,188.316,188.721,186.413,187.182,141547.6
2025-10-31 22:00:00+00:00,187.182,187.812,186.9,187.133,65402.4
2025-11-01 00:00:00+00:00,187.133,187.372,185.948,186.051,128299.1
2025-11-01 02:00:00+00:00,186.051,187.492,185.403,187.125,143677.0
2025-11-01 04:00:00+00:00,187.125,187.508,186.101,186.168,102330.9
2025-11-01 06:00:00+00:00,186.168,186.337,184.917,185.782,111425.6
2025-11-01 08:00:00+00:00,185.782,186.699,185.642,185.789,105195.8
2025-11-01 10:00:00+00:00,185.789,186.586,185.234,186.16,96308.6
2025-11-01 12:00:00+00:00,186.16,186.576,184.69,185.269,127593.1
2025-11-01 14:00:00+00:00,185.269,186.443,183.705,186.371,323022.8
2025-11-01 16:00:00+00:00,186.371,187.109,184.894,184.954,161787.5
2025-11-01 18:00:00+00:00,184.954,186.32,184.874,186.272,75763.3
2025-11-01 20:00:00+00:00,186.272,186.938,185.251,185.299,135294.9
2025-11-01 22:00:00+00:00,185.299,186.53,184.911,186.324,67119.4
2025-11-02 00:00:00+00:00,186.324,186.349,184.626,184.805,102594.3
2025-11-02 02:00:00+00:00,184.805,185.994,184.771,185.263,86211.4
2025-11-02 04:00:00+00:00,185.263,187.999,185.007,187.054,236029.5
2025-11-02 06:00:00+00:00,187.054,188.265,186.58,187.62,134846.8
2025-11-02 08:00:00+00:00,187.62,187.858,185.719,185.838,142893.7
2025-11-02 10:00:00+00:00,185.838,186.344,184.375,186.102,256634.9
2025-11-02 12:00:00+00:00,186.102,186.464,183.885,185.084,219522.5
2025-11-02 14:00:00+00:00,185.084,185.338,183.5,183.776,237530.1
2025-11-02 16:00:00+00:00,183.776,184.577,181.941,184.391,365018.9
2025-11-02 18:00:00+00:00,184.391,184.647,183.0,184.007,89362.2
2025-11-02 20:00:00+00:00,184.007,185.996,183.553,185.424,102239.8
2025-11-02 22:00:00+00:00,185.424,188.062,184.258,187.688,239176.0
2025-11-03 00:00:00+00:00,187.688,189.047,185.3,185.489,270376.7
2025-11-03 02:00:00+00:00,185.489,185.911,176.647,177.488,692604.9
2025-11-03 04:00:00+00:00,177.488,178.757,175.734,176.742,463790.9
2025-11-03 06:00:00+00:00,176.742,177.232,174.135,176.495,495183.8
2025-11-03 08:00:00+00:00,176.495,176.94,174.385,174.906,449982.4
2025-11-03 10:00:00+00:00,174.906,176.081,173.6,175.264,382578.3
2025-11-03 12:00:00+00:00,175.264,176.499,174.88,175.759,276646.6
2025-11-03 14:00:00+00:00,175.759,176.897,164.453,166.691,2148679.9
2025-11-03 16:00:00+00:00,166.691,170.91,165.49,169.846,673267.8
2025-11-03 18:00:00+00:00,169.846,170.029,166.451,166.656,322545.4
2025-11-03 20:00:00+00:00,166.656,167.145,163.105,165.88,557943.4
2025-11-03 22:00:00+00:00,165.88,166.232,164.063,165.964,332882.0
2025-11-04 00:00:00+00:00,165.964,168.295,164.051,167.721,333543.9
2025-11-04 02:00:00+00:00,167.721,168.328,166.139,167.578,200744.9
2025-11-04 04:00:00+00:00,167.578,168.036,157.033,157.6,1020893.3
2025-11-04 06:00:00+00:00,157.6,161.252,155.763,157.0,757038.4
2025-11-04 08:00:00+00:00,157.0,160.4,156.3,160.288,506219.5
2025-11-04 10:00:00+00:00,160.288,162.154,159.828,161.644,371771.8
2025-11-04 12:00:00+00:00,161.644,162.562,160.396,161.215,331759.8
2025-11-04 14:00:00+00:00,161.215,165.255,159.204,161.406,757536.9
2025-11-04 16:00:00+00:00,161.406,162.3,153.0,156.139,1067340.0
2025-11-04 18:00:00+00:00,156.139,157.391,152.173,154.582,633652.8
2025-11-04 20:00:00+00:00,154.582,155.019,145.731,151.131,1365005.4
2025-11-04 22:00:00+00:00,151.131,155.85,150.408,154.952,462084.1
2025-11-05 00:00:00+00:00,154.952,155.567,147.168,152.591,538261.3
2025-11-05 02:00:00+00:00,152.591,157.277,152.532,156.852,406131.7
2025-11-05 04:00:00+00:00,156.852,158.455,155.55,157.453,230842.9
2025-11-05 06:00:00+00:00,157.453,158.092,155.814,156.412,153587.9
2025-11-05 08:00:00+00:00,156.412,157.271,153.568,156.953,274958.3
2025-11-05 10:00:00+00:00,156.953,157.546,154.549,157.396,186059.7
2025-11-05 12:00:00+00:00,157.396,159.87,156.615,159.394,288616.0
2025-11-05 14:00:00+00:00,159.394,160.484,156.82,160.401,379917.3
2025-11-05 16:00:00+00:00,160.401,162.4,158.462,161.943,307236.4
2025-11-05 18:00:00+00:00,161.943,163.857,161.57,162.421,209771.7
2025-11-05 20:00:00+00:00,162.421,163.875,161.002,161.737,209729.2
2025-11-05 22:00:00+00:00,161.737,163.029,161.216,162.266,105592.5
2025-11-06 00:00:00+00:00,162.266,162.266,159.591,160.749,243771.2
2025-11-06 02:00:00+00:00,160.749,162.834,160.014,162.361,151388.6
2025-11-06 04:00:00+00:00,162.361,162.713,158.731,159.225,176098.1
2025-11-06 06:00:00+00:00,159.225,159.903,158.135,158.784,203371.2
2025-11-06 08:00:00+00:00,158.784,159.832,158.419,158.727,128918.8
2025-11-06 10:00:00+00:00,158.727,159.697,157.578,158.779,228186.9
2025-11-06 12:00:00+00:00,158.779,161.248,157.01,160.558,438557.5
2025-11-06 14:00:00+00:00,160.558,161.467,155.271,155.821,505216.8
2025-11-06 16:00:00+00:00,155.821,157.574,153.725,157.182,470224.1
2025-11-06 18:00:00+00:00,157.182,158.643,155.376,156.8,232902.7
2025-11-06 20:00:00+00:00,156.8,157.749,154.509,156.402,180901.5
2025-11-06 22:00:00+00:00,156.402,156.741,153.334,155.214,166561.3
2025-11-07 00:00:00+00:00,155.214,157.186,154.127,156.988,241729.3
2025-11-07 02:00:00+00:00,156.988,158.58,156.1,156.815,179596.0
2025-11-07 04:00:00+00:00,156.815,158.209,155.218,158.02,164271.9
2025-11-07 06:00:00+00:00,158.02,158.225,156.281,157.69,152121.3
2025-11-07 08:00:00+00:00,157.69,158.114,154.029,154.675,229400.5
2025-11-07 10:00:00+00:00,154.675,155.683,151.555,153.776,379990.5
2025-11-07 12:00:00+00:00,153.776,154.093,150.845,152.269,336183.5
2025-11-07 14:00:00+00:00,152.269,156.242,149.691,155.306,834534.8
2025-11-07 16:00:00+00:00,155.306,161.429,154.303,161.071,525692.6
2025-11-07 18:00:00+00:00,161.071,164.375,160.817,164.062,298193.7
2025-11-07 20:00:00+00:00,164.062,164.3,161.944,163.435,171092.6
2025-11-07 22:00:00+00:00,163.435,163.865,161.536,161.728,146067.8
2025-11-08 00:00:00+00:00,161.728,162.552,160.515,161.946,150002.6
2025-11-08 02:00:00+00:00,161.946,164.85,161.86,162.44,144254.8
2025-11-08 04:00:00+00:00,162.44,163.641,160.92,161.281,119066.4
2025-11-08 06:00:00+00:00,161.281,161.886,159.499,160.971,218917.8
2025-11-08 08:00:00+00:00,160.971,162.285,160.208,161.077,128791.8
2025-11-08 10:00:00+00:00,161.077,161.186,159.064,159.307,144175.2
2025-11-08 12:00:00+00:00,159.307,159.64,158.045,158.153,160037.6
2025-11-08 14:00:00+00:00,158.153,158.462,155.771,156.612,267483.4
2025-11-08 16:00:00+00:00,156.612,157.62,155.716,157.519,160465.0
2025-11-08 18:00:00+00:00,157.519,158.104,156.147,157.25,126240.5
2025-11-08 20:00:00+00:00,157.25,158.19,157.104,157.947,57424.4
2025-11-08 22:00:00+00:00,157.947,158.366,157.535,157.939,62428.6
2025-11-09 00:00:00+00:00,157.939,158.232,156.5,158.102,103110.8
2025-11-09 02:00:00+00:00,158.102,158.102,155.071,155.777,147549.2
2025-11-09 04:00:00+00:00,155.777,158.213,155.777,157.982,144268.6
2025-11-09 06:00:00+00:00,157.982,159.478,157.737,159.194,180435.7
2025-11-09 08:00:00+00:00,159.194,159.892,158.058,158.167,157953.0
2025-11-09 10:00:00+00:00,158.167,159.41,157.174,158.971,140773.2
2025-11-09 12:00:00+00:00,158.971,160.486,158.52,160.011,167970.9
2025-11-09 14:00:00+00:00,160.011,163.888,159.185,162.474,675911.3
2025-11-09 16:00:00+00:00,162.474,163.124,161.123,161.717,244359.0
2025-11-09 18:00:00+00:00,161.717,166.256,161.262,166.112,219590.1
2025-11-09 20:00:00+00:00,166.112,166.319,164.239,165.121,165326.9
2025-11-09 22:00:00+00:00,165.121,166.539,163.824,164.473,187473.6
2025-11-10 00:00:00+00:00,164.473,168.286,163.325,166.999,349082.7
2025-11-10 02:00:00+00:00,166.999,168.665,166.283,168.017,177805.1
2025-11-10 04:00:00+00:00,168.017,168.806,166.551,167.402,161988.7
2025-11-10 06:00:00+00:00,167.402,168.068,166.242,167.286,101332.0
2025-11-10 08:00:00+00:00,167.286,169.71,165.926,169.372,273060.6
2025-11-10 10:00:00+00:00,169.372,169.549,167.831,168.226,183043.9
2025-11-10 12:00:00+00:00,168.226,170.436,166.802,169.667,404214.5
2025-11-10 14:00:00+00:00,169.667,169.683,165.02,166.183,613584.7
2025-11-10 16:00:00+00:00,166.183,168.391,165.131,167.721,224509.8
2025-11-10 18:00:00+00:00,167.721,168.024,165.478,167.134,150158.7
2025-11-10 20:00:00+00:00,167.134,168.324,164.703,165.409,160211.5
2025-11-10 22:00:00+00:00,165.409,168.035,165.024,167.261,131955.2
2025-11-11 00:00:00+00:00,167.261,170.97,165.906,167.282,338133.2
2025-11-11 02:00:00+00:00,167.282,171.864,166.162,169.858,390211.9
2025-11-11 04:00:00+00:00,169.858,170.02,164.925,165.061,307918.1
2025-11-11 06:00:00+00:00,165.061,165.206,163.5,163.899,306858.5
2025-11-11 08:00:00+00:00,163.899,164.905,163.02,163.984,197561.4
2025-11-11 10:00:00+00:00,163.984,164.53,162.74,163.619,301718.8
2025-11-11 12:00:00+00:00,163.619,164.345,162.385,162.795,230482.9
2025-11-11 14:00:00+00:00,162.795,163.244,160.043,160.881,455595.9
2025-11-11 16:00:00+00:00,160.881,161.237,158.162,159.493,320693.4
2025-11-11 18:00:00+00:00,159.493,159.804,157.397,157.567,169130.1
2025-11-11 20:00:00+00:00,157.567,157.87,155.641,156.07,259066.5
2025-11-11 22:00:00+00:00,156.07,157.237,153.85,154.543,318520.3
2025-11-12 00:00:00+00:00,154.543,155.45,153.518,155.36,221385.8
2025-11-12 02:00:00+00:00,155.36,155.524,153.684,154.524,229032.8
2025-11-12 04:00:00+00:00,154.524,156.022,154.151,155.437,126022.3
2025-11-12 06:00:00+00:00,155.437,156.544,154.771,154.983,201741.7
2025-11-12 08:00:00+00:00,154.983,158.891,154.958,158.042,353352.4
2025-11-12 10:00:00+00:00,158.042,161.069,157.971,159.985,363192.0
2025-11-12 12:00:00+00:00,159.985,160.975,158.818,160.501,295553.2
2025-11-12 14:00:00+00:00,160.501,160.982,155.156,155.657,740678.7
2025-11-12 16:00:00+00:00,155.657,156.183,152.1,153.256,671930.7
2025-11-12 18:00:00+00:00,153.256,154.164,151.054,152.951,409520.3
2025-11-12 20:00:00+00:00,152.951,154.625,152.445,154.08,177525.3
2025-11-12 22:00:00+00:00,154.08,154.097,152.645,153.385,174875.7
2025-11-13 00:00:00+00:00,153.385,154.432,152.22,152.751,319783.8
2025-11-13 02:00:00+00:00,152.751,155.799,150.361,154.304,444119.9
2025-11-13 04:00:00+00:00,154.304,156.848,153.376,156.146,341412.4
2025-11-13 06:00:00+00:00,156.146,157.243,154.869,155.332,413579.6
2025-11-13 08:00:00+00:00,155.332,156.53,153.8,154.963,378061.3
2025-11-13 10:00:00+00:00,154.963,156.443,154.803,156.209,171050.4
2025-11-13 12:00:00+00:00,156.209,156.883,153.539,153.733,371679.0
2025-11-13 14:00:00+00:00,153.733,156.66,152.128,153.041,720631.6
2025-11-13 16:00:00+00:00,153.041,153.328,146.755,147.034,643592.1
2025-11-13 18:00:00+00:00,147.034,147.737,141.929,142.681,742886.4
2025-11-13 20:00:00+00:00,142.681,143.651,140.938,142.053,415021.1
2025-11-13 22:00:00+00:00,142.053,146.186,141.663,144.678,476874.6
2025-11-14 00:00:00+00:00,144.678,145.227,142.7,143.612,306923.7
2025-11-14 02:00:00+00:00,143.612,145.625,143.57,144.224,189873.9
2025-11-14 04:00:00+00:00,144.224,144.33,138.636,143.077,792965.5
2025-11-14 06:00:00+00:00,143.077,144.432,139.878,142.805,608277.0
2025-11-14 08:00:00+00:00,142.805,143.168,140.439,140.843,434493.0
2025-11-14 10:00:00+00:00,140.843,142.858,139.744,140.709,444343.5
2025-11-14 12:00:00+00:00,140.709,140.709,135.66,138.908,865382.5
2025-11-14 14:00:00+00:00,138.908,143.734,137.5,142.171,751939.3
2025-11-14 16:00:00+00:00,142.171,144.188,140.507,141.388,393624.1
2025-11-14 18:00:00+00:00,141.388,143.536,140.647,143.077,280715.2
2025-11-14 20:00:00+00:00,143.077,143.199,139.011,140.617,257547.3
2025-11-14 22:00:00+00:00,140.617,141.778,137.123,138.882,334430.2
2025-11-15 00:00:00+00:00,138.882,142.326,138.698,142.001,211656.5
2025-11-15 02:00:00+00:00,142.001,143.294,141.577,142.477,157429.0
2025-11-15 04:00:00+00:00,142.477,143.144,141.738,142.792,102197.4
2025-11-15 06:00:00+00:00,142.792,143.523,142.251,142.681,130239.4
2025-11-15 08:00:00+00:00,142.681,142.796,140.413,140.88,206105.5
2025-11-15 10:00:00+00:00,140.88,141.372,139.894,140.155,169757.9
2025-11-15 12:00:00+00:00,140.155,141.917,139.901,141.61,185425.8
2025-11-15 14:00:00+00:00,141.61,142.223,140.688,141.672,131880.3
2025-11-15 16:00:00+00:00,141.672,144.651,140.735,143.402,272369.1
2025-11-15 18:00:00+00:00,143.402,143.415,141.633,141.708,98627.5
2025-11-15 20:00:00+00:00,141.708,141.908,138.51,138.907,211952.4
2025-11-15 22:00:00+00:00,138.907,140.15,138.55,139.545,159020.5
2025-11-16 00:00:00+00:00,139.545,139.748,137.327,138.758,231442.0
2025-11-16 02:00:00+00:00,138.758,141.511,138.401,141.42,183613.8
2025-11-16 04:00:00+00:00,141.42,142.182,140.647,141.399,134108.9
2025-11-16 06:00:00+00:00,141.399,142.443,141.155,142.259,146962.8
2025-11-16 08:00:00+00:00,142.259,143.3,141.267,143.226,267420.7
2025-11-16 10:00:00+00:00,143.226,143.299,139.475,139.894,353602.0
2025-11-16 12:00:00+00:00,139.894,140.583,138.743,139.404,287634.2
2025-11-16 14:00:00+00:00,139.404,140.841,137.052,137.421,345688.6
2025-11-16 16:00:00+00:00,137.421,138.216,134.322,135.769,646231.9
2025-11-16 18:00:00+00:00,135.769,138.468,135.156,136.804,466055.8
2025-11-16 20:00:00+00:00,136.804,138.13,135.402,136.434,215244.8
2025-11-16 22:00:00+00:00,136.434,138.099,134.852,137.148,380478.9
2025-11-17 00:00:00+00:00,137.148,139.518,136.035,138.249,231276.4
2025-11-17 02:00:00+00:00,138.249,140.596,137.923,140.232,184479.7
2025-11-17 04:00:00+00:00,140.232,140.756,139.611,140.49,145471.7
2025-11-17 06:00:00+00:00,140.49,141.741,140.014,141.189,219341.8
2025-11-17 08:00:00+00:00,141.189,142.541,140.829,141.892,258468.7
2025-11-17 10:00:00+00:00,141.892,142.724,141.617,141.785,120795.4
2025-11-17 12:00:00+00:00,141.785,142.566,137.064,137.985,480897.1
2025-11-17 14:00:00+00:00,137.985,143.27,136.714,137.104,880880.9
2025-11-17 16:00:00+00:00,137.104,137.168,131.683,132.02,935698.9
2025-11-17 18:00:00+00:00,132.02,133.14,129.303,129.62,638333.6
2025-11-17 20:00:00+00:00,129.62,130.947,128.745,130.657,419260.8
2025-11-17 22:00:00+00:00,130.657,131.888,130.193,130.93,279469.6
2025-11-18 00:00:00+00:00,130.93,132.36,128.93,131.898,363608.1
2025-11-18 02:00:00+00:00,131.898,135.173,130.379,134.445,661817.9
2025-11-18 04:00:00+00:00,134.445,136.624,132.43,135.835,495812.1
2025-11-18 06:00:00+00:00,135.835,137.736,134.912,136.872,637254.8
2025-11-18 08:00:00+00:00,136.872,138.192,136.37,137.779,310192.3
2025-11-18 10:00:00+00:00,137.779,139.08,137.202,137.792,305384.0
2025-11-18 12:00:00+00:00,137.792,138.563,136.766,138.231,289860.3
2025-11-18 14:00:00+00:00,138.231,142.072,137.12,139.632,750932.8
2025-11-18 16:00:00+00:00,139.632,141.883,138.688,139.948,471717.8
2025-11-18 18:00:00+00:00,139.948,142.073,139.904,141.396,183852.4
2025-11-18 20:00:00+00:00,141.396,142.033,139.552,139.634,192417.3
2025-11-18 22:00:00+00:00,139.634,141.767,139.607,140.582,190108.7
2025-11-19 00:00:00+00:00,140.582,141.73,139.176,140.306,289232.0
2025-11-19 02:00:00+00:00,140.306,142.772,139.349,139.727,317517.9
2025-11-19 04:00:00+00:00,139.727,140.209,137.052,137.963,385114.2
2025-11-19 06:00:00+00:00,137.963,141.095,137.552,140.521,379955.0
2025-11-19 08:00:00+00:00,140.521,140.99,138.95,139.703,245323.3
2025-11-19 10:00:00+00:00,139.703,140.299,138.314,138.532,166165.0
2025-11-19 12:00:00+00:00,138.532,139.188,136.639,136.697,250063.5
2025-11-19 14:00:00+00:00,136.697,139.029,134.31,134.527,799761.1
2025-11-19 16:00:00+00:00,134.527,135.387,131.24,132.145,608355.8
2025-11-19 18:00:00+00:00,132.145,132.457,130.42,131.683,258515.7
2025-11-19 20:00:00+00:00,131.683,135.923,131.286,135.36,646923.5
2025-11-19 22:00:00+00:00,135.36,136.998,134.125,136.988,266612.9
2025-11-20 00:00:00+00:00,136.988,139.759,136.256,139.599,380041.6
2025-11-20 02:00:00+00:00,139.599,144.378,139.301,143.09,834585.6
2025-11-20 04:00:00+00:00,143.09,144.713,142.314,144.019,313874.4
2025-11-20 06:00:00+00:00,144.019,144.25,142.089,143.714,253976.6
2025-11-20 08:00:00+00:00,143.714,143.865,141.3,141.981,385468.5
2025-11-20 10:00:00+00:00,141.981,142.468,141.0,142.085,186362.8
2025-11-20 12:00:00+00:00,142.085,143.386,140.457,140.672,458710.8
2025-11-20 14:00:00+00:00,140.672,141.496,138.224,138.484,606276.2
2025-11-20 16:00:00+00:00,138.484,138.687,131.048,132.747,1576299.6
2025-11-20 18:00:00+00:00,132.747,134.553,131.578,133.87,677332.9
2025-11-20 20:00:00+00:00,133.87,135.228,132.589,134.08,499499.8
2025-11-20 22:00:00+00:00,134.08,136.629,133.233,133.555,353528.3
2025-11-21 00:00:00+00:00,133.555,135.032,133.539,134.171,200149.4
2025-11-21 02:00:00+00:00,134.171,134.598,130.971,132.555,508251.8
2025-11-21 04:00:00+00:00,132.555,133.056,130.388,132.016,381938.5
2025-11-21 06:00:00+00:00,132.016,132.322,121.551,127.448,2420212.4
2025-11-21 08:00:00+00:00,127.448,129.349,125.351,125.435,549061.0
2025-11-21 10:00:00+00:00,125.435,126.527,123.681,124.265,701707.9
2025-11-21 12:00:00+00:00,124.265,128.219,121.551,127.11,1060005.9
2025-11-21 14:00:00+00:00,127.11,129.5,124.699,125.33,763131.0
2025-11-21 16:00:00+00:00,125.33,130.563,123.5,129.145,582719.6
2025-11-21 18:00:00+00:00,129.145,130.347,126.457,128.075,348012.0
2025-11-21 20:00:00+00:00,128.075,129.231,125.877,128.771,324749.1
2025-11-21 22:00:00+00:00,128.771,129.281,125.001,128.573,318032.3
2025-11-22 00:00:00+00:00,128.573,129.864,127.897,129.405,175817.5
2025-11-22 02:00:00+00:00,129.405,129.553,126.768,127.07,156505.7
2025-11-22 04:00:00+00:00,127.07,127.35,125.292,126.147,253423.8
2025-11-22 06:00:00+00:00,126.147,128.333,125.265,127.65,185564.3
2025-11-22 08:00:00+00:00,127.65,127.652,125.433,126.394,246771.5
2025-11-22 10:00:00+00:00,126.394,127.424,125.246,126.617,222007.5
2025-11-22 12:00:00+00:00,126.617,126.654,125.032,125.536,196999.1
2025-11-22 14:00:00+00:00,125.536,127.723,125.457,127.074,271295.7
2025-11-22 16:00:00+00:00,127.074,128.562,126.787,127.518,243026.1
2025-11-22 18:00:00+00:00,127.518,128.037,126.719,127.14,99657.1
2025-11-22 20:00:00+00:00,127.14,127.578,126.044,126.59,136105.3
2025-11-22 22:00:00+00:00,126.59,128.856,126.142,127.512,186468.7
2025-11-23 00:00:00+00:00,127.512,129.805,127.487,129.357,181905.4
2025-11-23 02:00:00+00:00,129.357,130.722,129.023,129.9,191873.5
2025-11-23 04:00:00+00:00,129.9,131.85,129.877,130.472,205782.8
2025-11-23 06:00:00+00:00,130.472,130.839,128.016,128.774,261264.9
2025-11-23 08:00:00+00:00,128.774,130.882,128.755,130.026,439694.9
2025-11-23 10:00:00+00:00,130.026,130.148,128.927,129.701,135140.2
2025-11-23 12:00:00+00:00,129.701,131.67,129.584,131.514,299692.3
2025-11-23 14:00:00+00:00,131.514,133.063,130.346,132.799,376400.9
2025-11-23 16:00:00+00:00,132.799,133.38,130.736,131.314,354844.8
2025-11-23 18:00:00+00:00,131.314,133.067,131.29,132.296,247924.0
2025-11-23 20:00:00+00:00,132.296,133.506,131.43,133.073,144717.6
2025-11-23 22:00:00+00:00,133.073,133.27,130.412,130.509,302343.0
2025-11-24 00:00:00+00:00,130.509,132.0,129.232,131.417,339253.5
2025-11-24 02:00:00+00:00,131.417,134.376,131.32,133.366,332708.5
2025-11-24 04:00:00+00:00,133.366,133.864,130.561,132.887,288219.0
2025-11-24 06:00:00+00:00,132.887,132.958,130.145,130.309,287955.3
2025-11-24 08:00:00+00:00,130.309,130.758,128.371,128.854,415758.9
2025-11-24 10:00:00+00:00,128.854,129.896,128.73,129.58,239800.2
2025-11-24 12:00:00+00:00,129.58,130.565,128.951,129.678,220384.2
2025-11-24 14:00:00+00:00,129.678,132.542,128.44,131.895,675230.7
2025-11-24 16:00:00+00:00,131.895,137.148,131.769,136.82,796772.6
2025-11-24 18:00:00+00:00,136.82,137.951,136.376,137.162,408207.0
2025-11-24 20:00:00+00:00,137.162,139.25,137.161,138.875,413147.2
2025-11-24 22:00:00+00:00,138.875,139.752,138.115,138.367,220240.2
2025-11-25 00:00:00+00:00,138.367,138.896,137.561,137.762,231408.0
2025-11-25 02:00:00+00:00,137.762,138.604,137.144,137.723,178112.2
2025-11-25 04:00:00+00:00,137.723,138.897,137.639,138.527,130266.6
2025-11-25 06:00:00+00:00,138.527,138.566,136.232,136.273,291772.2
2025-11-25 08:00:00+00:00,136.273,136.649,134.687,136.228,425000.1
2025-11-25 10:00:00+00:00,136.228,136.795,135.799,136.211,196376.7
2025-11-25 12:00:00+00:00,136.211,136.935,135.095,135.386,307305.3
2025-11-25 14:00:00+00:00,135.386,136.147,133.042,134.822,634380.1
2025-11-25 16:00:00+00:00,134.822,138.0,134.482,136.892,428746.7
2025-11-25 18:00:00+00:00,136.892,137.668,134.139,136.645,377042.4
2025-11-25 20:00:00+00:00,136.645,138.074,136.189,137.085,228093.3
2025-11-25 22:00:00+00:00,137.085,140.44,135.897,138.904,348786.5
2025-11-26 00:00:00+00:00,138.904,140.644,138.488,139.954,250164.5
2025-11-26 02:00:00+00:00,139.954,140.204,137.848,138.108,196860.2
2025-11-26 04:00:00+00:00,138.108,139.223,137.68,138.959,168042.7
2025-11-26 06:00:00+00:00,138.959,139.872,138.359,139.816,184266.8
2025-11-26 08:00:00+00:00,139.816,139.853,136.119,136.689,565989.6
2025-11-26 10:00:00+00:00,136.689,137.412,136.537,136.814,155558.0
2025-11-26 12:00:00+00:00,136.814,137.071,135.459,136.718,295773.6
2025-11-26 14:00:00+00:00,136.718,138.27,135.654,136.634,506043.2
2025-11-26 16:00:00+00:00,136.634,140.979,136.381,140.684,423667.1
2025-11-26 18:00:00+00:00,140.684,144.65,140.607,143.908,705096.0
2025-11-26 20:00:00+00:00,143.908,144.118,142.415,143.41,261406.3
2025-11-26 22:00:00+00:00,143.41,143.963,142.383,142.94,182788.4
2025-11-27 00:00:00+00:00,142.94,143.68,141.965,143.248,355104.2
2025-11-27 02:00:00+00:00,143.248,144.046,142.262,142.457,238433.8
2025-11-27 04:00:00+00:00,142.457,143.416,142.259,142.69,137416.9
2025-11-27 06:00:00+00:00,142.69,144.18,142.689,143.674,163986.3
2025-11-27 08:00:00+00:00,143.674,143.818,141.581,141.664,262675.8
2025-11-27 10:00:00+00:00,141.664,142.279,141.407,142.001,146691.7
2025-11-27 12:00:00+00:00,142.001,142.125,140.625,141.201,215842.8
2025-11-27 14:00:00+00:00,141.201,142.564,140.783,142.103,192432.0
2025-11-27 16:00:00+00:00,142.103,142.449,141.378,141.569,215900.7
2025-11-27 18:00:00+00:00,141.569,143.109,141.455,142.637,183112.7
2025-11-27 20:00:00+00:00,142.637,142.815,141.696,141.874,121474.5
2025-11-27 22:00:00+00:00,141.874,141.968,140.362,140.773,176179.6
2025-11-28 00:00:00+00:00,140.773,141.401,138.719,138.939,325869.9
2025-11-28 02:00:00+00:00,138.939,139.67,138.502,139.6,172980.6
2025-11-28 04:00:00+00:00,139.6,140.467,139.469,140.272,167833.9
2025-11-28 06:00:00+00:00,140.272,140.272,138.834,138.866,198238.4
2025-11-28 08:00:00+00:00,138.866,142.55,138.845,141.586,412522.0
2025-11-28 10:00:00+00:00,141.586,142.279,139.835,140.897,250108.6
2025-11-28 12:00:00+00:00,140.897,143.369,140.351,142.429,292801.5
2025-11-28 14:00:00+00:00,142.429,143.554,141.27,141.565,504404.6
2025-11-28 16:00:00+00:00,141.565,141.621,136.705,137.148,639435.8
2025-11-28 18:00:00+00:00,137.148,137.973,135.919,137.51,272605.3
2025-11-28 20:00:00+00:00,137.51,138.057,136.907,137.369,136233.0
2025-11-28 22:00:00+00:00,137.369,138.285,136.6,137.323,199071.0
2025-11-29 00:00:00+00:00,137.323,137.875,137.121,137.413,66011.0
2025-11-29 02:00:00+00:00,137.413,137.713,136.755,136.828,98496.9
2025-11-29 04:00:00+00:00,136.828,137.739,136.828,137.199,67816.7
2025-11-29 06:00:00+00:00,137.199,137.59,136.28,137.257,171580.1
2025-11-29 08:00:00+00:00,137.257,137.449,136.578,136.639,120851.6
2025-11-29 10:00:00+00:00,136.639,137.333,136.369,137.287,178572.5
2025-11-29 12:00:00+00:00,137.287,137.435,136.621,136.847,83777.9
2025-11-29 14:00:00+00:00,136.847,137.631,136.423,137.536,186022.0
2025-11-29 16:00:00+00:00,137.536,137.999,136.046,136.139,206543.0
2025-11-29 18:00:00+00:00,136.139,136.299,134.764,135.636,289951.2
2025-11-29 20:00:00+00:00,135.636,136.459,135.267,136.412,105391.9
2025-11-29 22:00:00+00:00,136.412,136.412,135.367,135.858,84739.3
2025-11-30 00:00:00+00:00,135.858,136.562,135.678,136.249,79904.0
2025-11-30 02:00:00+00:00,136.249,136.768,135.2,136.333,126797.2
2025-11-30 04:00:00+00:00,136.333,136.949,135.506,135.721,92724.2
2025-11-30 06:00:00+00:00,135.721,136.63,135.481,136.444,86970.5
2025-11-30 08:00:00+00:00,136.444,137.019,136.036,136.731,133885.6
2025-11-30 10:00:00+00:00,136.731,136.893,136.155,136.375,91202.4
2025-11-30 12:00:00+00:00,136.375,140.145,136.1,139.202,434938.4
2025-11-30 14:00:00+00:00,139.202,139.441,137.402,138.295,232714.4
2025-11-30 16:00:00+00:00,138.295,139.783,138.246,138.385,229592.7
2025-11-30 18:00:00+00:00,138.385,138.645,137.326,137.6,149154.2
2025-11-30 20:00:00+00:00,137.6,137.909,136.563,137.007,135213.0
2025-11-30 22:00:00+00:00,137.007,137.847,133.216,133.398,439821.8
2025-12-01 00:00:00+00:00,133.398,133.693,127.359,127.893,1216016.2
2025-12-01 02:00:00+00:00,127.893,128.596,126.449,126.911,395035.7
2025-12-01 04:00:00+00:00,126.911,127.0,125.74,126.062,289678.8
2025-12-01 06:00:00+00:00,126.062,127.4,125.95,127.352,204642.9
2025-12-01 08:00:00+00:00,127.352,127.975,126.827,126.978,235574.5
2025-12-01 10:00:00+00:00,126.978,127.506,126.828,127.073,121605.0
2025-12-01 12:00:00+00:00,127.073,127.717,125.386,126.434,641493.2
2025-12-01 14:00:00+00:00,126.434,127.065,123.067,125.068,818266.4
2025-12-01 16:00:00+00:00,125.068,125.314,123.362,124.457,404204.6
2025-12-01 18:00:00+00:00,124.457,125.347,123.233,123.849,213004.5
2025-12-01 20:00:00+00:00,123.849,126.172,123.797,126.024,365374.9
2025-12-01 22:00:00+00:00,126.024,127.326,125.751,126.547,231290.1
2025-12-02 00:00:00+00:00,126.547,128.476,126.358,126.922,227500.5
2025-12-02 02:00:00+00:00,126.922,128.04,125.939,127.191,177764.3
2025-12-02 04:00:00+00:00,127.191,127.789,126.401,126.659,130356.4
2025-12-02 06:00:00+00:00,126.659,127.8,126.369,127.211,124331.6
2025-12-02 08:00:00+00:00,127.211,127.27,125.925,126.688,223970.7
2025-12-02 10:00:00+00:00,126.688,128.787,126.647,128.254,234671.9
2025-12-02 12:00:00+00:00,128.254,130.949,128.116,130.508,389266.0
2025-12-02 14:00:00+00:00,130.508,141.168,130.309,137.782,1478283.9
2025-12-02 16:00:00+00:00,137.782,140.826,137.32,139.409,566816.5
2025-12-02 18:00:00+00:00,139.409,140.604,139.31,140.185,248789.6
2025-12-02 20:00:00+00:00,140.185,140.327,138.14,139.052,367827.8
2025-12-02 22:00:00+00:00,139.052,139.93,138.356,138.6,205760.6
2025-12-03 00:00:00+00:00,138.6,139.184,137.667,138.817,225074.5
2025-12-03 02:00:00+00:00,138.817,140.594,138.731,140.283,271741.2
2025-12-03 04:00:00+00:00,140.283,143.236,140.128,143.018,344513.5
2025-12-03 06:00:00+00:00,143.018,144.253,141.762,141.825,318467.0
2025-12-03 08:00:00+00:00,141.825,142.617,141.392,142.027,217966.5
2025-12-03 10:00:00+00:00,142.027,142.218,140.684,141.66,221247.7
2025-12-03 12:00:00+00:00,141.66,142.41,141.013,141.817,178013.8
2025-12-03 14:00:00+00:00,141.817,143.5,138.69,140.926,933115.3
2025-12-03 16:00:00+00:00,140.926,142.054,139.826,141.772,212803.8
2025-12-03 18:00:00+00:00,141.772,142.333,140.605,141.23,158518.7
2025-12-03 20:00:00+00:00,141.23,146.045,140.675,145.459,289230.0
2025-12-03 22:00:00+00:00,145.459,145.871,143.034,144.59,465298.4
2025-12-04 00:00:00+00:00,144.59,146.853,143.58,144.111,302127.6
2025-12-04 02:00:00+00:00,144.111,146.067,143.908,144.612,195877.6
2025-12-04 04:00:00+00:00,144.612,144.862,142.86,143.183,176918.3
2025-12-04 06:00:00+00:00,143.183,144.225,142.526,143.375,203680.0
2025-12-04 08:00:00+00:00,143.375,144.125,142.647,143.819,176610.3
2025-12-04 10:00:00+00:00,143.819,144.115,142.621,142.986,104078.5
2025-12-04 12:00:00+00:00,142.986,143.46,141.739,142.177,264908.3
2025-12-04 14:00:00+00:00,142.177,144.2,141.365,143.156,421611.7
2025-12-04 16:00:00+00:00,143.156,143.779,141.036,142.089,345937.7
2025-12-04 18:00:00+00:00,142.089,142.173,137.717,139.62,401147.9
2025-12-04 20:00:00+00:00,139.62,140.45,138.46,138.668,159790.0
2025-12-04 22:00:00+00:00,138.668,139.731,138.666,138.966,104359.8
2025-12-05 00:00:00+00:00,138.966,140.181,138.85,139.778,139938.2
2025-12-05 02:00:00+00:00,139.778,140.141,138.276,138.535,178168.7
2025-12-05 04:00:00+00:00,138.535,139.129,137.713,138.026,217516.3
2025-12-05 06:00:00+00:00,138.026,140.7,138.006,139.621,320024.5
2025-12-05 08:00:00+00:00,139.621,139.621,136.245,136.309,481928.6
2025-12-05 10:00:00+00:00,136.309,138.018,136.081,136.961,282836.7
2025-12-05 12:00:00+00:00,136.961,137.091,135.72,135.9,336552.0
2025-12-05 14:00:00+00:00,135.9,137.151,134.364,134.978,647449.0
2025-12-05 16:00:00+00:00,134.978,135.141,131.055,132.111,711981.7
2025-12-05 18:00:00+00:00,132.111,132.985,130.685,132.449,549214.7
2025-12-05 20:00:00+00:00,132.449,133.102,131.914,132.356,196324.8
2025-12-05 22:00:00+00:00,132.356,133.339,132.095,133.243,98765.4
2025-12-06 00:00:00+00:00,133.243,133.789,132.751,133.446,115299.4
2025-12-06 02:00:00+00:00,133.446,134.071,132.821,133.687,120156.5
2025-12-06 04:00:00+00:00,133.687,133.699,132.9,133.041,120051.7
2025-12-06 06:00:00+00:00,133.041,133.192,132.495,132.671,86440.3
2025-12-06 08:00:00+00:00,132.671,132.807,131.786,132.443,181017.1
2025-12-06 10:00:00+00:00,132.443,133.217,132.334,133.143,89747.9
2025-12-06 12:00:00+00:00,133.143,133.192,132.518,132.884,80843.3
2025-12-06 14:00:00+00:00,132.884,133.951,132.161,132.814,307936.0
2025-12-06 16:00:00+00:00,132.814,133.482,132.626,132.916,161106.3
2025-12-06 18:00:00+00:00,132.916,133.156,131.706,132.011,176042.3
2025-12-06 20:00:00+00:00,132.011,132.88,132.0,132.342,92108.4
2025-12-06 22:00:00+00:00,132.342,132.57,131.231,132.158,141763.1
2025-12-07 00:00:00+00:00,132.158,132.776,131.874,132.283,79570.9
2025-12-07 02:00:00+00:00,132.283,133.515,132.251,133.439,110742.5
2025-12-07 04:00:00+00:00,133.439,133.467,132.637,132.773,109251.1
2025-12-07 06:00:00+00:00,132.773,133.198,131.851,132.096,102220.7
2025-12-07 08:00:00+00:00,132.096,132.564,131.487,131.869,125152.9
2025-12-07 10:00:00+00:00,131.869,132.5,131.664,132.388,96681.0
2025-12-07 12:00:00+00:00,132.388,133.04,131.445,131.674,181868.6
2025-12-07 14:00:00+00:00,131.674,132.128,127.587,131.952,1225015.2
2025-12-07 16:00:00+00:00,131.952,135.483,130.404,134.72,551048.4
2025-12-07 18:00:00+00:00,134.72,136.234,134.72,135.68,258613.7
2025-12-07 20:00:00+00:00,135.68,136.32,132.386,133.015,317883.1
2025-12-07 22:00:00+00:00,133.015,133.015,129.675,132.185,493335.3
2025-12-08 00:00:00+00:00,132.185,134.417,131.423,133.302,268023.5
2025-12-08 02:00:00+00:00,133.302,134.64,133.058,134.244,118105.5
2025-12-08 04:00:00+00:00,134.244,135.363,134.0,135.11,116611.0
2025-12-08 06:00:00+00:00,135.11,135.935,134.632,135.801,206167.4
2025-12-08 08:00:00+00:00,135.801,138.841,135.6,138.081,341692.3
2025-12-08 10:00:00+00:00,138.081,139.308,138.001,138.309,327276.9
2025-12-08 12:00:00+00:00,138.309,139.245,137.181,138.078,438396.7
2025-12-08 14:00:00+00:00,138.078,138.955,135.195,135.471,841665.4
2025-12-08 16:00:00+00:00,135.471,136.499,134.674,135.78,391186.0
2025-12-08 18:00:00+00:00,135.78,136.209,132.938,133.61,392788.7
2025-12-08 20:00:00+00:00,133.61,134.885,133.159,134.432,240472.6
2025-12-08 22:00:00+00:00,134.432,134.499,132.36,133.198,204009.5
2025-12-09 00:00:00+00:00,133.198,133.541,132.505,133.055,116546.9
2025-12-09 02:00:00+00:00,133.055,134.36,132.384,134.086,234843.4
2025-12-09 04:00:00+00:00,134.086,134.195,131.762,132.069,274538.3
2025-12-09 06:00:00+00:00,132.069,133.235,131.922,133.13,136398.5
2025-12-09 08:00:00+00:00,133.13,133.368,132.24,132.285,166341.0
2025-12-09 10:00:00+00:00,132.285,132.959,131.921,132.877,123129.7
2025-12-09 12:00:00+00:00,132.877,133.53,131.962,132.381,264949.8
2025-12-09 14:00:00+00:00,132.381,138.443,131.548,138.314,783918.2
2025-12-09 16:00:00+00:00,138.314,144.859,138.313,143.053,1416881.9
2025-12-09 18:00:00+00:00,143.053,143.199,141.549,142.001,358679.9
2025-12-09 20:00:00+00:00,142.001,142.274,136.578,137.655,700026.4
2025-12-09 22:00:00+00:00,137.655,139.338,137.305,137.839,386494.4
2025-12-10 00:00:00+00:00,137.839,138.4,137.122,137.79,203577.0
2025-12-10 02:00:00+00:00,137.79,138.588,137.135,138.099,101051.8
2025-12-10 04:00:00+00:00,138.099,140.205,137.992,139.114,286443.1
2025-12-10 06:00:00+00:00,139.114,139.398,138.313,139.151,125341.0
2025-12-10 08:00:00+00:00,139.151,139.403,138.082,138.942,177605.2
2025-12-10 10:00:00+00:00,138.942,139.796,136.254,137.16,431055.2
2025-12-10 12:00:00+00:00,137.16,138.107,136.735,137.645,169009.0
2025-12-10 14:00:00+00:00,137.645,137.694,135.551,136.108,396478.4
2025-12-10 16:00:00+00:00,136.108,137.411,135.659,136.782,311404.7
2025-12-10 18:00:00+00:00,136.782,139.57,136.176,138.607,1533103.9
2025-12-10 20:00:00+00:00,138.607,142.579,136.728,137.061,1043348.4
2025-12-10 22:00:00+00:00,137.061,137.747,135.314,136.171,399782.1
2025-12-11 00:00:00+00:00,136.171,136.359,132.57,132.803,486382.4
2025-12-11 02:00:00+00:00,132.803,132.852,128.909,129.349,666018.4
2025-12-11 04:00:00+00:00,129.349,131.476,129.001,131.143,348059.8
2025-12-11 06:00:00+00:00,131.143,131.396,130.322,130.981,196856.3
2025-12-11 08:00:00+00:00,130.981,131.38,130.077,130.867,194286.8
2025-12-11 10:00:00+00:00,130.867,131.166,130.456,130.862,87462.9
2025-12-11 12:00:00+00:00,130.862,131.821,130.672,131.258,176086.8
2025-12-11 14:00:00+00:00,131.258,132.759,129.784,131.132,687601.0
2025-12-11 16:00:00+00:00,131.132,132.5,130.046,132.285,394702.8
2025-12-11 18:00:00+00:00,132.285,135.5,131.942,133.814,631103.5
2025-12-11 20:00:00+00:00,133.814,137.708,133.722,136.94,600843.4
2025-12-11 22:00:00+00:00,136.94,137.413,135.602,136.352,278649.5
2025-12-12 00:00:00+00:00,136.352,137.426,135.285,136.668,242893.2
2025-12-12 02:00:00+00:00,136.668,137.918,136.457,137.016,151771.1
2025-12-12 04:00:00+00:00,137.016,138.881,136.475,138.847,191499.7
2025-12-12 06:00:00+00:00,138.847,140.098,138.663,139.036,292779.6
2025-12-12 08:00:00+00:00,139.036,139.098,137.134,138.21,254253.2
2025-12-12 10:00:00+00:00,138.21,138.737,137.791,138.688,142240.5
2025-12-12 12:00:00+00:00,138.688,139.797,138.281,138.91,215449.3
2025-12-12 14:00:00+00:00,138.91,139.531,132.801,133.401,880951.5
2025-12-12 16:00:00+00:00,133.401,133.897,131.276,132.089,778562.3
2025-12-12 18:00:00+00:00,132.089,133.214,130.272,131.225,364613.2
2025-12-12 20:00:00+00:00,131.225,132.034,130.964,131.813,225099.2
2025-12-12 22:00:00+00:00,131.813,133.009,131.766,132.238,124996.5
2025-12-13 00:00:00+00:00,132.238,132.95,132.238,132.639,76154.0
2025-12-13 02:00:00+00:00,132.639,132.979,132.511,132.839,55707.0
2025-12-13 04:00:00+00:00,132.839,132.937,132.287,132.629,56078.1
2025-12-13 06:00:00+00:00,132.629,132.965,132.337,132.874,58395.4
2025-12-13 08:00:00+00:00,132.874,134.212,132.873,133.506,170832.2
2025-12-13 10:00:00+00:00,133.506,134.2,133.125,133.234,135269.3
2025-12-13 12:00:00+00:00,133.234,133.63,132.54,133.074,138551.7
2025-12-13 14:00:00+00:00,133.074,133.603,132.55,133.209,117589.7
2025-12-13 16:00:00+00:00,133.209,133.756,132.072,132.158,163386.9
2025-12-13 18:00:00+00:00,132.158,132.916,132.072,132.681,79782.8
2025-12-13 20:00:00+00:00,132.681,132.944,131.573,132.628,124133.8
2025-12-13 22:00:00+00:00,132.628,133.216,132.154,133.066,95532.4
2025-12-14 00:00:00+00:00,133.066,133.583,132.643,133.24,105233.9
2025-12-14 02:00:00+00:00,133.24,133.465,132.755,132.892,69897.6
2025-12-14 04:00:00+00:00,132.892,133.131,132.03,132.607,99968.4
2025-12-14 06:00:00+00:00,132.607,133.321,132.413,133.192,74341.4
2025-12-14 08:00:00+00:00,133.192,133.411,132.277,132.296,129202.2
2025-12-14 10:00:00+00:00,132.296,132.55,130.07,131.424,597761.5
2025-12-14 12:00:00+00:00,131.424,131.869,130.824,131.592,271653.4
2025-12-14 14:00:00+00:00,131.592,131.75,130.265,130.627,206501.5
2025-12-14 16:00:00+00:00,130.627,131.561,129.346,129.972,274562.6
2025-12-14 18:00:00+00:00,129.972,130.659,129.822,130.252,81021.7
2025-12-14 20:00:00+00:00,130.252,130.69,129.51,129.84,294256.3
2025-12-14 22:00:00+00:00,129.84,130.788,127.872,129.34,465691.1
2025-12-15 00:00:00+00:00,129.34,131.533,129.228,131.12,261063.6
2025-12-15 02:00:00+00:00,131.12,133.174,130.856,131.085,302152.2
2025-12-15 04:00:00+00:00,131.085,132.072,130.812,131.88,158203.7
2025-12-15 06:00:00+00:00,131.88,132.638,131.6,132.284,154395.3
2025-12-15 08:00:00+00:00,132.284,132.956,132.051,132.657,131770.5
2025-12-15 10:00:00+00:00,132.657,132.954,131.924,132.193,127066.2
2025-12-15 12:00:00+00:00,132.193,133.21,131.628,132.58,344252.6
2025-12-15 14:00:00+00:00,132.58,135.383,126.4,126.859,1500488.7
2025-12-15 16:00:00+00:00,126.859,127.246,124.404,124.9,696527.5
2025-12-15 18:00:00+00:00,124.9,125.8,123.554,124.98,465049.1
2025-12-15 20:00:00+00:00,124.98,126.397,123.839,125.827,330549.0
2025-12-15 22:00:00+00:00,125.827,127.813,125.568,127.743,191963.3
2025-12-16 00:00:00+00:00,127.743,127.986,125.47,126.318,227260.4
2025-12-16 02:00:00+00:00,126.318,127.27,124.811,126.457,208446.8
2025-12-16 04:00:00+00:00,126.457,126.741,124.811,126.323,176140.3
2025-12-16 06:00:00+00:00,126.323,127.418,125.481,125.497,169026.3
2025-12-16 08:00:00+00:00,125.497,126.557,125.359,126.237,124555.6
2025-12-16 10:00:00+00:00,126.237,129.036,126.076,128.564,344133.3
2025-12-16 12:00:00+00:00,128.564,129.873,126.615,126.659,570066.0
2025-12-16 14:00:00+00:00,126.659,130.102,126.045,129.666,783939.5
2025-12-16 16:00:00+00:00,129.666,129.786,127.085,127.224,290009.3
2025-12-16 18:00:00+00:00,127.224,128.572,126.706,127.68,241384.3
2025-12-16 20:00:00+00:00,127.68,128.883,127.402,128.421,146668.7
2025-12-16 22:00:00+00:00,128.421,129.454,128.088,129.071,114385.3
2025-12-17 00:00:00+00:00,129.071,129.775,128.201,129.13,156132.0
2025-12-17 02:00:00+00:00,129.13,129.594,128.166,128.188,119022.2
2025-12-17 04:00:00+00:00,128.188,128.421,126.953,127.581,210654.0
2025-12-17 06:00:00+00:00,127.581,128.529,127.526,128.228,124411.1
2025-12-17 08:00:00+00:00,128.228,128.228,125.922,126.705,251046.0
2025-12-17 10:00:00+00:00,126.705,127.859,126.263,127.529,195932.2
2025-12-17 12:00:00+00:00,127.529,129.388,127.317,129.142,268478.8
2025-12-17 14:00:00+00:00,129.142,133.961,126.518,126.694,1708502.6
2025-12-17 16:00:00+00:00,126.694,127.91,122.5,123.002,1168210.5
2025-12-17 18:00:00+00:00,123.002,123.911,121.315,122.371,534726.1
2025-12-17 20:00:00+00:00,122.371,123.75,121.949,122.4,295323.6
2025-12-17 22:00:00+00:00,122.4,123.515,122.043,123.207,181419.1
2025-12-18 00:00:00+00:00,123.207,123.75,122.909,123.357,119608.1
2025-12-18 02:00:00+00:00,123.357,124.12,122.966,123.619,120663.8
2025-12-18 04:00:00+00:00,123.619,124.094,122.334,122.403,196522.4
2025-12-18 06:00:00+00:00,122.403,123.38,122.169,122.812,167897.0
2025-12-18 08:00:00+00:00,122.812,123.848,122.438,123.624,236977.4
2025-12-18 10:00:00+00:00,123.624,124.091,123.138,123.99,145233.7
2025-12-18 12:00:00+00:00,123.99,126.79,123.582,126.31,783223.6
2025-12-18 14:00:00+00:00,126.31,129.023,124.699,127.33,1200262.8
2025-12-18 16:00:00+00:00,127.33,127.411,120.412,122.895,1006927.0
2025-12-18 18:00:00+00:00,122.895,123.864,117.344,117.517,937591.2
2025-12-18 20:00:00+00:00,117.517,120.16,116.793,120.026,643485.9
2025-12-18 22:00:00+00:00,120.026,120.08,119.149,119.54,193344.5
2025-12-19 00:00:00+00:00,119.54,119.816,117.517,118.33,299755.5
2025-12-19 02:00:00+00:00,118.33,122.478,117.86,121.507,527213.9
2025-12-19 04:00:00+00:00,121.507,123.343,121.284,122.549,445551.7
2025-12-19 06:00:00+00:00,122.549,125.307,122.15,124.39,419349.6
2025-12-19 08:00:00+00:00,124.39,125.592,123.78,124.673,249247.1
2025-12-19 10:00:00+00:00,124.673,125.689,124.461,125.287,197311.8
2025-12-19 12:00:00+00:00,125.287,126.468,124.838,125.826,352283.0
2025-12-19 14:00:00+00:00,125.826,127.558,124.556,124.972,803161.7
2025-12-19 16:00:00+00:00,124.972,126.909,123.549,123.571,558288.4
2025-12-19 18:00:00+00:00,123.571,126.6,123.515,126.212,345144.3
2025-12-19 20:00:00+00:00,126.212,127.825,126.04,126.692,265024.7
2025-12-19 22:00:00+00:00,126.692,127.25,125.986,126.175,172308.6
2025-12-20 00:00:00+00:00,126.175,126.273,125.434,125.485,106519.2
2025-12-20 02:00:00+00:00,125.485,126.449,125.209,126.13,123276.6
2025-12-20 04:00:00+00:00,126.13,126.633,125.819,126.343,116491.0
2025-12-20 06:00:00+00:00,126.343,126.617,125.84,126.137,86066.5
2025-12-20 08:00:00+00:00,126.137,126.86,126.082,126.235,131135.2
2025-12-20 10:00:00+00:00,126.235,126.48,125.841,126.454,99274.5
2025-12-20 12:00:00+00:00,126.454,126.455,125.423,126.099,154626.4
2025-12-20 14:00:00+00:00,126.099,126.638,125.527,126.517,116539.7
2025-12-20 16:00:00+00:00,126.517,126.643,125.932,125.973,115951.2
2025-12-20 18:00:00+00:00,125.973,126.159,125.704,126.005,64301.8
2025-12-20 20:00:00+00:00,126.005,126.461,125.867,126.257,95524.2
2025-12-20 22:00:00+00:00,126.257,126.297,125.53,125.757,113671.6
2025-12-21 00:00:00+00:00,125.757,126.064,125.042,125.071,110906.4
2025-12-21 02:00:00+00:00,125.071,125.523,124.633,125.171,155549.0
2025-12-21 04:00:00+00:00,125.171,125.451,125.029,125.251,78326.1
2025-12-21 06:00:00+00:00,125.251,125.499,125.119,125.26,63280.5
2025-12-21 08:00:00+00:00,125.26,126.576,124.729,126.219,216341.0
2025-12-21 10:00:00+00:00,126.219,126.586,125.305,125.472,208086.2
2025-12-21 12:00:00+00:00,125.472,126.054,123.373,123.589,410940.8
2025-12-21 14:00:00+00:00,123.589,125.212,123.468,124.983,399274.7
2025-12-21 16:00:00+00:00,124.983,126.27,124.727,125.416,309066.7
2025-12-21 18:00:00+00:00,125.416,125.819,124.285,125.596,186641.1
2025-12-21 20:00:00+00:00,125.596,125.713,124.62,124.811,109499.9
2025-12-21 22:00:00+00:00,124.811,126.25,124.7,125.956,129005.4
2025-12-22 00:00:00+00:00,125.956,128.472,125.721,125.963,492794.9
2025-12-22 02:00:00+00:00,125.963,126.481,124.439,125.969,352188.4
2025-12-22 04:00:00+00:00,125.969,126.698,125.806,126.266,138695.3
2025-12-22 06:00:00+00:00,126.266,126.504,125.479,126.256,109815.6
2025-12-22 08:00:00+00:00,126.256,127.301,125.446,126.192,294683.1
2025-12-22 10:00:00+00:00,126.192,127.433,125.843,126.948,153841.1
2025-12-22 12:00:00+00:00,126.948,127.671,126.223,126.953,260305.7
2025-12-22 14:00:00+00:00,126.953,128.675,126.331,128.001,584516.6
2025-12-22 16:00:00+00:00,128.001,128.3,126.36,126.851,233170.6
2025-12-22 18:00:00+00:00,126.851,127.437,124.536,124.577,419428.2
2025-12-22 20:00:00+00:00,124.577,125.533,124.111,125.126,320599.7
2025-12-22 22:00:00+00:00,125.126,125.985,124.945,125.876,157869.4
2025-12-23 00:00:00+00:00,125.876,126.845,125.719,126.134,160667.4
2025-12-23 02:00:00+00:00,126.134,126.548,124.812,125.557,179445.9
2025-12-23 04:00:00+00:00,125.557,126.032,124.515,124.93,113148.4
2025-12-23 06:00:00+00:00,124.93,125.243,123.713,124.164,274308.5
2025-12-23 08:00:00+00:00,124.164,124.609,123.88,124.132,102794.8
2025-12-23 10:00:00+00:00,124.132,125.208,124.092,124.822,120062.6
2025-12-23 12:00:00+00:00,124.822,124.924,122.85,123.301,462929.1
2025-12-23 14:00:00+00:00,123.301,123.699,122.103,123.304,422758.6
2025-12-23 16:00:00+00:00,123.304,124.848,122.7,122.779,419282.4
2025-12-23 18:00:00+00:00,122.779,124.499,122.761,123.9,126283.9
2025-12-23 20:00:00+00:00,123.9,125.576,123.372,124.221,238203.0
2025-12-23 22:00:00+00:00,124.221,124.439,123.4,123.94,125923.3
2025-12-24 00:00:00+00:00,123.94,124.236,122.888,123.056,134993.7
2025-12-24 02:00:00+00:00,123.056,123.089,121.686,122.668,264072.0
2025-12-24 04:00:00+00:00,122.668,123.008,121.08,121.416,231875.1
2025-12-24 06:00:00+00:00,121.416,121.811,120.534,121.245,195718.5
2025-12-24 08:00:00+00:00,121.245,121.721,121.08,121.418,220693.3
2025-12-24 10:00:00+00:00,121.418,122.233,121.356,122.045,149199.7
2025-12-24 12:00:00+00:00,122.045,122.589,121.754,121.952,157765.9
2025-12-24 14:00:00+00:00,121.952,122.946,120.667,122.733,339849.7
2025-12-24 16:00:00+00:00,122.733,123.468,121.937,122.011,245289.2
2025-12-24 18:00:00+00:00,122.011,122.843,121.74,122.838,128517.0
2025-12-24 20:00:00+00:00,122.838,123.088,122.541,122.929,89852.5
2025-12-24 22:00:00+00:00,122.929,123.351,122.382,122.462,104948.1
2025-12-25 00:00:00+00:00,122.462,122.734,122.03,122.698,104054.2
2025-12-25 02:00:00+00:00,122.698,123.1,122.404,122.633,87983.9
2025-12-25 04:00:00+00:00,122.633,122.791,122.13,122.313,107847.9
2025-12-25 06:00:00+00:00,122.313,122.457,122.041,122.242,48537.4
2025-12-25 08:00:00+00:00,122.242,122.609,121.555,122.069,145284.8
2025-12-25 10:00:00+00:00,122.069,122.069,121.225,121.611,114771.9
2025-12-25 12:00:00+00:00,121.611,122.324,121.547,122.009,115064.2
2025-12-25 14:00:00+00:00,122.009,124.056,121.713,123.598,338062.0
2025-12-25 16:00:00+00:00,123.598,124.409,122.715,123.018,311339.6
2025-12-25 18:00:00+00:00,123.018,124.125,123.018,123.418,174990.5
2025-12-25 20:00:00+00:00,123.418,123.474,122.9,123.162,118728.6
2025-12-25 22:00:00+00:00,123.162,123.389,119.635,119.992,615985.5
2025-12-26 00:00:00+00:00,119.992,121.13,119.157,120.754,312669.7
2025-12-26 02:00:00+00:00,120.754,124.361,120.748,122.603,648437.9
2025-12-26 04:00:00+00:00,122.603,123.418,121.751,123.232,183273.5
2025-12-26 06:00:00+00:00,123.232,123.925,122.503,122.653,195149.7
2025-12-26 08:00:00+00:00,122.653,124.093,122.235,123.626,320784.8
2025-12-26 10:00:00+00:00,123.626,123.864,123.269,123.772,140466.9
2025-12-26 12:00:00+00:00,123.772,125.055,123.687,124.816,233521.5
2025-12-26 14:00:00+00:00,124.816,124.901,120.359,121.486,895045.1
2025-12-26 16:00:00+00:00,121.486,122.34,121.113,121.818,284545.0
2025-12-26 18:00:00+00:00,121.818,122.344,121.677,122.118,112395.4
2025-12-26 20:00:00+00:00,122.118,122.62,121.845,122.006,147221.8
2025-12-26 22:00:00+00:00,122.006,122.503,121.769,122.223,82625.6
2025-12-27 00:00:00+00:00,122.223,122.34,121.833,122.282,57359.1
2025-12-27 02:00:00+00:00,122.282,123.762,122.098,123.613,166212.6
2025-12-27 04:00:00+00:00,123.613,123.688,122.84,123.12,108504.1
2025-12-27 06:00:00+00:00,123.12,123.395,122.704,123.084,76197.6
2025-12-27 08:00:00+00:00,123.084,123.267,122.71,122.938,91090.3
2025-12-27 10:00:00+00:00,122.938,123.146,122.412,122.91,118317.7
2025-12-27 12:00:00+00:00,122.91,123.235,122.667,122.942,98823.0
2025-12-27 14:00:00+00:00,122.942,123.597,122.799,123.253,117026.3
2025-12-27 16:00:00+00:00,123.253,123.396,122.693,123.325,118573.3
2025-12-27 18:00:00+00:00,123.325,123.395,122.941,123.212,86590.3
2025-12-27 20:00:00+00:00,123.212,124.517,123.211,124.479,260906.6
2025-12-27 22:00:00+00:00,124.479,125.056,123.557,124.672,239622.1
2025-12-28 00:00:00+00:00,124.672,124.833,123.897,123.924,109645.3
2025-12-28 02:00:00+00:00,123.924,124.36,123.833,124.058,59477.9
2025-12-28 04:00:00+00:00,124.058,124.258,123.55,123.724,106829.4
2025-12-28 06:00:00+00:00,123.724,124.255,123.676,124.164,65742.1
2025-12-28 08:00:00+00:00,124.164,124.65,123.9,124.0,93597.1
2025-12-28 10:00:00+00:00,124.0,124.754,123.936,124.563,129868.2
2025-12-28 12:00:00+00:00,124.563,124.738,124.222,124.568,101430.7
2025-12-28 14:00:00+00:00,124.568,124.969,124.324,124.366,122499.6
2025-12-28 16:00:00+00:00,124.366,124.716,124.107,124.4,110011.6
2025-12-28 18:00:00+00:00,124.4,124.467,123.003,123.26,337092.6
2025-12-28 20:00:00+00:00,123.26,123.807,123.05,123.805,131723.1
2025-12-28 22:00:00+00:00,123.805,125.576,123.464,125.19,266573.4
2025-12-29 00:00:00+00:00,125.19,130.106,124.914,128.645,980205.9
2025-12-29 02:00:00+00:00,128.645,129.449,128.067,128.489,426036.9
2025-12-29 04:00:00+00:00,128.489,129.072,127.482,127.634,244036.1
2025-12-29 06:00:00+00:00,127.634,127.985,127.24,127.831,323804.1
2025-12-29 08:00:00+00:00,127.831,128.512,125.398,126.057,652572.5
2025-12-29 10:00:00+00:00,126.057,126.375,125.013,125.072,296552.9
2025-12-29 12:00:00+00:00,125.072,125.399,122.868,123.224,850733.5
2025-12-29 14:00:00+00:00,123.224,124.507,122.182,123.409,867761.0
2025-12-29 16:00:00+00:00,123.409,123.881,122.544,123.874,447313.9
2025-12-29 18:00:00+00:00,123.874,123.974,122.833,123.019,205471.7
2025-12-29 20:00:00+00:00,123.019,123.6,122.855,123.452,147154.0
2025-12-29 22:00:00+00:00,123.452,123.618,123.176,123.263,119663.6
2025-12-30 00:00:00+00:00,123.263,123.474,122.773,123.199,153137.5
2025-12-30 02:00:00+00:00,123.199,123.937,122.601,123.788,272543.5
2025-12-30 04:00:00+00:00,123.788,124.236,123.178,123.417,166561.5
2025-12-30 06:00:00+00:00,123.417,124.326,123.38,123.986,166257.4
2025-12-30 08:00:00+00:00,123.986,125.155,123.968,124.792,444120.4
2025-12-30 10:00:00+00:00,124.792,124.932,123.924,124.248,203972.4
2025-12-30 12:00:00+00:00,124.248,124.605,123.869,124.257,152529.8
2025-12-30 14:00:00+00:00,124.257,125.318,123.483,125.081,621319.7
2025-12-30 16:00:00+00:00,125.081,126.472,124.37,124.653,543432.0
2025-12-30 18:00:00+00:00,124.653,124.798,123.715,124.678,308394.3
2025-12-30 20:00:00+00:00,124.678,124.783,123.494,123.959,183582.6
2025-12-30 22:00:00+00:00,123.959,125.114,123.854,124.963,216481.5
2025-12-31 00:00:00+00:00,124.963,125.88,124.361,125.477,251394.1
2025-12-31 02:00:00+00:00,125.477,126.047,125.1,125.75,180719.6
2025-12-31 04:00:00+00:00,125.75,125.923,125.327,125.575,111370.1
2025-12-31 06:00:00+00:00,125.575,126.036,125.533,125.909,136926.0
2025-12-31 08:00:00+00:00,125.909,126.353,125.381,126.21,201624.2
2025-12-31 10:00:00+00:00,126.21,126.783,125.909,126.66,231632.8
2025-12-31 12:00:00+00:00,126.66,126.7,125.89,126.229,222894.9
2025-12-31 14:00:00+00:00,126.229,127.4,124.936,125.549,594998.2
2025-12-31 16:00:00+00:00,125.549,125.715,124.234,125.019,296786.5
2025-12-31 18:00:00+00:00,125.019,125.497,124.333,124.358,127491.4
2025-12-31 20:00:00+00:00,124.358,125.0,123.4,124.456,517040.7
2025-12-31 22:00:00+00:00,124.456,125.148,124.239,124.6,114775.9
2026-01-01 00:00:00+00:00,124.6,125.75,124.546,124.931,179135.2
2026-01-01 02:00:00+00:00,124.931,125.352,124.727,125.145,135910.9
2026-01-01 04:00:00+00:00,125.145,125.235,124.709,125.22,97006.9
2026-01-01 06:00:00+00:00,125.22,125.249,124.179,124.199,112746.0
2026-01-01 08:00:00+00:00,124.199,125.042,124.1,124.965,136444.9
2026-01-01 10:00:00+00:00,124.965,125.22,124.686,125.14,103529.9
2026-01-01 12:00:00+00:00,125.14,125.2,124.635,124.683,141297.3
2026-01-01 14:00:00+00:00,124.683,125.181,124.359,124.889,177948.1
2026-01-01 16:00:00+00:00,124.889,125.587,124.223,125.127,335113.1
2026-01-01 18:00:00+00:00,125.127,125.736,124.956,125.675,163147.8
2026-01-01 20:00:00+00:00,125.675,125.887,125.222,125.382,127361.4
2026-01-01 22:00:00+00:00,125.382,127.182,125.333,126.81,340949.6
2026-01-02 00:00:00+00:00,126.81,127.08,125.976,126.137,241721.7
2026-01-02 02:00:00+00:00,126.137,127.915,125.776,127.463,326902.7
2026-01-02 04:00:00+00:00,127.463,127.637,126.69,127.266,129560.7
2026-01-02 06:00:00+00:00,127.266,127.666,126.825,127.083,226168.7
2026-01-02 08:00:00+00:00,127.083,129.806,127.077,129.328,544943.9
2026-01-02 10:00:00+00:00,129.328,129.937,127.906,128.155,348517.7
2026-01-02 12:00:00+00:00,128.155,128.744,127.823,128.295,234138.6
2026-01-02 14:00:00+00:00,128.295,129.604,126.76,128.926,902602.0
2026-01-02 16:00:00+00:00,128.926,132.305,128.59,131.35,971063.8
2026-01-02 18:00:00+00:00,131.35,131.958,130.274,131.534,303766.0
2026-01-02 20:00:00+00:00,131.534,132.08,130.74,131.845,299881.8
2026-01-02 22:00:00+00:00,131.845,133.192,131.814,132.222,394684.4
2026-01-03 00:00:00+00:00,132.222,132.9,132.16,132.574,159632.1
2026-01-03 02:00:00+00:00,132.574,133.103,132.025,132.765,213083.7
2026-01-03 04:00:00+00:00,132.765,132.834,131.555,131.828,179971.2
2026-01-03 06:00:00+00:00,131.828,132.236,129.526,130.047,360918.3
2026-01-03 08:00:00+00:00,130.047,131.418,129.728,131.1,297135.4
2026-01-03 10:00:00+00:00,131.1,131.166,130.392,130.628,139701.3
2026-01-03 12:00:00+00:00,130.628,131.337,130.425,131.232,130173.5
2026-01-03 14:00:00+00:00,131.232,132.118,131.073,131.414,277483.5
2026-01-03 16:00:00+00:00,131.414,131.965,131.414,131.82,148782.2
2026-01-03 18:00:00+00:00,131.82,132.048,131.533,131.705,85458.9
2026-01-03 20:00:00+00:00,131.705,132.971,131.249,132.775,207461.6
2026-01-03 22:00:00+00:00,132.775,133.936,132.513,133.285,251392.5
2026-01-04 00:00:00+00:00,133.285,134.9,133.249,133.885,501347.5
2026-01-04 02:00:00+00:00,133.885,134.637,133.382,134.534,180569.4
2026-01-04 04:00:00+00:00,134.534,134.78,134.162,134.469,117023.3
2026-01-04 06:00:00+00:00,134.469,134.95,133.602,133.757,233854.4
2026-01-04 08:00:00+00:00,133.757,134.494,133.123,134.25,209587.8
2026-01-04 10:00:00+00:00,134.25,134.813,134.1,134.322,167638.3
2026-01-04 12:00:00+00:00,134.322,134.829,133.66,134.476,233975.8
2026-01-04 14:00:00+00:00,134.476,135.281,134.193,134.831,387382.6
2026-01-04 16:00:00+00:00,134.831,135.482,134.676,134.771,199543.5
2026-01-04 18:00:00+00:00,134.771,134.818,133.037,133.511,362269.2
2026-01-04 20:00:00+00:00,133.511,134.52,133.335,133.874,186324.0
2026-01-04 22:00:00+00:00,133.874,134.789,133.574,134.045,174287.4
2026-01-05 00:00:00+00:00,134.045,137.685,133.912,136.688,752772.8
2026-01-05 02:00:00+00:00,136.688,137.265,135.65,136.571,353101.6
2026-01-05 04:00:00+00:00,136.571,136.73,134.937,134.999,318849.1
2026-01-05 06:00:00+00:00,134.999,135.7,134.566,135.408,263220.6
2026-01-05 08:00:00+00:00,135.408,135.906,134.697,135.409,160930.5
2026-01-05 10:00:00+00:00,135.409,135.993,135.19,135.713,204978.1
2026-01-05 12:00:00+00:00,135.713,135.777,133.2,133.752,463887.0
2026-01-05 14:00:00+00:00,133.752,136.451,133.144,136.064,831617.3
2026-01-05 16:00:00+00:00,136.064,136.821,134.249,136.463,399672.7
2026-01-05 18:00:00+00:00,136.463,138.768,135.608,138.168,434736.8
2026-01-05 20:00:00+00:00,138.168,139.809,137.672,138.329,388045.4
2026-01-05 22:00:00+00:00,138.329,139.104,137.804,137.824,278947.6
2026-01-06 00:00:00+00:00,137.824,138.451,136.81,137.49,434337.3
2026-01-06 02:00:00+00:00,137.49,138.563,137.229,138.299,236327.0
2026-01-06 04:00:00+00:00,138.299,140.0,138.002,139.486,401060.7
2026-01-06 06:00:00+00:00,139.486,139.699,137.267,137.524,413245.7
2026-01-06 08:00:00+00:00,137.524,138.345,137.329,137.703,219670.2
2026-01-06 10:00:00+00:00,137.703,138.058,137.326,137.859,100246.4
