timestamp,open,high,low,close,volume
2024-01-23 16:00:00+00:00,82.5739,82.9503,81.6974,82.4816,15653.0
2024-01-23 16:30:00+00:00,82.4816,83.5719,82.0,83.2583,12853.0
2024-01-23 17:00:00+00:00,83.2583,83.9311,82.8963,82.8963,15731.0
2024-01-23 17:30:00+00:00,82.8963,83.7123,82.1798,82.5772,18179.0
2024-01-23 18:00:00+00:00,82.5772,83.5885,82.4752,82.606,9576.0
2024-01-23 18:30:00+00:00,82.606,82.6506,81.1309,81.2908,13750.0
2024-01-23 19:00:00+00:00,81.2908,81.8514,81.1095,81.4716,8837.0
2024-01-23 19:30:00+00:00,81.4716,81.5838,80.8112,80.935,7318.0
2024-01-23 20:00:00+00:00,80.935,82.0,80.8264,81.6971,7826.0
2024-01-23 20:30:00+00:00,81.6971,81.9215,80.9117,81.284,6738.0
2024-01-23 21:00:00+00:00,81.284,81.6976,80.39,80.4702,9589.0
2024-01-23 21:30:00+00:00,80.4702,81.3605,80.4439,81.0528,5234.0
2024-01-23 22:00:00+00:00,81.0528,81.9577,80.9074,81.9409,5553.0
2024-01-23 22:30:00+00:00,81.9409,83.0282,81.8822,82.6769,8999.0
2024-01-23 23:00:00+00:00,82.6769,84.113,82.5967,84.0834,10604.0
2024-01-23 23:30:00+00:00,84.0834,84.4615,83.6535,84.3757,8883.0
2024-01-24 00:00:00+00:00,84.3757,85.0906,83.9452,84.5453,16747.0
2024-01-24 00:30:00+00:00,84.5453,85.763,84.4643,85.4702,11709.0
2024-01-24 01:00:00+00:00,85.4702,85.5034,84.345,84.4624,14541.0
2024-01-24 01:30:00+00:00,84.4624,84.6305,83.7839,83.7839,4889.0
2024-01-24 02:00:00+00:00,83.7839,84.5482,83.7253,84.3269,4863.0
2024-01-24 02:30:00+00:00,84.3269,84.9725,84.0531,84.3405,5321.0
2024-01-24 03:00:00+00:00,84.3405,84.4418,83.4421,83.6524,5025.0
2024-01-24 03:30:00+00:00,83.6524,83.9085,83.3317,83.5162,2842.0
2024-01-24 04:00:00+00:00,83.5162,83.982,83.2761,83.9628,3184.0
2024-01-24 04:30:00+00:00,83.9628,84.2244,83.5107,83.5467,3755.0
2024-01-24 05:00:00+00:00,83.5467,84.6059,83.5467,84.3466,3766.0
2024-01-24 05:30:00+00:00,84.3466,84.8687,84.2894,84.7447,6241.0
2024-01-24 06:00:00+00:00,84.7447,84.9378,83.8274,84.5358,9517.0
2024-01-24 06:30:00+00:00,84.5358,85.282,84.5046,85.1807,11875.0
2024-01-24 07:00:00+00:00,85.1807,86.5678,84.8329,86.4272,18274.0
2024-01-24 07:30:00+00:00,86.4272,86.8256,85.797,86.1213,15790.0
2024-01-24 08:00:00+00:00,86.1213,87.3839,86.0203,86.2809,27199.0
2024-01-24 08:30:00+00:00,86.2809,86.6874,85.9,86.5153,11750.0
2024-01-24 09:00:00+00:00,86.5153,87.187,86.3709,86.9256,12495.0
2024-01-24 09:30:00+00:00,86.9256,86.9256,86.1143,86.755,7036.0
2024-01-24 10:00:00+00:00,86.755,87.7613,86.5324,87.4761,12634.0
2024-01-24 10:30:00+00:00,87.4761,88.5501,87.0999,87.8148,21562.0
2024-01-24 11:00:00+00:00,87.8148,87.9485,86.6435,87.3028,13320.0
2024-01-24 11:30:00+00:00,87.3028,87.4198,86.663,87.1729,7479.0
2024-01-24 12:00:00+00:00,87.1729,87.8069,87.0336,87.4803,6110.0
2024-01-24 12:30:00+00:00,87.4803,88.0033,86.6024,86.6824,9701.0
2024-01-24 13:00:00+00:00,86.6824,86.8998,86.0528,86.442,13841.0
2024-01-24 13:30:00+00:00,86.442,86.4535,85.4606,85.9046,19266.0
2024-01-24 14:00:00+00:00,85.9046,86.4585,85.15,86.2888,17254.0
2024-01-24 14:30:00+00:00,86.2888,87.1572,85.6384,85.9263,28129.0
2024-01-24 15:00:00+00:00,85.9263,86.9528,85.3573,86.7526,21388.0
2024-01-24 15:30:00+00:00,86.7526,87.3332,86.1921,86.9023,10979.0
2024-01-24 16:00:00+00:00,86.9023,87.025,86.23,86.8868,10947.0
2024-01-24 16:30:00+00:00,86.8868,87.7464,86.6555,87.652,13076.0
2024-01-24 17:00:00+00:00,87.652,87.652,86.8509,87.1242,9567.0
2024-01-24 17:30:00+00:00,87.1242,87.5715,86.8882,87.123,4581.0
2024-01-24 18:00:00+00:00,87.123,87.1631,85.417,85.9392,18301.0
2024-01-24 18:30:00+00:00,85.9392,86.4276,85.8703,86.1026,6700.0
2024-01-24 19:00:00+00:00,86.1026,86.2869,85.7223,86.0598,4395.0
2024-01-24 19:30:00+00:00,86.0598,86.4794,85.7755,86.3225,5681.0
2024-01-24 20:00:00+00:00,86.3225,87.3162,86.2189,87.169,9913.0
2024-01-24 20:30:00+00:00,87.169,87.2418,85.8611,85.9631,12094.0
2024-01-24 21:00:00+00:00,85.9631,86.8461,85.82,86.7856,6234.0
2024-01-24 21:30:00+00:00,86.7856,86.8188,86.1121,86.4277,8616.0
2024-01-24 22:00:00+00:00,86.4277,87.8136,86.3042,87.3346,13425.0
2024-01-24 22:30:00+00:00,87.3346,87.8149,87.0662,87.4052,5810.0
2024-01-24 23:00:00+00:00,87.4052,88.4706,87.3318,88.4049,13231.0
2024-01-24 23:30:00+00:00,88.4049,89.372,88.2526,88.6755,18903.0
2024-01-25 00:00:00+00:00,88.6755,89.5543,88.3325,88.6074,8574.0
2024-01-25 00:30:00+00:00,88.6074,89.4605,88.4334,89.3976,5147.0
2024-01-25 01:00:00+00:00,89.3976,89.406,88.299,88.6084,5701.0
2024-01-25 01:30:00+00:00,88.6084,88.6526,87.6,87.7683,6536.0
2024-01-25 02:00:00+00:00,87.7683,88.5714,87.6393,88.4832,6110.0
2024-01-25 02:30:00+00:00,88.4832,88.631,87.6598,87.898,4696.0
2024-01-25 03:00:00+00:00,87.898,88.4,87.7002,88.2319,3919.0
2024-01-25 03:30:00+00:00,88.2319,88.6525,88.1484,88.2867,5038.0
2024-01-25 04:00:00+00:00,88.2867,88.554,87.9177,88.1283,5158.0
2024-01-25 04:30:00+00:00,88.1283,88.1542,87.2034,87.589,6529.0
2024-01-25 05:00:00+00:00,87.589,87.6103,86.6945,86.986,7450.0
2024-01-25 05:30:00+00:00,86.986,87.27,86.7678,87.1149,4750.0
2024-01-25 06:00:00+00:00,87.1149,87.5581,86.9293,87.3234,4156.0
2024-01-25 06:30:00+00:00,87.3234,88.5749,86.9855,88.4036,7577.0
2024-01-25 07:00:00+00:00,88.4036,88.4314,87.8342,88.2537,6018.0
2024-01-25 07:30:00+00:00,88.2537,88.3236,87.7338,88.154,4330.0
2024-01-25 08:00:00+00:00,88.154,88.3489,87.8322,87.8499,5062.0
2024-01-25 08:30:00+00:00,87.8499,87.8871,87.5262,87.6279,6239.0
2024-01-25 09:00:00+00:00,87.6279,88.09,87.3176,87.67,9704.0
2024-01-25 09:30:00+00:00,87.67,87.9567,87.0521,87.115,8140.0
2024-01-25 10:00:00+00:00,87.115,87.227,86.5088,87.065,10193.0
2024-01-25 10:30:00+00:00,87.065,88.0422,87.065,87.9842,9559.0
2024-01-25 11:00:00+00:00,87.9842,89.0898,87.5855,88.8663,14295.0
2024-01-25 11:30:00+00:00,88.8663,89.2438,88.4633,88.9068,13645.0
2024-01-25 12:00:00+00:00,88.9068,89.2349,87.7102,87.7372,16795.0
2024-01-25 12:30:00+00:00,87.7372,87.764,86.5875,87.0253,25265.0
2024-01-25 13:00:00+00:00,87.0253,87.295,86.2501,86.5896,11079.0
2024-01-25 13:30:00+00:00,86.5896,87.2616,86.3967,87.0887,17782.0
2024-01-25 14:00:00+00:00,87.0887,87.4907,86.6959,87.3533,11997.0
2024-01-25 14:30:00+00:00,87.3533,88.4424,87.2716,88.0244,20673.0
2024-01-25 15:00:00+00:00,88.0244,88.0634,86.8188,87.1069,12862.0
2024-01-25 15:30:00+00:00,87.1069,87.3076,85.9428,86.3425,21994.0
2024-01-25 16:00:00+00:00,86.3425,86.785,86.0931,86.5821,9217.0
2024-01-25 16:30:00+00:00,86.5821,86.7764,85.5567,85.7184,8453.0
2024-01-25 17:00:00+00:00,85.7184,86.0414,85.0268,85.7957,16065.0
2024-01-25 17:30:00+00:00,85.7957,86.381,85.6798,86.0855,9143.0
2024-01-25 18:00:00+00:00,86.0855,87.6919,86.0855,87.4833,14876.0
2024-01-25 18:30:00+00:00,87.4833,87.6942,86.241,86.5848,14264.0
2024-01-25 19:00:00+00:00,86.5848,87.2587,86.3423,87.1442,7923.0
2024-01-25 19:30:00+00:00,87.1442,88.1608,87.0385,87.7111,11628.0
2024-01-25 20:00:00+00:00,87.7111,87.8012,87.2815,87.4726,7465.0
2024-01-25 20:30:00+00:00,87.4726,87.5087,86.4754,87.014,10977.0
2024-01-25 21:00:00+00:00,87.014,87.4896,86.7175,87.3319,14817.0
2024-01-25 21:30:00+00:00,87.3319,87.3392,86.5434,87.0519,6577.0
2024-01-25 22:00:00+00:00,87.0519,87.0972,86.3643,86.6463,6603.0
2024-01-25 22:30:00+00:00,86.6463,87.3281,86.6066,87.2131,3829.0
2024-01-25 23:00:00+00:00,87.2131,87.5682,86.5612,86.6601,5713.0
2024-01-25 23:30:00+00:00,86.6601,87.164,86.5879,86.8443,2584.0
2024-01-26 00:00:00+00:00,86.8443,87.3263,86.1351,86.7793,6415.0
2024-01-26 00:30:00+00:00,86.7793,87.6016,86.7525,86.9489,3971.0
2024-01-26 01:00:00+00:00,86.9489,86.9887,85.8347,86.3681,7358.0
2024-01-26 01:30:00+00:00,86.3681,86.9,86.2102,86.3677,6026.0
2024-01-26 02:00:00+00:00,86.3677,88.1587,86.309,88.0265,10402.0
2024-01-26 02:30:00+00:00,88.0265,88.0681,87.4094,88.0253,6799.0
2024-01-26 03:00:00+00:00,88.0253,88.2215,87.7003,87.7003,5540.0
2024-01-26 03:30:00+00:00,87.7003,88.0471,87.4985,87.8964,4999.0
2024-01-26 04:00:00+00:00,87.8964,88.1,87.709,87.9095,2802.0
2024-01-26 04:30:00+00:00,87.9095,88.4015,87.6623,87.7915,4980.0
2024-01-26 05:00:00+00:00,87.7915,87.8796,87.2888,87.6503,6334.0
2024-01-26 05:30:00+00:00,87.6503,87.9733,87.4848,87.5837,3207.0
2024-01-26 06:00:00+00:00,87.5837,88.0,87.5828,87.781,2853.0
2024-01-26 06:30:00+00:00,87.781,87.8412,87.0378,87.1865,5914.0
2024-01-26 07:00:00+00:00,87.1865,87.3675,86.7294,86.8393,6832.0
2024-01-26 07:30:00+00:00,86.8393,87.2117,86.6417,86.9165,6543.0
2024-01-26 08:00:00+00:00,86.9165,87.915,86.8738,87.7297,8433.0
2024-01-26 08:30:00+00:00,87.7297,88.097,87.4165,87.7097,5872.0
2024-01-26 09:00:00+00:00,87.7097,88.1374,87.6119,87.7648,6014.0
2024-01-26 09:30:00+00:00,87.7648,88.7487,87.2767,87.4045,13335.0
2024-01-26 10:00:00+00:00,87.4045,88.1681,87.2912,88.1155,10912.0
2024-01-26 10:30:00+00:00,88.1155,90.75,88.1155,90.4466,33670.0
2024-01-26 11:00:00+00:00,90.4466,91.8914,90.4106,91.7293,17367.0
2024-01-26 11:30:00+00:00,91.7293,92.3106,91.4403,91.7522,12842.0
2024-01-26 12:00:00+00:00,91.7522,92.0857,91.1425,91.6725,9002.0
2024-01-26 12:30:00+00:00,91.6725,91.7067,90.2951,90.5863,18795.0
2024-01-26 13:00:00+00:00,90.5863,91.2548,90.5365,90.9055,7336.0
2024-01-26 13:30:00+00:00,90.9055,90.9371,90.0128,90.2765,7890.0
2024-01-26 14:00:00+00:00,90.2765,91.3274,90.2302,91.1208,12117.0
2024-01-26 14:30:00+00:00,91.1208,92.0,91.005,91.9947,12782.0
2024-01-26 15:00:00+00:00,91.9947,92.0,91.2567,91.6036,8131.0
2024-01-26 15:30:00+00:00,91.6036,92.658,91.35,92.3307,15830.0
2024-01-26 16:00:00+00:00,92.3307,93.2164,92.1498,93.1524,12493.0
2024-01-26 16:30:00+00:00,93.1524,93.4187,92.7184,93.1347,7575.0
2024-01-26 17:00:00+00:00,93.1347,93.336,92.3506,92.4003,12253.0
2024-01-26 17:30:00+00:00,92.4003,93.2047,92.3763,93.1056,10085.0
2024-01-26 18:00:00+00:00,93.1056,93.6218,92.5208,92.9869,7440.0
2024-01-26 18:30:00+00:00,92.9869,93.1849,92.7785,93.0071,2735.0
2024-01-26 19:00:00+00:00,93.0071,93.03,92.5209,92.7936,8764.0
2024-01-26 19:30:00+00:00,92.7936,93.1169,92.3083,92.7145,9652.0
2024-01-26 20:00:00+00:00,92.7145,93.5867,92.501,92.6831,7877.0
2024-01-26 20:30:00+00:00,92.6831,92.7,91.9323,92.0993,10547.0
2024-01-26 21:00:00+00:00,92.0993,92.1754,91.5815,91.9478,7088.0
2024-01-26 21:30:00+00:00,91.9478,92.4382,91.9276,92.2049,3276.0
2024-01-26 22:00:00+00:00,92.2049,92.4891,91.5471,92.4059,4062.0
2024-01-26 22:30:00+00:00,92.4059,92.4059,92.0003,92.1734,2691.0
2024-01-26 23:00:00+00:00,92.1734,92.3823,91.7692,91.9778,2013.0
2024-01-26 23:30:00+00:00,91.9778,92.3751,91.7567,92.1289,1613.0
2024-01-27 00:00:00+00:00,92.1289,92.716,91.9325,92.3443,5060.0
2024-01-27 00:30:00+00:00,92.3443,92.8427,92.1089,92.728,6792.0
2024-01-27 01:00:00+00:00,92.728,93.0421,92.5315,93.0376,5977.0
2024-01-27 01:30:00+00:00,93.0376,93.8895,92.1074,92.5814,10339.0
2024-01-27 02:00:00+00:00,92.5814,93.4472,92.5448,93.3212,4199.0
2024-01-27 02:30:00+00:00,93.3212,93.4682,92.9009,93.0231,2747.0
2024-01-27 03:00:00+00:00,93.0231,93.0789,92.7606,92.811,1504.0
2024-01-27 03:30:00+00:00,92.811,92.8638,92.4158,92.6236,3109.0
2024-01-27 04:00:00+00:00,92.6236,92.6644,92.3635,92.6442,2415.0
2024-01-27 04:30:00+00:00,92.6442,92.6985,92.4182,92.55,2769.0
2024-01-27 05:00:00+00:00,92.55,92.5637,91.9037,91.9241,4172.0
2024-01-27 05:30:00+00:00,91.9241,92.0885,91.1742,91.4574,7082.0
2024-01-27 06:00:00+00:00,91.4574,91.7406,91.3184,91.5361,3669.0
2024-01-27 06:30:00+00:00,91.5361,91.5361,90.9113,91.219,7245.0
2024-01-27 07:00:00+00:00,91.219,91.4855,90.609,90.896,5534.0
2024-01-27 07:30:00+00:00,90.896,91.1235,90.7625,91.0613,3481.0
2024-01-27 08:00:00+00:00,91.0613,91.1,90.6177,90.9931,6060.0
2024-01-27 08:30:00+00:00,90.9931,91.346,90.5655,90.808,4221.0
2024-01-27 09:00:00+00:00,90.808,91.5032,90.6091,91.2849,4694.0
2024-01-27 09:30:00+00:00,91.2849,92.1649,91.2849,91.851,10801.0
2024-01-27 10:00:00+00:00,91.851,92.2807,91.6522,92.0235,8460.0
2024-01-27 10:30:00+00:00,92.0235,92.1672,91.7708,91.8591,5300.0
2024-01-27 11:00:00+00:00,91.8591,92.0469,91.722,91.8999,4927.0
2024-01-27 11:30:00+00:00,91.8999,92.089,91.8463,92.0533,3000.0
2024-01-27 12:00:00+00:00,92.0533,92.0533,91.6006,91.8967,5348.0
2024-01-27 12:30:00+00:00,91.8967,92.1913,91.7226,92.0264,4173.0
2024-01-27 13:00:00+00:00,92.0264,92.5,91.8268,92.0835,5795.0
2024-01-27 13:30:00+00:00,92.0835,92.3757,91.9026,92.0908,3210.0
2024-01-27 14:00:00+00:00,92.0908,92.6274,91.9666,92.4752,5729.0
2024-01-27 14:30:00+00:00,92.4752,92.7558,92.2313,92.579,4237.0
2024-01-27 15:00:00+00:00,92.579,92.8431,92.3636,92.6277,4521.0
2024-01-27 15:30:00+00:00,92.6277,92.9589,92.5667,92.7456,7261.0
2024-01-27 16:00:00+00:00,92.7456,93.3845,92.6816,93.0726,9814.0
2024-01-27 16:30:00+00:00,93.0726,93.1578,92.1218,92.2791,12113.0
2024-01-27 17:00:00+00:00,92.2791,92.6921,92.2166,92.5071,5386.0
2024-01-27 17:30:00+00:00,92.5071,92.6906,92.4482,92.4854,3090.0
2024-01-27 18:00:00+00:00,92.4854,93.2008,92.4353,92.9402,9313.0
2024-01-27 18:30:00+00:00,92.9402,92.9738,92.5809,92.774,4742.0
2024-01-27 19:00:00+00:00,92.774,93.1663,92.7346,93.0701,6683.0
2024-01-27 19:30:00+00:00,93.0701,93.2818,93.0076,93.0181,5507.0
2024-02-13 11:30:00+00:00,113.4736,114.215,113.4265,114.1713,2352.0
2024-02-13 12:00:00+00:00,114.1713,114.2945,113.6505,113.7362,1707.0
2024-02-13 12:30:00+00:00,113.7362,114.1037,113.3667,113.6871,1818.0
2024-02-13 13:00:00+00:00,113.6871,114.0526,113.1478,113.2788,2641.0
2024-02-13 13:30:00+00:00,113.2788,113.3419,110.7471,112.2681,16405.0
2024-02-13 14:00:00+00:00,112.2681,112.694,108.6512,110.4618,16259.0
2024-02-13 14:30:00+00:00,110.4618,111.2097,109.7053,109.8493,6824.0
2024-02-13 15:00:00+00:00,109.8493,110.9141,109.1363,110.7989,6280.0
2024-02-13 15:30:00+00:00,110.7989,111.2387,110.3339,110.374,4108.0
2024-02-13 16:00:00+00:00,110.374,110.7489,109.6962,110.0152,3832.0
2024-02-13 16:30:00+00:00,110.0152,110.0485,108.2739,108.6067,5357.0
2024-02-13 17:00:00+00:00,108.6067,109.8409,108.3594,109.6844,4655.0
2024-02-13 17:30:00+00:00,109.6844,110.4999,109.4644,110.444,2918.0
2024-02-13 18:00:00+00:00,110.444,111.8868,110.2999,111.7666,4202.0
2024-02-13 18:30:00+00:00,111.7666,112.1788,111.3342,111.472,3522.0
2024-02-13 19:00:00+00:00,111.472,111.94,110.9853,111.94,2931.0
2024-02-13 19:30:00+00:00,111.94,112.5055,111.5753,111.6352,3678.0
2024-02-13 20:00:00+00:00,111.6352,112.4486,111.6296,111.8039,1883.0
2024-02-13 20:30:00+00:00,111.8039,113.072,111.7788,112.6301,4460.0
2024-02-13 21:00:00+00:00,112.6301,113.9407,112.3316,113.7678,4590.0
2024-02-13 21:30:00+00:00,113.7678,113.8338,112.9,113.0947,3252.0
2024-02-13 22:00:00+00:00,113.0947,113.5226,111.794,112.2229,4131.0
2024-02-13 22:30:00+00:00,112.2229,112.7426,112.1582,112.1762,1598.0
2024-02-13 23:00:00+00:00,112.1762,112.2812,111.7601,112.2486,1545.0
2024-02-13 23:30:00+00:00,112.2486,112.7998,112.1243,112.6002,1483.0
2024-02-14 00:00:00+00:00,112.6002,112.6663,111.1861,111.5101,3059.0
2024-02-14 00:30:00+00:00,111.5101,111.6406,110.6027,111.2498,2703.0
2024-02-14 01:00:00+00:00,111.2498,111.856,110.9216,111.3039,1390.0
2024-02-14 01:30:00+00:00,111.3039,111.4446,110.7843,111.4011,891.0
2024-02-14 02:00:00+00:00,111.4011,111.6646,110.8442,111.1747,994.0
2024-02-14 02:30:00+00:00,111.1747,111.6178,111.139,111.2385,863.0
2024-02-14 03:00:00+00:00,111.2385,112.147,111.1788,111.8976,1072.0
2024-02-14 03:30:00+00:00,111.8976,112.1844,111.8297,111.9718,1043.0
2024-02-14 04:00:00+00:00,111.9718,112.2536,111.4764,111.5643,836.0
2024-02-14 04:30:00+00:00,111.5643,111.8571,111.3497,111.7134,759.0
2024-02-14 05:00:00+00:00,111.7134,112.4976,111.6843,112.4049,2375.0
2024-02-14 05:30:00+00:00,112.4049,113.3998,112.3967,113.0413,2434.0
2024-02-14 06:00:00+00:00,113.0413,113.0969,112.5,112.6579,1516.0
2024-02-14 06:30:00+00:00,112.6579,112.8295,112.5251,112.644,1067.0
2024-02-14 07:00:00+00:00,112.644,113.2745,112.5875,113.2745,1708.0
2024-02-14 07:30:00+00:00,113.2745,113.4818,113.0743,113.1876,1976.0
2024-02-14 08:00:00+00:00,113.1876,113.4732,112.9091,112.9664,1579.0
2024-02-14 08:30:00+00:00,112.9664,115.0,112.9664,114.9198,4226.0
2024-02-14 09:00:00+00:00,114.9198,116.0179,114.6202,115.931,10239.0
2024-02-14 09:30:00+00:00,115.931,116.533,115.4999,116.223,5095.0
2024-02-14 10:00:00+00:00,116.223,116.3425,115.063,115.3696,5073.0
2024-02-14 10:30:00+00:00,115.3696,115.9585,115.2443,115.5,2584.0
2024-02-14 11:00:00+00:00,115.5,115.5,114.333,115.3465,4325.0
2024-02-14 11:30:00+00:00,115.3465,116.1782,115.1819,115.8192,2591.0
2024-02-14 12:00:00+00:00,115.8192,116.2682,115.3953,115.7563,3107.0
2024-02-14 12:30:00+00:00,115.7563,116.2726,115.1496,115.5152,3942.0
2024-02-14 13:00:00+00:00,115.5152,117.6579,115.5101,117.1297,5518.0
2024-02-14 13:30:00+00:00,117.1297,118.2592,116.9191,118.1335,5764.0
2024-02-14 14:00:00+00:00,118.1335,118.8594,117.352,118.0673,5679.0
2024-02-14 14:30:00+00:00,118.0673,118.6895,117.7144,118.0951,5063.0
2024-02-14 15:00:00+00:00,118.0951,118.2414,115.8382,117.6322,8687.0
2024-02-14 15:30:00+00:00,117.6322,117.7651,116.7808,117.0593,3030.0
2024-02-14 16:00:00+00:00,117.0593,117.1851,115.7489,116.4899,3616.0
2024-02-14 16:30:00+00:00,116.4899,116.9681,115.924,116.1823,2339.0
2024-02-14 17:00:00+00:00,116.1823,116.8551,116.0324,116.7999,2661.0
2024-02-14 17:30:00+00:00,116.7999,116.8535,115.3181,115.9542,3204.0
2024-02-14 18:00:00+00:00,115.9542,116.0814,115.1421,115.8165,3041.0
2024-02-14 18:30:00+00:00,115.8165,116.149,115.56,115.7596,1856.0
2024-02-14 19:00:00+00:00,115.7596,116.0754,115.3334,115.979,1802.0
2024-02-14 19:30:00+00:00,115.979,116.7393,115.756,116.3219,3067.0
2024-02-14 20:00:00+00:00,116.3219,116.7101,116.1492,116.5901,1627.0
2024-02-14 20:30:00+00:00,116.5901,116.89,116.3076,116.4181,1396.0
2024-02-14 21:00:00+00:00,116.4181,116.6121,116.16,116.2874,1537.0
2024-02-14 21:30:00+00:00,116.2874,117.098,116.2027,117.098,1676.0
2024-02-14 22:00:00+00:00,117.098,117.3775,116.6444,116.8518,1632.0
2024-02-14 22:30:00+00:00,116.8518,117.3947,116.6131,117.3045,1126.0
2024-02-14 23:00:00+00:00,117.3045,117.4507,117.0535,117.0695,1047.0
2024-02-14 23:30:00+00:00,117.0695,117.4673,116.91,117.1738,1104.0
2024-02-15 00:00:00+00:00,117.1738,118.3246,117.1,118.1327,2422.0
2024-02-15 00:30:00+00:00,118.1327,118.5742,117.7546,118.1965,3093.0
2024-02-15 01:00:00+00:00,118.1965,118.2115,116.6386,116.7506,2796.0
2024-02-15 01:30:00+00:00,116.7506,116.7514,115.943,116.5914,3508.0
2024-02-15 02:00:00+00:00,116.5914,117.4,116.5459,116.7091,1376.0
2024-02-15 02:30:00+00:00,116.7091,117.2345,116.4741,116.8381,1111.0
2024-02-15 03:00:00+00:00,116.8381,117.4597,116.7979,117.3121,819.0
2024-02-15 03:30:00+00:00,117.3121,117.7597,117.2033,117.4056,977.0
2024-02-15 04:00:00+00:00,117.4056,117.4056,116.6001,116.9965,1135.0
2024-02-15 04:30:00+00:00,116.9965,117.0792,116.3012,116.4006,1372.0
2024-02-15 05:00:00+00:00,116.4006,116.6192,115.4944,115.9873,2620.0
2024-02-15 05:30:00+00:00,115.9873,116.0,115.0761,115.4711,2875.0
2024-02-15 06:00:00+00:00,115.4711,115.8268,114.5551,115.1401,4516.0
2024-02-15 06:30:00+00:00,115.1401,115.7808,115.0773,115.128,1987.0
2024-02-15 07:00:00+00:00,115.128,115.962,114.9884,115.7809,2733.0
2024-02-15 07:30:00+00:00,115.7809,115.8434,114.9144,115.2368,2598.0
2024-02-15 08:00:00+00:00,115.2368,115.7526,114.8557,115.6459,2459.0
2024-02-15 08:30:00+00:00,115.6459,115.8797,115.4202,115.7966,1438.0
2024-02-15 09:00:00+00:00,115.7966,116.298,115.5647,115.9879,2492.0
2024-02-15 09:30:00+00:00,115.9879,116.5213,115.9615,116.4973,2275.0
2024-02-15 10:00:00+00:00,116.4973,117.2228,116.3594,116.8451,2919.0
2024-02-15 10:30:00+00:00,116.8451,117.055,116.4477,116.7355,1990.0
2024-02-15 11:00:00+00:00,116.7355,116.9143,116.2814,116.79,2245.0
2024-02-15 11:30:00+00:00,116.79,117.0012,115.705,116.1752,3438.0
2024-02-15 12:00:00+00:00,116.1752,116.8854,115.2596,116.2879,3534.0
2024-02-15 12:30:00+00:00,116.2879,116.3663,115.8489,116.1117,1878.0
2024-02-15 13:00:00+00:00,116.1117,116.2562,115.4587,115.6894,1829.0
2024-02-15 13:30:00+00:00,115.6894,116.4806,115.3668,116.1155,2347.0
2024-02-15 14:00:00+00:00,116.1155,116.5006,115.6142,116.3946,2523.0
2024-02-15 14:30:00+00:00,116.3946,117.4983,116.3557,116.9824,5591.0
2024-02-15 15:00:00+00:00,116.9824,117.2274,115.7602,115.8831,4737.0
2024-02-15 15:30:00+00:00,115.8831,115.9831,112.82,114.0576,18619.0
2024-02-15 16:00:00+00:00,114.0576,114.73,112.9354,114.6352,7442.0
2024-02-15 16:30:00+00:00,114.6352,115.2439,114.1967,114.337,4037.0
2024-02-15 17:00:00+00:00,114.337,114.6511,113.75,114.2281,2120.0
2024-02-15 17:30:00+00:00,114.2281,114.3024,113.4244,113.513,2510.0
2024-02-15 18:00:00+00:00,113.513,114.232,113.2052,114.0373,2635.0
2024-02-15 18:30:00+00:00,114.0373,114.1214,113.5801,113.8107,1822.0
2024-02-15 19:00:00+00:00,113.8107,113.9724,113.3346,113.4955,1764.0
2024-02-15 19:30:00+00:00,113.4955,114.5738,113.4002,114.153,2568.0
2024-02-15 20:00:00+00:00,114.153,114.5813,113.4362,113.8285,2147.0
2024-02-15 20:30:00+00:00,113.8285,114.2771,113.2,113.2059,2463.0
2024-02-15 21:00:00+00:00,113.2059,113.8997,112.3612,113.424,5059.0
2024-02-15 21:30:00+00:00,113.424,113.5485,111.7501,112.0069,7061.0
2024-02-15 22:00:00+00:00,112.0069,113.2259,111.9687,112.8184,4084.0
2024-02-15 22:30:00+00:00,112.8184,113.1603,111.6688,112.1711,2751.0
2024-02-15 23:00:00+00:00,112.1711,113.3702,112.0155,113.3646,2576.0
2024-02-15 23:30:00+00:00,113.3646,113.8715,113.2369,113.6788,2019.0
2024-02-16 00:00:00+00:00,113.6788,113.8998,112.1679,112.6301,3274.0
2024-02-16 00:30:00+00:00,112.6301,113.6332,112.3814,113.5002,1617.0
2024-02-16 01:00:00+00:00,113.5002,113.7,112.6319,113.5315,1524.0
2024-02-16 01:30:00+00:00,113.5315,113.7644,113.0392,113.6467,1140.0
2024-02-16 02:00:00+00:00,113.6467,114.027,113.151,113.7205,1517.0
2024-02-16 02:30:00+00:00,113.7205,114.3,113.6701,114.2602,1335.0
2024-02-16 03:00:00+00:00,114.2602,114.4755,113.7424,113.792,1359.0
2024-02-16 03:30:00+00:00,113.792,114.1303,113.6007,114.024,863.0
2024-02-16 04:00:00+00:00,114.024,114.1816,113.7606,113.7808,1054.0
2024-02-16 04:30:00+00:00,113.7808,113.7808,113.207,113.4611,892.0
2024-02-16 05:00:00+00:00,113.4611,113.4996,113.1043,113.3446,870.0
2024-02-16 05:30:00+00:00,113.3446,113.5747,113.1158,113.3241,960.0
2024-02-16 06:00:00+00:00,113.3241,113.5852,112.95,113.5852,1657.0
2024-02-16 06:30:00+00:00,113.5852,113.5986,112.5203,112.7126,1848.0
2024-02-16 07:00:00+00:00,112.7126,112.9002,112.1416,112.2589,2256.0
2024-02-16 07:30:00+00:00,112.2589,112.3287,111.2624,111.5836,5211.0
2024-02-16 08:00:00+00:00,111.5836,112.2652,111.3187,111.7502,2467.0
2024-02-16 08:30:00+00:00,111.7502,112.0754,110.8843,111.3034,4115.0
2024-02-16 09:00:00+00:00,111.3034,111.489,109.8893,111.1012,9168.0
2024-02-16 09:30:00+00:00,111.1012,111.6903,110.9184,111.3699,2336.0
2024-02-16 10:00:00+00:00,111.3699,111.9185,110.9723,111.7122,2784.0
2024-02-16 10:30:00+00:00,111.7122,112.6213,111.6808,112.5379,3368.0
2024-02-16 11:00:00+00:00,112.5379,112.7025,112.1467,112.4444,2277.0
2024-02-16 11:30:00+00:00,112.4444,112.8556,111.983,112.2611,2663.0
2024-02-16 12:00:00+00:00,112.2611,112.6467,111.7658,112.5185,2065.0
2024-02-16 12:30:00+00:00,112.5185,113.3766,112.5182,113.1669,3236.0
2024-02-16 13:00:00+00:00,113.1669,113.271,112.7,112.8545,2461.0
2024-02-16 13:30:00+00:00,112.8545,112.8709,111.7342,112.3955,3963.0
2024-02-16 14:00:00+00:00,112.3955,112.6082,110.6994,111.1685,5757.0
2024-02-16 14:30:00+00:00,111.1685,111.6366,109.2095,109.9464,11182.0
2024-02-16 15:00:00+00:00,109.9464,109.9464,107.7687,108.9213,14190.0
2024-02-16 15:30:00+00:00,108.9213,109.8979,108.7137,109.8189,4235.0
2024-02-16 16:00:00+00:00,109.8189,110.5988,109.3863,110.1281,4903.0
2024-02-16 16:30:00+00:00,110.1281,110.1281,108.92,109.4681,4353.0
2024-02-16 17:00:00+00:00,109.4681,109.6176,108.7975,109.346,2967.0
2024-02-16 17:30:00+00:00,109.346,109.3918,108.9404,109.0953,1791.0
2024-02-16 18:00:00+00:00,109.0953,109.2456,108.3433,109.1355,3314.0
2024-02-16 18:30:00+00:00,109.1355,109.5536,108.6824,109.3534,1558.0
2024-02-16 19:00:00+00:00,109.3534,109.894,109.1304,109.6127,2164.0
2024-02-16 19:30:00+00:00,109.6127,109.6325,108.3939,108.7833,3015.0
2024-02-16 20:00:00+00:00,108.7833,109.4348,108.4959,109.29,2259.0
2024-02-16 20:30:00+00:00,109.29,109.6569,109.189,109.6194,1635.0
2024-02-16 21:00:00+00:00,109.6194,109.7177,109.0462,109.4975,1702.0
2024-02-16 21:30:00+00:00,109.4975,109.9789,109.4431,109.5831,2145.0
2024-02-16 22:00:00+00:00,109.5831,109.7094,109.2596,109.2891,1393.0
2024-02-16 22:30:00+00:00,109.2891,109.9416,109.2336,109.8924,1295.0
2024-02-16 23:00:00+00:00,109.8924,110.4,109.7375,110.3227,1853.0
2024-02-16 23:30:00+00:00,110.3227,110.8863,110.1888,110.4662,2168.0
2024-02-17 00:00:00+00:00,110.4662,110.8701,110.2156,110.6839,2105.0
2024-02-17 00:30:00+00:00,110.6839,111.2102,110.5956,110.6598,1883.0
2024-02-17 01:00:00+00:00,110.6598,110.9632,110.0232,110.179,1502.0
2024-02-17 01:30:00+00:00,110.179,110.3519,109.2891,109.9582,2103.0
2024-02-17 02:00:00+00:00,109.9582,110.1012,109.5986,109.7115,1228.0
2024-02-17 02:30:00+00:00,109.7115,110.0692,109.3795,109.8281,1018.0
2024-02-17 03:00:00+00:00,109.8281,110.2151,109.2428,109.4279,1086.0
2024-02-17 03:30:00+00:00,109.4279,110.0669,109.4279,110.0669,677.0
2024-02-17 04:00:00+00:00,110.0669,110.0833,109.4756,109.628,942.0
2024-02-17 04:30:00+00:00,109.628,110.0402,109.4529,109.4708,933.0
2024-02-17 05:00:00+00:00,109.4708,109.569,108.7249,109.2817,2124.0
2024-02-17 05:30:00+00:00,109.2817,109.6235,109.1883,109.5989,945.0
2024-02-17 06:00:00+00:00,109.5989,109.95,109.5443,109.837,947.0
2024-02-17 06:30:00+00:00,109.837,109.9,109.4298,109.7291,799.0
2024-02-17 07:00:00+00:00,109.7291,110.0101,109.6691,109.9126,976.0
2024-02-17 07:30:00+00:00,109.9126,110.598,109.8261,110.4892,1834.0
2024-02-17 08:00:00+00:00,110.4892,110.9975,110.1623,110.2533,2531.0
2024-02-17 08:30:00+00:00,110.2533,110.3755,109.2,109.3881,3181.0
2024-02-17 09:00:00+00:00,109.3881,109.6547,108.6267,108.9285,2801.0
2024-02-17 09:30:00+00:00,108.9285,109.1809,108.7466,108.8304,1308.0
2024-02-17 10:00:00+00:00,108.8304,109.1848,108.5,108.9698,2296.0
2024-02-17 10:30:00+00:00,108.9698,109.4985,108.9214,109.4984,1767.0
2024-02-17 11:00:00+00:00,109.4984,109.931,109.3134,109.3172,1949.0
2024-02-17 11:30:00+00:00,109.3172,109.7798,109.2496,109.499,1005.0
2024-02-17 12:00:00+00:00,109.499,109.7085,109.1201,109.4286,1207.0
2024-02-17 12:30:00+00:00,109.4286,109.5679,109.0828,109.106,1268.0
2024-02-17 13:00:00+00:00,109.106,109.1278,106.7511,107.3605,12810.0
2024-02-17 13:30:00+00:00,107.3605,107.6747,106.7497,106.9827,5958.0
2024-02-17 14:00:00+00:00,106.9827,107.3107,106.5,106.8694,4406.0
2024-02-17 14:30:00+00:00,106.8694,106.9999,105.4266,106.9808,12308.0
2024-02-17 15:00:00+00:00,106.9808,107.2153,106.3335,107.1836,3355.0
2024-03-05 07:00:00+00:00,132.0425,132.249,130.5,130.7057,5467.0
2024-03-05 07:30:00+00:00,130.7057,130.808,129.56,129.5616,8155.3
2024-03-05 08:00:00+00:00,129.5616,130.7274,129.0169,129.9654,7413.0
2024-03-05 08:30:00+00:00,129.9654,130.9004,129.5176,130.4238,5226.4
2024-03-05 09:00:00+00:00,130.4238,130.9494,130.1035,130.9108,3052.1
2024-03-05 09:30:00+00:00,130.9108,130.9108,129.6192,130.37,3518.1
2024-03-05 10:00:00+00:00,130.37,131.6286,130.37,131.5048,5389.4
2024-03-05 10:30:00+00:00,131.5048,132.5423,131.217,131.76,8565.1
2024-03-05 11:00:00+00:00,131.76,132.4286,131.5872,132.1189,5138.1
2024-03-05 11:30:00+00:00,132.1189,132.1492,130.9072,130.9463,4754.6
2024-03-05 12:00:00+00:00,130.9463,132.2864,130.9463,131.9408,5989.8
2024-03-05 12:30:00+00:00,131.9408,132.4365,131.8153,132.4363,3588.8
2024-03-05 13:00:00+00:00,132.4363,133.2492,132.0083,132.3177,10181.6
2024-03-05 13:30:00+00:00,132.3177,133.2514,131.5782,132.8499,6624.1
2024-03-05 14:00:00+00:00,132.8499,133.1111,131.7505,132.3226,9393.6
2024-03-05 14:30:00+00:00,132.3226,138.7348,132.1933,137.1817,46480.1
2024-03-05 15:00:00+00:00,137.1817,139.8986,134.2743,137.2834,59801.4
2024-03-05 15:30:00+00:00,137.2834,142.8641,135.4597,139.2807,61360.8
2024-03-05 16:00:00+00:00,139.2807,140.9703,130.647,135.8906,74838.3
2024-03-05 16:30:00+00:00,135.8906,136.0217,131.3383,133.2808,29111.0
2024-03-05 17:00:00+00:00,133.2808,133.43,128.0,130.9412,36131.6
2024-03-05 17:30:00+00:00,130.9412,136.07,130.6205,135.2791,22222.2
2024-03-05 18:00:00+00:00,135.2791,135.3291,132.5203,132.8822,13364.2
2024-03-05 18:30:00+00:00,132.8822,134.3055,130.4639,131.2379,15548.2
2024-03-05 19:00:00+00:00,131.2379,133.0011,130.2774,131.1445,15440.9
2024-03-05 19:30:00+00:00,131.1445,131.3447,103.25,119.414,138664.5
2024-03-05 20:00:00+00:00,119.414,123.812,117.1329,122.0354,46460.9
2024-03-05 20:30:00+00:00,122.0354,122.2801,116.005,118.4098,31362.1
2024-03-05 21:00:00+00:00,118.4098,123.337,118.2033,123.2584,23422.5
2024-03-05 21:30:00+00:00,123.2584,123.2584,120.5943,121.3975,14792.9
2024-03-05 22:00:00+00:00,121.3975,121.5664,118.1984,119.9629,13887.6
2024-03-05 22:30:00+00:00,119.9629,122.1629,119.5046,122.111,9490.4
2024-03-05 23:00:00+00:00,122.111,126.4059,121.6532,126.3567,13092.1
2024-03-05 23:30:00+00:00,126.3567,127.6252,125.2248,125.493,14004.2
2024-03-06 00:00:00+00:00,125.493,127.0883,125.3263,126.3665,6958.8
2024-03-06 00:30:00+00:00,126.3665,126.7896,123.5,123.7909,10417.0
2024-03-06 01:00:00+00:00,123.7909,125.0376,123.0926,123.187,6592.8
2024-03-06 01:30:00+00:00,123.187,123.8011,121.7781,122.2685,7603.4
2024-03-06 02:00:00+00:00,122.2685,122.8725,121.3441,121.3441,4271.0
2024-03-06 02:30:00+00:00,121.3441,122.1395,119.7581,120.2086,7782.1
2024-03-06 03:00:00+00:00,120.2086,122.6026,120.1995,122.4191,4069.1
2024-03-06 03:30:00+00:00,122.4191,122.8087,122.0661,122.5,2822.7
2024-03-06 04:00:00+00:00,122.5,123.3841,122.3739,123.0563,4614.2
2024-03-06 04:30:00+00:00,123.0563,126.3142,122.7615,126.2407,4993.5
2024-03-06 05:00:00+00:00,126.2407,128.0141,125.1027,127.7116,14149.4
2024-03-06 05:30:00+00:00,127.7116,129.9524,126.8816,129.8014,11033.8
2024-03-06 06:00:00+00:00,129.8014,133.1299,129.438,130.9069,18506.6
2024-03-06 06:30:00+00:00,130.9069,133.3498,130.2973,132.4464,8808.0
2024-03-06 07:00:00+00:00,132.4464,133.3,131.109,132.6276,9438.9
2024-03-06 07:30:00+00:00,132.6276,133.664,132.003,133.3943,8566.8
2024-03-06 08:00:00+00:00,133.3943,135.3494,132.386,134.3634,15142.9
2024-03-06 08:30:00+00:00,134.3634,135.0328,131.91,132.423,15381.8
2024-03-06 09:00:00+00:00,132.423,133.186,131.7698,132.5126,7252.2
2024-03-06 09:30:00+00:00,132.5126,132.5126,129.2228,129.4498,13821.9
2024-03-06 10:00:00+00:00,129.4498,131.5147,129.4498,130.5354,8065.0
2024-03-06 10:30:00+00:00,130.5354,131.588,130.3775,131.0468,5533.6
2024-03-06 11:00:00+00:00,131.0468,133.0313,130.8,132.9473,7356.7
2024-03-06 11:30:00+00:00,132.9473,133.05,131.4487,132.1114,6594.8
2024-03-06 12:00:00+00:00,132.1114,132.5633,129.9248,130.8094,9173.7
2024-03-06 12:30:00+00:00,130.8094,130.8094,127.0524,128.2814,27943.0
2024-03-06 13:00:00+00:00,128.2814,129.2775,126.3517,127.2191,22382.3
2024-03-06 13:30:00+00:00,127.2191,128.8054,126.6667,128.3104,10689.2
2024-03-06 14:00:00+00:00,128.3104,129.8,127.841,128.1001,10266.1
2024-03-06 14:30:00+00:00,128.1001,128.9868,126.5,127.3869,11840.3
2024-03-06 15:00:00+00:00,127.3869,128.1348,125.1353,127.6968,16443.3
2024-03-06 15:30:00+00:00,127.6968,129.1945,127.6439,128.492,7056.7
2024-03-06 16:00:00+00:00,128.492,130.0273,128.4493,130.0193,6298.6
2024-03-06 16:30:00+00:00,130.0193,130.0222,128.2871,129.577,5148.7
2024-03-06 17:00:00+00:00,129.577,129.6,128.6055,129.1489,3118.2
2024-03-06 17:30:00+00:00,129.1489,130.6934,129.1349,130.3177,5850.4
2024-03-06 18:00:00+00:00,130.3177,130.7484,129.3087,129.6327,7931.8
2024-03-06 18:30:00+00:00,129.6327,130.6372,128.5536,130.5806,6242.1
2024-03-06 19:00:00+00:00,130.5806,132.2722,129.6933,132.2647,6347.4
2024-03-06 19:30:00+00:00,132.2647,132.4308,130.7567,131.1975,7751.9
2024-03-06 20:00:00+00:00,131.1975,132.032,130.4698,130.9896,6902.3
2024-03-06 20:30:00+00:00,130.9896,131.8175,130.4341,131.7337,3459.5
2024-03-06 21:00:00+00:00,131.7337,132.0,130.8888,131.7522,4469.6
2024-03-06 21:30:00+00:00,131.7522,132.6688,131.5342,132.4966,5861.0
2024-03-06 22:00:00+00:00,132.4966,132.5844,131.5661,132.2182,9203.1
2024-03-06 22:30:00+00:00,132.2182,132.3664,130.43,130.7722,7182.6
2024-03-06 23:00:00+00:00,130.7722,132.3765,130.4289,131.5698,4917.5
2024-03-06 23:30:00+00:00,131.5698,132.0172,130.5729,131.0797,4191.5
2024-03-07 00:00:00+00:00,131.0797,132.6591,130.77,131.1733,5946.1
2024-03-07 00:30:00+00:00,131.1733,135.1,131.1733,134.7444,10787.1
2024-03-07 01:00:00+00:00,134.7444,135.4843,132.5396,134.3691,12925.6
2024-03-07 01:30:00+00:00,134.3691,137.5889,133.4014,137.5499,8798.4
2024-03-07 02:00:00+00:00,137.5499,140.2021,136.8776,137.4643,18602.1
2024-03-07 02:30:00+00:00,137.4643,141.3345,136.2403,141.1716,14641.7
2024-03-07 03:00:00+00:00,141.1716,141.7915,139.4053,139.5079,12679.0
2024-03-07 03:30:00+00:00,139.5079,140.0782,137.8224,138.2397,9855.1
2024-03-07 04:00:00+00:00,138.2397,139.7476,137.5389,138.8216,9670.7
2024-03-07 04:30:00+00:00,138.8216,140.1614,137.6464,138.064,6208.5
2024-03-07 05:00:00+00:00,138.064,139.7941,138.0025,138.7306,6675.4
2024-03-07 05:30:00+00:00,138.7306,138.9167,135.9107,137.3636,13306.7
2024-03-07 06:00:00+00:00,137.3636,138.5957,136.0508,138.1534,9850.8
2024-03-07 06:30:00+00:00,138.1534,139.0842,137.8139,139.0842,5225.5
2024-03-07 07:00:00+00:00,139.0842,139.7823,138.19,138.6914,7471.3
2024-03-07 07:30:00+00:00,138.6914,139.2691,137.4,138.3321,10252.5
2024-03-07 08:00:00+00:00,138.3321,140.2479,138.1837,139.9031,9408.8
2024-03-07 08:30:00+00:00,139.9031,141.3383,139.3,141.0264,11495.9
2024-03-07 09:00:00+00:00,141.0264,141.851,139.9041,140.1256,16457.6
2024-03-07 09:30:00+00:00,140.1256,141.0112,139.6771,139.8883,7782.1
2024-03-07 10:00:00+00:00,139.8883,140.9636,139.822,140.1283,5233.9
2024-03-07 10:30:00+00:00,140.1283,140.1949,138.9612,139.0539,7288.6
2024-03-07 11:00:00+00:00,139.0539,144.3208,138.381,143.8804,36854.8
2024-03-07 11:30:00+00:00,143.8804,144.68,139.5238,140.5791,33960.9
2024-03-07 12:00:00+00:00,140.5791,142.9451,139.3456,142.3151,15021.4
2024-03-07 12:30:00+00:00,142.3151,143.7562,141.2249,142.9515,18109.0
2024-03-07 13:00:00+00:00,142.9515,143.0861,141.7123,142.9372,11356.0
2024-03-07 13:30:00+00:00,142.9372,145.3738,142.7418,144.881,26923.4
2024-03-07 14:00:00+00:00,144.881,147.9393,143.8993,146.888,35574.2
2024-03-07 14:30:00+00:00,146.888,149.4235,143.9026,148.2192,55970.0
2024-03-07 15:00:00+00:00,148.2192,148.2192,145.2789,146.1618,26250.6
2024-03-07 15:30:00+00:00,146.1618,149.2682,145.7158,145.9306,24734.5
2024-03-07 16:00:00+00:00,145.9306,147.6948,145.9306,147.0551,15029.8
2024-03-07 16:30:00+00:00,147.0551,147.6489,145.983,147.5566,12266.0
2024-03-07 17:00:00+00:00,147.5566,147.6364,146.5504,147.1841,8557.6
2024-03-07 17:30:00+00:00,147.1841,147.7748,146.6663,147.0366,8292.9
2024-03-07 18:00:00+00:00,147.0366,147.1155,145.5082,145.8792,11870.1
2024-03-07 18:30:00+00:00,145.8792,149.23,145.5412,149.104,15678.3
2024-03-07 19:00:00+00:00,149.104,149.6,147.4521,148.5487,13839.7
2024-03-07 19:30:00+00:00,148.5487,149.4342,148.3191,148.9924,9489.8
2024-03-07 20:00:00+00:00,148.9924,149.2349,148.2303,149.0,7534.9
2024-03-07 20:30:00+00:00,149.0,149.0724,146.8357,147.0074,15539.7
2024-03-07 21:00:00+00:00,147.0074,147.3765,145.0402,145.5543,14863.3
2024-03-07 21:30:00+00:00,145.5543,146.4174,144.5289,145.5192,9877.2
2024-03-07 22:00:00+00:00,145.5192,146.4261,145.2454,145.8616,7020.2
2024-03-07 22:30:00+00:00,145.8616,145.8616,144.6834,145.1531,5649.4
2024-03-07 23:00:00+00:00,145.1531,145.8947,144.6986,144.9611,4474.6
2024-03-07 23:30:00+00:00,144.9611,145.4979,143.5601,144.0192,10482.9
2024-03-08 00:00:00+00:00,144.0192,146.1228,144.0192,145.7747,7803.4
2024-03-08 00:30:00+00:00,145.7747,146.5591,145.0171,145.9532,5778.3
2024-03-08 01:00:00+00:00,145.9532,146.9031,144.7255,144.759,7170.1
2024-03-08 01:30:00+00:00,144.759,145.4956,143.0719,145.0793,9661.5
2024-03-08 02:00:00+00:00,145.0793,145.8997,144.8555,145.7213,5249.2
2024-03-08 02:30:00+00:00,145.7213,146.1634,144.9743,145.3064,4829.8
2024-03-08 03:00:00+00:00,145.3064,145.547,144.1539,145.2112,4795.6
2024-03-08 03:30:00+00:00,145.2112,145.4803,144.3834,144.5405,4131.8
2024-03-08 04:00:00+00:00,144.5405,145.2511,144.2529,145.1169,3517.6
2024-03-08 04:30:00+00:00,145.1169,145.1476,143.48,144.6073,4762.8
2024-03-08 05:00:00+00:00,144.6073,144.9273,144.0534,144.2413,3652.9
2024-03-08 05:30:00+00:00,144.2413,144.3876,141.708,143.128,13205.7
2024-03-08 06:00:00+00:00,143.128,144.3636,142.52,143.8851,6789.4
2024-03-08 06:30:00+00:00,143.8851,145.4545,143.7708,145.4448,6108.9
2024-03-08 07:00:00+00:00,145.4448,145.9592,144.8709,145.1843,5266.0
2024-03-08 07:30:00+00:00,145.1843,145.9451,144.5957,144.7901,5443.7
2024-03-08 08:00:00+00:00,144.7901,145.5671,144.5958,145.0377,3285.2
2024-03-08 08:30:00+00:00,145.0377,146.664,145.0377,146.1517,7807.0
2024-03-08 09:00:00+00:00,146.1517,146.8078,145.694,146.2678,4204.0
2024-03-08 09:30:00+00:00,146.2678,146.974,145.3412,145.6705,7670.5
2024-03-08 10:00:00+00:00,145.6705,146.9634,145.4238,146.7903,4247.2
2024-03-08 10:30:00+00:00,146.7903,147.4684,146.4107,146.5429,5324.9
2024-03-08 11:00:00+00:00,146.5429,147.6364,146.0,147.2818,6763.6
2024-03-08 11:30:00+00:00,147.2818,149.4271,146.8771,149.1668,12007.1
2024-03-08 12:00:00+00:00,149.1668,150.1894,148.5503,149.7277,23096.8
2024-03-08 12:30:00+00:00,149.7277,149.815,148.4399,149.1945,13205.0
2024-03-08 13:00:00+00:00,149.1945,150.1706,147.5541,148.2434,13872.6
2024-03-08 13:30:00+00:00,148.2434,150.3343,147.8556,149.1162,13270.5
2024-03-08 14:00:00+00:00,149.1162,150.1588,148.4167,149.5034,12802.1
2024-03-08 14:30:00+00:00,149.5034,153.0799,149.2506,151.9525,22343.8
2024-03-08 15:00:00+00:00,151.9525,152.6773,149.4343,149.6936,26949.4
2024-03-08 15:30:00+00:00,149.6936,151.1239,142.1502,145.5645,83086.0
2024-03-08 16:00:00+00:00,145.5645,146.7488,142.1804,145.1269,54930.4
2024-03-08 16:30:00+00:00,145.1269,148.9729,144.0669,148.696,24123.8
2024-03-08 17:00:00+00:00,148.696,149.1888,146.8734,148.1705,12473.9
2024-03-08 17:30:00+00:00,148.1705,151.0,147.5646,149.8348,17589.9
2024-03-08 18:00:00+00:00,149.8348,150.2151,148.6261,148.753,9892.0
2024-03-08 18:30:00+00:00,148.753,148.9942,147.6824,148.3204,8679.3
2024-03-08 19:00:00+00:00,148.3204,148.6521,145.7963,147.049,12271.3
2024-03-08 19:30:00+00:00,147.049,148.2591,146.4976,148.2039,6276.2
2024-03-08 20:00:00+00:00,148.2039,149.333,147.2851,147.4144,8713.2
2024-03-08 20:30:00+00:00,147.4144,147.7448,146.2603,146.9041,7606.0
2024-03-08 21:00:00+00:00,146.9041,147.4466,145.2531,145.429,9950.3
2024-03-08 21:30:00+00:00,145.429,145.505,143.4112,144.4069,16255.4
2024-03-08 22:00:00+00:00,144.4069,145.3812,143.9232,145.2072,9441.5
2024-03-08 22:30:00+00:00,145.2072,145.285,144.093,144.2987,6029.2
2024-03-08 23:00:00+00:00,144.2987,146.142,144.0726,145.4762,5265.7
2024-03-08 23:30:00+00:00,145.4762,145.6518,144.6308,145.0697,4330.8
2024-03-09 00:00:00+00:00,145.0697,146.3979,144.8731,146.325,4803.3
2024-03-09 00:30:00+00:00,146.325,147.3559,145.2375,146.3574,5987.9
2024-03-09 01:00:00+00:00,146.3574,146.536,144.7618,146.0661,5027.2
2024-03-09 01:30:00+00:00,146.0661,146.1225,145.0823,145.3807,3029.5
2024-03-09 02:00:00+00:00,145.3807,146.0837,144.7,146.0837,4047.0
2024-03-09 02:30:00+00:00,146.0837,146.8983,145.4412,146.654,4710.1
2024-03-09 03:00:00+00:00,146.654,146.7153,145.942,146.3973,2300.0
2024-03-09 03:30:00+00:00,146.3973,146.4675,145.8487,146.1331,1511.5
2024-03-09 04:00:00+00:00,146.1331,146.9126,145.6264,146.7636,2698.5
2024-03-09 04:30:00+00:00,146.7636,147.2677,146.6515,147.1515,2712.3
2024-03-09 05:00:00+00:00,147.1515,147.5422,146.5893,147.1849,3727.1
2024-03-09 05:30:00+00:00,147.1849,148.6576,147.1415,148.4999,4080.9
2024-03-09 06:00:00+00:00,148.4999,149.263,148.2692,149.0943,5474.4
2024-03-09 06:30:00+00:00,149.0943,149.487,148.4119,149.1176,6620.7
2024-03-09 07:00:00+00:00,149.1176,149.4613,148.2734,148.294,6335.2
2024-03-09 07:30:00+00:00,148.294,149.2342,148.294,148.5532,3241.2
2024-03-09 08:00:00+00:00,148.5532,148.9694,148.0357,148.8472,3863.1
2024-03-09 08:30:00+00:00,148.8472,148.8472,147.224,147.4578,5677.9
2024-03-09 09:00:00+00:00,147.4578,148.75,147.3933,148.4265,4858.8
2024-03-09 09:30:00+00:00,148.4265,148.4754,146.8,147.2506,7264.9
2024-03-09 10:00:00+00:00,147.2506,147.5904,145.0385,146.2435,10718.6
2024-03-09 10:30:00+00:00,146.2435,147.4629,146.2211,147.1359,6629.3
2024-03-26 02:30:00+00:00,191.1523,191.9786,190.6207,191.9051,5170.3
2024-03-26 03:00:00+00:00,191.9051,191.9477,190.9268,191.5806,2847.7
2024-03-26 03:30:00+00:00,191.5806,192.2785,191.2,191.8183,4402.2
2024-03-26 04:00:00+00:00,191.8183,192.5623,191.4581,192.1476,3468.4
2024-03-26 04:30:00+00:00,192.1476,194.3826,192.0914,194.2067,9926.9
2024-03-26 05:00:00+00:00,194.2067,196.2711,193.5421,195.1551,22373.6
2024-03-26 05:30:00+00:00,195.1551,196.1,194.6361,195.0199,10072.7
2024-03-26 06:00:00+00:00,195.0199,195.161,193.6421,194.5069,12181.9
2024-03-26 06:30:00+00:00,194.5069,195.9449,194.4724,195.7968,11215.1
2024-03-26 07:00:00+00:00,195.7968,197.0,194.9017,196.6339,16354.5
2024-03-26 07:30:00+00:00,196.6339,196.6738,193.9377,194.2883,18198.3
2024-03-26 08:00:00+00:00,194.2883,195.0379,191.9698,193.9488,18861.4
2024-03-26 08:30:00+00:00,193.9488,195.2197,193.0121,194.7222,6649.3
2024-03-26 09:00:00+00:00,194.7222,195.5,194.0824,195.0888,5859.3
2024-03-26 09:30:00+00:00,195.0888,195.9386,194.261,195.5286,10905.0
2024-03-26 10:00:00+00:00,195.5286,196.4507,194.8667,195.2753,11760.8
2024-03-26 10:30:00+00:00,195.2753,196.3472,194.9087,195.8789,8647.5
2024-03-26 11:00:00+00:00,195.8789,196.2324,194.572,195.2523,11866.0
2024-03-26 11:30:00+00:00,195.2523,196.1,194.8,194.9601,7870.0
2024-03-26 12:00:00+00:00,194.9601,195.3754,193.4296,194.8697,12218.8
2024-03-26 12:30:00+00:00,194.8697,195.58,194.2301,195.1713,5227.1
2024-03-26 13:00:00+00:00,195.1713,195.5526,193.9,194.3348,5091.0
2024-03-26 13:30:00+00:00,194.3348,194.6041,191.7992,192.9533,18686.0
2024-03-26 14:00:00+00:00,192.9533,193.6396,189.883,190.4844,22504.8
2024-03-26 14:30:00+00:00,190.4844,192.7209,189.0207,192.3265,29129.5
2024-03-26 15:00:00+00:00,192.3265,192.397,189.8982,190.8672,12537.4
2024-03-26 15:30:00+00:00,190.8672,191.6681,190.0119,190.7721,8252.9
2024-03-26 16:00:00+00:00,190.7721,192.0,187.0216,188.5417,24960.6
2024-03-26 16:30:00+00:00,188.5417,189.0001,186.3834,187.5812,17267.6
2024-03-26 17:00:00+00:00,187.5812,189.1025,186.1436,188.8897,12181.3
2024-03-26 17:30:00+00:00,188.8897,189.3118,188.4399,188.926,7604.1
2024-03-26 18:00:00+00:00,188.926,189.8905,188.7444,189.746,5624.8
2024-03-26 18:30:00+00:00,189.746,191.4743,189.3778,189.4589,11791.3
2024-03-26 19:00:00+00:00,189.4589,189.6042,187.5374,188.4519,11920.5
2024-03-26 19:30:00+00:00,188.4519,189.4268,188.2927,188.5291,4588.2
2024-03-26 20:00:00+00:00,188.5291,189.863,188.4408,189.4269,3444.6
2024-03-26 20:30:00+00:00,189.4269,190.4037,188.5984,190.2302,4339.6
2024-03-26 21:00:00+00:00,190.2302,191.5661,189.8278,191.4379,6187.0
2024-03-26 21:30:00+00:00,191.4379,192.7336,191.0469,191.4393,9700.2
2024-03-26 22:00:00+00:00,191.4393,191.9441,190.0182,190.6244,5971.5
2024-03-26 22:30:00+00:00,190.6244,192.6793,190.2268,192.4525,6139.3
2024-03-26 23:00:00+00:00,192.4525,192.8064,191.7118,191.9489,6557.8
2024-03-26 23:30:00+00:00,191.9489,191.9891,190.603,190.6935,3514.7
2024-03-27 00:00:00+00:00,190.6935,190.7312,188.9135,190.5853,8272.0
2024-03-27 00:30:00+00:00,190.5853,192.6632,190.1831,192.6315,6773.1
2024-03-27 01:00:00+00:00,192.6315,192.8531,191.6865,191.7594,5233.3
2024-03-27 01:30:00+00:00,191.7594,192.267,190.3319,190.636,5617.2
2024-03-27 02:00:00+00:00,190.636,191.1358,189.6,190.6818,5680.2
2024-03-27 02:30:00+00:00,190.6818,191.9907,190.55,191.9225,4638.8
2024-03-27 03:00:00+00:00,191.9225,191.9331,190.3882,190.8261,5423.2
2024-03-27 03:30:00+00:00,190.8261,190.9985,190.0984,190.2537,2882.0
2024-03-27 04:00:00+00:00,190.2537,190.7661,190.1514,190.2159,2520.5
2024-03-27 04:30:00+00:00,190.2159,190.5806,188.7834,189.4363,4899.9
2024-03-27 05:00:00+00:00,189.4363,190.0,189.0099,189.1859,4637.6
2024-03-27 05:30:00+00:00,189.1859,190.6731,189.1859,190.5175,3715.5
2024-03-27 06:00:00+00:00,190.5175,190.8416,189.8305,190.1802,2097.3
2024-03-27 06:30:00+00:00,190.1802,190.2125,189.3086,189.8387,2706.6
2024-03-27 07:00:00+00:00,189.8387,189.9289,187.0,187.1855,11368.7
2024-03-27 07:30:00+00:00,187.1855,187.7648,186.3409,187.2562,16227.4
2024-03-27 08:00:00+00:00,187.2562,188.0,186.9708,187.6702,6922.7
2024-03-27 08:30:00+00:00,187.6702,187.7,185.0562,185.0562,16232.2
2024-03-27 09:00:00+00:00,185.0562,185.8663,183.4797,185.6699,24307.8
2024-03-27 09:30:00+00:00,185.6699,186.6944,185.212,186.3444,12297.2
2024-03-27 10:00:00+00:00,186.3444,187.2395,185.9498,187.151,5081.1
2024-03-27 10:30:00+00:00,187.151,187.2784,186.0257,186.8221,9540.5
2024-03-27 11:00:00+00:00,186.8221,187.3867,186.2592,186.9716,6841.3
2024-03-27 11:30:00+00:00,186.9716,188.8,186.5796,188.7685,11398.9
2024-03-27 12:00:00+00:00,188.7685,189.0433,187.1755,187.5971,7031.9
2024-03-27 12:30:00+00:00,187.5971,187.7765,186.2936,187.3642,7926.0
2024-03-27 13:00:00+00:00,187.3642,191.5515,187.3642,190.3043,25068.1
2024-03-27 13:30:00+00:00,190.3043,190.8328,185.4222,185.799,36220.6
2024-03-27 14:00:00+00:00,185.799,186.3579,180.85,184.5594,65062.9
2024-03-27 14:30:00+00:00,184.5594,186.4573,183.945,185.4209,11530.7
2024-03-27 15:00:00+00:00,185.4209,185.7797,181.9243,182.1871,15398.0
2024-03-27 15:30:00+00:00,182.1871,183.46,181.2905,181.364,9026.4
2024-03-27 16:00:00+00:00,181.364,182.9753,180.2931,182.7425,16862.2
2024-03-27 16:30:00+00:00,182.7425,183.558,182.2576,183.3332,9063.6
2024-03-27 17:00:00+00:00,183.3332,184.5,182.9598,183.9565,9528.1
2024-03-27 17:30:00+00:00,183.9565,184.1981,182.5845,183.2813,4846.9
2024-03-27 18:00:00+00:00,183.2813,184.0323,182.2759,182.6174,7695.7
2024-03-27 18:30:00+00:00,182.6174,183.3929,181.4,181.669,4776.0
2024-03-27 19:00:00+00:00,181.669,183.3901,181.5479,183.0387,5533.8
2024-03-27 19:30:00+00:00,183.0387,183.2217,182.2709,183.1191,3832.3
2024-03-27 20:00:00+00:00,183.1191,185.0947,182.9555,184.5299,8382.2
2024-03-27 20:30:00+00:00,184.5299,185.4219,184.2346,185.3756,4641.0
2024-03-27 21:00:00+00:00,185.3756,185.6697,184.8051,185.5071,5966.6
2024-03-27 21:30:00+00:00,185.5071,185.5071,184.1761,184.4963,5353.4
2024-03-27 22:00:00+00:00,184.4963,185.6274,184.4533,185.5808,3366.5
2024-03-27 22:30:00+00:00,185.5808,187.2,185.2807,187.0728,6930.6
2024-03-27 23:00:00+00:00,187.0728,187.127,185.3762,185.7226,6072.6
2024-03-27 23:30:00+00:00,185.7226,186.8719,184.7278,186.4355,4707.2
2024-03-28 00:00:00+00:00,186.4355,188.2218,185.555,187.3192,10799.8
2024-03-28 00:30:00+00:00,187.3192,187.3965,185.4108,186.6977,6778.1
2024-03-28 01:00:00+00:00,186.6977,187.2184,184.214,184.4235,5886.0
2024-03-28 01:30:00+00:00,184.4235,185.3639,183.5242,184.5118,4842.4
2024-03-28 02:00:00+00:00,184.5118,185.2221,183.4048,183.4639,5674.5
2024-03-28 02:30:00+00:00,183.4639,183.4639,181.381,182.4082,7489.3
2024-03-28 03:00:00+00:00,182.4082,182.8135,181.2342,181.7854,4586.2
2024-03-28 03:30:00+00:00,181.7854,182.7096,181.1628,182.569,3272.9
2024-03-28 04:00:00+00:00,182.569,183.9007,182.3531,183.8446,3592.1
2024-03-28 04:30:00+00:00,183.8446,184.1413,183.1979,183.8122,2620.3
2024-03-28 05:00:00+00:00,183.8122,184.8748,183.5348,184.6292,4938.1
2024-03-28 05:30:00+00:00,184.6292,184.6404,183.2607,183.904,7380.9
2024-03-28 06:00:00+00:00,183.904,186.5505,183.4424,186.1872,7288.1
2024-03-28 06:30:00+00:00,186.1872,187.2947,185.8871,187.1914,8527.1
2024-03-28 07:00:00+00:00,187.1914,187.2778,186.0727,186.9256,5826.2
2024-03-28 07:30:00+00:00,186.9256,187.7723,186.5873,187.5467,5312.4
2024-03-28 08:00:00+00:00,187.5467,188.6162,186.5947,186.9773,12431.3
2024-03-28 08:30:00+00:00,186.9773,188.2171,186.9079,187.0276,8112.0
2024-03-28 09:00:00+00:00,187.0276,188.4437,186.8942,187.3779,5024.6
2024-03-28 09:30:00+00:00,187.3779,187.9135,186.9461,187.6949,7052.6
2024-03-28 10:00:00+00:00,187.6949,187.8276,185.6577,186.0003,9931.5
2024-03-28 10:30:00+00:00,186.0003,186.9893,185.7649,186.8064,8641.9
2024-03-28 11:00:00+00:00,186.8064,187.3603,185.8352,186.3859,6163.8
2024-03-28 11:30:00+00:00,186.3859,186.6751,184.93,185.5429,9510.0
2024-03-28 12:00:00+00:00,185.5429,186.2621,184.5,184.8594,8317.0
2024-03-28 12:30:00+00:00,184.8594,185.1445,183.321,184.6204,6771.0
2024-03-28 13:00:00+00:00,184.6204,185.4703,183.0155,185.2748,10043.5
2024-03-28 13:30:00+00:00,185.2748,186.5264,184.292,186.4057,12864.6
2024-03-28 14:00:00+00:00,186.4057,187.726,185.4268,186.7898,20657.1
2024-03-28 14:30:00+00:00,186.7898,189.6917,186.7898,189.2116,22598.4
2024-03-28 15:00:00+00:00,189.2116,189.2116,186.1593,186.318,18034.7
2024-03-28 15:30:00+00:00,186.318,188.1073,186.1914,187.5073,10176.4
2024-03-28 16:00:00+00:00,187.5073,187.5907,185.6951,186.6921,12252.3
2024-03-28 16:30:00+00:00,186.6921,186.9259,185.1091,185.6558,7830.9
2024-03-28 17:00:00+00:00,185.6558,185.9211,184.6643,185.5502,9408.0
2024-03-28 17:30:00+00:00,185.5502,185.6844,185.0,185.6616,4167.3
2024-03-28 18:00:00+00:00,185.6616,187.15,185.4651,186.9569,7238.4
2024-03-28 18:30:00+00:00,186.9569,186.9783,185.8301,186.5922,4097.6
2024-03-28 19:00:00+00:00,186.5922,187.3187,186.1818,186.513,7003.6
2024-03-28 19:30:00+00:00,186.513,187.1626,186.465,186.8037,3488.5
2024-03-28 20:00:00+00:00,186.8037,187.738,186.4014,187.3964,14551.2
2024-03-28 20:30:00+00:00,187.3964,188.3684,187.2773,187.7732,5430.2
2024-03-28 21:00:00+00:00,187.7732,189.1171,187.7732,188.9463,9371.4
2024-03-28 21:30:00+00:00,188.9463,188.9463,187.35,187.4901,8859.1
2024-03-28 22:00:00+00:00,187.4901,187.7056,186.4512,187.5029,9975.6
2024-03-28 22:30:00+00:00,187.5029,190.1307,187.3672,190.1307,15524.9
2024-03-28 23:00:00+00:00,190.1307,191.0931,189.192,190.1919,14246.9
2024-03-28 23:30:00+00:00,190.1919,190.4608,189.2376,189.8208,5844.2
2024-03-29 00:00:00+00:00,189.8208,189.8208,188.4612,189.2863,6470.8
2024-03-29 00:30:00+00:00,189.2863,189.3373,187.8531,188.7823,6300.6
2024-03-29 01:00:00+00:00,188.7823,190.5733,188.2771,190.326,7460.2
2024-03-29 01:30:00+00:00,190.326,190.9972,188.6943,188.9427,6175.3
2024-03-29 02:00:00+00:00,188.9427,189.4014,187.8,188.0609,7658.8
2024-03-29 02:30:00+00:00,188.0609,190.4,187.9032,189.3386,9707.5
2024-03-29 03:00:00+00:00,189.3386,190.4665,188.4053,188.7168,7306.7
2024-03-29 03:30:00+00:00,188.7168,189.314,188.2177,188.5705,4307.2
2024-03-29 04:00:00+00:00,188.5705,189.0816,187.5708,188.4908,5983.3
2024-03-29 04:30:00+00:00,188.4908,189.3716,187.4004,187.95,7826.5
2024-03-29 05:00:00+00:00,187.95,188.4053,186.3124,186.6065,8492.3
2024-03-29 05:30:00+00:00,186.6065,186.7253,186.0174,186.351,5837.6
2024-03-29 06:00:00+00:00,186.351,186.9016,185.5726,186.6241,6905.0
2024-03-29 06:30:00+00:00,186.6241,187.0977,186.2126,186.7402,4182.0
2024-03-29 07:00:00+00:00,186.7402,187.2297,185.7416,186.6667,3219.3
2024-03-29 07:30:00+00:00,186.6667,186.7452,183.6,184.1271,15075.5
2024-03-29 08:00:00+00:00,184.1271,185.5043,183.9159,185.4414,8334.3
2024-03-29 08:30:00+00:00,185.4414,186.5866,185.2562,185.7,5908.2
2024-03-29 09:00:00+00:00,185.7,186.3669,185.0732,185.165,6621.0
2024-03-29 09:30:00+00:00,185.165,185.165,183.866,184.09,8261.0
2024-03-29 10:00:00+00:00,184.09,185.4315,183.776,185.1685,5907.9
2024-03-29 10:30:00+00:00,185.1685,185.9864,184.6872,185.8857,6030.8
2024-03-29 11:00:00+00:00,185.8857,186.8557,185.6461,186.4111,6078.8
2024-03-29 11:30:00+00:00,186.4111,186.6296,185.4624,186.0239,6772.9
2024-03-29 12:00:00+00:00,186.0239,186.6905,185.05,185.7996,7415.9
2024-03-29 12:30:00+00:00,185.7996,186.8238,185.619,186.0795,4860.6
2024-03-29 13:00:00+00:00,186.0795,186.7,185.4715,185.8384,4235.4
2024-03-29 13:30:00+00:00,185.8384,187.3056,185.8384,187.1442,8504.6
2024-03-29 14:00:00+00:00,187.1442,188.8017,187.0117,188.1891,11390.5
2024-03-29 14:30:00+00:00,188.1891,189.9633,187.6089,188.4101,15624.1
2024-03-29 15:00:00+00:00,188.4101,189.0385,186.59,187.2754,17837.0
2024-03-29 15:30:00+00:00,187.2754,187.3427,184.0891,185.0446,20701.2
2024-03-29 16:00:00+00:00,185.0446,187.5671,185.0446,186.4583,11314.7
2024-03-29 16:30:00+00:00,186.4583,186.7617,184.6445,185.0455,6199.7
2024-03-29 17:00:00+00:00,185.0455,186.299,184.7707,185.4678,5452.3
2024-03-29 17:30:00+00:00,185.4678,186.5957,185.2244,186.1623,3325.8
2024-03-29 18:00:00+00:00,186.1623,186.5519,185.5153,186.0805,2533.3
2024-03-29 18:30:00+00:00,186.0805,186.6622,185.836,186.4655,2424.5
2024-03-29 19:00:00+00:00,186.4655,186.6364,185.7738,186.4363,2544.0
2024-03-29 19:30:00+00:00,186.4363,188.0,186.0541,187.9519,5082.7
2024-03-29 20:00:00+00:00,187.9519,189.7647,187.604,189.4491,17552.7
2024-03-29 20:30:00+00:00,189.4491,190.0695,188.6251,189.5722,12436.8
2024-03-29 21:00:00+00:00,189.5722,189.7591,187.4506,188.2358,11150.7
2024-03-29 21:30:00+00:00,188.2358,189.4637,187.2955,188.5159,6091.7
2024-03-29 22:00:00+00:00,188.5159,191.9839,188.5055,190.9105,18158.4
2024-03-29 22:30:00+00:00,190.9105,192.3601,190.9104,192.0248,16166.1
2024-03-29 23:00:00+00:00,192.0248,192.8456,191.4393,192.3783,9639.4
2024-03-29 23:30:00+00:00,192.3783,192.5358,191.3495,191.8386,9090.8
2024-03-30 00:00:00+00:00,191.8386,192.017,190.684,191.1142,6581.0
2024-03-30 00:30:00+00:00,191.1142,194.4272,191.1091,193.9542,9588.9
2024-03-30 01:00:00+00:00,193.9542,193.9579,192.5105,192.8895,8596.2
2024-03-30 01:30:00+00:00,192.8895,193.44,191.9292,192.1196,4284.2
2024-03-30 02:00:00+00:00,192.1196,192.4067,191.3193,191.6898,4057.9
2024-03-30 02:30:00+00:00,191.6898,192.2,191.4394,191.8217,2114.5
2024-03-30 03:00:00+00:00,191.8217,192.8846,191.745,192.6039,3963.2
2024-03-30 03:30:00+00:00,192.6039,193.1408,192.056,192.75,3119.6
2024-03-30 04:00:00+00:00,192.75,194.7722,192.3805,194.2392,10078.4
2024-03-30 04:30:00+00:00,194.2392,198.3235,194.1694,198.2,19985.9
2024-03-30 05:00:00+00:00,198.2,199.4803,197.25,197.7971,22551.5
2024-03-30 05:30:00+00:00,197.7971,199.8951,197.5511,198.4979,13456.4
2024-03-30 06:00:00+00:00,198.4979,199.1433,197.7867,198.7074,9274.6
2024-04-15 22:00:00+00:00,138.603,138.603,137.007,138.5148,7773.4
2024-04-15 22:30:00+00:00,138.5148,140.0029,138.264,139.9387,12383.0
2024-04-15 23:00:00+00:00,139.9387,140.284,138.0538,138.2813,5951.6
2024-04-15 23:30:00+00:00,138.2813,138.9969,137.733,138.6682,5451.2
2024-04-16 00:00:00+00:00,138.6682,138.8744,136.7714,137.1147,12160.8
2024-04-16 00:30:00+00:00,137.1147,137.8155,135.4136,137.4972,11783.5
2024-04-16 01:00:00+00:00,137.4972,139.9833,136.9216,139.6836,10035.8
2024-04-16 01:30:00+00:00,139.6836,140.6189,137.0633,137.723,12187.5
2024-04-16 02:00:00+00:00,137.723,138.1073,135.7583,136.0234,9026.2
2024-04-16 02:30:00+00:00,136.0234,138.7477,135.925,137.7419,9432.5
2024-04-16 03:00:00+00:00,137.7419,138.4432,135.909,135.9703,9446.8
2024-04-16 03:30:00+00:00,135.9703,136.253,133.479,134.4551,14153.3
2024-04-16 04:00:00+00:00,134.4551,135.2693,131.6071,132.4802,18925.0
2024-04-16 04:30:00+00:00,132.4802,133.2206,129.9939,132.4329,23815.4
2024-04-16 05:00:00+00:00,132.4329,133.9443,131.7231,133.7247,10868.1
2024-04-16 05:30:00+00:00,133.7247,134.6185,133.1406,133.7388,8862.2
2024-04-16 06:00:00+00:00,133.7388,135.5,133.5013,135.16,11796.0
2024-04-16 06:30:00+00:00,135.16,136.4605,134.7938,135.5902,16143.6
2024-04-16 07:00:00+00:00,135.5902,137.7253,135.331,137.2457,13667.4
2024-04-16 07:30:00+00:00,137.2457,138.8019,136.3606,137.8212,23604.9
2024-04-16 08:00:00+00:00,137.8212,138.0629,136.1364,136.6318,11693.7
2024-04-16 08:30:00+00:00,136.6318,137.5654,135.9095,136.4099,10831.0
2024-04-16 09:00:00+00:00,136.4099,137.9717,136.3249,137.5968,9816.5
2024-04-16 09:30:00+00:00,137.5968,137.6551,135.4377,135.8202,11228.6
2024-04-16 10:00:00+00:00,135.8202,136.1591,131.1372,131.5281,35160.7
2024-04-16 10:30:00+00:00,131.5281,133.6794,129.7638,133.2565,50916.3
2024-04-16 11:00:00+00:00,133.2565,134.5184,132.4238,133.5125,15452.9
2024-04-16 11:30:00+00:00,133.5125,136.72,132.1681,136.1559,23603.9
2024-04-16 12:00:00+00:00,136.1559,136.1559,133.8616,135.186,22316.0
2024-04-16 12:30:00+00:00,135.186,135.6943,132.8002,133.581,27764.4
2024-04-16 13:00:00+00:00,133.581,133.9059,131.4656,133.3713,30269.8
2024-04-16 13:30:00+00:00,133.3713,133.6785,129.0507,131.9,48908.3
2024-04-16 14:00:00+00:00,131.9,134.5654,130.4426,132.3672,33751.9
2024-04-16 14:30:00+00:00,132.3672,132.9721,130.5384,130.7748,26829.9
2024-04-16 15:00:00+00:00,130.7748,131.9012,129.73,131.285,28859.2
2024-04-16 15:30:00+00:00,131.285,131.4193,127.2776,127.5972,61237.9
2024-04-16 16:00:00+00:00,127.5972,129.0252,126.1836,127.7188,38345.2
2024-04-16 16:30:00+00:00,127.7188,132.3382,127.473,132.1148,38947.7
2024-04-16 17:00:00+00:00,132.1148,135.2761,131.3051,134.5912,28404.6
2024-04-16 17:30:00+00:00,134.5912,134.7288,131.2549,132.1586,37713.3
2024-04-16 18:00:00+00:00,132.1586,134.6301,131.4196,132.8539,25440.5
2024-04-16 18:30:00+00:00,132.8539,134.268,132.5362,133.9615,11553.5
2024-04-16 19:00:00+00:00,133.9615,134.8571,132.1391,132.8741,13479.4
2024-04-16 19:30:00+00:00,132.8741,132.8741,131.4959,132.2892,9540.7
2024-04-16 20:00:00+00:00,132.2892,133.7508,131.5423,133.7508,8672.2
2024-04-16 20:30:00+00:00,133.7508,134.27,132.7998,134.14,6064.3
2024-04-16 21:00:00+00:00,134.14,137.6,134.0117,136.7571,25020.5
2024-04-16 21:30:00+00:00,136.7571,138.0,136.0781,137.0621,23737.4
2024-04-16 22:00:00+00:00,137.0621,137.8404,135.6313,136.1047,21737.9
2024-04-16 22:30:00+00:00,136.1047,137.5458,136.1047,137.4525,8905.5
2024-04-16 23:00:00+00:00,137.4525,137.7951,136.5011,137.0759,7355.3
2024-04-16 23:30:00+00:00,137.0759,137.0759,135.7641,135.9935,10719.7
2024-04-17 00:00:00+00:00,135.9935,136.507,135.2157,135.5381,16302.1
2024-04-17 00:30:00+00:00,135.5381,138.1542,135.3975,137.3129,9870.9
2024-04-17 01:00:00+00:00,137.3129,137.3129,134.68,136.3333,11831.4
2024-04-17 01:30:00+00:00,136.3333,137.6391,135.3795,136.8136,8996.6
2024-04-17 02:00:00+00:00,136.8136,137.3419,135.2197,135.5001,9672.9
2024-04-17 02:30:00+00:00,135.5001,136.9299,135.3562,136.6751,8942.7
2024-04-17 03:00:00+00:00,136.6751,137.4442,136.2494,136.8486,7214.9
2024-04-17 03:30:00+00:00,136.8486,137.3031,136.1307,137.243,6158.3
2024-04-17 04:00:00+00:00,137.243,137.7467,136.48,137.4,5140.5
2024-04-17 04:30:00+00:00,137.4,142.4396,137.4,141.1302,53348.7
2024-04-17 05:00:00+00:00,141.1302,141.7986,140.1439,140.7107,24709.7
2024-04-17 05:30:00+00:00,140.7107,142.0957,139.2,139.5562,37368.2
2024-04-17 06:00:00+00:00,139.5562,139.5562,138.5418,139.27,14296.7
2024-04-17 06:30:00+00:00,139.27,141.0447,139.0734,140.3799,10914.7
2024-04-17 07:00:00+00:00,140.3799,140.6873,138.1,140.0689,20229.4
2024-04-17 07:30:00+00:00,140.0689,140.65,139.2,139.277,6917.7
2024-04-17 08:00:00+00:00,139.277,140.0727,138.1369,139.691,17333.1
2024-04-17 08:30:00+00:00,139.691,139.8305,137.6695,138.5752,13567.9
2024-04-17 09:00:00+00:00,138.5752,139.5729,138.0409,139.4931,10399.6
2024-04-17 09:30:00+00:00,139.4931,139.921,138.29,139.0,8937.1
2024-04-17 10:00:00+00:00,139.0,139.1376,137.174,137.9368,17432.0
2024-04-17 10:30:00+00:00,137.9368,138.4264,136.1637,136.5099,16816.8
2024-04-17 11:00:00+00:00,136.5099,137.4402,136.4926,136.7067,9482.3
2024-04-17 11:30:00+00:00,136.7067,136.8982,134.0,134.17,25727.4
2024-04-17 12:00:00+00:00,134.17,134.9876,132.4134,132.8179,32721.5
2024-04-17 12:30:00+00:00,132.8179,133.0119,130.4825,132.109,49503.3
2024-04-17 13:00:00+00:00,132.109,133.3407,131.4335,132.9386,34690.4
2024-04-17 13:30:00+00:00,132.9386,134.9069,132.0646,133.6312,31396.1
2024-04-17 14:00:00+00:00,133.6312,133.6597,128.7198,129.6936,61007.6
2024-04-17 14:30:00+00:00,129.6936,133.2637,128.5,131.4334,52852.3
2024-04-17 15:00:00+00:00,131.4334,131.8993,128.324,128.5354,36812.8
2024-04-17 15:30:00+00:00,128.5354,129.973,127.58,128.7,37642.6
2024-04-17 16:00:00+00:00,128.7,131.4925,126.75,130.1128,51887.0
2024-04-17 16:30:00+00:00,130.1128,130.1128,127.2481,128.2228,34252.6
2024-04-17 17:00:00+00:00,128.2228,130.4647,128.0,130.3322,11808.5
2024-04-17 17:30:00+00:00,130.3322,132.8406,129.7842,132.4804,21051.2
2024-04-17 18:00:00+00:00,132.4804,137.7487,131.8083,136.743,35719.1
2024-04-17 18:30:00+00:00,136.743,137.0179,134.9181,135.4547,35052.0
2024-04-17 19:00:00+00:00,135.4547,135.5411,132.7899,133.5521,22261.3
2024-04-17 19:30:00+00:00,133.5521,135.8534,132.5924,134.5812,27925.7
2024-04-17 20:00:00+00:00,134.5812,136.5068,133.5847,135.9897,15395.4
2024-04-17 20:30:00+00:00,135.9897,136.3765,132.7001,133.2573,19868.7
2024-04-17 21:00:00+00:00,133.2573,137.8937,133.2573,136.4138,23962.4
2024-04-17 21:30:00+00:00,136.4138,137.7184,134.0655,135.0036,17971.1
2024-04-17 22:00:00+00:00,135.0036,135.2884,133.9116,134.5751,10702.5
2024-04-17 22:30:00+00:00,134.5751,135.5182,133.6665,134.5499,14064.5
2024-04-17 23:00:00+00:00,134.5499,135.2389,132.2866,132.6374,12250.9
2024-04-17 23:30:00+00:00,132.6374,132.9512,131.5218,131.8359,10448.4
2024-04-18 00:00:00+00:00,131.8359,133.0414,129.7875,130.3662,15202.5
2024-04-18 00:30:00+00:00,130.3662,132.4191,129.6611,132.1657,12111.5
2024-04-18 01:00:00+00:00,132.1657,133.7471,131.6699,133.1118,12807.3
2024-04-18 01:30:00+00:00,133.1118,133.3347,132.2634,133.3347,4989.4
2024-04-18 02:00:00+00:00,133.3347,134.6612,132.3109,132.6551,12440.8
2024-04-18 02:30:00+00:00,132.6551,133.9846,131.9,133.9048,9393.3
2024-04-18 03:00:00+00:00,133.9048,136.2711,133.9,135.4298,17000.7
2024-04-18 03:30:00+00:00,135.4298,136.5298,134.9251,135.4153,8314.9
2024-04-18 04:00:00+00:00,135.4153,136.3804,135.218,136.3234,5578.7
2024-04-18 04:30:00+00:00,136.3234,136.5867,134.0074,134.1549,14633.8
2024-04-18 05:00:00+00:00,134.1549,134.7716,133.5956,134.6853,6662.5
2024-04-18 05:30:00+00:00,134.6853,135.9652,132.5585,132.8254,18345.4
2024-04-18 06:00:00+00:00,132.8254,133.1912,131.0287,131.8074,17274.3
2024-04-18 06:30:00+00:00,131.8074,131.8769,129.7706,131.06,15035.6
2024-04-18 07:00:00+00:00,131.06,131.8071,130.0965,130.3415,13880.8
2024-04-18 07:30:00+00:00,130.3415,130.3878,128.824,129.2362,33716.7
2024-04-18 08:00:00+00:00,129.2362,130.2223,127.5509,129.2748,21728.4
2024-04-18 08:30:00+00:00,129.2748,131.0833,129.2748,130.0209,26365.4
2024-04-18 09:00:00+00:00,130.0209,131.536,129.8773,130.6764,11018.3
2024-04-18 09:30:00+00:00,130.6764,131.2282,129.4329,130.844,15144.9
2024-04-18 10:00:00+00:00,130.844,131.3736,130.3317,131.1913,10938.0
2024-04-18 10:30:00+00:00,131.1913,133.6856,131.087,132.9243,15889.4
2024-04-18 11:00:00+00:00,132.9243,136.6534,132.9243,136.006,39622.0
2024-04-18 11:30:00+00:00,136.006,136.7515,135.2659,135.5601,24320.0
2024-04-18 12:00:00+00:00,135.5601,135.9808,133.5053,133.5888,23172.4
2024-04-18 12:30:00+00:00,133.5888,133.6772,131.714,133.1856,31913.5
2024-04-18 13:00:00+00:00,133.1856,134.4377,132.5336,134.0531,20330.1
2024-04-18 13:30:00+00:00,134.0531,134.896,131.7727,134.478,36683.8
2024-04-18 14:00:00+00:00,134.478,139.4167,133.2603,138.9052,55240.8
2024-04-18 14:30:00+00:00,138.9052,139.6027,137.1,138.7022,36390.5
2024-04-18 15:00:00+00:00,138.7022,141.3629,138.6929,139.0743,36295.7
2024-04-18 15:30:00+00:00,139.0743,139.7868,137.9784,138.8027,19935.2
2024-04-18 16:00:00+00:00,138.8027,141.416,138.3519,141.0,21998.6
2024-04-18 16:30:00+00:00,141.0,141.0429,138.5,139.3089,15261.3
2024-04-18 17:00:00+00:00,139.3089,139.8367,138.3088,138.9286,8272.9
2024-04-18 17:30:00+00:00,138.9286,139.0538,136.3558,136.7764,15111.4
2024-04-18 18:00:00+00:00,136.7764,137.776,135.3913,137.3439,27015.5
2024-04-18 18:30:00+00:00,137.3439,139.1233,136.8865,138.8417,17165.0
2024-04-18 19:00:00+00:00,138.8417,140.6201,138.4196,139.555,19723.5
2024-04-18 19:30:00+00:00,139.555,140.6,139.4428,140.1224,11337.5
2024-04-18 20:00:00+00:00,140.1224,140.7946,139.3296,140.5685,10167.5
2024-04-18 20:30:00+00:00,140.5685,140.6799,139.5668,139.9404,9573.4
2024-04-18 21:00:00+00:00,139.9404,141.7251,139.6328,140.0846,16606.8
2024-04-18 21:30:00+00:00,140.0846,141.1671,139.4209,140.4163,6060.6
2024-04-18 22:00:00+00:00,140.4163,140.9519,139.9023,140.5634,6151.5
2024-04-18 22:30:00+00:00,140.5634,143.8149,140.4511,142.6461,24655.2
2024-04-18 23:00:00+00:00,142.6461,143.6409,142.1035,142.3829,10715.3
2024-04-18 23:30:00+00:00,142.3829,142.4568,141.4516,141.7982,6419.1
2024-04-19 00:00:00+00:00,141.7982,141.7982,138.7817,139.0781,20455.7
2024-04-19 00:30:00+00:00,139.0781,140.3052,137.8273,138.0,20400.2
2024-04-19 01:00:00+00:00,138.0,138.0361,134.156,134.8407,48146.3
2024-04-19 01:30:00+00:00,134.8407,135.6072,131.2185,132.2713,49792.7
2024-04-19 02:00:00+00:00,132.2713,133.243,128.6464,128.6464,47962.8
2024-04-19 02:30:00+00:00,128.6464,133.0837,128.414,132.944,44534.9
2024-04-19 03:00:00+00:00,132.944,135.5806,132.2408,135.5738,47048.6
2024-04-19 03:30:00+00:00,135.5738,136.3736,134.3355,136.2701,27883.8
2024-04-19 04:00:00+00:00,136.2701,139.0793,136.047,137.7845,38118.6
2024-04-19 04:30:00+00:00,137.7845,140.5,137.7,139.4256,23467.7
2024-04-19 05:00:00+00:00,139.4256,140.7359,137.5155,138.1541,45884.3
2024-04-19 05:30:00+00:00,138.1541,139.7866,136.7289,138.8954,33989.7
2024-04-19 06:00:00+00:00,138.8954,139.0625,137.4233,138.463,37429.2
2024-04-19 06:30:00+00:00,138.463,146.3951,138.463,144.8789,58609.7
2024-04-19 07:00:00+00:00,144.8789,146.9023,142.6645,142.9054,48280.8
2024-04-19 07:30:00+00:00,142.9054,143.7956,142.4957,143.2627,27451.5
2024-04-19 08:00:00+00:00,143.2627,145.7347,142.9319,144.6224,32931.9
2024-04-19 08:30:00+00:00,144.6224,144.8227,142.2872,144.0932,39897.9
2024-04-19 09:00:00+00:00,144.0932,144.8103,143.11,143.8118,9107.7
2024-04-19 09:30:00+00:00,143.8118,144.3482,142.7676,143.3732,12672.3
2024-04-19 10:00:00+00:00,143.3732,144.6242,143.3434,143.6888,14310.2
2024-04-19 10:30:00+00:00,143.6888,145.3667,142.9675,144.769,15761.5
2024-04-19 11:00:00+00:00,144.769,145.3369,144.0754,144.1121,12870.7
2024-04-19 11:30:00+00:00,144.1121,145.8754,144.0367,144.4,19306.0
2024-04-19 12:00:00+00:00,144.4,144.9871,143.0166,144.9766,28892.8
2024-04-19 12:30:00+00:00,144.9766,145.4668,143.2278,143.8038,21869.5
2024-04-19 13:00:00+00:00,143.8038,144.0669,142.6081,143.4555,30994.3
2024-04-19 13:30:00+00:00,143.4555,144.8792,143.0363,144.124,24388.5
2024-04-19 14:00:00+00:00,144.124,144.4689,141.42,142.0017,30258.0
2024-04-19 14:30:00+00:00,142.0017,146.8432,142.0017,145.3079,43187.6
2024-04-19 15:00:00+00:00,145.3079,146.6297,144.5509,146.5639,15232.5
2024-04-19 15:30:00+00:00,146.5639,147.3058,145.7352,146.1022,16205.0
2024-04-19 16:00:00+00:00,146.1022,147.4386,143.5181,144.2979,34711.7
2024-04-19 16:30:00+00:00,144.2979,146.8049,143.5536,145.6599,25766.4
2024-04-19 17:00:00+00:00,145.6599,146.2889,144.4995,144.8012,10258.4
2024-04-19 17:30:00+00:00,144.8012,146.6592,144.7397,146.1001,8069.9
2024-04-19 18:00:00+00:00,146.1001,146.1779,144.9174,145.0005,4532.6
2024-04-19 18:30:00+00:00,145.0005,145.7234,144.0686,144.5679,5446.9
2024-04-19 19:00:00+00:00,144.5679,145.7031,144.4,144.9727,4483.9
2024-04-19 19:30:00+00:00,144.9727,145.4339,144.0427,145.3664,6928.2
2024-04-19 20:00:00+00:00,145.3664,145.6286,144.2655,144.8041,6609.8
2024-04-19 20:30:00+00:00,144.8041,144.8609,142.3351,142.9999,21298.3
2024-04-19 21:00:00+00:00,142.9999,144.6097,142.9592,144.3042,12557.9
2024-04-19 21:30:00+00:00,144.3042,144.8564,143.8227,144.3755,7432.3
2024-04-19 22:00:00+00:00,144.3755,145.5976,143.9836,144.3873,7704.7
2024-04-19 22:30:00+00:00,144.3873,144.6573,143.2724,143.589,11605.3
2024-04-19 23:00:00+00:00,143.589,143.7336,139.8307,141.0291,33242.2
2024-04-19 23:30:00+00:00,141.0291,144.0,140.9335,142.2936,13173.3
2024-04-20 00:00:00+00:00,142.2936,143.2741,140.2,141.3373,24066.8
2024-04-20 00:30:00+00:00,141.3373,141.9342,140.4677,140.8697,7147.8
2024-04-20 01:00:00+00:00,140.8697,141.3456,139.644,140.9159,12519.1
2024-04-20 01:30:00+00:00,140.9159,142.5166,140.8511,141.9988,7198.9
2024-05-06 17:30:00+00:00,152.2542,152.6636,150.6686,151.4721,16210.1
2024-05-06 18:00:00+00:00,151.4721,152.3888,151.1691,152.0636,4146.3
2024-05-06 18:30:00+00:00,152.0636,153.2826,151.0994,152.9395,14024.7
2024-05-06 19:00:00+00:00,152.9395,153.0105,150.8403,151.6079,16826.7
2024-05-06 19:30:00+00:00,151.6079,153.5195,151.0973,153.4883,13850.6
2024-05-06 20:00:00+00:00,153.4883,154.7789,152.6935,154.7168,19910.1
2024-05-06 20:30:00+00:00,154.7168,155.0825,154.164,154.3251,11619.7
2024-05-06 21:00:00+00:00,154.3251,155.5465,154.0809,155.4901,11683.6
2024-05-06 21:30:00+00:00,155.4901,155.5056,154.4863,155.3427,13477.9
2024-05-06 22:00:00+00:00,155.3427,155.4173,154.4017,155.0661,6190.2
2024-05-06 22:30:00+00:00,155.0661,155.0661,153.9182,154.4827,10278.6
2024-05-06 23:00:00+00:00,154.4827,154.4827,152.9397,153.1755,11040.1
2024-05-06 23:30:00+00:00,153.1755,153.3502,152.3562,152.6909,6556.4
2024-05-07 00:00:00+00:00,152.6909,153.8043,151.9,153.3254,19703.3
2024-05-07 00:30:00+00:00,153.3254,154.5949,153.153,153.4948,17165.2
2024-05-07 01:00:00+00:00,153.4948,154.8697,153.3057,154.0742,8064.7
2024-05-07 01:30:00+00:00,154.0742,157.7121,154.0742,157.2178,37855.6
2024-05-07 02:00:00+00:00,157.2178,157.8189,156.5171,156.9247,17787.5
2024-05-07 02:30:00+00:00,156.9247,157.0235,155.7388,156.6368,7405.8
2024-05-07 03:00:00+00:00,156.6368,156.7247,152.7397,153.1102,17892.2
2024-05-07 03:30:00+00:00,153.1102,154.3331,152.5,153.8036,18945.0
2024-05-07 04:00:00+00:00,153.8036,155.8245,153.7754,155.4959,11954.0
2024-05-07 04:30:00+00:00,155.4959,155.4965,154.3805,155.1032,6450.2
2024-05-07 05:00:00+00:00,155.1032,155.8907,154.4268,155.0533,9103.1
2024-05-07 05:30:00+00:00,155.0533,155.8,153.9489,154.9477,11526.4
2024-05-07 06:00:00+00:00,154.9477,155.4931,153.5539,153.7179,16231.0
2024-05-07 06:30:00+00:00,153.7179,154.567,153.114,154.25,8116.7
2024-05-07 07:00:00+00:00,154.25,155.8427,153.8823,155.8179,9303.0
2024-05-07 07:30:00+00:00,155.8179,156.2426,154.7528,155.1206,13694.9
2024-05-07 08:00:00+00:00,155.1206,157.5,154.7863,157.006,23484.3
2024-05-07 08:30:00+00:00,157.006,158.8578,156.212,158.2641,38054.8
2024-05-07 09:00:00+00:00,158.2641,159.0093,157.6215,158.1946,26122.6
2024-05-07 09:30:00+00:00,158.1946,158.356,157.163,157.163,17624.3
2024-05-07 10:00:00+00:00,157.163,157.5567,155.7177,156.2814,20395.1
2024-05-07 10:30:00+00:00,156.2814,157.1582,156.2397,156.9479,13172.3
2024-05-07 11:00:00+00:00,156.9479,157.1109,155.9064,156.4657,9544.4
2024-05-07 11:30:00+00:00,156.4657,156.5724,154.8133,154.9325,24098.2
2024-05-07 12:00:00+00:00,154.9325,155.66,154.5,155.1675,17209.4
2024-05-07 12:30:00+00:00,155.1675,155.8132,154.2372,155.3675,17462.1
2024-05-07 13:00:00+00:00,155.3675,155.684,154.5879,154.8683,10403.3
2024-05-07 13:30:00+00:00,154.8683,155.2989,152.5338,153.3276,32766.0
2024-05-07 14:00:00+00:00,153.3276,153.9387,152.628,152.7724,14194.8
2024-05-07 14:30:00+00:00,152.7724,155.8815,152.0,155.8815,26435.2
2024-05-07 15:00:00+00:00,155.8815,157.0,154.6957,155.0698,39215.4
2024-05-07 15:30:00+00:00,155.0698,155.1265,154.0031,154.4469,9415.9
2024-05-07 16:00:00+00:00,154.4469,155.2892,154.3697,154.4083,4517.1
2024-05-07 16:30:00+00:00,154.4083,155.001,153.4446,154.9314,9572.2
2024-05-07 17:00:00+00:00,154.9314,154.9756,153.8064,153.8591,5697.7
2024-05-07 17:30:00+00:00,153.8591,154.38,152.6002,153.1795,11528.4
2024-05-07 18:00:00+00:00,153.1795,153.2018,151.4061,151.437,17618.2
2024-05-07 18:30:00+00:00,151.437,151.8561,150.625,151.7759,26478.0
2024-05-07 19:00:00+00:00,151.7759,151.9011,150.8021,151.3348,8858.2
2024-05-07 19:30:00+00:00,151.3348,151.4615,150.8843,151.2288,5136.5
2024-05-07 20:00:00+00:00,151.2288,152.485,150.9587,151.7911,7126.5
2024-05-07 20:30:00+00:00,151.7911,152.1921,151.2785,151.4829,6566.0
2024-05-07 21:00:00+00:00,151.4829,152.2336,151.2,152.0378,7541.0
2024-05-07 21:30:00+00:00,152.0378,152.0559,150.005,150.8932,20432.7
2024-05-07 22:00:00+00:00,150.8932,150.9645,149.7131,150.3593,8936.9
2024-05-07 22:30:00+00:00,150.3593,151.1185,149.8,149.9454,6019.9
2024-05-07 23:00:00+00:00,149.9454,150.0144,148.2061,148.5033,27839.8
2024-05-07 23:30:00+00:00,148.5033,148.9075,147.631,147.9024,14251.1
2024-05-08 00:00:00+00:00,147.9024,149.4117,147.7711,148.6475,9878.6
2024-05-08 00:30:00+00:00,148.6475,149.5219,147.0,149.0142,18654.6
2024-05-08 01:00:00+00:00,149.0142,149.2455,148.2833,148.7114,7853.1
2024-05-08 01:30:00+00:00,148.7114,148.7318,147.9114,148.3054,6897.2
2024-05-08 02:00:00+00:00,148.3054,149.2098,148.2446,149.0315,3716.6
2024-05-08 02:30:00+00:00,149.0315,149.8192,148.9194,148.9951,6628.8
2024-05-08 03:00:00+00:00,148.9951,149.3521,148.25,148.6213,5139.3
2024-05-08 03:30:00+00:00,148.6213,149.5267,148.2826,149.3797,3731.6
2024-05-08 04:00:00+00:00,149.3797,149.7424,148.3771,148.4558,5616.4
2024-05-08 04:30:00+00:00,148.4558,148.4558,146.3288,147.3037,28370.2
2024-05-08 05:00:00+00:00,147.3037,147.43,146.3243,147.1612,16731.7
2024-05-08 05:30:00+00:00,147.1612,147.9546,146.9591,147.2202,14625.8
2024-05-08 06:00:00+00:00,147.2202,148.3138,145.5903,146.24,30267.4
2024-05-08 06:30:00+00:00,146.24,148.1746,146.1251,147.4336,19184.0
2024-05-08 07:00:00+00:00,147.4336,148.2042,146.1687,146.1687,10620.6
2024-05-08 07:30:00+00:00,146.1687,147.0,145.9203,146.2264,10156.7
2024-05-08 08:00:00+00:00,146.2264,146.8567,145.528,146.6327,18673.4
2024-05-08 08:30:00+00:00,146.6327,146.8486,145.204,146.3471,14971.9
2024-05-08 09:00:00+00:00,146.3471,146.5618,144.8373,145.3427,15241.3
2024-05-08 09:30:00+00:00,145.3427,145.9332,144.5813,145.788,18204.4
2024-05-08 10:00:00+00:00,145.788,146.4642,145.4253,146.4003,7329.4
2024-05-08 10:30:00+00:00,146.4003,146.7426,145.9832,146.4965,10145.4
2024-05-08 11:00:00+00:00,146.4965,146.8529,144.8052,144.954,11833.6
2024-05-08 11:30:00+00:00,144.954,145.9912,144.954,145.2975,7718.6
2024-05-08 12:00:00+00:00,145.2975,146.1999,145.1131,145.6207,9487.0
2024-05-08 12:30:00+00:00,145.6207,145.8616,144.2834,145.592,26335.8
2024-05-08 13:00:00+00:00,145.592,146.5,144.6652,146.0308,22103.5
2024-05-08 13:30:00+00:00,146.0308,147.7037,145.3955,147.594,23285.8
2024-05-08 14:00:00+00:00,147.594,148.4557,146.7609,147.8904,28295.8
2024-05-08 14:30:00+00:00,147.8904,148.9,147.4225,147.7217,13087.5
2024-05-08 15:00:00+00:00,147.7217,148.1509,144.8068,145.3698,32425.5
2024-05-08 15:30:00+00:00,145.3698,146.6999,144.9031,145.85,9427.9
2024-05-08 16:00:00+00:00,145.85,145.9799,144.652,145.7877,9507.5
2024-05-08 16:30:00+00:00,145.7877,146.0912,145.2764,146.091,2849.9
2024-05-08 17:00:00+00:00,146.091,146.9181,145.9282,146.4558,6419.1
2024-05-08 17:30:00+00:00,146.4558,146.9248,145.9222,146.4866,3096.9
2024-05-08 18:00:00+00:00,146.4866,148.99,146.2758,148.6477,11645.0
2024-05-08 18:30:00+00:00,148.6477,148.6477,146.6574,146.907,12539.5
2024-05-08 19:00:00+00:00,146.907,147.54,144.7122,144.9934,18098.8
2024-05-08 19:30:00+00:00,144.9934,146.314,144.9033,145.4244,9873.1
2024-05-08 20:00:00+00:00,145.4244,145.8458,141.4451,142.6789,46297.7
2024-05-08 20:30:00+00:00,142.6789,142.7519,140.1332,140.8871,28055.5
2024-05-08 21:00:00+00:00,140.8871,141.7552,139.836,141.4701,18148.5
2024-05-08 21:30:00+00:00,141.4701,142.0,140.3903,141.0628,15685.3
2024-05-08 22:00:00+00:00,141.0628,141.8905,140.4545,141.7396,11342.3
2024-05-08 22:30:00+00:00,141.7396,142.2545,140.9346,141.4062,6997.0
2024-05-08 23:00:00+00:00,141.4062,142.1409,140.9032,141.7236,5787.1
2024-05-08 23:30:00+00:00,141.7236,142.6996,141.5139,142.0471,4506.5
2024-05-09 00:00:00+00:00,142.0471,142.9527,141.7632,142.8185,7230.8
2024-05-09 00:30:00+00:00,142.8185,143.5412,142.417,143.2491,6973.6
2024-05-09 01:00:00+00:00,143.2491,143.9162,143.04,143.7859,7005.0
2024-05-09 01:30:00+00:00,143.7859,144.3534,143.7001,144.2313,4744.9
2024-05-09 02:00:00+00:00,144.2313,144.2914,143.3278,143.9184,5961.1
2024-05-09 02:30:00+00:00,143.9184,144.62,143.7614,144.0551,7715.0
2024-05-09 03:00:00+00:00,144.0551,144.4576,143.0001,143.4012,8794.7
2024-05-09 03:30:00+00:00,143.4012,144.1898,143.3494,143.968,4517.6
2024-05-09 04:00:00+00:00,143.968,144.6,143.6403,143.8283,7346.0
2024-05-09 04:30:00+00:00,143.8283,143.9999,143.4548,143.5972,5235.1
2024-05-09 05:00:00+00:00,143.5972,144.1923,143.547,143.8573,4560.0
2024-05-09 05:30:00+00:00,143.8573,144.8823,143.5001,144.3359,16259.5
2024-05-09 06:00:00+00:00,144.3359,145.6271,144.3078,144.9421,8763.6
2024-05-09 06:30:00+00:00,144.9421,145.5379,144.1345,144.7181,8391.9
2024-05-09 07:00:00+00:00,144.7181,144.9473,143.7285,143.8636,5783.2
2024-05-09 07:30:00+00:00,143.8636,143.9986,142.3,143.05,18212.0
2024-05-09 08:00:00+00:00,143.05,143.6949,142.7744,143.2144,10604.1
2024-05-09 08:30:00+00:00,143.2144,143.7636,143.1546,143.6463,6254.1
2024-05-09 09:00:00+00:00,143.6463,143.8395,142.4554,143.01,13320.7
2024-05-09 09:30:00+00:00,143.01,143.2402,141.5966,142.8155,16130.5
2024-05-09 10:00:00+00:00,142.8155,142.9844,140.7892,141.3493,17511.6
2024-05-09 10:30:00+00:00,141.3493,142.1293,140.7,140.7001,8636.1
2024-05-09 11:00:00+00:00,140.7001,142.4456,140.4904,142.0046,12684.6
2024-05-09 11:30:00+00:00,142.0046,143.2,141.934,142.6578,8433.1
2024-05-09 12:00:00+00:00,142.6578,143.2219,142.6333,143.2119,5878.2
2024-05-09 12:30:00+00:00,143.2119,144.3288,143.2119,144.0614,16752.4
2024-05-09 13:00:00+00:00,144.0614,144.5743,143.2402,143.3627,12485.4
2024-05-09 13:30:00+00:00,143.3627,143.4579,141.4295,142.7421,13895.3
2024-05-09 14:00:00+00:00,142.7421,144.0,142.3611,143.7924,10074.1
2024-05-09 14:30:00+00:00,143.7924,144.7266,143.5709,144.7265,10618.1
2024-05-09 15:00:00+00:00,144.7265,147.6178,144.2085,147.259,34788.3
2024-05-09 15:30:00+00:00,147.259,147.6403,145.7054,146.2742,14753.3
2024-05-09 16:00:00+00:00,146.2742,148.5,146.0767,147.5765,16624.5
2024-05-09 16:30:00+00:00,147.5765,148.0477,145.805,145.9255,11191.4
2024-05-09 17:00:00+00:00,145.9255,147.0816,145.4469,146.8581,12887.2
2024-05-09 17:30:00+00:00,146.8581,147.3171,146.3421,146.4587,5665.6
2024-05-09 18:00:00+00:00,146.4587,147.2288,146.1742,147.054,6918.7
2024-05-09 18:30:00+00:00,147.054,147.8259,146.6469,147.6928,5995.1
2024-05-09 19:00:00+00:00,147.6928,148.9165,147.6001,148.6701,12421.1
2024-05-09 19:30:00+00:00,148.6701,150.8994,148.6501,150.8161,23423.6
2024-05-09 20:00:00+00:00,150.8161,151.4338,149.5604,149.6058,16391.9
2024-05-09 20:30:00+00:00,149.6058,150.2898,149.133,150.1817,8930.3
2024-05-09 21:00:00+00:00,150.1817,150.5957,149.4175,149.7214,6214.3
2024-05-09 21:30:00+00:00,149.7214,150.7747,149.7214,150.1811,5875.8
2024-05-09 22:00:00+00:00,150.1811,151.9524,149.9935,151.3268,8820.6
2024-05-09 22:30:00+00:00,151.3268,153.2992,150.9338,152.8239,15979.7
2024-05-09 23:00:00+00:00,152.8239,153.0405,151.0226,151.4008,7902.0
2024-05-09 23:30:00+00:00,151.4008,152.8511,151.2232,152.3782,9069.5
2024-05-10 00:00:00+00:00,152.3782,153.0625,151.3924,151.8197,9495.5
2024-05-10 00:30:00+00:00,151.8197,152.0953,151.1569,151.8525,7040.5
2024-05-10 01:00:00+00:00,151.8525,152.3991,151.2113,152.2426,6973.9
2024-05-10 01:30:00+00:00,152.2426,154.3551,151.9563,153.196,15497.5
2024-05-10 02:00:00+00:00,153.196,153.4055,152.4196,153.32,8145.4
2024-05-10 02:30:00+00:00,153.32,153.485,152.4369,153.3547,10413.2
2024-05-10 03:00:00+00:00,153.3547,153.7975,152.6521,153.558,7490.1
2024-05-10 03:30:00+00:00,153.558,154.07,153.1,153.7,5530.4
2024-05-10 04:00:00+00:00,153.7,154.3752,153.33,153.741,10199.5
2024-05-10 04:30:00+00:00,153.741,154.2382,153.2174,153.5814,11471.5
2024-05-10 05:00:00+00:00,153.5814,153.9654,152.1378,152.2798,12909.3
2024-05-10 05:30:00+00:00,152.2798,153.1927,152.1421,153.1526,11414.3
2024-05-10 06:00:00+00:00,153.1526,154.0,153.0906,153.2838,9165.6
2024-05-10 06:30:00+00:00,153.2838,154.8766,153.0236,154.8201,17696.3
2024-05-10 07:00:00+00:00,154.8201,155.55,154.0457,154.8312,20948.0
2024-05-10 07:30:00+00:00,154.8312,154.9579,154.1016,154.1249,10318.1
2024-05-10 08:00:00+00:00,154.1249,154.2528,153.3368,153.9527,14902.5
2024-05-10 08:30:00+00:00,153.9527,154.2043,153.8017,153.9113,10441.5
2024-05-10 09:00:00+00:00,153.9113,154.1956,153.0446,153.7039,11321.8
2024-05-10 09:30:00+00:00,153.7039,154.5,153.4803,154.0045,7542.3
2024-05-10 10:00:00+00:00,154.0045,154.1407,153.1481,153.8934,5759.9
2024-05-10 10:30:00+00:00,153.8934,154.1,153.2246,153.9227,6278.1
2024-05-10 11:00:00+00:00,153.9227,153.9436,152.7602,153.4248,8547.4
2024-05-10 11:30:00+00:00,153.4248,155.0449,153.0525,154.8273,10817.2
2024-05-10 12:00:00+00:00,154.8273,155.2219,153.3446,153.5693,15409.3
2024-05-10 12:30:00+00:00,153.5693,154.0297,153.0392,153.2745,7758.1
2024-05-10 13:00:00+00:00,153.2745,153.6702,152.4244,152.4488,13063.0
2024-05-10 13:30:00+00:00,152.4488,153.2013,152.4488,152.9987,5513.9
2024-05-10 14:00:00+00:00,152.9987,153.1758,150.05,150.2684,35619.7
2024-05-10 14:30:00+00:00,150.2684,150.6318,145.5288,147.4046,67229.3
2024-05-10 15:00:00+00:00,147.4046,148.6,145.8,148.1222,40382.5
2024-05-10 15:30:00+00:00,148.1222,148.1331,146.2387,146.9509,17740.5
2024-05-10 16:00:00+00:00,146.9509,148.6646,145.1929,146.9668,41437.9
2024-05-10 16:30:00+00:00,146.9668,148.2375,146.1084,147.9951,14265.9
2024-05-10 17:00:00+00:00,147.9951,148.2378,146.1067,146.7117,15231.6
2024-05-10 17:30:00+00:00,146.7117,147.0423,145.7011,146.704,17116.4
2024-05-10 18:00:00+00:00,146.704,146.704,145.8323,146.6888,6191.3
2024-05-10 18:30:00+00:00,146.6888,148.2749,146.6888,148.0506,10825.0
2024-05-10 19:00:00+00:00,148.0506,148.5466,147.1326,147.3851,7712.1
2024-05-10 19:30:00+00:00,147.3851,147.5713,146.4075,147.0554,5351.9
2024-05-10 20:00:00+00:00,147.0554,147.9778,145.9996,146.4309,10508.4
2024-05-10 20:30:00+00:00,146.4309,146.5975,145.9123,146.0621,7552.1
2024-05-10 21:00:00+00:00,146.0621,147.1963,145.6045,146.5137,14771.3
2024-05-27 13:00:00+00:00,166.8517,168.1351,166.8517,167.6967,14986.5
2024-05-27 13:30:00+00:00,167.6967,168.9,167.3,168.1059,23054.4
2024-05-27 14:00:00+00:00,168.1059,168.55,167.7104,167.8315,16759.4
2024-05-27 14:30:00+00:00,167.8315,169.16,167.5348,169.0474,15758.3
2024-05-27 15:00:00+00:00,169.0474,170.08,168.7757,169.0226,30473.0
2024-05-27 15:30:00+00:00,169.0226,171.4509,168.995,170.9734,37234.7
2024-05-27 16:00:00+00:00,170.9734,171.9792,170.8986,171.5762,28312.7
2024-05-27 16:30:00+00:00,171.5762,171.8204,170.301,171.3329,25228.6
2024-05-27 17:00:00+00:00,171.3329,172.1832,171.1484,171.9436,15888.6
2024-05-27 17:30:00+00:00,171.9436,171.9742,171.0039,171.0753,13992.8
2024-05-27 18:00:00+00:00,171.0753,171.5561,170.76,170.7744,8940.8
2024-05-27 18:30:00+00:00,170.7744,170.9097,169.9706,170.1612,11655.6
2024-05-27 19:00:00+00:00,170.1612,170.8859,169.5013,170.049,18517.8
2024-05-27 19:30:00+00:00,170.049,170.2493,166.8459,168.5936,49921.3
2024-05-27 20:00:00+00:00,168.5936,170.8923,168.3273,170.5,30133.1
2024-05-27 20:30:00+00:00,170.5,170.8254,169.5953,170.5749,14820.9
2024-05-27 21:00:00+00:00,170.5749,171.2826,170.3306,170.5505,14277.7
2024-05-27 21:30:00+00:00,170.5505,170.9522,169.9611,170.5947,6653.7
2024-05-27 22:00:00+00:00,170.5947,171.6022,170.2229,171.0962,9276.1
2024-05-27 22:30:00+00:00,171.0962,171.64,170.6764,171.0496,7269.8
2024-05-27 23:00:00+00:00,171.0496,171.0496,169.7726,169.8055,8140.6
2024-05-27 23:30:00+00:00,169.8055,170.2909,169.0,170.1893,11455.1
2024-05-28 00:00:00+00:00,170.1893,170.9648,169.761,170.0206,7340.9
2024-05-28 00:30:00+00:00,170.0206,170.3732,169.2248,169.8733,11757.4
2024-05-28 01:00:00+00:00,169.8733,170.97,169.6862,170.5098,10504.6
2024-05-28 01:30:00+00:00,170.5098,172.1,167.7792,168.3629,48836.9
2024-05-28 02:00:00+00:00,168.3629,169.0475,166.5364,168.5277,28350.3
2024-05-28 02:30:00+00:00,168.5277,169.5315,168.4292,168.8869,7433.5
2024-05-28 03:00:00+00:00,168.8869,169.3187,167.4207,167.6219,10293.8
2024-05-28 03:30:00+00:00,167.6219,167.8748,166.0294,167.403,18797.0
2024-05-28 04:00:00+00:00,167.403,167.55,165.4081,165.7166,14330.5
2024-05-28 04:30:00+00:00,165.7166,166.127,165.0,165.7267,22169.9
2024-05-28 05:00:00+00:00,165.7267,166.6066,165.1058,166.1671,14554.6
2024-05-28 05:30:00+00:00,166.1671,167.0,165.8374,166.9875,8016.7
2024-05-28 06:00:00+00:00,166.9875,167.3336,166.1792,166.2351,11659.2
2024-05-28 06:30:00+00:00,166.2351,167.418,166.0264,166.9133,10102.1
2024-05-28 07:00:00+00:00,166.9133,167.1006,165.7652,166.0534,11831.5
2024-05-28 07:30:00+00:00,166.0534,166.8625,165.9832,166.0938,11302.9
2024-05-28 08:00:00+00:00,166.0938,167.7483,165.8708,167.4394,13204.9
2024-05-28 08:30:00+00:00,167.4394,168.1831,167.2611,167.8348,9238.3
2024-05-28 09:00:00+00:00,167.8348,168.0984,167.2116,167.4319,9588.1
2024-05-28 09:30:00+00:00,167.4319,168.4187,167.3201,167.8886,10338.3
2024-05-28 10:00:00+00:00,167.8886,170.5871,167.6154,169.2111,28407.4
2024-05-28 10:30:00+00:00,169.2111,170.0,168.6449,169.6873,9374.2
2024-05-28 11:00:00+00:00,169.6873,170.2342,169.3445,169.4593,11644.3
2024-05-28 11:30:00+00:00,169.4593,169.9096,168.533,169.8116,11919.2
2024-05-28 12:00:00+00:00,169.8116,170.3653,169.2719,170.3163,12231.3
2024-05-28 12:30:00+00:00,170.3163,171.8733,170.2155,171.1081,28635.9
2024-05-28 13:00:00+00:00,171.1081,173.2071,170.22,172.6511,38894.8
2024-05-28 13:30:00+00:00,172.6511,172.8174,169.0493,169.6862,65547.7
2024-05-28 14:00:00+00:00,169.6862,172.1179,168.594,170.8442,47847.0
2024-05-28 14:30:00+00:00,170.8442,171.3517,167.215,168.68,36021.3
2024-05-28 15:00:00+00:00,168.68,169.2549,166.6666,167.2214,28860.4
2024-05-28 15:30:00+00:00,167.2214,169.151,166.787,168.3411,11698.2
2024-05-28 16:00:00+00:00,168.3411,168.763,166.8346,166.9187,12052.2
2024-05-28 16:30:00+00:00,166.9187,167.39,166.1184,166.8725,14380.9
2024-05-28 17:00:00+00:00,166.8725,167.9816,166.6469,167.6577,11046.8
2024-05-28 17:30:00+00:00,167.6577,168.0678,167.0551,167.1192,4752.3
2024-05-28 18:00:00+00:00,167.1192,168.2623,167.1192,168.2228,4818.4
2024-05-28 18:30:00+00:00,168.2228,168.2228,166.2483,167.8669,14172.9
2024-05-28 19:00:00+00:00,167.8669,169.7773,167.8376,169.4158,13507.6
2024-05-28 19:30:00+00:00,169.4158,170.8277,169.2377,170.3723,13797.1
2024-05-28 20:00:00+00:00,170.3723,170.729,169.5165,169.7642,12030.6
2024-05-28 20:30:00+00:00,169.7642,170.1561,169.2925,169.6329,9874.7
2024-05-28 21:00:00+00:00,169.6329,169.8578,168.8697,169.2258,8933.6
2024-05-28 21:30:00+00:00,169.2258,169.5,168.8897,168.9006,3238.6
2024-05-28 22:00:00+00:00,168.9006,169.745,168.8182,169.52,4291.9
2024-05-28 22:30:00+00:00,169.52,169.6398,168.9112,169.0061,4108.2
2024-05-28 23:00:00+00:00,169.0061,169.1613,168.1429,168.7877,6117.3
2024-05-28 23:30:00+00:00,168.7877,169.2538,168.5368,168.5368,1650.1
2024-05-29 00:00:00+00:00,168.5368,168.9379,168.0757,168.2591,5803.2
2024-05-29 00:30:00+00:00,168.2591,169.2279,168.1159,168.5162,2781.3
2024-05-29 01:00:00+00:00,168.5162,168.9411,167.4319,168.0472,7707.6
2024-05-29 01:30:00+00:00,168.0472,169.0,168.0173,168.1259,6969.0
2024-05-29 02:00:00+00:00,168.1259,169.5399,167.9646,169.4723,5038.3
2024-05-29 02:30:00+00:00,169.4723,169.8582,169.0152,169.6974,6852.1
2024-05-29 03:00:00+00:00,169.6974,171.7857,169.6974,170.9075,18622.6
2024-05-29 03:30:00+00:00,170.9075,172.4999,170.9075,172.2035,16619.2
2024-05-29 04:00:00+00:00,172.2035,172.8,171.9091,172.0063,18462.3
2024-05-29 04:30:00+00:00,172.0063,172.2,171.5978,172.0621,8125.9
2024-05-29 05:00:00+00:00,172.0621,172.0622,171.1,171.5221,10428.2
2024-05-29 05:30:00+00:00,171.5221,171.9999,171.4484,171.9303,9054.2
2024-05-29 06:00:00+00:00,171.9303,174.0,171.7952,173.8544,33351.3
2024-05-29 06:30:00+00:00,173.8544,173.942,172.4619,173.0947,21820.9
2024-05-29 07:00:00+00:00,173.0947,173.2236,171.4264,171.5134,21428.9
2024-05-29 07:30:00+00:00,171.5134,171.9795,170.718,170.7832,20945.0
2024-05-29 08:00:00+00:00,170.7832,171.0821,168.1775,169.8526,55922.3
2024-05-29 08:30:00+00:00,169.8526,170.1614,168.76,169.2526,13207.7
2024-05-29 09:00:00+00:00,169.2526,169.9201,167.7,167.9222,21795.8
2024-05-29 09:30:00+00:00,167.9222,169.5814,167.8204,169.0103,10006.7
2024-05-29 10:00:00+00:00,169.0103,169.9209,168.644,169.9209,10400.0
2024-05-29 10:30:00+00:00,169.9209,170.3475,169.2581,170.3468,5400.2
2024-05-29 11:00:00+00:00,170.3468,170.3914,169.4061,169.5785,7998.3
2024-05-29 11:30:00+00:00,169.5785,169.5785,168.3009,168.4079,16541.2
2024-05-29 12:00:00+00:00,168.4079,169.2728,167.7095,168.2826,32775.4
2024-05-29 12:30:00+00:00,168.2826,169.4008,167.0252,168.8097,33626.0
2024-05-29 13:00:00+00:00,168.8097,170.0,167.7263,168.5024,24864.1
2024-05-29 13:30:00+00:00,168.5024,169.2073,167.9348,168.7982,16839.4
2024-05-29 14:00:00+00:00,168.7982,169.2223,168.0576,168.0576,7169.2
2024-05-29 14:30:00+00:00,168.0576,169.6008,167.9259,169.1525,16766.1
2024-05-29 15:00:00+00:00,169.1525,169.7607,168.2882,168.9557,18038.2
2024-05-29 15:30:00+00:00,168.9557,169.6118,168.0,168.5776,22970.6
2024-05-29 16:00:00+00:00,168.5776,169.1062,167.4226,168.457,21410.2
2024-05-29 16:30:00+00:00,168.457,171.759,168.388,171.4333,31243.1
2024-05-29 17:00:00+00:00,171.4333,171.4944,169.4487,170.7,18128.5
2024-05-29 17:30:00+00:00,170.7,170.975,168.9853,170.1746,11077.7
2024-05-29 18:00:00+00:00,170.1746,171.0695,169.5636,169.9215,6430.4
2024-05-29 18:30:00+00:00,169.9215,170.1783,168.2857,169.471,15392.4
2024-05-29 19:00:00+00:00,169.471,171.3736,169.3,171.1598,11062.8
2024-05-29 19:30:00+00:00,171.1598,171.1981,169.2538,169.3927,13022.4
2024-05-29 20:00:00+00:00,169.3927,169.7109,168.6498,169.04,9000.9
2024-05-29 20:30:00+00:00,169.04,169.5462,168.9091,169.0624,4454.9
2024-05-29 21:00:00+00:00,169.0624,169.379,168.08,168.1423,8597.4
2024-05-29 21:30:00+00:00,168.1423,169.9938,167.7108,169.4974,7330.2
2024-05-29 22:00:00+00:00,169.4974,169.6074,168.7227,169.3821,2977.2
2024-05-29 22:30:00+00:00,169.3821,169.9946,169.0034,169.6268,4820.8
2024-05-29 23:00:00+00:00,169.6268,169.7937,168.8297,169.0723,2977.6
2024-05-29 23:30:00+00:00,169.0723,169.0723,168.2,168.4476,3551.6
2024-05-30 00:00:00+00:00,168.4476,169.526,168.3346,168.9108,6321.5
2024-05-30 00:30:00+00:00,168.9108,168.9108,168.0128,168.1492,4592.6
2024-05-30 01:00:00+00:00,168.1492,168.7244,167.9759,168.3072,11577.4
2024-05-30 01:30:00+00:00,168.3072,168.6693,168.0009,168.4687,4084.8
2024-05-30 02:00:00+00:00,168.4687,170.9272,168.4305,170.8184,14933.0
2024-05-30 02:30:00+00:00,170.8184,170.9381,169.8078,170.0006,7584.7
2024-05-30 03:00:00+00:00,170.0006,170.2793,169.322,169.6927,4238.6
2024-05-30 03:30:00+00:00,169.6927,170.2362,169.6927,169.9822,4530.2
2024-05-30 04:00:00+00:00,169.9822,170.3149,169.3341,170.2201,6556.4
2024-05-30 04:30:00+00:00,170.2201,170.886,169.6211,169.9778,9427.9
2024-05-30 05:00:00+00:00,169.9778,169.9778,168.278,168.7057,11508.4
2024-05-30 05:30:00+00:00,168.7057,168.799,168.28,168.7895,6168.7
2024-05-30 06:00:00+00:00,168.7895,168.7895,166.7436,167.2237,29509.8
2024-05-30 06:30:00+00:00,167.2237,167.4234,166.002,166.1259,21673.4
2024-05-30 07:00:00+00:00,166.1259,166.6484,165.2118,165.6656,31788.6
2024-05-30 07:30:00+00:00,165.6656,166.2856,164.2431,165.0304,27860.0
2024-05-30 08:00:00+00:00,165.0304,165.3384,163.591,164.6488,31493.5
2024-05-30 08:30:00+00:00,164.6488,165.7787,164.5549,165.6072,13904.6
2024-05-30 09:00:00+00:00,165.6072,165.85,164.9526,165.1662,9111.5
2024-05-30 09:30:00+00:00,165.1662,165.85,164.5894,165.7496,10804.3
2024-05-30 10:00:00+00:00,165.7496,165.9599,165.083,165.5125,5799.0
2024-05-30 10:30:00+00:00,165.5125,167.25,165.503,166.7522,11868.8
2024-05-30 11:00:00+00:00,166.7522,167.421,166.2763,167.36,8701.1
2024-05-30 11:30:00+00:00,167.36,167.3601,166.1007,166.1996,16808.0
2024-05-30 12:00:00+00:00,166.1996,167.112,166.0714,166.7498,15212.1
2024-05-30 12:30:00+00:00,166.7498,167.7877,166.2712,167.4071,19201.1
2024-05-30 13:00:00+00:00,167.4071,168.4,166.922,167.8444,27580.6
2024-05-30 13:30:00+00:00,167.8444,168.6067,167.2001,168.1296,21433.2
2024-05-30 14:00:00+00:00,168.1296,169.5297,168.112,168.8229,24560.2
2024-05-30 14:30:00+00:00,168.8229,169.1598,167.7419,167.8022,23949.6
2024-05-30 15:00:00+00:00,167.8022,168.4403,167.2012,168.2599,9168.0
2024-05-30 15:30:00+00:00,168.2599,168.8185,168.101,168.4129,7253.7
2024-05-30 16:00:00+00:00,168.4129,169.1091,168.0018,168.5877,8082.0
2024-05-30 16:30:00+00:00,168.5877,169.778,168.5496,169.5775,15421.2
2024-05-30 17:00:00+00:00,169.5775,170.9985,169.1383,170.9907,20719.4
2024-05-30 17:30:00+00:00,170.9907,172.5074,170.9261,171.2063,28570.9
2024-05-30 18:00:00+00:00,171.2063,171.748,170.3043,171.1145,23149.6
2024-05-30 18:30:00+00:00,171.1145,171.2028,170.521,170.7342,13641.3
2024-05-30 19:00:00+00:00,170.7342,170.8218,169.3473,169.5597,15698.3
2024-05-30 19:30:00+00:00,169.5597,170.255,167.627,168.2618,31225.7
2024-05-30 20:00:00+00:00,168.2618,168.262,166.138,167.5558,20691.8
2024-05-30 20:30:00+00:00,167.5558,167.83,167.0323,167.3383,11718.9
2024-05-30 21:00:00+00:00,167.3383,167.4154,166.6,166.9451,8740.1
2024-05-30 21:30:00+00:00,166.9451,167.5339,166.7398,166.8974,4264.1
2024-05-30 22:00:00+00:00,166.8974,167.1251,166.436,166.9874,4277.0
2024-05-30 22:30:00+00:00,166.9874,167.3281,166.6491,167.2808,2643.4
2024-05-30 23:00:00+00:00,167.2808,167.6932,167.0685,167.5877,4291.1
2024-05-30 23:30:00+00:00,167.5877,167.67,166.8802,166.9405,6930.2
2024-05-31 00:00:00+00:00,166.9405,167.0099,165.7452,166.0097,8391.2
2024-05-31 00:30:00+00:00,166.0097,166.73,165.5504,166.6346,10051.9
2024-05-31 01:00:00+00:00,166.6346,167.5488,166.4,166.9236,8169.4
2024-05-31 01:30:00+00:00,166.9236,167.2474,166.1773,166.349,5848.9
2024-05-31 02:00:00+00:00,166.349,167.6895,166.2883,166.678,6314.3
2024-05-31 02:30:00+00:00,166.678,167.2004,166.4737,167.16,3602.1
2024-05-31 03:00:00+00:00,167.16,167.5164,166.9852,167.24,2101.9
2024-05-31 03:30:00+00:00,167.24,167.634,167.0999,167.3241,2635.3
2024-05-31 04:00:00+00:00,167.3241,167.7809,167.1257,167.1953,5830.3
2024-05-31 04:30:00+00:00,167.1953,167.5229,166.9086,167.1095,6320.4
2024-05-31 05:00:00+00:00,167.1095,167.1273,165.0968,165.8041,20111.2
2024-05-31 05:30:00+00:00,165.8041,166.3279,165.3228,166.073,10789.7
2024-05-31 06:00:00+00:00,166.073,166.8104,165.9,166.6309,8001.9
2024-05-31 06:30:00+00:00,166.6309,166.8065,165.5,165.9146,10047.8
2024-05-31 07:00:00+00:00,165.9146,166.5784,165.8888,166.4863,5760.9
2024-05-31 07:30:00+00:00,166.4863,166.7616,165.919,166.672,5700.3
2024-05-31 08:00:00+00:00,166.672,167.5145,166.4955,166.7636,18373.9
2024-05-31 08:30:00+00:00,166.7636,167.4608,166.7377,167.115,6029.9
2024-05-31 09:00:00+00:00,167.115,167.2184,165.9642,166.7187,11172.5
2024-05-31 09:30:00+00:00,166.7187,167.314,166.4361,166.9418,6966.3
2024-05-31 10:00:00+00:00,166.9418,167.6667,166.7275,167.3946,9124.0
2024-05-31 10:30:00+00:00,167.3946,167.6364,167.1012,167.5026,4885.4
2024-05-31 11:00:00+00:00,167.5026,168.3104,167.478,168.0093,11683.2
2024-05-31 11:30:00+00:00,168.0093,169.0456,167.9373,168.7496,12644.7
2024-05-31 12:00:00+00:00,168.7496,169.4002,168.2872,169.0759,20203.4
2024-05-31 12:30:00+00:00,169.0759,170.8293,169.0549,169.4235,34976.3
2024-05-31 13:00:00+00:00,169.4235,170.4021,169.1,169.4584,17784.1
2024-05-31 13:30:00+00:00,169.4584,169.6467,167.2052,167.2807,39889.7
2024-05-31 14:00:00+00:00,167.2807,167.4013,166.2015,166.6909,24527.6
2024-05-31 14:30:00+00:00,166.6909,166.8345,165.8279,166.8312,16708.4
2024-05-31 15:00:00+00:00,166.8312,167.0369,165.7962,166.4821,10146.9
2024-05-31 15:30:00+00:00,166.4821,166.4821,164.6854,164.9566,30029.1
2024-05-31 16:00:00+00:00,164.9566,165.6732,164.0,165.0594,23115.0
2024-05-31 16:30:00+00:00,165.0594,166.0322,164.7113,165.9352,17975.9
2024-06-17 08:30:00+00:00,146.3921,146.4721,144.9315,145.6836,68988.8
2024-06-17 09:00:00+00:00,145.6836,146.6637,145.46,146.6022,37110.2
2024-06-17 09:30:00+00:00,146.6022,146.6797,144.0924,144.229,116618.2
2024-06-17 10:00:00+00:00,144.229,144.5652,141.4609,142.4435,346524.6
2024-06-17 10:30:00+00:00,142.4435,143.5793,142.4435,143.2936,64258.4
2024-06-17 11:00:00+00:00,143.2936,144.39,143.0087,144.39,46507.6
2024-06-17 11:30:00+00:00,144.39,144.39,143.5003,143.9198,24713.3
2024-06-17 12:00:00+00:00,143.9198,144.0935,143.05,143.3224,23164.9
2024-06-17 12:30:00+00:00,143.3224,143.811,143.0087,143.1932,31438.2
2024-06-17 13:00:00+00:00,143.1932,143.9625,142.4571,143.4929,52752.8
2024-06-17 13:30:00+00:00,143.4929,143.5626,141.8241,142.4019,59168.2
2024-06-17 14:00:00+00:00,142.4019,143.8931,142.3419,143.6499,37466.2
2024-06-17 14:30:00+00:00,143.6499,144.6145,143.096,143.4036,47725.5
2024-06-17 15:00:00+00:00,143.4036,143.9012,142.5455,142.644,30738.3
2024-06-17 15:30:00+00:00,142.644,143.0444,140.6849,141.1659,86641.2
2024-06-17 16:00:00+00:00,141.1659,142.0515,139.8092,141.9786,172961.0
2024-06-17 16:30:00+00:00,141.9786,143.9531,141.6,143.3169,71414.2
2024-06-17 17:00:00+00:00,143.3169,144.1947,143.2731,143.6839,26172.0
2024-06-17 17:30:00+00:00,143.6839,145.0951,143.6818,144.6367,52247.4
2024-06-17 18:00:00+00:00,144.6367,146.55,144.4383,145.537,96833.4
2024-06-17 18:30:00+00:00,145.537,146.85,145.4294,146.3118,49156.0
2024-06-17 19:00:00+00:00,146.3118,146.4492,144.8853,145.6992,38719.4
2024-06-17 19:30:00+00:00,145.6992,145.6992,144.1163,144.3781,39910.6
2024-06-17 20:00:00+00:00,144.3781,144.4669,141.9823,143.5723,73275.0
2024-06-17 20:30:00+00:00,143.5723,144.0,142.4506,142.7897,34677.4
2024-06-17 21:00:00+00:00,142.7897,143.4654,141.2979,142.8551,51377.6
2024-06-17 21:30:00+00:00,142.8551,143.6897,142.75,143.0663,22306.4
2024-06-17 22:00:00+00:00,143.0663,143.7446,142.5515,143.6557,28013.2
2024-06-17 22:30:00+00:00,143.6557,143.8581,143.1628,143.7287,14025.3
2024-06-17 23:00:00+00:00,143.7287,144.0782,142.8429,142.956,20431.5
2024-06-17 23:30:00+00:00,142.956,143.6575,142.6668,143.1077,22113.7
2024-06-18 00:00:00+00:00,143.1077,143.5943,141.2911,141.3787,42524.0
2024-06-18 00:30:00+00:00,141.3787,142.33,140.011,141.4031,103312.7
2024-06-18 01:00:00+00:00,141.4031,141.9546,136.2,137.9315,632824.8
2024-06-18 01:30:00+00:00,137.9315,137.9906,127.192,132.5369,2051932.0
2024-06-18 02:00:00+00:00,132.5369,135.3481,130.763,134.7303,249412.8
2024-06-18 02:30:00+00:00,134.7303,135.6016,134.2274,134.7708,97156.6
2024-06-18 03:00:00+00:00,134.7708,134.7709,133.669,134.1614,77515.2
2024-06-18 03:30:00+00:00,134.1614,135.6971,133.9844,135.5576,78395.6
2024-06-18 04:00:00+00:00,135.5576,137.1532,134.6273,136.9739,88128.8
2024-06-18 04:30:00+00:00,136.9739,137.3289,136.1633,136.7342,53491.3
2024-06-18 05:00:00+00:00,136.7342,137.8251,136.7342,137.5975,44884.8
2024-06-18 05:30:00+00:00,137.5975,137.6941,136.226,136.3651,40044.3
2024-06-18 06:00:00+00:00,136.3651,136.9999,135.872,136.0538,28936.0
2024-06-18 06:30:00+00:00,136.0538,136.2689,135.3622,135.9112,40971.5
2024-06-18 07:00:00+00:00,135.9112,136.8628,135.9112,136.5062,18601.2
2024-06-18 07:30:00+00:00,136.5062,136.8871,135.8797,136.5479,17849.4
2024-06-18 08:00:00+00:00,136.5479,137.5,136.3233,137.2059,27952.8
2024-06-18 08:30:00+00:00,137.2059,138.801,137.1462,138.4006,55078.4
2024-06-18 09:00:00+00:00,138.4006,138.6628,137.311,137.4983,35700.0
2024-06-18 09:30:00+00:00,137.4983,138.3393,137.1279,137.2658,36115.0
2024-06-18 10:00:00+00:00,137.2658,137.873,136.641,137.743,47830.1
2024-06-18 10:30:00+00:00,137.743,138.2558,137.3858,137.578,36994.9
2024-06-18 11:00:00+00:00,137.578,137.9051,136.1651,136.2166,54581.0
2024-06-18 11:30:00+00:00,136.2166,137.6526,135.4458,137.0323,64560.8
2024-06-18 12:00:00+00:00,137.0323,137.5419,135.2791,135.84,62563.4
2024-06-18 12:30:00+00:00,135.84,137.3223,135.233,135.9455,155937.5
2024-06-18 13:00:00+00:00,135.9455,136.0908,134.2582,134.7697,117511.5
2024-06-18 13:30:00+00:00,134.7697,134.967,132.8776,134.1839,171362.4
2024-06-18 14:00:00+00:00,134.1839,136.8,132.7573,136.5917,205510.2
2024-06-18 14:30:00+00:00,136.5917,137.5809,134.7672,134.9988,120432.7
2024-06-18 15:00:00+00:00,134.9988,136.3197,134.0,134.8845,114624.3
2024-06-18 15:30:00+00:00,134.8845,136.8818,134.8845,135.9534,47611.6
2024-06-18 16:00:00+00:00,135.9534,136.1274,133.917,134.6726,74021.5
2024-06-18 16:30:00+00:00,134.6726,134.7709,133.0801,134.6771,41563.5
2024-06-18 17:00:00+00:00,134.6771,135.1379,132.8302,133.0286,35787.6
2024-06-18 17:30:00+00:00,133.0286,133.9099,132.4519,132.6595,30800.3
2024-06-18 18:00:00+00:00,132.6595,134.211,131.6372,133.8909,75502.1
2024-06-18 18:30:00+00:00,133.8909,134.0036,131.8087,132.2875,48348.1
2024-06-18 19:00:00+00:00,132.2875,132.6722,131.3,132.0287,49426.1
2024-06-18 19:30:00+00:00,132.0287,133.1465,130.4304,133.1016,134723.1
2024-06-18 20:00:00+00:00,133.1016,134.4956,131.8591,134.4237,168556.6
2024-06-18 20:30:00+00:00,134.4237,136.7,133.5522,136.648,105305.9
2024-06-18 21:00:00+00:00,136.648,138.2597,136.1829,137.1174,77856.8
2024-06-18 21:30:00+00:00,137.1174,138.0362,137.0501,137.5789,55337.6
2024-06-18 22:00:00+00:00,137.5789,137.6608,136.1374,136.5494,45475.7
2024-06-18 22:30:00+00:00,136.5494,137.6282,136.3767,137.4383,12800.9
2024-06-18 23:00:00+00:00,137.4383,137.4884,136.3134,136.9643,19310.8
2024-06-18 23:30:00+00:00,136.9643,137.4964,136.309,137.2039,8748.9
2024-06-19 00:00:00+00:00,137.2039,137.4526,135.8624,136.0109,18811.8
2024-06-19 00:30:00+00:00,136.0109,138.0743,135.9984,137.7721,26677.8
2024-06-19 01:00:00+00:00,137.7721,139.55,137.6472,138.9574,76852.0
2024-06-19 01:30:00+00:00,138.9574,138.9574,136.9591,137.7715,43212.2
2024-06-19 02:00:00+00:00,137.7715,139.9778,137.747,139.8172,46776.8
2024-06-19 02:30:00+00:00,139.8172,139.8172,138.1351,138.8375,40102.7
2024-06-19 03:00:00+00:00,138.8375,140.2563,138.7474,139.7211,64505.6
2024-06-19 03:30:00+00:00,139.7211,141.3218,139.6323,139.9897,94562.1
2024-06-19 04:00:00+00:00,139.9897,141.198,139.6879,140.7473,46019.4
2024-06-19 04:30:00+00:00,140.7473,140.8248,139.9131,140.4401,23665.9
2024-06-19 05:00:00+00:00,140.4401,140.625,139.2751,140.2809,21773.9
2024-06-19 05:30:00+00:00,140.2809,140.868,139.6512,139.7287,22191.5
2024-06-19 06:00:00+00:00,139.7287,140.5808,139.5182,140.5295,15386.3
2024-06-19 06:30:00+00:00,140.5295,141.7068,140.4446,141.4648,68849.3
2024-06-19 07:00:00+00:00,141.4648,141.742,139.6796,140.0097,53271.3
2024-06-19 07:30:00+00:00,140.0097,140.4842,139.5744,139.8195,46506.6
2024-06-19 08:00:00+00:00,139.8195,140.1363,138.6262,138.6262,49440.3
2024-06-19 08:30:00+00:00,138.6262,139.0716,138.26,138.526,61716.5
2024-06-19 09:00:00+00:00,138.526,139.0571,137.5401,137.9677,45015.1
2024-06-19 09:30:00+00:00,137.9677,138.4304,137.6001,138.3402,25712.2
2024-06-19 10:00:00+00:00,138.3402,138.86,137.7503,137.813,30640.3
2024-06-19 10:30:00+00:00,137.813,139.4749,137.7589,139.2426,24697.4
2024-06-19 11:00:00+00:00,139.2426,139.4419,137.7821,138.3212,30564.0
2024-06-19 11:30:00+00:00,138.3212,138.3907,136.9109,137.8887,68917.5
2024-06-19 12:00:00+00:00,137.8887,138.25,137.2223,137.8706,21763.2
2024-06-19 12:30:00+00:00,137.8706,138.68,137.5697,138.2928,41326.4
2024-06-19 13:00:00+00:00,138.2928,138.6052,138.01,138.2859,46912.4
2024-06-19 13:30:00+00:00,138.2859,138.3516,137.3537,137.403,58160.0
2024-06-19 14:00:00+00:00,137.403,137.413,135.6139,135.8549,189842.2
2024-06-19 14:30:00+00:00,135.8549,136.6179,135.4669,136.3334,62652.7
2024-06-19 15:00:00+00:00,136.3334,137.1223,136.2784,136.3206,59937.6
2024-06-19 15:30:00+00:00,136.3206,137.0494,136.0132,136.7986,43971.0
2024-06-19 16:00:00+00:00,136.7986,137.3106,136.0122,137.2101,51271.4
2024-06-19 16:30:00+00:00,137.2101,137.4931,136.5719,136.7795,65614.0
2024-06-19 17:00:00+00:00,136.7795,139.0639,136.5729,138.5678,120591.5
2024-06-19 17:30:00+00:00,138.5678,138.5678,137.3777,137.8592,40234.4
2024-06-19 18:00:00+00:00,137.8592,138.4312,137.6396,137.8526,37519.5
2024-06-19 18:30:00+00:00,137.8526,138.2593,137.3172,137.4898,17775.7
2024-06-19 19:00:00+00:00,137.4898,137.5557,135.3966,135.7999,67259.7
2024-06-19 19:30:00+00:00,135.7999,136.8,135.7293,136.5895,41944.7
2024-06-19 20:00:00+00:00,136.5895,136.7333,135.136,135.9748,43847.0
2024-06-19 20:30:00+00:00,135.9748,136.1655,134.7387,135.3911,45260.7
2024-06-19 21:00:00+00:00,135.3911,135.6954,134.6939,135.593,71999.1
2024-06-19 21:30:00+00:00,135.593,136.0381,135.4595,135.7946,27944.9
2024-06-19 22:00:00+00:00,135.7946,135.9836,135.1759,135.6774,22922.6
2024-06-19 22:30:00+00:00,135.6774,135.6983,134.6475,134.7227,24981.0
2024-06-19 23:00:00+00:00,134.7227,135.6369,134.4801,135.3148,36556.1
2024-06-19 23:30:00+00:00,135.3148,135.7989,134.5946,135.5912,43536.7
2024-06-20 00:00:00+00:00,135.5912,136.0,134.8879,134.9613,37400.4
2024-06-20 00:30:00+00:00,134.9613,136.1486,134.6822,135.274,50233.4
2024-06-20 01:00:00+00:00,135.274,136.5178,134.5327,136.3176,47371.1
2024-06-20 01:30:00+00:00,136.3176,137.2165,134.6198,135.0523,115894.8
2024-06-20 02:00:00+00:00,135.0523,135.0523,133.8251,134.4513,99357.6
2024-06-20 02:30:00+00:00,134.4513,135.0,133.6905,134.3317,53490.7
2024-06-20 03:00:00+00:00,134.3317,134.4106,133.0869,133.4754,76125.0
2024-06-20 03:30:00+00:00,133.4754,134.1832,132.5518,133.0676,100511.1
2024-06-20 04:00:00+00:00,133.0676,133.3888,132.521,133.286,58005.6
2024-06-20 04:30:00+00:00,133.286,134.3137,133.2396,134.2637,52219.3
2024-06-20 05:00:00+00:00,134.2637,135.3689,134.2536,134.9619,105505.3
2024-06-20 05:30:00+00:00,134.9619,136.2395,134.7674,135.8708,76915.6
2024-06-20 06:00:00+00:00,135.8708,136.81,135.5,136.0703,108179.7
2024-06-20 06:30:00+00:00,136.0703,136.5497,135.3,135.4515,89905.3
2024-06-20 07:00:00+00:00,135.4515,137.1882,135.4,136.6302,132671.6
2024-06-20 07:30:00+00:00,136.6302,138.0316,136.5431,137.1091,141891.3
2024-06-20 08:00:00+00:00,137.1091,137.3516,136.5992,136.7529,64980.9
2024-06-20 08:30:00+00:00,136.7529,137.601,136.2998,137.5774,65377.0
2024-06-20 09:00:00+00:00,137.5774,137.846,136.9608,137.215,64729.5
2024-06-20 09:30:00+00:00,137.215,137.85,137.215,137.3362,45553.1
2024-06-20 10:00:00+00:00,137.3362,137.5995,136.7029,136.859,43972.1
2024-06-20 10:30:00+00:00,136.859,139.3679,136.859,139.0164,121634.4
2024-06-20 11:00:00+00:00,139.0164,141.1014,138.3564,140.3347,380544.4
2024-06-20 11:30:00+00:00,140.3347,140.775,138.9627,139.1559,162537.2
2024-06-20 12:00:00+00:00,139.1559,139.5979,138.3592,138.9244,77924.5
2024-06-20 12:30:00+00:00,138.9244,139.4437,138.0718,138.1657,65673.7
2024-06-20 13:00:00+00:00,138.1657,138.3703,134.7788,135.4863,237883.1
2024-06-20 13:30:00+00:00,135.4863,136.3256,134.857,134.9688,122302.2
2024-06-20 14:00:00+00:00,134.9688,135.0973,132.5279,134.5,234573.8
2024-06-20 14:30:00+00:00,134.5,134.8357,133.6535,134.5096,80260.6
2024-06-20 15:00:00+00:00,134.5096,134.8458,133.7352,134.1156,34612.5
2024-06-20 15:30:00+00:00,134.1156,134.7299,133.1207,133.2375,43844.7
2024-06-20 16:00:00+00:00,133.2375,133.5563,131.8055,132.3688,146788.5
2024-06-20 16:30:00+00:00,132.3688,134.0441,132.1137,133.2724,62177.2
2024-06-20 17:00:00+00:00,133.2724,133.9428,132.7537,133.7619,38450.2
2024-06-20 17:30:00+00:00,133.7619,134.915,133.4524,134.6987,44140.6
2024-06-20 18:00:00+00:00,134.6987,135.76,134.5617,135.5739,74296.7
2024-06-20 18:30:00+00:00,135.5739,135.5879,134.1496,134.1525,37884.7
2024-06-20 19:00:00+00:00,134.1525,134.4784,133.3894,134.2654,39636.6
2024-06-20 19:30:00+00:00,134.2654,134.2654,133.4137,134.1918,31872.6
2024-06-20 20:00:00+00:00,134.1918,134.5322,133.7202,133.7781,27865.1
2024-06-20 20:30:00+00:00,133.7781,134.5183,133.6986,134.2758,39478.3
2024-06-20 21:00:00+00:00,134.2758,134.8387,134.0777,134.674,20553.3
2024-06-20 21:30:00+00:00,134.674,134.8663,133.4574,133.6574,48910.7
2024-06-20 22:00:00+00:00,133.6574,134.4303,133.657,133.8471,13272.0
2024-06-20 22:30:00+00:00,133.8471,133.9537,133.6428,133.895,29268.6
2024-06-20 23:00:00+00:00,133.895,134.2525,133.3442,133.469,17183.4
2024-06-20 23:30:00+00:00,133.469,133.8365,133.4459,133.5336,4480.4
2024-06-21 00:00:00+00:00,133.5336,133.8141,132.14,133.4569,53751.8
2024-06-21 00:30:00+00:00,133.4569,133.985,132.8337,132.9443,60098.4
2024-06-21 01:00:00+00:00,132.9443,133.9314,132.6603,133.9247,43767.2
2024-06-21 01:30:00+00:00,133.9247,134.2854,133.7327,134.2572,22519.4
2024-06-21 02:00:00+00:00,134.2572,134.8411,133.7459,133.918,30170.7
2024-06-21 02:30:00+00:00,133.918,133.9537,132.9,133.0481,56198.8
2024-06-21 03:00:00+00:00,133.0481,133.0692,132.2639,132.2838,45069.3
2024-06-21 03:30:00+00:00,132.2838,132.9278,131.6619,132.6437,51272.0
2024-06-21 04:00:00+00:00,132.6437,133.1947,131.8,132.867,53135.0
2024-06-21 04:30:00+00:00,132.867,133.2916,132.5694,133.1067,63911.7
2024-06-21 05:00:00+00:00,133.1067,133.1652,132.1937,132.6997,45177.7
2024-06-21 05:30:00+00:00,132.6997,133.1923,132.6853,133.0539,29611.7
2024-06-21 06:00:00+00:00,133.0539,133.2505,132.2507,132.5463,79427.4
2024-06-21 06:30:00+00:00,132.5463,132.6761,132.0637,132.5667,32683.6
2024-06-21 07:00:00+00:00,132.5667,132.8569,132.3379,132.8569,38697.3
2024-06-21 07:30:00+00:00,132.8569,132.9898,130.6312,131.3787,166167.6
2024-06-21 08:00:00+00:00,131.3787,131.6523,130.862,131.3273,82022.6
2024-06-21 08:30:00+00:00,131.3273,131.8005,129.4897,130.1273,184520.5
2024-06-21 09:00:00+00:00,130.1273,131.5922,129.9115,131.4813,117313.6
2024-06-21 09:30:00+00:00,131.4813,132.7108,131.4571,132.2853,94032.8
2024-06-21 10:00:00+00:00,132.2853,132.65,131.6465,131.6792,47157.5
2024-06-21 10:30:00+00:00,131.6792,132.4146,131.5565,131.95,30458.7
2024-06-21 11:00:00+00:00,131.95,132.5654,131.8929,132.2741,30182.5
2024-06-21 11:30:00+00:00,132.2741,132.3693,131.3727,131.9779,47786.7
2024-06-21 12:00:00+00:00,131.9779,132.4075,130.5001,131.3992,85196.3
2024-07-08 04:00:00+00:00,130.5572,131.2653,129.6931,131.2083,41012.9
2024-07-08 04:30:00+00:00,131.2083,133.4354,130.8964,133.059,149624.9
2024-07-08 05:00:00+00:00,133.059,133.9312,132.1677,132.2095,83630.3
2024-07-08 05:30:00+00:00,132.2095,133.1376,131.8201,132.7801,48330.9
2024-07-08 06:00:00+00:00,132.7801,133.6122,131.9605,133.1287,57065.3
2024-07-08 06:30:00+00:00,133.1287,133.7349,132.3359,132.5489,50508.6
2024-07-08 07:00:00+00:00,132.5489,132.7063,131.4253,131.9637,54987.9
2024-07-08 07:30:00+00:00,131.9637,132.8556,131.8259,132.5584,44170.5
2024-07-08 08:00:00+00:00,132.5584,137.1493,132.303,137.0616,283777.3
2024-07-08 08:30:00+00:00,137.0616,140.3175,136.5283,140.2581,297870.1
2024-07-08 09:00:00+00:00,140.2581,141.745,138.9233,140.9037,388600.9
2024-07-08 09:30:00+00:00,140.9037,140.9801,138.6953,139.4981,136807.7
2024-07-08 10:00:00+00:00,139.4981,140.8137,138.7796,139.7999,90364.6
2024-07-08 10:30:00+00:00,139.7999,140.2585,137.65,138.2125,158796.1
2024-07-08 11:00:00+00:00,138.2125,140.6485,138.1372,140.3996,183961.9
2024-07-08 11:30:00+00:00,140.3996,141.8341,140.1399,140.5886,123505.7
2024-07-08 12:00:00+00:00,140.5886,141.3236,139.2532,140.6269,125733.3
2024-07-08 12:30:00+00:00,140.6269,141.83,140.1773,140.4189,84699.2
2024-07-08 13:00:00+00:00,140.4189,141.3426,139.8521,140.6925,64779.5
2024-07-08 13:30:00+00:00,140.6925,141.2118,139.6135,140.681,114109.5
2024-07-08 14:00:00+00:00,140.681,141.4,136.638,136.6649,328281.6
2024-07-08 14:30:00+00:00,136.6649,140.156,133.4708,138.282,1480995.5
2024-07-08 15:00:00+00:00,138.282,139.8772,137.9987,138.6664,166101.9
2024-07-08 15:30:00+00:00,138.6664,139.0417,136.4398,137.1376,192711.2
2024-07-08 16:00:00+00:00,137.1376,138.3999,134.8818,135.2339,126688.0
2024-07-08 16:30:00+00:00,135.2339,137.0664,134.8396,136.3792,88188.7
2024-07-08 17:00:00+00:00,136.3792,137.7838,135.6,136.919,108568.6
2024-07-08 17:30:00+00:00,136.919,137.5,136.4558,136.9708,58661.0
2024-07-08 18:00:00+00:00,136.9708,137.3505,136.2984,137.0137,31576.7
2024-07-08 18:30:00+00:00,137.0137,138.1735,136.7521,137.7068,53098.1
2024-07-08 19:00:00+00:00,137.7068,138.2205,137.0093,138.0266,38998.6
2024-07-08 19:30:00+00:00,138.0266,138.2999,137.3938,138.1156,13501.9
2024-07-08 20:00:00+00:00,138.1156,140.85,137.1575,138.4507,429264.1
2024-07-08 20:30:00+00:00,138.4507,139.5226,137.9829,138.5201,46482.8
2024-07-08 21:00:00+00:00,138.5201,140.9459,138.22,140.7749,37038.0
2024-07-08 21:30:00+00:00,140.7749,140.9479,139.7134,139.9715,55592.8
2024-07-08 22:00:00+00:00,139.9715,140.9375,139.4442,140.8436,33005.7
2024-07-08 22:30:00+00:00,140.8436,140.9042,139.6306,140.1447,33588.3
2024-07-08 23:00:00+00:00,140.1447,140.4243,139.6324,139.9035,15068.2
2024-07-08 23:30:00+00:00,139.9035,139.9035,138.9004,139.703,30322.9
2024-07-09 00:00:00+00:00,139.703,139.7274,138.3025,138.3521,57328.7
2024-07-09 00:30:00+00:00,138.3521,139.119,137.7039,138.1409,74529.4
2024-07-09 01:00:00+00:00,138.1409,141.116,138.0724,138.5799,149761.5
2024-07-09 01:30:00+00:00,138.5799,138.9769,136.9007,137.1671,72431.8
2024-07-09 02:00:00+00:00,137.1671,138.576,136.3957,138.4702,41814.4
2024-07-09 02:30:00+00:00,138.4702,139.8976,138.2799,139.7167,42843.1
2024-07-09 03:00:00+00:00,139.7167,140.1131,138.4088,138.6168,64648.6
2024-07-09 03:30:00+00:00,138.6168,140.6678,138.4516,140.2894,42582.4
2024-07-09 04:00:00+00:00,140.2894,141.526,139.8611,140.6089,111950.7
2024-07-09 04:30:00+00:00,140.6089,141.3728,140.3135,140.6041,53953.8
2024-07-09 05:00:00+00:00,140.6041,141.2379,140.2215,140.8267,31741.5
2024-07-09 05:30:00+00:00,140.8267,141.4845,140.4064,141.419,36671.7
2024-07-09 06:00:00+00:00,141.419,142.8,140.8591,142.5164,103548.8
2024-07-09 06:30:00+00:00,142.5164,143.3188,142.4811,142.5001,97291.5
2024-07-09 07:00:00+00:00,142.5001,143.2495,141.7209,142.428,59994.9
2024-07-09 07:30:00+00:00,142.428,142.9807,141.52,141.8481,64171.9
2024-07-09 08:00:00+00:00,141.8481,143.0938,141.1532,142.6083,118735.3
2024-07-09 08:30:00+00:00,142.6083,144.1978,142.1587,142.282,191723.8
2024-07-09 09:00:00+00:00,142.282,143.0109,141.8765,142.5341,62195.7
2024-07-09 09:30:00+00:00,142.5341,142.9961,141.6347,141.6349,70200.5
2024-07-09 10:00:00+00:00,141.6349,142.1321,140.5595,140.8771,86977.4
2024-07-09 10:30:00+00:00,140.8771,141.6102,140.7317,141.3192,57565.4
2024-07-09 11:00:00+00:00,141.3192,141.587,140.1166,141.3327,77166.5
2024-07-09 11:30:00+00:00,141.3327,142.0907,141.0004,141.9375,52770.3
2024-07-09 12:00:00+00:00,141.9375,142.3431,140.8075,140.986,46537.6
2024-07-09 12:30:00+00:00,140.986,141.4286,140.6484,140.8225,61878.2
2024-07-09 13:00:00+00:00,140.8225,141.295,140.2466,140.5386,46380.0
2024-07-09 13:30:00+00:00,140.5386,141.2825,139.4223,140.3483,104912.4
2024-07-09 14:00:00+00:00,140.3483,143.0294,139.6582,141.2174,318214.6
2024-07-09 14:30:00+00:00,141.2174,141.478,138.7,138.7001,137981.1
2024-07-09 15:00:00+00:00,138.7001,139.9683,138.5173,139.4977,138393.3
2024-07-09 15:30:00+00:00,139.4977,140.6565,138.8989,140.4447,49631.2
2024-07-09 16:00:00+00:00,140.4447,141.9,139.9842,141.6152,61245.2
2024-07-09 16:30:00+00:00,141.6152,142.5,140.6024,142.4372,74514.2
2024-07-09 17:00:00+00:00,142.4372,142.9101,141.6324,142.2,81261.2
2024-07-09 17:30:00+00:00,142.2,142.2665,140.7247,141.258,46529.9
2024-07-09 18:00:00+00:00,141.258,142.4265,140.8689,141.7429,35720.5
2024-07-09 18:30:00+00:00,141.7429,142.8975,141.6836,142.34,46966.4
2024-07-09 19:00:00+00:00,142.34,142.4645,141.571,142.102,19532.2
2024-07-09 19:30:00+00:00,142.102,142.102,141.4549,141.9673,12172.1
2024-07-09 20:00:00+00:00,141.9673,142.5763,141.7392,142.244,16845.9
2024-07-09 20:30:00+00:00,142.244,143.3095,142.2403,142.4516,50033.0
2024-07-09 21:00:00+00:00,142.4516,143.1977,141.9293,142.9022,31858.5
2024-07-09 21:30:00+00:00,142.9022,143.2229,141.6496,141.8161,25689.9
2024-07-09 22:00:00+00:00,141.8161,142.0317,140.5978,141.2013,47290.6
2024-07-09 22:30:00+00:00,141.2013,142.3255,140.9484,141.1021,37034.6
2024-07-09 23:00:00+00:00,141.1021,141.5176,140.8361,140.9802,20015.9
2024-07-09 23:30:00+00:00,140.9802,141.9722,140.9801,141.3819,19420.8
2024-07-10 00:00:00+00:00,141.3819,141.4121,139.2204,139.4978,59731.0
2024-07-10 00:30:00+00:00,139.4978,140.4823,139.0194,139.1034,46461.8
2024-07-10 01:00:00+00:00,139.1034,140.3,138.4675,140.1915,55121.0
2024-07-10 01:30:00+00:00,140.1915,140.6981,139.5675,140.1489,39337.2
2024-07-10 02:00:00+00:00,140.1489,140.5759,139.2573,139.9121,22196.1
2024-07-10 02:30:00+00:00,139.9121,141.1374,139.8792,140.9925,22632.9
2024-07-10 03:00:00+00:00,140.9925,141.5422,140.6666,140.9627,27616.4
2024-07-10 03:30:00+00:00,140.9627,141.7508,140.7503,141.7068,31074.9
2024-07-10 04:00:00+00:00,141.7068,145.2785,141.6058,145.1907,297742.9
2024-07-10 04:30:00+00:00,145.1907,145.55,144.2467,145.0403,145883.4
2024-07-10 05:00:00+00:00,145.0403,146.05,144.3318,144.6801,96836.3
2024-07-10 05:30:00+00:00,144.6801,144.8446,143.6231,143.9697,57406.0
2024-07-10 06:00:00+00:00,143.9697,144.3471,143.3845,144.106,44200.9
2024-07-10 06:30:00+00:00,144.106,144.9885,143.9405,144.8026,35374.1
2024-07-10 07:00:00+00:00,144.8026,144.9737,143.62,143.8499,47869.5
2024-07-10 07:30:00+00:00,143.8499,144.2346,143.096,144.0732,72210.0
2024-07-10 08:00:00+00:00,144.0732,144.4017,143.2261,143.6118,59081.2
2024-07-10 08:30:00+00:00,143.6118,144.5083,143.4781,143.7935,43185.2
2024-07-10 09:00:00+00:00,143.7935,143.805,142.6,142.8357,75612.1
2024-07-10 09:30:00+00:00,142.8357,143.3556,142.3375,143.0202,56367.0
2024-07-10 10:00:00+00:00,143.0202,143.5434,142.928,143.4156,33897.7
2024-07-10 10:30:00+00:00,143.4156,143.971,143.3719,143.9336,51048.4
2024-07-10 11:00:00+00:00,143.9336,143.9986,142.3428,142.5702,74203.0
2024-07-10 11:30:00+00:00,142.5702,143.289,142.1815,142.7845,72550.5
2024-07-10 12:00:00+00:00,142.7845,143.1839,141.8807,142.0813,43291.2
2024-07-10 12:30:00+00:00,142.0813,142.1299,140.4134,142.1102,304064.9
2024-07-10 13:00:00+00:00,142.1102,142.8372,141.4119,141.7883,106929.5
2024-07-10 13:30:00+00:00,141.7883,142.1264,140.8419,141.6904,152922.9
2024-07-10 14:00:00+00:00,141.6904,142.463,140.7982,141.6609,80787.8
2024-07-10 14:30:00+00:00,141.6609,141.8239,140.1135,140.8592,77208.9
2024-07-10 15:00:00+00:00,140.8592,141.4016,139.9146,140.9734,68538.4
2024-07-10 15:30:00+00:00,140.9734,141.8231,140.8589,141.1102,49817.1
2024-07-10 16:00:00+00:00,141.1102,142.577,141.0137,141.7328,64342.3
2024-07-10 16:30:00+00:00,141.7328,142.0501,140.6899,141.1945,60675.9
2024-07-10 17:00:00+00:00,141.1945,141.2138,140.2,140.5876,33305.4
2024-07-10 17:30:00+00:00,140.5876,141.19,140.2493,141.0169,21420.7
2024-07-10 18:00:00+00:00,141.0169,141.5626,140.6047,140.6579,18385.4
2024-07-10 18:30:00+00:00,140.6579,140.9936,140.4934,140.8886,11490.4
2024-07-10 19:00:00+00:00,140.8886,141.05,140.3002,140.8661,20871.5
2024-07-10 19:30:00+00:00,140.8661,141.341,140.708,140.9204,13442.5
2024-07-10 20:00:00+00:00,140.9204,141.478,140.8104,140.8381,17039.2
2024-07-10 20:30:00+00:00,140.8381,141.0201,140.4584,140.8031,27408.9
2024-07-10 21:00:00+00:00,140.8031,140.9066,140.1377,140.6144,30684.9
2024-07-10 21:30:00+00:00,140.6144,141.145,140.3703,141.0806,8459.1
2024-07-10 22:00:00+00:00,141.0806,141.8632,141.0068,141.8153,24108.4
2024-07-10 22:30:00+00:00,141.8153,141.9322,141.2951,141.5,13951.2
2024-07-10 23:00:00+00:00,141.5,141.631,141.1715,141.5882,8376.0
2024-07-10 23:30:00+00:00,141.5882,142.4273,141.4408,141.9939,15479.1
2024-07-11 00:00:00+00:00,141.9939,141.9939,140.9854,141.0169,30591.9
2024-07-11 00:30:00+00:00,141.0169,141.8327,140.3558,141.66,30675.6
2024-07-11 01:00:00+00:00,141.66,141.7046,140.8017,141.4735,25160.8
2024-07-11 01:30:00+00:00,141.4735,143.1964,140.984,142.8016,67136.7
2024-07-11 02:00:00+00:00,142.8016,143.1698,141.843,142.8129,42479.9
2024-07-11 02:30:00+00:00,142.8129,142.8129,141.6421,141.6421,21214.3
2024-07-11 03:00:00+00:00,141.6421,141.8268,139.0,140.0356,187111.5
2024-07-11 03:30:00+00:00,140.0356,140.4763,139.6647,140.2935,23930.6
2024-07-11 04:00:00+00:00,140.2935,140.6794,140.0245,140.3442,30330.5
2024-07-11 04:30:00+00:00,140.3442,140.8986,140.3254,140.5784,41904.0
2024-07-11 05:00:00+00:00,140.5784,140.9624,140.4006,140.4722,22329.3
2024-07-11 05:30:00+00:00,140.4722,141.14,140.0444,140.9744,65456.5
2024-07-11 06:00:00+00:00,140.9744,141.2153,140.4925,141.0578,48342.7
2024-07-11 06:30:00+00:00,141.0578,141.5784,140.8653,141.2461,20894.2
2024-07-11 07:00:00+00:00,141.2461,142.1779,140.8615,142.0346,50107.5
2024-07-11 07:30:00+00:00,142.0346,142.3872,141.812,141.8729,66081.4
2024-07-11 08:00:00+00:00,141.8729,142.7384,141.8295,142.2642,68894.5
2024-07-11 08:30:00+00:00,142.2642,142.4426,141.8844,142.2619,24427.1
2024-07-11 09:00:00+00:00,142.2619,142.63,142.069,142.3205,28084.8
2024-07-11 09:30:00+00:00,142.3205,142.7576,142.1268,142.5353,24754.1
2024-07-11 10:00:00+00:00,142.5353,142.8852,141.8514,142.0672,46734.7
2024-07-11 10:30:00+00:00,142.0672,142.9483,141.9627,142.8238,42760.5
2024-07-11 11:00:00+00:00,142.8238,143.2694,142.7234,142.8292,50689.3
2024-07-11 11:30:00+00:00,142.8292,143.8594,142.8149,143.2801,82449.2
2024-07-11 12:00:00+00:00,143.2801,143.8799,142.5704,143.3723,46805.7
2024-07-11 12:30:00+00:00,143.3723,145.9416,142.7792,143.6005,843366.7
2024-07-11 13:00:00+00:00,143.6005,143.7291,141.5697,143.2211,278405.4
2024-07-11 13:30:00+00:00,143.2211,143.4217,141.7955,142.2968,104539.5
2024-07-11 14:00:00+00:00,142.2968,142.5,140.0078,140.514,217324.3
2024-07-11 14:30:00+00:00,140.514,141.1371,139.8739,140.7332,119585.8
2024-07-11 15:00:00+00:00,140.7332,141.1945,140.2031,140.4279,72250.6
2024-07-11 15:30:00+00:00,140.4279,140.4279,137.4078,138.4173,260344.2
2024-07-11 16:00:00+00:00,138.4173,138.9999,137.1521,138.9997,129825.7
2024-07-11 16:30:00+00:00,138.9997,139.0055,137.5,138.2015,63063.2
2024-07-11 17:00:00+00:00,138.2015,138.9921,137.881,138.8084,30311.1
2024-07-11 17:30:00+00:00,138.8084,138.9764,138.0848,138.2219,25101.8
2024-07-11 18:00:00+00:00,138.2219,138.8883,137.9237,138.375,22587.8
2024-07-11 18:30:00+00:00,138.375,138.8136,138.1145,138.645,19024.8
2024-07-11 19:00:00+00:00,138.645,138.8074,136.2477,136.8439,57289.1
2024-07-11 19:30:00+00:00,136.8439,138.0463,136.3869,136.5712,95656.1
2024-07-11 20:00:00+00:00,136.5712,137.4121,136.0477,136.1745,104179.8
2024-07-11 20:30:00+00:00,136.1745,137.183,135.4972,136.8761,58816.5
2024-07-11 21:00:00+00:00,136.8761,137.5217,136.4,136.6586,30443.6
2024-07-11 21:30:00+00:00,136.6586,136.8172,135.8012,136.5767,24886.0
2024-07-11 22:00:00+00:00,136.5767,136.93,135.9012,136.93,30120.0
2024-07-11 22:30:00+00:00,136.93,137.07,136.2997,136.7298,25415.5
2024-07-11 23:00:00+00:00,136.7298,136.9556,136.1911,136.5359,15239.5
2024-07-11 23:30:00+00:00,136.5359,136.6174,135.7495,135.7721,23111.1
2024-07-12 00:00:00+00:00,135.7721,136.5644,135.2163,136.5243,68636.8
2024-07-12 00:30:00+00:00,136.5243,137.0913,135.6223,135.8241,49857.9
2024-07-12 01:00:00+00:00,135.8241,136.3596,133.94,134.8372,148324.1
2024-07-12 01:30:00+00:00,134.8372,136.43,134.7899,136.2,50955.6
2024-07-12 02:00:00+00:00,136.2,137.384,135.8371,137.1,46496.2
2024-07-12 02:30:00+00:00,137.1,138.0924,137.0468,137.9329,63121.5
2024-07-12 03:00:00+00:00,137.9329,137.9638,136.0284,136.7,40275.6
2024-07-12 03:30:00+00:00,136.7,137.3204,136.4433,136.4879,21174.5
2024-07-12 04:00:00+00:00,136.4879,136.842,135.453,135.5361,33996.7
2024-07-12 04:30:00+00:00,135.5361,136.409,135.3809,136.1,31351.7
2024-07-12 05:00:00+00:00,136.1,136.2148,135.0879,135.7295,49210.1
2024-07-12 05:30:00+00:00,135.7295,135.7784,135.0,135.5637,22735.9
2024-07-12 06:00:00+00:00,135.5637,136.5628,135.3697,136.5117,34329.3
2024-07-12 06:30:00+00:00,136.5117,137.0,136.1217,136.2402,37485.9
2024-07-12 07:00:00+00:00,136.2402,136.7174,135.4864,135.7251,37754.4
2024-07-12 07:30:00+00:00,135.7251,135.9815,134.4424,135.444,82157.2
2024-07-28 23:30:00+00:00,184.179,184.8717,184.0783,184.7626,6085.5
2024-07-29 00:00:00+00:00,184.7626,189.1571,184.2134,187.8732,52711.6
2024-07-29 00:30:00+00:00,187.8732,188.3268,186.7074,187.845,18616.1
2024-07-29 01:00:00+00:00,187.845,188.6,186.9209,188.4723,14551.8
2024-07-29 01:30:00+00:00,188.4723,188.75,187.2724,187.2724,11460.7
2024-07-29 02:00:00+00:00,187.2724,189.1901,186.9659,188.7791,19612.5
2024-07-29 02:30:00+00:00,188.7791,192.2307,188.7718,191.8695,52047.6
2024-07-29 03:00:00+00:00,191.8695,193.1059,191.6653,192.5264,35635.8
2024-07-29 03:30:00+00:00,192.5264,192.7205,191.3992,192.0722,19391.6
2024-07-29 04:00:00+00:00,192.0722,192.8966,191.5769,192.6266,21383.2
2024-07-29 04:30:00+00:00,192.6266,193.5446,192.2607,193.315,19132.5
2024-07-29 05:00:00+00:00,193.315,193.7293,192.6967,193.0533,20575.2
2024-07-29 05:30:00+00:00,193.0533,193.7955,193.0133,193.3805,18647.8
2024-07-29 06:00:00+00:00,193.3805,193.6512,192.408,193.3428,12212.9
2024-07-29 06:30:00+00:00,193.3428,193.6268,192.5107,192.5133,9150.5
2024-07-29 07:00:00+00:00,192.5133,192.8875,190.8787,191.6393,42287.2
2024-07-29 07:30:00+00:00,191.6393,192.6724,191.6298,192.2735,12132.0
2024-07-29 08:00:00+00:00,192.2735,192.4129,191.6099,191.8364,10744.1
2024-07-29 08:30:00+00:00,191.8364,191.9561,191.249,191.5029,10307.0
2024-07-29 09:00:00+00:00,191.5029,192.155,191.187,192.0218,13258.8
2024-07-29 09:30:00+00:00,192.0218,192.1839,191.2672,191.9848,9401.1
2024-07-29 10:00:00+00:00,191.9848,191.999,191.1355,191.6032,7896.5
2024-07-29 10:30:00+00:00,191.6032,192.0137,190.6367,190.816,16526.3
2024-07-29 11:00:00+00:00,190.816,191.5952,190.2646,191.5889,20336.3
2024-07-29 11:30:00+00:00,191.5889,191.8491,190.8418,190.8618,7389.1
2024-07-29 12:00:00+00:00,190.8618,192.0207,190.649,191.8296,8816.3
2024-07-29 12:30:00+00:00,191.8296,193.1944,191.276,192.3688,38419.9
2024-07-29 13:00:00+00:00,192.3688,192.7155,191.4431,191.6309,15019.3
2024-07-29 13:30:00+00:00,191.6309,192.1,190.1697,190.5618,28757.4
2024-07-29 14:00:00+00:00,190.5618,190.8828,188.4501,189.0465,50299.4
2024-07-29 14:30:00+00:00,189.0465,189.5361,186.8607,187.7037,39973.5
2024-07-29 15:00:00+00:00,187.7037,188.2222,185.88,186.5381,52065.9
2024-07-29 15:30:00+00:00,186.5381,187.1753,185.5827,186.9713,28946.2
2024-07-29 16:00:00+00:00,186.9713,187.5306,185.0,185.9559,23080.9
2024-07-29 16:30:00+00:00,185.9559,185.9834,184.1339,184.6973,38853.2
2024-07-29 17:00:00+00:00,184.6973,186.4646,184.3271,185.7219,24964.4
2024-07-29 17:30:00+00:00,185.7219,186.9257,184.819,186.5274,21367.7
2024-07-29 18:00:00+00:00,186.5274,187.4906,186.0408,186.288,19979.0
2024-07-29 18:30:00+00:00,186.288,186.5663,185.547,185.6851,8788.6
2024-07-29 19:00:00+00:00,185.6851,186.3701,185.0,186.1554,10516.7
2024-07-29 19:30:00+00:00,186.1554,186.8607,185.9577,186.8325,11813.8
2024-07-29 20:00:00+00:00,186.8325,186.8747,185.9,186.392,5813.8
2024-07-29 20:30:00+00:00,186.392,186.6909,185.5252,185.7343,8017.2
2024-07-29 21:00:00+00:00,185.7343,185.8092,184.3095,184.342,15247.1
2024-07-29 21:30:00+00:00,184.342,185.0839,182.8942,183.8873,30085.1
2024-07-29 22:00:00+00:00,183.8873,185.3173,183.1351,184.3665,14291.3
2024-07-29 22:30:00+00:00,184.3665,184.5276,183.143,183.3286,7116.6
2024-07-29 23:00:00+00:00,183.3286,183.6959,181.5,183.2036,23902.8
2024-07-29 23:30:00+00:00,183.2036,183.4794,182.2186,182.5244,11064.5
2024-07-30 00:00:00+00:00,182.5244,183.4735,181.2516,183.3308,20125.5
2024-07-30 00:30:00+00:00,183.3308,183.8108,182.2977,182.9482,17910.0
2024-07-30 01:00:00+00:00,182.9482,183.761,182.6177,183.0013,11371.5
2024-07-30 01:30:00+00:00,183.0013,183.1973,180.2099,180.3793,36788.8
2024-07-30 02:00:00+00:00,180.3793,181.6084,179.16,179.3693,31208.7
2024-07-30 02:30:00+00:00,179.3693,181.0323,179.3643,180.8311,18400.4
2024-07-30 03:00:00+00:00,180.8311,182.3,180.5146,182.2432,16630.6
2024-07-30 03:30:00+00:00,182.2432,182.712,181.752,182.5913,10299.6
2024-07-30 04:00:00+00:00,182.5913,183.1562,182.183,183.1038,13168.9
2024-07-30 04:30:00+00:00,183.1038,184.1926,182.1411,184.0778,30283.6
2024-07-30 05:00:00+00:00,184.0778,184.784,181.5686,181.8124,25936.3
2024-07-30 05:30:00+00:00,181.8124,182.3317,181.0364,181.8637,11917.2
2024-07-30 06:00:00+00:00,181.8637,182.6591,181.5628,182.4059,12632.4
2024-07-30 06:30:00+00:00,182.4059,182.8887,181.8554,182.5121,15338.2
2024-07-30 07:00:00+00:00,182.5121,183.5948,182.4986,182.958,20921.1
2024-07-30 07:30:00+00:00,182.958,183.1304,182.2569,182.2859,13241.3
2024-07-30 08:00:00+00:00,182.2859,182.9042,181.8001,181.8001,9921.4
2024-07-30 08:30:00+00:00,181.8001,181.9416,180.7,180.9579,14770.8
2024-07-30 09:00:00+00:00,180.9579,182.0682,180.9212,181.931,10843.7
2024-07-30 09:30:00+00:00,181.931,182.0568,181.2165,181.6186,6177.8
2024-07-30 10:00:00+00:00,181.6186,181.7665,180.311,181.0,14391.6
2024-07-30 10:30:00+00:00,181.0,181.3621,180.2019,180.9136,13008.9
2024-07-30 11:00:00+00:00,180.9136,181.0472,180.0446,180.3852,9810.9
2024-07-30 11:30:00+00:00,180.3852,181.2156,180.1284,181.0723,9259.2
2024-07-30 12:00:00+00:00,181.0723,181.0771,179.2018,179.3531,18642.4
2024-07-30 12:30:00+00:00,179.3531,181.5159,179.2615,181.3257,21992.5
2024-07-30 13:00:00+00:00,181.3257,182.5956,181.3252,181.7578,20702.8
2024-07-30 13:30:00+00:00,181.7578,182.6511,179.3779,179.6186,35161.9
2024-07-30 14:00:00+00:00,179.6186,180.8062,178.5789,180.3409,39468.8
2024-07-30 14:30:00+00:00,180.3409,181.8183,180.0085,180.494,22169.5
2024-07-30 15:00:00+00:00,180.494,181.9992,178.8207,181.6958,36728.2
2024-07-30 15:30:00+00:00,181.6958,181.7005,180.7562,180.975,7813.0
2024-07-30 16:00:00+00:00,180.975,181.302,180.146,180.6669,13987.9
2024-07-30 16:30:00+00:00,180.6669,181.4493,179.6102,179.6587,11284.1
2024-07-30 17:00:00+00:00,179.6587,179.8217,177.6,178.5549,45047.5
2024-07-30 17:30:00+00:00,178.5549,178.6753,177.1558,177.4294,16863.6
2024-07-30 18:00:00+00:00,177.4294,178.2424,176.6218,178.0521,14900.4
2024-07-30 18:30:00+00:00,178.0521,178.271,176.8188,177.8385,12263.5
2024-07-30 19:00:00+00:00,177.8385,177.8385,176.2025,176.7823,15425.9
2024-07-30 19:30:00+00:00,176.7823,178.1625,176.4423,177.937,7515.1
2024-07-30 20:00:00+00:00,177.937,178.4772,175.2,178.178,29857.5
2024-07-30 20:30:00+00:00,178.178,179.75,178.1145,179.57,27685.3
2024-07-30 21:00:00+00:00,179.57,179.7076,178.7434,179.2403,12567.0
2024-07-30 21:30:00+00:00,179.2403,179.6619,178.8806,179.4117,8478.3
2024-07-30 22:00:00+00:00,179.4117,179.4898,178.6668,179.0038,8239.7
2024-07-30 22:30:00+00:00,179.0038,179.348,178.5338,179.2528,5454.7
2024-07-30 23:00:00+00:00,179.2528,179.8817,178.8088,179.1675,8473.9
2024-07-30 23:30:00+00:00,179.1675,179.4828,178.8383,179.0999,3822.2
2024-07-31 00:00:00+00:00,179.0999,179.3233,177.9876,178.114,8718.0
2024-07-31 00:30:00+00:00,178.114,180.8164,178.0551,180.6483,18309.8
2024-07-31 01:00:00+00:00,180.6483,181.3419,180.0277,180.2365,15801.7
2024-07-31 01:30:00+00:00,180.2365,181.3,179.4937,181.1444,11782.5
2024-07-31 02:00:00+00:00,181.1444,181.5249,180.703,181.5102,7227.7
2024-07-31 02:30:00+00:00,181.5102,181.5216,179.8078,180.2706,8145.5
2024-07-31 03:00:00+00:00,180.2706,181.36,180.0535,180.5109,6443.7
2024-07-31 03:30:00+00:00,180.5109,181.1627,180.5081,180.7678,3591.0
2024-07-31 04:00:00+00:00,180.7678,180.8878,179.321,179.7105,14682.6
2024-07-31 04:30:00+00:00,179.7105,179.7693,177.8355,179.2,48932.9
2024-07-31 05:00:00+00:00,179.2,179.4629,178.1613,179.1076,11194.3
2024-07-31 05:30:00+00:00,179.1076,181.8901,179.0916,181.5637,17952.5
2024-07-31 06:00:00+00:00,181.5637,183.5159,181.3908,182.3093,42247.7
2024-07-31 06:30:00+00:00,182.3093,183.5448,182.2515,183.3144,9812.8
2024-07-31 07:00:00+00:00,183.3144,183.7437,182.8,183.3907,9224.6
2024-07-31 07:30:00+00:00,183.3907,183.6456,182.9999,183.01,9006.9
2024-07-31 08:00:00+00:00,183.01,183.5836,182.41,183.4065,9534.6
2024-07-31 08:30:00+00:00,183.4065,183.9799,183.3574,183.8433,9113.5
2024-07-31 09:00:00+00:00,183.8433,184.1211,182.974,183.5879,15144.7
2024-07-31 09:30:00+00:00,183.5879,184.4093,183.34,183.34,9553.7
2024-07-31 10:00:00+00:00,183.34,183.5,182.7071,182.9665,9109.1
2024-07-31 10:30:00+00:00,182.9665,182.9665,181.8397,182.0365,15540.0
2024-07-31 11:00:00+00:00,182.0365,182.6626,181.7143,181.8284,7592.0
2024-07-31 11:30:00+00:00,181.8284,181.9996,181.1048,181.5854,14573.9
2024-07-31 12:00:00+00:00,181.5854,182.4221,181.5624,181.746,12993.7
2024-07-31 12:30:00+00:00,181.746,182.4645,181.0152,181.2103,13082.3
2024-07-31 13:00:00+00:00,181.2103,182.4449,181.113,182.4138,8759.6
2024-07-31 13:30:00+00:00,182.4138,184.3243,181.925,182.4876,36240.2
2024-07-31 14:00:00+00:00,182.4876,183.7667,180.1424,180.6424,26062.3
2024-07-31 14:30:00+00:00,180.6424,181.4285,179.9609,180.5606,14971.4
2024-07-31 15:00:00+00:00,180.5606,181.1888,179.7347,180.5699,10849.6
2024-07-31 15:30:00+00:00,180.5699,181.0275,179.9279,180.0642,7101.8
2024-07-31 16:00:00+00:00,180.0642,181.9287,179.51,180.7499,15276.4
2024-07-31 16:30:00+00:00,180.7499,180.9485,179.3915,180.2054,11510.9
2024-07-31 17:00:00+00:00,180.2054,180.9824,179.7,180.533,7684.3
2024-07-31 17:30:00+00:00,180.533,182.5878,180.3149,181.8163,13920.6
2024-07-31 18:00:00+00:00,181.8163,182.1557,178.8671,179.0547,19667.3
2024-07-31 18:30:00+00:00,179.0547,180.816,178.7684,180.677,13874.8
2024-07-31 19:00:00+00:00,180.677,181.4,177.4835,177.7199,22781.8
2024-07-31 19:30:00+00:00,177.7199,178.8797,174.8203,176.622,61055.6
2024-07-31 20:00:00+00:00,176.622,177.0137,174.35,175.3493,34577.7
2024-07-31 20:30:00+00:00,175.3493,175.6598,173.3416,173.5069,19776.8
2024-07-31 21:00:00+00:00,173.5069,175.1932,172.7,172.7181,38593.4
2024-07-31 21:30:00+00:00,172.7181,174.0445,172.631,173.8858,12509.0
2024-07-31 22:00:00+00:00,173.8858,173.9153,171.793,172.3086,18826.7
2024-07-31 22:30:00+00:00,172.3086,173.6,172.1207,173.2783,10758.0
2024-07-31 23:00:00+00:00,173.2783,173.4276,172.1304,172.5912,10604.5
2024-07-31 23:30:00+00:00,172.5912,172.7044,171.4544,171.6147,10330.9
2024-08-01 00:00:00+00:00,171.6147,172.7045,171.211,171.3183,15368.1
2024-08-01 00:30:00+00:00,171.3183,172.5246,171.0702,171.9977,13790.7
2024-08-01 01:00:00+00:00,171.9977,172.3852,171.0451,171.8802,17267.0
2024-08-01 01:30:00+00:00,171.8802,171.8803,169.5263,171.1843,24501.0
2024-08-01 02:00:00+00:00,171.1843,171.4843,169.3462,169.5846,20145.1
2024-08-01 02:30:00+00:00,169.5846,170.6,169.1179,170.0002,14369.7
2024-08-01 03:00:00+00:00,170.0002,170.0002,168.4459,169.8268,22673.3
2024-08-01 03:30:00+00:00,169.8268,169.8833,168.4,168.4697,10072.0
2024-08-01 04:00:00+00:00,168.4697,169.0,167.0272,167.576,22524.6
2024-08-01 04:30:00+00:00,167.576,167.97,165.855,166.4319,35126.4
2024-08-01 05:00:00+00:00,166.4319,169.2615,165.857,169.2539,42379.6
2024-08-01 05:30:00+00:00,169.2539,169.5953,168.6519,168.9716,19504.3
2024-08-01 06:00:00+00:00,168.9716,169.2752,168.4852,169.2748,14053.7
2024-08-01 06:30:00+00:00,169.2748,169.7498,168.3005,168.4233,11493.3
2024-08-01 07:00:00+00:00,168.4233,169.4576,168.2037,168.6693,11177.0
2024-08-01 07:30:00+00:00,168.6693,168.8715,167.7085,168.0764,17777.1
2024-08-01 08:00:00+00:00,168.0764,169.0351,168.0211,168.9685,16679.2
2024-08-01 08:30:00+00:00,168.9685,169.4515,168.7045,169.3514,10320.0
2024-08-01 09:00:00+00:00,169.3514,169.9681,169.1189,169.265,15430.2
2024-08-01 09:30:00+00:00,169.265,169.3278,168.0276,168.2284,20088.1
2024-08-01 10:00:00+00:00,168.2284,168.8897,168.0514,168.8386,15016.1
2024-08-01 10:30:00+00:00,168.8386,169.3,168.5554,169.2164,7002.3
2024-08-01 11:00:00+00:00,169.2164,169.3319,168.4951,169.2655,9286.6
2024-08-01 11:30:00+00:00,169.2655,169.8337,168.7343,169.6986,20963.3
2024-08-01 12:00:00+00:00,169.6986,171.4548,169.5275,170.5402,31850.0
2024-08-01 12:30:00+00:00,170.5402,171.0947,170.1653,171.0254,16644.5
2024-08-01 13:00:00+00:00,171.0254,171.4636,169.551,169.6604,17643.6
2024-08-01 13:30:00+00:00,169.6604,170.3007,168.8131,169.7711,23090.9
2024-08-01 14:00:00+00:00,169.7711,170.0,167.3037,167.4516,26159.9
2024-08-01 14:30:00+00:00,167.4516,168.2312,164.4684,164.8159,59425.5
2024-08-01 15:00:00+00:00,164.8159,164.9576,162.3837,162.933,93820.3
2024-08-01 15:30:00+00:00,162.933,163.6184,161.1035,162.6835,51753.5
2024-08-01 16:00:00+00:00,162.6835,162.8947,160.2804,160.995,58145.4
2024-08-01 16:30:00+00:00,160.995,162.4315,160.5755,162.0808,24479.0
2024-08-01 17:00:00+00:00,162.0808,162.1999,160.7294,160.9517,16222.4
2024-08-01 17:30:00+00:00,160.9517,162.354,159.3461,162.1845,51792.3
2024-08-01 18:00:00+00:00,162.1845,162.2,158.6665,160.7592,52874.8
2024-08-01 18:30:00+00:00,160.7592,160.7717,157.8094,159.9166,39365.0
2024-08-01 19:00:00+00:00,159.9166,161.5172,159.8124,161.5045,18406.2
2024-08-01 19:30:00+00:00,161.5045,162.7181,161.0,162.4375,14350.5
2024-08-01 20:00:00+00:00,162.4375,162.6435,161.1501,161.5178,16698.4
2024-08-01 20:30:00+00:00,161.5178,165.1257,161.2643,164.8811,46879.3
2024-08-01 21:00:00+00:00,164.8811,165.9732,164.6,165.9538,20528.8
2024-08-01 21:30:00+00:00,165.9538,167.7441,165.5669,166.3642,26934.6
2024-08-01 22:00:00+00:00,166.3642,168.5227,166.0925,167.9368,20508.6
2024-08-01 22:30:00+00:00,167.9368,168.4356,167.0778,167.4104,16738.6
2024-08-01 23:00:00+00:00,167.4104,167.8915,166.9331,167.26,9482.0
2024-08-01 23:30:00+00:00,167.26,168.3045,166.9239,167.3729,9142.2
2024-08-02 00:00:00+00:00,167.3729,169.4251,167.2297,167.5483,15549.9
2024-08-02 00:30:00+00:00,167.5483,168.3673,166.6962,166.7844,15380.8
2024-08-02 01:00:00+00:00,166.7844,166.8566,164.9412,165.0039,38548.8
2024-08-02 01:30:00+00:00,165.0039,165.7171,164.222,164.2384,24863.4
2024-08-02 02:00:00+00:00,164.2384,165.2932,162.0009,162.4,25893.5
2024-08-02 02:30:00+00:00,162.4,163.5675,161.1961,163.1514,34698.8
2024-08-02 03:00:00+00:00,163.1514,164.3751,162.5103,164.2451,17029.0
2024-08-18 19:00:00+00:00,145.307,146.0,145.227,145.84,6184.0
2024-08-18 19:30:00+00:00,145.84,146.3,145.76,146.154,6922.9
2024-08-18 20:00:00+00:00,146.154,146.44,145.886,145.894,6710.8
2024-08-18 20:30:00+00:00,145.894,146.8,145.757,146.371,10664.9
2024-08-18 21:00:00+00:00,146.371,146.393,145.815,145.87,4158.6
2024-08-18 21:30:00+00:00,145.87,145.933,144.504,144.867,13789.3
2024-08-18 22:00:00+00:00,144.867,145.525,144.688,145.146,9332.2
2024-08-18 22:30:00+00:00,145.146,145.365,144.385,144.433,7701.1
2024-08-18 23:00:00+00:00,144.433,144.769,143.569,143.702,16854.4
2024-08-18 23:30:00+00:00,143.702,143.702,142.123,142.291,27916.3
2024-08-19 00:00:00+00:00,142.291,143.37,141.674,142.407,32463.0
2024-08-19 00:30:00+00:00,142.407,143.227,141.846,141.983,11970.5
2024-08-19 01:00:00+00:00,141.983,142.4,141.6,142.09,18228.8
2024-08-19 01:30:00+00:00,142.09,142.808,141.733,142.07,15529.5
2024-08-19 02:00:00+00:00,142.07,142.393,141.508,142.352,10888.3
2024-08-19 02:30:00+00:00,142.352,142.785,142.002,142.547,13649.2
2024-08-19 03:00:00+00:00,142.547,142.8,142.28,142.753,5959.8
2024-08-19 03:30:00+00:00,142.753,143.247,142.532,143.101,10044.2
2024-08-19 04:00:00+00:00,143.101,143.25,142.527,142.759,10975.7
2024-08-19 04:30:00+00:00,142.759,143.067,142.414,143.066,11521.9
2024-08-19 05:00:00+00:00,143.066,143.298,142.035,142.11,10308.9
2024-08-19 05:30:00+00:00,142.11,142.601,141.907,142.274,9082.7
2024-08-19 06:00:00+00:00,142.274,142.595,141.853,142.349,9904.4
2024-08-19 06:30:00+00:00,142.349,143.432,142.311,142.755,15029.0
2024-08-19 07:00:00+00:00,142.755,143.384,142.547,142.594,9685.6
2024-08-19 07:30:00+00:00,142.594,142.993,142.17,142.233,11386.2
2024-08-19 08:00:00+00:00,142.233,142.817,142.148,142.734,9118.8
2024-08-19 08:30:00+00:00,142.734,142.824,142.339,142.576,4384.3
2024-08-19 09:00:00+00:00,142.576,142.939,142.32,142.865,3753.7
2024-08-19 09:30:00+00:00,142.865,143.259,140.837,140.911,33819.8
2024-08-19 10:00:00+00:00,140.911,141.676,140.282,141.532,28050.1
2024-08-19 10:30:00+00:00,141.532,141.544,140.88,141.125,6306.2
2024-08-19 11:00:00+00:00,141.125,141.606,140.687,140.963,6173.5
2024-08-19 11:30:00+00:00,140.963,142.435,140.887,142.239,13417.9
2024-08-19 12:00:00+00:00,142.239,142.759,141.752,142.405,24397.5
2024-08-19 12:30:00+00:00,142.405,143.144,142.281,143.005,15538.8
2024-08-19 13:00:00+00:00,143.005,144.479,142.803,143.727,24102.6
2024-08-19 13:30:00+00:00,143.727,144.435,142.142,142.517,28447.3
2024-08-19 14:00:00+00:00,142.517,142.841,141.5,141.813,27714.8
2024-08-19 14:30:00+00:00,141.813,144.11,141.644,144.031,18176.7
2024-08-19 15:00:00+00:00,144.031,144.312,143.409,143.82,18509.4
2024-08-19 15:30:00+00:00,143.82,144.15,143.506,143.694,9576.1
2024-08-19 16:00:00+00:00,143.694,144.15,143.22,143.628,8985.2
2024-08-19 16:30:00+00:00,143.628,144.116,142.811,144.002,9607.7
2024-08-19 17:00:00+00:00,144.002,144.562,143.526,144.256,12464.2
2024-08-19 17:30:00+00:00,144.256,146.113,143.03,143.595,43726.5
2024-08-19 18:00:00+00:00,143.595,143.75,142.736,143.749,17071.2
2024-08-19 18:30:00+00:00,143.749,144.5,143.367,143.457,13518.0
2024-08-19 19:00:00+00:00,143.457,143.505,142.816,143.075,5797.1
2024-08-19 19:30:00+00:00,143.075,143.321,142.415,142.816,11201.0
2024-08-19 20:00:00+00:00,142.816,143.812,142.636,143.56,10380.9
2024-08-19 20:30:00+00:00,143.56,144.157,143.288,143.332,6166.7
2024-08-19 21:00:00+00:00,143.332,143.661,143.077,143.602,4197.3
2024-08-19 21:30:00+00:00,143.602,144.019,143.464,143.493,4663.6
2024-08-19 22:00:00+00:00,143.493,143.972,143.493,143.714,4616.8
2024-08-19 22:30:00+00:00,143.714,144.322,142.53,143.576,13486.1
2024-08-19 23:00:00+00:00,143.576,144.405,142.955,144.151,13571.8
2024-08-19 23:30:00+00:00,144.151,144.439,143.717,144.109,11156.0
2024-08-20 00:00:00+00:00,144.109,146.225,143.287,146.223,21844.2
2024-08-20 00:30:00+00:00,146.223,146.679,145.56,146.315,25611.8
2024-08-20 01:00:00+00:00,146.315,147.673,145.599,145.618,33784.4
2024-08-20 01:30:00+00:00,145.618,146.149,145.277,145.594,9102.1
2024-08-20 02:00:00+00:00,145.594,145.769,144.7,144.896,12859.8
2024-08-20 02:30:00+00:00,144.896,145.492,144.895,145.313,5935.1
2024-08-20 03:00:00+00:00,145.313,145.593,144.926,145.533,10526.1
2024-08-20 03:30:00+00:00,145.533,145.692,145.165,145.521,10841.4
2024-08-20 04:00:00+00:00,145.521,146.272,145.318,145.854,11997.1
2024-08-20 04:30:00+00:00,145.854,147.275,145.694,146.751,10605.8
2024-08-20 05:00:00+00:00,146.751,148.665,146.704,147.586,27392.5
2024-08-20 05:30:00+00:00,147.586,147.766,146.705,147.421,15845.8
2024-08-20 06:00:00+00:00,147.421,147.592,146.585,147.263,10062.8
2024-08-20 06:30:00+00:00,147.263,147.46,146.844,146.941,6564.4
2024-08-20 07:00:00+00:00,146.941,147.222,146.827,147.103,8645.4
2024-08-20 07:30:00+00:00,147.103,147.365,146.898,147.308,6311.8
2024-08-20 08:00:00+00:00,147.308,147.596,146.411,146.535,11519.7
2024-08-20 08:30:00+00:00,146.535,146.647,145.8,146.009,14119.3
2024-08-20 09:00:00+00:00,146.009,146.865,145.93,146.682,10146.8
2024-08-20 09:30:00+00:00,146.682,146.756,146.228,146.537,5332.2
2024-08-20 10:00:00+00:00,146.537,146.634,145.979,146.476,6632.1
2024-08-20 10:30:00+00:00,146.476,146.528,146.1,146.146,4325.3
2024-08-20 11:00:00+00:00,146.146,146.295,145.618,146.203,10718.3
2024-08-20 11:30:00+00:00,146.203,146.356,145.139,145.388,21484.0
2024-08-20 12:00:00+00:00,145.388,146.105,145.255,145.889,11123.1
2024-08-20 12:30:00+00:00,145.889,146.12,145.787,145.888,4929.8
2024-08-20 13:00:00+00:00,145.888,145.906,145.025,145.485,11246.3
2024-08-20 13:30:00+00:00,145.485,146.495,144.946,146.082,16302.1
2024-08-20 14:00:00+00:00,146.082,146.195,143.109,143.767,43245.0
2024-08-20 14:30:00+00:00,143.767,143.771,142.305,142.4,37823.9
2024-08-20 15:00:00+00:00,142.4,142.727,140.714,141.934,62538.0
2024-08-20 15:30:00+00:00,141.934,142.499,141.877,142.15,10446.9
2024-08-20 16:00:00+00:00,142.15,142.718,141.567,142.345,17054.5
2024-08-20 16:30:00+00:00,142.345,142.888,142.174,142.561,8471.7
2024-08-20 17:00:00+00:00,142.561,142.925,142.365,142.917,7714.1
2024-08-20 17:30:00+00:00,142.917,143.482,142.522,143.275,12044.0
2024-08-20 18:00:00+00:00,143.275,143.989,142.956,143.436,16759.6
2024-08-20 18:30:00+00:00,143.436,143.78,142.9,143.477,6492.3
2024-08-20 19:00:00+00:00,143.477,143.759,143.223,143.524,4877.2
2024-08-20 19:30:00+00:00,143.524,144.25,143.485,143.885,7789.3
2024-08-20 20:00:00+00:00,143.885,144.398,143.663,143.841,5603.1
2024-08-20 20:30:00+00:00,143.841,143.881,143.299,143.391,7215.1
2024-08-20 21:00:00+00:00,143.391,143.41,142.361,142.979,10887.4
2024-08-20 21:30:00+00:00,142.979,143.266,142.87,142.962,2533.4
2024-08-20 22:00:00+00:00,142.962,143.497,142.884,143.14,5595.5
2024-08-20 22:30:00+00:00,143.14,143.272,142.917,143.158,2942.9
2024-08-20 23:00:00+00:00,143.158,143.305,142.5,142.582,4122.7
2024-08-20 23:30:00+00:00,142.582,142.792,142.109,142.131,6866.9
2024-08-21 00:00:00+00:00,142.131,142.857,142.1,142.245,3590.8
2024-08-21 00:30:00+00:00,142.245,142.472,141.677,141.761,11453.3
2024-08-21 01:00:00+00:00,141.761,142.358,141.269,142.075,11024.6
2024-08-21 01:30:00+00:00,142.075,142.539,141.608,142.424,5103.8
2024-08-21 02:00:00+00:00,142.424,142.877,142.2,142.337,5212.7
2024-08-21 02:30:00+00:00,142.337,143.009,142.293,142.738,4131.4
2024-08-21 03:00:00+00:00,142.738,142.842,142.444,142.556,7280.4
2024-08-21 03:30:00+00:00,142.556,142.633,142.103,142.532,2879.3
2024-08-21 04:00:00+00:00,142.532,142.833,142.212,142.567,3820.1
2024-08-21 04:30:00+00:00,142.567,142.777,142.385,142.685,2641.9
2024-08-21 05:00:00+00:00,142.685,142.887,142.524,142.584,6576.3
2024-08-21 05:30:00+00:00,142.584,143.362,142.58,143.207,4031.3
2024-08-21 06:00:00+00:00,143.207,143.559,143.08,143.357,6476.0
2024-08-21 06:30:00+00:00,143.357,143.512,143.219,143.339,3195.2
2024-08-21 07:00:00+00:00,143.339,143.836,143.184,143.584,5850.7
2024-08-21 07:30:00+00:00,143.584,143.609,142.409,143.181,7877.5
2024-08-21 08:00:00+00:00,143.181,143.525,141.855,142.262,16520.1
2024-08-21 08:30:00+00:00,142.262,142.538,142.14,142.166,6748.8
2024-08-21 09:00:00+00:00,142.166,142.25,140.893,141.205,20906.2
2024-08-21 09:30:00+00:00,141.205,141.665,141.001,141.54,9898.2
2024-08-21 10:00:00+00:00,141.54,141.806,141.284,141.607,5408.7
2024-08-21 10:30:00+00:00,141.607,142.249,141.5,142.106,6211.7
2024-08-21 11:00:00+00:00,142.106,142.214,141.478,141.55,4973.3
2024-08-21 11:30:00+00:00,141.55,141.802,141.141,141.274,7328.4
2024-08-21 12:00:00+00:00,141.274,141.51,140.8,141.499,10786.6
2024-08-21 12:30:00+00:00,141.499,141.775,141.046,141.255,11160.0
2024-08-21 13:00:00+00:00,141.255,141.577,140.479,140.738,14106.6
2024-08-21 13:30:00+00:00,140.738,141.548,138.71,141.31,68958.7
2024-08-21 14:00:00+00:00,141.31,142.387,139.809,140.968,65725.3
2024-08-21 14:30:00+00:00,140.968,141.583,139.125,139.827,35528.1
2024-08-21 15:00:00+00:00,139.827,140.44,139.231,140.039,14150.0
2024-08-21 15:30:00+00:00,140.039,140.769,139.885,140.353,9256.3
2024-08-21 16:00:00+00:00,140.353,140.521,139.6,140.303,8077.1
2024-08-21 16:30:00+00:00,140.303,141.209,140.244,141.174,11392.6
2024-08-21 17:00:00+00:00,141.174,141.783,140.872,141.761,11124.3
2024-08-21 17:30:00+00:00,141.761,141.954,141.222,141.273,15703.3
2024-08-21 18:00:00+00:00,141.273,142.802,141.037,142.698,15186.0
2024-08-21 18:30:00+00:00,142.698,142.932,141.75,142.48,28967.6
2024-08-21 19:00:00+00:00,142.48,143.037,141.9,142.3,32210.9
2024-08-21 19:30:00+00:00,142.3,143.565,142.131,143.276,19119.1
2024-08-21 20:00:00+00:00,143.276,144.289,142.809,142.929,30591.1
2024-08-21 20:30:00+00:00,142.929,143.282,142.365,142.888,11088.7
2024-08-21 21:00:00+00:00,142.888,143.494,142.396,143.44,11630.7
2024-08-21 21:30:00+00:00,143.44,143.773,143.228,143.414,5617.3
2024-08-21 22:00:00+00:00,143.414,143.648,143.281,143.363,4767.6
2024-08-21 22:30:00+00:00,143.363,143.633,142.632,142.701,7838.3
2024-08-21 23:00:00+00:00,142.701,143.149,142.45,142.534,7209.4
2024-08-21 23:30:00+00:00,142.534,142.632,141.848,142.632,15540.3
2024-08-22 00:00:00+00:00,142.632,143.119,142.445,142.88,9092.0
2024-08-22 00:30:00+00:00,142.88,143.009,142.193,142.268,7939.6
2024-08-22 01:00:00+00:00,142.268,143.035,142.136,142.803,6183.2
2024-08-22 01:30:00+00:00,142.803,142.943,142.333,142.845,3007.0
2024-08-22 02:00:00+00:00,142.845,142.887,142.07,142.103,2962.9
2024-08-22 02:30:00+00:00,142.103,142.501,140.394,141.337,18388.2
2024-08-22 03:00:00+00:00,141.337,141.738,141.0,141.497,7226.5
2024-08-22 03:30:00+00:00,141.497,141.77,141.016,141.678,5941.9
2024-08-22 04:00:00+00:00,141.678,141.928,141.373,141.925,5114.9
2024-08-22 04:30:00+00:00,141.925,142.17,141.794,142.139,6684.3
2024-08-22 05:00:00+00:00,142.139,142.177,141.749,142.158,3655.9
2024-08-22 05:30:00+00:00,142.158,142.276,141.789,142.151,4100.0
2024-08-22 06:00:00+00:00,142.151,142.666,142.072,142.382,5628.6
2024-08-22 06:30:00+00:00,142.382,142.686,142.143,142.567,4644.0
2024-08-22 07:00:00+00:00,142.567,142.781,142.284,142.577,4530.9
2024-08-22 07:30:00+00:00,142.577,143.571,142.475,143.233,10642.9
2024-08-22 08:00:00+00:00,143.233,143.439,142.822,143.373,8037.0
2024-08-22 08:30:00+00:00,143.373,143.525,142.814,142.993,6380.7
2024-08-22 09:00:00+00:00,142.993,143.062,142.467,142.749,8515.7
2024-08-22 09:30:00+00:00,142.749,143.052,142.72,142.854,3773.6
2024-08-22 10:00:00+00:00,142.854,143.45,142.679,143.365,5295.8
2024-08-22 10:30:00+00:00,143.365,144.1,143.302,144.0,15616.5
2024-08-22 11:00:00+00:00,144.0,144.036,143.383,143.748,7715.1
2024-08-22 11:30:00+00:00,143.748,144.705,143.531,144.422,14316.8
2024-08-22 12:00:00+00:00,144.422,144.782,143.6,143.913,13780.2
2024-08-22 12:30:00+00:00,143.913,144.1,142.788,143.061,20253.5
2024-08-22 13:00:00+00:00,143.061,143.605,142.747,143.439,8256.1
2024-08-22 13:30:00+00:00,143.439,143.758,142.254,142.9,17244.8
2024-08-22 14:00:00+00:00,142.9,142.959,142.07,142.714,16053.3
2024-08-22 14:30:00+00:00,142.714,142.99,142.256,142.627,6000.5
2024-08-22 15:00:00+00:00,142.627,143.35,142.519,142.78,8358.1
2024-08-22 15:30:00+00:00,142.78,142.818,141.933,142.531,8466.4
2024-08-22 16:00:00+00:00,142.531,143.035,142.392,142.884,5896.2
2024-08-22 16:30:00+00:00,142.884,143.174,142.403,142.604,7089.7
2024-08-22 17:00:00+00:00,142.604,143.108,142.403,143.017,3259.2
2024-08-22 17:30:00+00:00,143.017,143.045,142.285,142.436,3340.3
2024-08-22 18:00:00+00:00,142.436,143.429,142.286,143.219,6790.6
2024-08-22 18:30:00+00:00,143.219,143.373,142.72,142.755,4430.1
2024-08-22 19:00:00+00:00,142.755,143.009,142.547,142.602,3333.8
2024-08-22 19:30:00+00:00,142.602,142.968,142.505,142.62,2512.0
2024-08-22 20:00:00+00:00,142.62,143.412,142.538,142.538,4248.8
2024-08-22 20:30:00+00:00,142.538,143.341,142.521,143.169,9670.9
2024-08-22 21:00:00+00:00,143.169,143.34,142.808,143.34,3967.2
2024-08-22 21:30:00+00:00,143.34,143.606,143.022,143.114,4586.7
2024-08-22 22:00:00+00:00,143.114,143.231,142.832,143.2,3032.2
2024-08-22 22:30:00+00:00,143.2,143.212,142.951,143.037,1756.5
2024-09-08 14:30:00+00:00,128.051,128.274,127.5,127.57,17731.2
2024-09-08 15:00:00+00:00,127.57,127.918,126.826,126.925,29745.8
2024-09-08 15:30:00+00:00,126.925,127.371,126.5,126.665,22601.4
2024-09-08 16:00:00+00:00,126.665,127.246,126.501,127.227,14233.3
2024-09-08 16:30:00+00:00,127.227,128.237,127.185,127.619,15588.6
2024-09-08 17:00:00+00:00,127.619,128.604,127.619,128.216,16185.9
2024-09-08 17:30:00+00:00,128.216,129.2,128.14,129.104,18236.1
2024-09-08 18:00:00+00:00,129.104,129.256,128.495,128.555,8890.1
2024-09-08 18:30:00+00:00,128.555,128.958,128.502,128.699,9496.0
2024-09-08 19:00:00+00:00,128.699,129.025,128.268,128.419,6736.8
2024-09-08 19:30:00+00:00,128.419,128.796,128.29,128.556,4908.5
2024-09-08 20:00:00+00:00,128.556,128.795,128.406,128.469,3180.5
2024-09-08 20:30:00+00:00,128.469,128.743,128.17,128.668,7774.5
2024-09-08 21:00:00+00:00,128.668,129.806,128.657,128.936,19923.8
2024-09-08 21:30:00+00:00,128.936,129.439,128.808,129.099,6621.0
2024-09-08 22:00:00+00:00,129.099,131.55,128.637,131.367,45152.4
2024-09-08 22:30:00+00:00,131.367,131.4,129.218,129.269,67824.6
2024-09-08 23:00:00+00:00,129.269,130.104,129.055,129.965,11756.3
2024-09-08 23:30:00+00:00,129.965,130.192,129.5,130.032,5692.8
2024-09-09 00:00:00+00:00,130.032,130.928,129.83,130.215,15204.3
2024-09-09 00:30:00+00:00,130.215,130.382,129.016,130.003,11320.6
2024-09-09 01:00:00+00:00,130.003,130.722,129.403,129.582,21958.4
2024-09-09 01:30:00+00:00,129.582,130.334,129.137,129.728,7313.2
2024-09-09 02:00:00+00:00,129.728,129.833,128.383,128.448,14836.0
2024-09-09 02:30:00+00:00,128.448,129.236,128.225,129.196,13271.3
2024-09-09 03:00:00+00:00,129.196,129.273,127.818,128.146,19867.2
2024-09-09 03:30:00+00:00,128.146,128.912,128.104,128.491,11068.7
2024-09-09 04:00:00+00:00,128.491,128.709,127.78,128.074,9798.6
2024-09-09 04:30:00+00:00,128.074,128.487,128.0,128.205,6784.9
2024-09-09 05:00:00+00:00,128.205,128.344,127.668,128.026,10062.0
2024-09-09 05:30:00+00:00,128.026,128.398,127.373,127.673,10043.7
2024-09-09 06:00:00+00:00,127.673,128.189,127.537,128.08,7723.7
2024-09-09 06:30:00+00:00,128.08,128.657,128.074,128.552,8056.8
2024-09-09 07:00:00+00:00,128.552,128.651,128.103,128.44,17600.6
2024-09-09 07:30:00+00:00,128.44,129.262,128.348,129.201,20747.4
2024-09-09 08:00:00+00:00,129.201,129.771,129.11,129.661,29270.5
2024-09-09 08:30:00+00:00,129.661,130.098,129.27,129.832,23167.7
2024-09-09 09:00:00+00:00,129.832,130.882,129.747,129.977,21497.0
2024-09-09 09:30:00+00:00,129.977,130.154,129.202,129.347,13971.8
2024-09-09 10:00:00+00:00,129.347,130.248,129.092,130.07,12611.7
2024-09-09 10:30:00+00:00,130.07,130.181,129.7,129.799,5388.4
2024-09-09 11:00:00+00:00,129.799,129.87,129.335,129.63,6519.6
2024-09-09 11:30:00+00:00,129.63,129.71,129.144,129.325,6551.6
2024-09-09 12:00:00+00:00,129.325,129.41,128.365,128.546,15536.1
2024-09-09 12:30:00+00:00,128.546,129.353,128.415,129.179,20450.4
2024-09-09 13:00:00+00:00,129.179,129.608,128.54,128.991,20947.1
2024-09-09 13:30:00+00:00,128.991,130.1,128.538,129.596,44205.4
2024-09-09 14:00:00+00:00,129.596,129.927,127.693,127.896,59317.9
2024-09-09 14:30:00+00:00,127.896,127.896,126.826,127.015,38006.3
2024-09-09 15:00:00+00:00,127.015,128.23,126.912,127.914,41269.2
2024-09-09 15:30:00+00:00,127.914,128.493,127.681,128.237,21329.9
2024-09-09 16:00:00+00:00,128.237,131.092,128.123,130.533,74338.5
2024-09-09 16:30:00+00:00,130.533,133.057,129.657,132.535,204821.6
2024-09-09 17:00:00+00:00,132.535,133.747,132.357,133.523,89657.7
2024-09-09 17:30:00+00:00,133.523,133.6,132.623,132.744,35309.1
2024-09-09 18:00:00+00:00,132.744,133.192,132.069,132.515,52391.2
2024-09-09 18:30:00+00:00,132.515,133.334,132.387,133.099,13372.8
2024-09-09 19:00:00+00:00,133.099,134.046,132.92,133.891,17261.8
2024-09-09 19:30:00+00:00,133.891,134.862,133.75,134.822,30172.8
2024-09-09 20:00:00+00:00,134.822,135.139,133.563,133.953,24734.6
2024-09-09 20:30:00+00:00,133.953,134.585,133.882,134.57,13350.6
2024-09-09 21:00:00+00:00,134.57,137.05,134.372,135.53,88304.0
2024-09-09 21:30:00+00:00,135.53,135.651,134.354,134.992,20008.4
2024-09-09 22:00:00+00:00,134.992,135.553,134.496,134.601,17609.6
2024-09-09 22:30:00+00:00,134.601,134.638,133.843,134.291,47653.3
2024-09-09 23:00:00+00:00,134.291,134.979,133.959,134.964,18484.5
2024-09-09 23:30:00+00:00,134.964,135.141,134.594,134.947,32242.5
2024-09-10 00:00:00+00:00,134.947,135.043,133.348,133.384,26967.1
2024-09-10 00:30:00+00:00,133.384,133.955,133.322,133.937,39125.8
2024-09-10 01:00:00+00:00,133.937,134.128,133.029,133.43,14567.6
2024-09-10 01:30:00+00:00,133.43,133.525,132.81,133.291,11352.3
2024-09-10 02:00:00+00:00,133.291,133.296,132.715,132.822,6784.2
2024-09-10 02:30:00+00:00,132.822,133.518,132.798,133.306,6234.4
2024-09-10 03:00:00+00:00,133.306,133.451,132.812,133.122,16023.9
2024-09-10 03:30:00+00:00,133.122,133.188,132.664,132.747,5559.5
2024-09-10 04:00:00+00:00,132.747,133.4,132.747,133.127,11558.4
2024-09-10 04:30:00+00:00,133.127,133.127,132.435,132.882,28695.3
2024-09-10 05:00:00+00:00,132.882,133.856,132.791,133.704,10238.0
2024-09-10 05:30:00+00:00,133.704,134.492,133.485,134.487,13414.6
2024-09-10 06:00:00+00:00,134.487,134.487,133.617,133.99,23049.3
2024-09-10 06:30:00+00:00,133.99,134.02,133.715,133.837,6761.4
2024-09-10 07:00:00+00:00,133.837,135.165,133.6,134.612,22504.9
2024-09-10 07:30:00+00:00,134.612,135.2,134.513,134.849,11953.7
2024-09-10 08:00:00+00:00,134.849,135.412,134.646,134.893,19631.5
2024-09-10 08:30:00+00:00,134.893,134.902,134.263,134.573,28107.8
2024-09-10 09:00:00+00:00,134.573,134.698,134.128,134.6,9698.4
2024-09-10 09:30:00+00:00,134.6,134.941,134.357,134.442,13992.8
2024-09-10 10:00:00+00:00,134.442,134.753,133.901,134.666,22180.8
2024-09-10 10:30:00+00:00,134.666,135.06,134.462,134.807,12674.6
2024-09-10 11:00:00+00:00,134.807,135.16,134.748,134.831,9611.2
2024-09-10 11:30:00+00:00,134.831,135.229,134.423,135.073,9848.0
2024-09-10 12:00:00+00:00,135.073,135.452,134.564,134.733,17103.0
2024-09-10 12:30:00+00:00,134.733,134.976,134.221,134.366,16638.8
2024-09-10 13:00:00+00:00,134.366,134.437,133.58,133.681,22100.5
2024-09-10 13:30:00+00:00,133.681,134.36,133.254,133.938,45989.8
2024-09-10 14:00:00+00:00,133.938,135.976,133.639,135.831,31994.5
2024-09-10 14:30:00+00:00,135.831,135.987,134.6,135.08,25830.6
2024-09-10 15:00:00+00:00,135.08,136.173,134.396,135.932,19393.7
2024-09-10 15:30:00+00:00,135.932,136.28,134.038,134.038,32423.2
2024-09-10 16:00:00+00:00,134.038,134.512,133.693,134.15,26428.8
2024-09-10 16:30:00+00:00,134.15,134.881,133.979,134.439,16044.0
2024-09-10 17:00:00+00:00,134.439,136.509,134.34,135.346,52793.9
2024-09-10 17:30:00+00:00,135.346,135.958,135.293,135.677,15882.8
2024-09-10 18:00:00+00:00,135.677,137.252,135.649,136.811,38404.5
2024-09-10 18:30:00+00:00,136.811,137.946,136.473,136.697,57716.0
2024-09-10 19:00:00+00:00,136.697,136.787,135.756,135.972,31493.2
2024-09-10 19:30:00+00:00,135.972,137.017,135.859,136.615,25936.6
2024-09-10 20:00:00+00:00,136.615,136.75,135.87,136.181,17114.3
2024-09-10 20:30:00+00:00,136.181,136.37,135.594,135.614,12185.6
2024-09-10 21:00:00+00:00,135.614,136.015,135.216,135.381,21091.0
2024-09-10 21:30:00+00:00,135.381,135.768,135.084,135.314,7931.4
2024-09-10 22:00:00+00:00,135.314,136.009,135.037,135.526,13177.0
2024-09-10 22:30:00+00:00,135.526,135.972,135.4,135.923,2748.2
2024-09-10 23:00:00+00:00,135.923,136.028,135.54,135.739,5573.1
2024-09-10 23:30:00+00:00,135.739,135.783,135.302,135.583,6778.3
2024-09-11 00:00:00+00:00,135.583,135.736,135.0,135.22,8033.0
2024-09-11 00:30:00+00:00,135.22,135.829,135.098,135.471,8129.2
2024-09-11 01:00:00+00:00,135.471,135.52,134.57,134.668,16589.3
2024-09-11 01:30:00+00:00,134.668,134.713,133.23,133.326,55541.6
2024-09-11 02:00:00+00:00,133.326,134.232,133.234,133.974,15083.3
2024-09-11 02:30:00+00:00,133.974,134.402,133.377,133.936,35746.1
2024-09-11 03:00:00+00:00,133.936,134.047,133.383,133.889,10143.1
2024-09-11 03:30:00+00:00,133.889,133.925,133.264,133.54,7987.1
2024-09-11 04:00:00+00:00,133.54,133.542,132.138,132.663,38872.2
2024-09-11 04:30:00+00:00,132.663,132.663,131.55,132.221,24208.0
2024-09-11 05:00:00+00:00,132.221,132.291,131.234,131.503,22252.8
2024-09-11 05:30:00+00:00,131.503,131.971,131.267,131.326,13699.9
2024-09-11 06:00:00+00:00,131.326,132.038,131.006,131.769,19414.2
2024-09-11 06:30:00+00:00,131.769,132.194,131.385,131.562,16014.8
2024-09-11 07:00:00+00:00,131.562,132.178,131.469,132.132,11263.7
2024-09-11 07:30:00+00:00,132.132,132.512,131.83,132.337,12107.6
2024-09-11 08:00:00+00:00,132.337,132.35,131.455,131.802,9077.3
2024-09-11 08:30:00+00:00,131.802,131.818,130.836,131.26,17346.0
2024-09-11 09:00:00+00:00,131.26,131.739,131.151,131.332,6892.1
2024-09-11 09:30:00+00:00,131.332,131.697,131.063,131.455,9454.1
2024-09-11 10:00:00+00:00,131.455,131.477,130.28,130.83,19029.7
2024-09-11 10:30:00+00:00,130.83,131.157,130.496,130.893,11231.2
2024-09-11 11:00:00+00:00,130.893,131.726,130.893,131.487,17076.6
2024-09-11 11:30:00+00:00,131.487,132.205,131.461,131.912,19867.9
2024-09-11 12:00:00+00:00,131.912,132.25,131.547,132.075,25099.7
2024-09-11 12:30:00+00:00,132.075,132.683,130.581,131.944,69225.4
2024-09-11 13:00:00+00:00,131.944,133.267,131.793,132.192,52586.8
2024-09-11 13:30:00+00:00,132.192,132.204,129.369,129.565,64084.6
2024-09-11 14:00:00+00:00,129.565,130.029,128.87,129.457,53384.0
2024-09-11 14:30:00+00:00,129.457,129.742,128.073,129.742,44256.3
2024-09-11 15:00:00+00:00,129.742,130.8,129.042,130.6,30534.1
2024-09-11 15:30:00+00:00,130.6,132.317,130.375,131.12,59263.1
2024-09-11 16:00:00+00:00,131.12,132.233,131.051,131.776,33356.5
2024-09-11 16:30:00+00:00,131.776,132.375,131.418,131.93,15415.3
2024-09-11 17:00:00+00:00,131.93,133.095,131.837,132.25,27476.4
2024-09-11 17:30:00+00:00,132.25,133.442,131.822,133.008,39005.1
2024-09-11 18:00:00+00:00,133.008,133.425,132.961,133.282,13598.8
2024-09-11 18:30:00+00:00,133.282,133.382,131.766,132.206,58547.6
2024-09-11 19:00:00+00:00,132.206,132.258,131.577,131.857,15446.0
2024-09-11 19:30:00+00:00,131.857,132.861,131.83,132.63,17083.9
2024-09-11 20:00:00+00:00,132.63,133.056,132.436,132.699,6003.8
2024-09-11 20:30:00+00:00,132.699,132.763,132.194,132.483,7129.1
2024-09-11 21:00:00+00:00,132.483,132.767,132.011,132.046,11521.9
2024-09-11 21:30:00+00:00,132.046,132.571,131.892,132.28,4076.2
2024-09-11 22:00:00+00:00,132.28,132.543,132.056,132.276,5728.3
2024-09-11 22:30:00+00:00,132.276,132.5,132.139,132.492,8265.1
2024-09-11 23:00:00+00:00,132.492,132.698,132.132,132.208,6056.1
2024-09-11 23:30:00+00:00,132.208,132.688,132.174,132.342,5197.7
2024-09-12 00:00:00+00:00,132.342,133.325,132.284,133.023,34299.6
2024-09-12 00:30:00+00:00,133.023,134.1,132.75,133.482,26269.6
2024-09-12 01:00:00+00:00,133.482,134.437,133.454,134.413,9821.6
2024-09-12 01:30:00+00:00,134.413,134.8,133.822,134.633,17690.5
2024-09-12 02:00:00+00:00,134.633,135.869,134.633,135.139,28127.8
2024-09-12 02:30:00+00:00,135.139,135.948,134.865,135.316,11514.0
2024-09-12 03:00:00+00:00,135.316,135.945,135.136,135.303,9423.6
2024-09-12 03:30:00+00:00,135.303,135.79,134.964,135.553,19586.0
2024-09-12 04:00:00+00:00,135.553,136.188,135.47,135.755,18514.2
2024-09-12 04:30:00+00:00,135.755,135.805,134.96,135.116,18413.6
2024-09-12 05:00:00+00:00,135.116,135.146,134.522,134.799,18163.4
2024-09-12 05:30:00+00:00,134.799,135.433,134.352,134.869,15532.9
2024-09-12 06:00:00+00:00,134.869,135.383,134.501,134.691,9096.4
2024-09-12 06:30:00+00:00,134.691,134.76,134.2,134.541,12454.0
2024-09-12 07:00:00+00:00,134.541,134.982,134.376,134.974,7278.4
2024-09-12 07:30:00+00:00,134.974,135.224,134.571,134.805,11405.3
2024-09-12 08:00:00+00:00,134.805,135.165,134.7,135.011,9082.1
2024-09-12 08:30:00+00:00,135.011,135.365,134.7,134.842,13827.7
2024-09-12 09:00:00+00:00,134.842,134.946,134.46,134.705,4525.9
2024-09-12 09:30:00+00:00,134.705,134.989,134.28,134.364,7886.5
2024-09-12 10:00:00+00:00,134.364,134.75,134.077,134.435,10777.4
2024-09-12 10:30:00+00:00,134.435,134.618,134.214,134.252,6169.3
2024-09-12 11:00:00+00:00,134.252,134.889,134.214,134.751,7680.4
2024-09-12 11:30:00+00:00,134.751,135.047,134.644,134.694,7022.0
2024-09-12 12:00:00+00:00,134.694,135.163,134.628,134.916,9490.8
2024-09-12 12:30:00+00:00,134.916,135.072,133.949,134.097,32517.2
2024-09-12 13:00:00+00:00,134.097,134.759,134.003,134.705,10630.1
2024-09-12 13:30:00+00:00,134.705,135.029,133.799,134.467,20601.6
2024-09-12 14:00:00+00:00,134.467,135.915,134.253,135.809,33452.8
2024-09-12 14:30:00+00:00,135.809,136.681,134.201,134.278,51869.3
2024-09-12 15:00:00+00:00,134.278,135.416,134.05,134.274,20862.6
2024-09-12 15:30:00+00:00,134.274,134.819,133.382,133.486,36827.5
2024-09-12 16:00:00+00:00,133.486,134.37,133.41,133.873,17151.2
2024-09-12 16:30:00+00:00,133.873,134.771,133.491,134.631,13777.7
2024-09-12 17:00:00+00:00,134.631,134.95,134.335,134.602,13047.8
2024-09-12 17:30:00+00:00,134.602,135.506,134.445,135.161,26460.8
2024-09-12 18:00:00+00:00,135.161,135.528,134.777,135.393,10999.8
2024-09-29 10:00:00+00:00,156.056,156.058,155.114,155.173,11170.8
2024-09-29 10:30:00+00:00,155.173,156.295,155.163,156.092,12223.2
2024-09-29 11:00:00+00:00,156.092,156.5,156.034,156.404,15096.4
2024-09-29 11:30:00+00:00,156.404,156.846,156.26,156.67,15418.8
2024-09-29 12:00:00+00:00,156.67,157.223,156.5,156.798,22086.0
2024-09-29 12:30:00+00:00,156.798,156.952,156.06,156.188,9025.5
2024-09-29 13:00:00+00:00,156.188,157.099,155.6,156.795,15549.8
2024-09-29 13:30:00+00:00,156.795,157.462,156.706,157.273,23578.4
2024-09-29 14:00:00+00:00,157.273,157.464,156.797,157.201,14641.5
2024-09-29 14:30:00+00:00,157.201,157.309,156.634,156.841,17345.7
2024-09-29 15:00:00+00:00,156.841,157.492,156.337,156.84,24717.0
2024-09-29 15:30:00+00:00,156.84,157.417,156.777,157.216,7787.4
2024-09-29 16:00:00+00:00,157.216,157.418,156.773,156.881,10693.4
2024-09-29 16:30:00+00:00,156.881,157.403,156.632,157.356,6239.3
2024-09-29 17:00:00+00:00,157.356,158.061,157.309,157.87,29001.0
2024-09-29 17:30:00+00:00,157.87,158.104,157.437,157.642,12587.9
2024-09-29 18:00:00+00:00,157.642,158.128,157.558,157.563,7114.7
2024-09-29 18:30:00+00:00,157.563,158.247,157.528,157.934,13372.1
2024-09-29 19:00:00+00:00,157.934,158.756,157.934,158.558,17323.7
2024-09-29 19:30:00+00:00,158.558,159.642,158.485,159.369,20493.5
2024-09-29 20:00:00+00:00,159.369,160.663,159.145,159.544,80122.2
2024-09-29 20:30:00+00:00,159.544,160.808,159.308,160.195,57695.1
2024-09-29 21:00:00+00:00,160.195,161.753,160.195,160.75,50387.0
2024-09-29 21:30:00+00:00,160.75,160.786,159.651,160.06,25549.1
2024-09-29 22:00:00+00:00,160.06,160.844,159.365,159.75,40748.5
2024-09-29 22:30:00+00:00,159.75,160.132,158.9,158.972,28918.3
2024-09-29 23:00:00+00:00,158.972,159.16,157.866,158.0,35025.2
2024-09-29 23:30:00+00:00,158.0,158.724,157.842,158.412,20588.0
2024-09-30 00:00:00+00:00,158.412,159.016,157.571,157.618,19366.9
2024-09-30 00:30:00+00:00,157.618,158.732,156.604,158.66,50289.5
2024-09-30 01:00:00+00:00,158.66,159.251,157.914,158.974,22972.4
2024-09-30 01:30:00+00:00,158.974,159.773,157.064,157.242,26144.8
2024-09-30 02:00:00+00:00,157.242,157.781,156.764,157.099,28233.2
2024-09-30 02:30:00+00:00,157.099,157.426,155.928,155.959,51401.6
2024-09-30 03:00:00+00:00,155.959,156.676,155.312,156.607,33128.8
2024-09-30 03:30:00+00:00,156.607,156.884,155.75,156.127,17587.2
2024-09-30 04:00:00+00:00,156.127,156.127,155.208,155.439,15466.9
2024-09-30 04:30:00+00:00,155.439,156.087,155.222,155.961,6183.8
2024-09-30 05:00:00+00:00,155.961,156.703,155.687,156.664,13749.4
2024-09-30 05:30:00+00:00,156.664,156.907,156.316,156.874,9221.7
2024-09-30 06:00:00+00:00,156.874,157.42,156.8,157.001,18138.0
2024-09-30 06:30:00+00:00,157.001,157.126,156.43,156.435,18368.8
2024-09-30 07:00:00+00:00,156.435,157.7,156.38,157.438,16290.3
2024-09-30 07:30:00+00:00,157.438,157.665,156.655,156.833,7452.3
2024-09-30 08:00:00+00:00,156.833,156.833,155.98,156.179,23311.0
2024-09-30 08:30:00+00:00,156.179,156.682,155.9,156.382,14323.3
2024-09-30 09:00:00+00:00,156.382,156.399,155.532,156.043,18072.4
2024-09-30 09:30:00+00:00,156.043,156.221,154.4,154.4,27967.6
2024-09-30 10:00:00+00:00,154.4,154.927,153.7,154.582,53090.9
2024-09-30 10:30:00+00:00,154.582,154.608,153.743,154.346,14469.4
2024-09-30 11:00:00+00:00,154.346,155.244,153.872,155.231,15691.1
2024-09-30 11:30:00+00:00,155.231,155.648,154.36,155.539,46576.9
2024-09-30 12:00:00+00:00,155.539,155.926,155.264,155.827,13089.8
2024-09-30 12:30:00+00:00,155.827,156.873,155.478,156.707,32284.2
2024-09-30 13:00:00+00:00,156.707,157.35,156.438,156.732,40279.3
2024-09-30 13:30:00+00:00,156.732,157.275,156.431,156.772,31276.2
2024-09-30 14:00:00+00:00,156.772,157.16,155.736,156.44,62364.0
2024-09-30 14:30:00+00:00,156.44,157.383,156.298,156.403,15101.1
2024-09-30 15:00:00+00:00,156.403,156.888,156.001,156.281,20582.9
2024-09-30 15:30:00+00:00,156.281,156.423,154.091,154.147,40245.9
2024-09-30 16:00:00+00:00,154.147,155.109,154.015,154.984,20202.7
2024-09-30 16:30:00+00:00,154.984,155.063,154.201,154.7,9888.0
2024-09-30 17:00:00+00:00,154.7,155.241,154.199,154.699,17764.3
2024-09-30 17:30:00+00:00,154.699,155.616,154.432,155.592,11867.4
2024-09-30 18:00:00+00:00,155.592,155.742,154.125,154.211,18873.3
2024-09-30 18:30:00+00:00,154.211,155.366,153.9,154.879,13311.3
2024-09-30 19:00:00+00:00,154.879,155.228,154.289,154.747,9612.6
2024-09-30 19:30:00+00:00,154.747,155.227,154.403,154.983,4532.7
2024-09-30 20:00:00+00:00,154.983,156.655,154.897,156.147,15620.3
2024-09-30 20:30:00+00:00,156.147,156.918,156.006,156.682,9274.5
2024-09-30 21:00:00+00:00,156.682,156.92,156.266,156.428,8941.4
2024-09-30 21:30:00+00:00,156.428,156.541,155.646,155.769,18500.7
2024-09-30 22:00:00+00:00,155.769,156.109,154.914,154.971,7069.4
2024-09-30 22:30:00+00:00,154.971,155.276,154.297,154.356,9168.3
2024-09-30 23:00:00+00:00,154.356,154.498,153.276,153.539,52448.9
2024-09-30 23:30:00+00:00,153.539,153.583,151.666,152.5,58087.4
2024-10-01 00:00:00+00:00,152.5,152.849,151.421,152.716,37637.2
2024-10-01 00:30:00+00:00,152.716,154.266,152.478,154.139,23245.9
2024-10-01 01:00:00+00:00,154.139,154.681,153.916,154.582,14478.6
2024-10-01 01:30:00+00:00,154.582,154.71,154.102,154.317,8575.9
2024-10-01 02:00:00+00:00,154.317,154.317,152.941,153.525,27601.0
2024-10-01 02:30:00+00:00,153.525,153.945,153.288,153.879,6301.8
2024-10-01 03:00:00+00:00,153.879,154.939,153.715,154.226,14782.9
2024-10-01 03:30:00+00:00,154.226,155.24,154.209,155.026,11205.5
2024-10-01 04:00:00+00:00,155.026,155.577,154.766,155.061,13373.3
2024-10-01 04:30:00+00:00,155.061,155.848,154.971,155.684,13748.8
2024-10-01 05:00:00+00:00,155.684,155.772,155.045,155.165,15433.1
2024-10-01 05:30:00+00:00,155.165,155.512,155.002,155.424,13560.6
2024-10-01 06:00:00+00:00,155.424,156.22,155.413,156.122,16290.1
2024-10-01 06:30:00+00:00,156.122,157.161,156.109,156.849,22977.9
2024-10-01 07:00:00+00:00,156.849,156.972,156.211,156.427,20501.9
2024-10-01 07:30:00+00:00,156.427,156.783,156.122,156.765,6981.2
2024-10-01 08:00:00+00:00,156.765,156.94,156.155,156.39,13440.2
2024-10-01 08:30:00+00:00,156.39,156.661,155.956,156.371,20425.4
2024-10-01 09:00:00+00:00,156.371,157.325,156.199,156.938,23973.8
2024-10-01 09:30:00+00:00,156.938,157.027,156.627,156.808,6697.9
2024-10-01 10:00:00+00:00,156.808,157.12,156.425,156.937,15588.1
2024-10-01 10:30:00+00:00,156.937,157.265,156.809,157.04,11787.5
2024-10-01 11:00:00+00:00,157.04,157.277,156.705,156.71,10914.1
2024-10-01 11:30:00+00:00,156.71,157.0,156.443,156.495,8336.9
2024-10-01 12:00:00+00:00,156.495,156.67,156.316,156.437,9863.5
2024-10-01 12:30:00+00:00,156.437,156.437,155.746,156.071,16157.5
2024-10-01 13:00:00+00:00,156.071,156.179,154.696,154.868,26579.0
2024-10-01 13:30:00+00:00,154.868,155.206,152.357,153.652,129630.9
2024-10-01 14:00:00+00:00,153.652,154.516,152.802,153.116,74971.4
2024-10-01 14:30:00+00:00,153.116,153.536,150.5,150.791,121236.7
2024-10-01 15:00:00+00:00,150.791,151.013,146.155,148.995,219272.8
2024-10-01 15:30:00+00:00,148.995,150.336,148.777,149.504,74770.3
2024-10-01 16:00:00+00:00,149.504,149.968,147.841,148.314,72544.9
2024-10-01 16:30:00+00:00,148.314,148.72,146.513,148.441,99867.7
2024-10-01 17:00:00+00:00,148.441,148.441,142.5,146.189,204875.6
2024-10-01 17:30:00+00:00,146.189,148.3,145.645,147.584,81515.2
2024-10-01 18:00:00+00:00,147.584,149.03,147.419,148.99,27621.4
2024-10-01 18:30:00+00:00,148.99,149.421,146.663,147.334,37786.1
2024-10-01 19:00:00+00:00,147.334,147.742,145.973,147.477,41151.5
2024-10-01 19:30:00+00:00,147.477,147.477,145.182,145.401,49332.0
2024-10-01 20:00:00+00:00,145.401,145.523,142.623,143.635,105766.8
2024-10-01 20:30:00+00:00,143.635,145.964,142.159,145.052,117136.6
2024-10-01 21:00:00+00:00,145.052,145.61,144.111,145.072,41161.7
2024-10-01 21:30:00+00:00,145.072,146.355,144.516,146.234,29396.1
2024-10-01 22:00:00+00:00,146.234,146.234,145.0,145.325,40009.9
2024-10-01 22:30:00+00:00,145.325,145.425,143.77,144.613,53062.9
2024-10-01 23:00:00+00:00,144.613,145.373,144.046,144.138,44205.9
2024-10-01 23:30:00+00:00,144.138,145.435,144.08,145.16,11367.2
2024-10-02 00:00:00+00:00,145.16,145.331,143.346,144.404,61241.2
2024-10-02 00:30:00+00:00,144.404,145.574,144.02,144.483,57002.9
2024-10-02 01:00:00+00:00,144.483,145.887,144.226,145.68,26920.4
2024-10-02 01:30:00+00:00,145.68,146.25,144.558,146.13,20021.7
2024-10-02 02:00:00+00:00,146.13,146.507,145.626,146.362,9401.7
2024-10-02 02:30:00+00:00,146.362,147.297,145.941,147.257,17378.3
2024-10-02 03:00:00+00:00,147.257,147.944,147.004,147.026,20108.2
2024-10-02 03:30:00+00:00,147.026,147.713,147.001,147.145,7974.9
2024-10-02 04:00:00+00:00,147.145,147.175,146.622,147.115,11192.7
2024-10-02 04:30:00+00:00,147.115,147.115,146.398,146.647,12583.5
2024-10-02 05:00:00+00:00,146.647,147.1,146.128,146.328,11498.5
2024-10-02 05:30:00+00:00,146.328,146.667,146.155,146.648,6069.3
2024-10-02 06:00:00+00:00,146.648,147.233,146.262,147.02,11609.5
2024-10-02 06:30:00+00:00,147.02,148.88,146.988,148.305,30225.3
2024-10-02 07:00:00+00:00,148.305,148.439,147.561,147.974,13407.4
2024-10-02 07:30:00+00:00,147.974,148.697,147.69,147.732,13958.0
2024-10-02 08:00:00+00:00,147.732,147.995,147.1,147.805,17045.0
2024-10-02 08:30:00+00:00,147.805,148.38,147.769,147.955,15305.9
2024-10-02 09:00:00+00:00,147.955,148.08,146.768,146.986,23436.0
2024-10-02 09:30:00+00:00,146.986,147.152,145.713,146.006,59074.5
2024-10-02 10:00:00+00:00,146.006,146.795,145.619,146.743,24776.3
2024-10-02 10:30:00+00:00,146.743,147.216,145.691,145.7,14958.1
2024-10-02 11:00:00+00:00,145.7,146.529,145.083,146.325,30855.9
2024-10-02 11:30:00+00:00,146.325,146.647,145.775,146.084,8412.2
2024-10-02 12:00:00+00:00,146.084,146.14,144.431,144.999,25887.0
2024-10-02 12:30:00+00:00,144.999,145.872,143.569,143.946,31257.8
2024-10-02 13:00:00+00:00,143.946,144.419,143.3,143.626,29721.3
2024-10-02 13:30:00+00:00,143.626,146.279,142.711,145.932,59019.3
2024-10-02 14:00:00+00:00,145.932,146.656,145.084,145.817,59764.4
2024-10-02 14:30:00+00:00,145.817,146.942,145.226,145.226,25943.1
2024-10-02 15:00:00+00:00,145.226,147.415,145.119,147.246,26726.4
2024-10-02 15:30:00+00:00,147.246,147.624,146.888,147.377,25156.1
2024-10-02 16:00:00+00:00,147.377,148.388,146.776,146.932,56413.4
2024-10-02 16:30:00+00:00,146.932,147.297,145.878,145.955,19212.4
2024-10-02 17:00:00+00:00,145.955,146.326,145.35,145.761,14205.5
2024-10-02 17:30:00+00:00,145.761,145.932,144.728,145.667,26169.4
2024-10-02 18:00:00+00:00,145.667,145.791,143.0,144.046,37619.3
2024-10-02 18:30:00+00:00,144.046,144.339,141.979,142.213,25115.7
2024-10-02 19:00:00+00:00,142.213,142.766,138.553,139.049,218237.3
2024-10-02 19:30:00+00:00,139.049,140.646,138.62,139.918,38939.3
2024-10-02 20:00:00+00:00,139.918,140.526,138.604,139.065,39248.0
2024-10-02 20:30:00+00:00,139.065,141.488,138.862,140.739,30042.4
2024-10-02 21:00:00+00:00,140.739,141.0,139.645,140.825,15821.8
2024-10-02 21:30:00+00:00,140.825,141.471,140.479,140.753,10715.9
2024-10-02 22:00:00+00:00,140.753,140.789,139.282,140.201,11049.5
2024-10-02 22:30:00+00:00,140.201,141.53,140.08,141.516,7730.5
2024-10-02 23:00:00+00:00,141.516,141.681,140.861,141.004,9362.5
2024-10-02 23:30:00+00:00,141.004,141.12,140.121,140.138,7992.2
2024-10-03 00:00:00+00:00,140.138,140.612,138.593,139.544,25446.0
2024-10-03 00:30:00+00:00,139.544,141.365,139.524,140.627,20662.1
2024-10-03 01:00:00+00:00,140.627,142.129,140.52,142.026,70437.0
2024-10-03 01:30:00+00:00,142.026,142.082,141.114,141.341,11470.7
2024-10-03 02:00:00+00:00,141.341,142.359,140.981,141.791,10418.7
2024-10-03 02:30:00+00:00,141.791,142.348,141.332,141.977,6852.4
2024-10-03 03:00:00+00:00,141.977,142.627,141.61,142.25,6959.8
2024-10-03 03:30:00+00:00,142.25,142.892,142.023,142.84,7634.3
2024-10-03 04:00:00+00:00,142.84,142.84,141.745,142.118,7438.6
2024-10-03 04:30:00+00:00,142.118,142.744,141.856,142.041,6321.2
2024-10-03 05:00:00+00:00,142.041,142.274,141.631,141.863,7096.6
2024-10-03 05:30:00+00:00,141.863,141.905,140.928,141.247,15153.4
2024-10-03 06:00:00+00:00,141.247,142.159,140.962,141.648,8162.1
2024-10-03 06:30:00+00:00,141.648,142.212,141.519,141.612,6490.9
2024-10-03 07:00:00+00:00,141.612,142.074,141.045,141.455,8849.2
2024-10-03 07:30:00+00:00,141.455,141.652,139.85,139.869,18050.4
2024-10-03 08:00:00+00:00,139.869,140.028,137.167,137.3,71722.6
2024-10-03 08:30:00+00:00,137.3,137.849,135.75,136.084,78207.0
2024-10-03 09:00:00+00:00,136.084,137.527,135.183,137.442,52325.3
2024-10-03 09:30:00+00:00,137.442,137.677,136.661,137.264,23901.1
2024-10-03 10:00:00+00:00,137.264,137.636,136.68,136.922,17267.9
2024-10-03 10:30:00+00:00,136.922,138.185,136.755,138.184,16899.0
2024-10-03 11:00:00+00:00,138.184,138.418,137.111,137.282,21291.9
2024-10-03 11:30:00+00:00,137.282,137.668,136.733,136.767,18588.9
2024-10-03 12:00:00+00:00,136.767,136.912,135.413,135.6,41123.0
2024-10-03 12:30:00+00:00,135.6,136.53,135.261,136.048,34721.6
2024-10-03 13:00:00+00:00,136.048,136.986,134.368,136.607,60928.8
2024-10-03 13:30:00+00:00,136.607,137.331,135.397,136.904,37871.7
2024-10-20 05:30:00+00:00,159.812,160.0,159.201,159.272,18772.4
2024-10-20 06:00:00+00:00,159.272,159.337,158.763,158.915,11886.0
2024-10-20 06:30:00+00:00,158.915,159.277,158.542,159.211,11260.6
2024-10-20 07:00:00+00:00,159.211,159.427,158.823,159.007,21808.4
2024-10-20 07:30:00+00:00,159.007,159.125,158.653,158.696,12358.8
2024-10-20 08:00:00+00:00,158.696,159.287,158.696,159.163,14305.3
2024-10-20 08:30:00+00:00,159.163,159.163,158.333,158.726,14525.5
2024-10-20 09:00:00+00:00,158.726,159.117,158.493,158.915,8149.2
2024-10-20 09:30:00+00:00,158.915,159.405,158.872,159.099,11763.5
2024-10-20 10:00:00+00:00,159.099,159.352,158.893,158.987,8470.9
2024-10-20 10:30:00+00:00,158.987,159.077,158.583,158.73,7361.5
2024-10-20 11:00:00+00:00,158.73,158.975,158.723,158.917,3876.7
2024-10-20 11:30:00+00:00,158.917,159.267,158.817,159.167,6386.1
2024-10-20 12:00:00+00:00,159.167,159.297,158.944,158.959,5807.9
2024-10-20 12:30:00+00:00,158.959,159.083,158.213,158.294,15228.8
2024-10-20 13:00:00+00:00,158.294,158.677,157.573,157.834,38094.4
2024-10-20 13:30:00+00:00,157.834,158.377,157.75,158.073,14502.5
2024-10-20 14:00:00+00:00,158.073,159.547,158.073,159.323,61965.7
2024-10-20 14:30:00+00:00,159.323,161.526,159.308,160.784,76743.1
2024-10-20 15:00:00+00:00,160.784,160.95,158.85,159.13,41393.4
2024-10-20 15:30:00+00:00,159.13,160.061,158.95,159.962,14317.8
2024-10-20 16:00:00+00:00,159.962,160.26,159.3,159.686,12941.7
2024-10-20 16:30:00+00:00,159.686,160.29,159.589,159.796,21355.2
2024-10-20 17:00:00+00:00,159.796,160.639,159.796,160.037,18951.8
2024-10-20 17:30:00+00:00,160.037,160.231,159.26,160.177,27335.3
2024-10-20 18:00:00+00:00,160.177,161.23,160.16,160.77,19091.7
2024-10-20 18:30:00+00:00,160.77,160.8,160.062,160.423,30704.9
2024-10-20 19:00:00+00:00,160.423,160.483,159.588,159.674,4872.5
2024-10-20 19:30:00+00:00,159.674,160.509,159.5,160.355,12883.5
2024-10-20 20:00:00+00:00,160.355,160.827,160.08,160.82,19868.7
2024-10-20 20:30:00+00:00,160.82,163.24,160.651,162.699,69950.7
2024-10-20 21:00:00+00:00,162.699,163.65,162.699,163.08,30709.1
2024-10-20 21:30:00+00:00,163.08,163.87,162.78,163.748,56082.9
2024-10-20 22:00:00+00:00,163.748,165.71,163.5,165.336,123606.8
2024-10-20 22:30:00+00:00,165.336,167.3,164.81,166.679,55664.7
2024-10-20 23:00:00+00:00,166.679,167.952,166.399,167.513,37865.7
2024-10-20 23:30:00+00:00,167.513,167.981,166.439,167.406,32524.9
2024-10-21 00:00:00+00:00,167.406,170.0,167.202,169.834,49063.0
2024-10-21 00:30:00+00:00,169.834,170.005,168.36,168.745,24130.4
2024-10-21 01:00:00+00:00,168.745,169.701,168.517,169.001,14085.2
2024-10-21 01:30:00+00:00,169.001,170.0,168.847,169.833,15297.9
2024-10-21 02:00:00+00:00,169.833,170.135,169.0,169.38,15780.9
2024-10-21 02:30:00+00:00,169.38,169.725,168.125,168.545,15706.8
2024-10-21 03:00:00+00:00,168.545,169.605,168.308,168.909,24399.7
2024-10-21 03:30:00+00:00,168.909,169.635,168.609,169.563,34690.7
2024-10-21 04:00:00+00:00,169.563,169.563,168.669,169.036,8528.2
2024-10-21 04:30:00+00:00,169.036,170.988,168.969,170.587,24518.1
2024-10-21 05:00:00+00:00,170.587,171.734,170.16,170.5,42907.7
2024-10-21 05:30:00+00:00,170.5,170.5,169.48,169.6,12389.8
2024-10-21 06:00:00+00:00,169.6,171.081,169.473,170.665,14284.4
2024-10-21 06:30:00+00:00,170.665,171.123,168.68,169.124,19767.4
2024-10-21 07:00:00+00:00,169.124,169.935,168.738,169.639,16650.0
2024-10-21 07:30:00+00:00,169.639,169.79,168.65,168.725,16708.3
2024-10-21 08:00:00+00:00,168.725,169.7,167.98,168.203,24789.4
2024-10-21 08:30:00+00:00,168.203,168.31,166.7,166.701,44440.8
2024-10-21 09:00:00+00:00,166.701,167.8,166.7,166.877,33441.7
2024-10-21 09:30:00+00:00,166.877,167.12,165.829,167.049,34934.5
2024-10-21 10:00:00+00:00,167.049,167.5,166.671,166.95,16905.4
2024-10-21 10:30:00+00:00,166.95,167.286,165.931,166.174,22898.3
2024-10-21 11:00:00+00:00,166.174,166.9,165.896,166.748,24823.7
2024-10-21 11:30:00+00:00,166.748,167.008,165.787,166.495,18065.7
2024-10-21 12:00:00+00:00,166.495,167.17,166.488,166.933,18103.5
2024-10-21 12:30:00+00:00,166.933,167.025,165.461,165.783,18543.3
2024-10-21 13:00:00+00:00,165.783,166.289,164.094,165.505,82759.8
2024-10-21 13:30:00+00:00,165.505,165.505,161.502,162.658,118917.7
2024-10-21 14:00:00+00:00,162.658,164.33,162.5,163.778,46170.8
2024-10-21 14:30:00+00:00,163.778,164.929,163.211,164.245,49951.4
2024-10-21 15:00:00+00:00,164.245,164.307,163.152,163.461,30219.8
2024-10-21 15:30:00+00:00,163.461,165.389,163.362,165.385,35626.4
2024-10-21 16:00:00+00:00,165.385,165.389,163.51,163.786,37480.0
2024-10-21 16:30:00+00:00,163.786,164.86,163.097,164.632,19352.2
2024-10-21 17:00:00+00:00,164.632,166.179,164.5,165.452,41834.3
2024-10-21 17:30:00+00:00,165.452,166.129,165.246,165.71,12547.4
2024-10-21 18:00:00+00:00,165.71,166.139,164.83,165.409,19129.2
2024-10-21 18:30:00+00:00,165.409,166.029,165.108,165.764,8116.8
2024-10-21 19:00:00+00:00,165.764,166.682,165.764,166.399,29198.4
2024-10-21 19:30:00+00:00,166.399,168.05,166.021,167.728,33734.0
2024-10-21 20:00:00+00:00,167.728,167.785,166.211,166.402,23534.4
2024-10-21 20:30:00+00:00,166.402,166.7,166.1,166.501,10070.7
2024-10-21 21:00:00+00:00,166.501,168.139,166.411,167.5,17278.7
2024-10-21 21:30:00+00:00,167.5,167.766,166.84,167.453,6664.0
2024-10-21 22:00:00+00:00,167.453,167.999,166.82,167.912,9019.7
2024-10-21 22:30:00+00:00,167.912,168.1,167.074,167.762,15083.5
2024-10-21 23:00:00+00:00,167.762,167.762,166.475,166.475,11510.1
2024-10-21 23:30:00+00:00,166.475,166.847,165.991,166.135,11779.2
2024-10-22 00:00:00+00:00,166.135,166.499,164.511,164.67,23309.5
2024-10-22 00:30:00+00:00,164.67,165.979,162.961,165.393,61411.9
2024-10-22 01:00:00+00:00,165.393,167.218,164.921,166.844,21054.4
2024-10-22 01:30:00+00:00,166.844,167.36,166.341,167.025,33987.7
2024-10-22 02:00:00+00:00,167.025,167.885,166.806,166.977,11548.2
2024-10-22 02:30:00+00:00,166.977,167.33,165.871,166.025,12044.0
2024-10-22 03:00:00+00:00,166.025,166.539,165.68,165.831,12784.2
2024-10-22 03:30:00+00:00,165.831,166.433,165.411,166.432,13045.8
2024-10-22 04:00:00+00:00,166.432,167.34,166.081,167.197,13696.2
2024-10-22 04:30:00+00:00,167.197,167.46,166.625,167.41,9319.6
2024-10-22 05:00:00+00:00,167.41,168.98,167.102,167.9,36446.7
2024-10-22 05:30:00+00:00,167.9,168.695,167.87,168.528,16314.3
2024-10-22 06:00:00+00:00,168.528,169.0,168.333,168.504,18594.6
2024-10-22 06:30:00+00:00,168.504,168.885,168.26,168.265,12715.3
2024-10-22 07:00:00+00:00,168.265,168.542,168.0,168.14,13142.9
2024-10-22 07:30:00+00:00,168.14,168.14,166.874,167.06,25760.6
2024-10-22 08:00:00+00:00,167.06,167.24,165.821,165.885,35620.9
2024-10-22 08:30:00+00:00,165.885,166.489,165.0,165.689,27838.7
2024-10-22 09:00:00+00:00,165.689,165.829,164.383,164.84,45947.5
2024-10-22 09:30:00+00:00,164.84,165.249,163.605,164.999,29746.6
2024-10-22 10:00:00+00:00,164.999,166.17,164.091,166.17,21395.6
2024-10-22 10:30:00+00:00,166.17,166.862,165.715,166.414,22270.9
2024-10-22 11:00:00+00:00,166.414,168.656,166.261,168.257,39679.2
2024-10-22 11:30:00+00:00,168.257,169.23,167.87,167.891,45315.2
2024-10-22 12:00:00+00:00,167.891,169.35,166.381,167.159,66514.4
2024-10-22 12:30:00+00:00,167.159,167.417,165.621,166.177,53469.0
2024-10-22 13:00:00+00:00,166.177,167.121,165.527,166.711,24588.2
2024-10-22 13:30:00+00:00,166.711,166.867,164.781,166.081,45366.0
2024-10-22 14:00:00+00:00,166.081,169.1,165.613,167.35,67158.2
2024-10-22 14:30:00+00:00,167.35,170.463,167.35,170.085,83140.4
2024-10-22 15:00:00+00:00,170.085,170.958,167.26,167.973,89212.4
2024-10-22 15:30:00+00:00,167.973,168.956,167.71,167.71,41524.5
2024-10-22 16:00:00+00:00,167.71,168.19,166.261,166.736,31084.5
2024-10-22 16:30:00+00:00,166.736,167.12,165.931,166.091,26047.9
2024-10-22 17:00:00+00:00,166.091,167.72,165.991,167.374,26909.5
2024-10-22 17:30:00+00:00,167.374,167.374,166.457,167.188,14659.1
2024-10-22 18:00:00+00:00,167.188,168.422,167.124,168.385,19570.0
2024-10-22 18:30:00+00:00,168.385,168.686,167.75,167.863,14277.6
2024-10-22 19:00:00+00:00,167.863,169.092,167.834,168.62,19951.3
2024-10-22 19:30:00+00:00,168.62,168.91,168.147,168.442,18708.9
2024-10-22 20:00:00+00:00,168.442,168.833,167.912,168.137,10140.1
2024-10-22 20:30:00+00:00,168.137,168.48,167.76,168.225,11679.1
2024-10-22 21:00:00+00:00,168.225,168.322,167.241,167.473,22204.1
2024-10-22 21:30:00+00:00,167.473,167.749,167.02,167.513,6888.5
2024-10-22 22:00:00+00:00,167.513,168.426,167.317,168.419,9501.8
2024-10-22 22:30:00+00:00,168.419,169.18,168.076,168.933,17176.8
2024-10-22 23:00:00+00:00,168.933,169.088,167.78,167.837,14635.5
2024-10-22 23:30:00+00:00,167.837,167.96,166.85,167.569,17821.1
2024-10-23 00:00:00+00:00,167.569,167.905,166.254,166.425,17823.8
2024-10-23 00:30:00+00:00,166.425,166.635,165.825,166.15,14531.6
2024-10-23 01:00:00+00:00,166.15,167.245,166.074,167.125,10762.4
2024-10-23 01:30:00+00:00,167.125,167.445,166.72,167.274,5512.6
2024-10-23 02:00:00+00:00,167.274,167.475,166.074,166.244,8362.0
2024-10-23 02:30:00+00:00,166.244,166.81,165.925,165.934,9996.1
2024-10-23 03:00:00+00:00,165.934,166.425,164.686,164.956,40372.1
2024-10-23 03:30:00+00:00,164.956,165.925,164.489,165.509,34229.7
2024-10-23 04:00:00+00:00,165.509,165.852,164.986,165.399,12251.6
2024-10-23 04:30:00+00:00,165.399,166.145,164.942,165.885,12408.9
2024-10-23 05:00:00+00:00,165.885,165.995,164.673,164.893,13416.2
2024-10-23 05:30:00+00:00,164.893,165.209,164.275,165.01,16687.0
2024-10-23 06:00:00+00:00,165.01,166.335,164.736,166.162,17901.2
2024-10-23 06:30:00+00:00,166.162,166.365,164.894,165.194,29247.8
2024-10-23 07:00:00+00:00,165.194,165.635,164.576,165.469,12537.3
2024-10-23 07:30:00+00:00,165.469,165.735,164.616,165.715,11948.7
2024-10-23 08:00:00+00:00,165.715,166.325,164.966,165.737,24299.4
2024-10-23 08:30:00+00:00,165.737,166.2,164.454,164.811,21609.2
2024-10-23 09:00:00+00:00,164.811,165.29,164.086,164.696,44120.6
2024-10-23 09:30:00+00:00,164.696,165.985,164.674,165.671,15683.7
2024-10-23 10:00:00+00:00,165.671,166.8,165.545,166.624,18390.2
2024-10-23 10:30:00+00:00,166.624,166.72,165.479,165.564,22991.3
2024-10-23 11:00:00+00:00,165.564,166.661,165.481,166.606,17113.0
2024-10-23 11:30:00+00:00,166.606,166.914,165.895,166.348,17415.1
2024-10-23 12:00:00+00:00,166.348,167.005,165.066,165.405,52529.5
2024-10-23 12:30:00+00:00,165.405,167.092,164.896,166.454,52633.8
2024-10-23 13:00:00+00:00,166.454,168.115,166.136,167.924,60852.2
2024-10-23 13:30:00+00:00,167.924,169.436,167.33,168.945,93289.5
2024-10-23 14:00:00+00:00,168.945,169.165,167.615,168.254,63522.5
2024-10-23 14:30:00+00:00,168.254,169.181,167.195,167.75,43876.3
2024-10-23 15:00:00+00:00,167.75,167.775,166.35,167.083,41101.4
2024-10-23 15:30:00+00:00,167.083,168.449,166.255,168.024,47478.3
2024-10-23 16:00:00+00:00,168.024,168.44,166.3,166.403,43188.2
2024-10-23 16:30:00+00:00,166.403,167.3,165.478,165.555,39513.4
2024-10-23 17:00:00+00:00,165.555,167.295,165.306,167.257,46781.8
2024-10-23 17:30:00+00:00,167.257,167.275,166.0,166.19,22323.9
2024-10-23 18:00:00+00:00,166.19,167.692,164.636,167.534,105965.9
2024-10-23 18:30:00+00:00,167.534,170.269,167.267,169.699,75348.0
2024-10-23 19:00:00+00:00,169.699,171.335,168.908,170.542,82853.3
2024-10-23 19:30:00+00:00,170.542,173.808,170.095,172.962,178060.8
2024-10-23 20:00:00+00:00,172.962,173.506,172.305,172.674,58164.7
2024-10-23 20:30:00+00:00,172.674,174.256,172.674,173.556,40327.0
2024-10-23 21:00:00+00:00,173.556,173.675,172.015,172.137,23915.6
2024-10-23 21:30:00+00:00,172.137,172.463,171.155,171.517,23340.6
2024-10-23 22:00:00+00:00,171.517,172.025,170.075,170.305,35494.2
2024-10-23 22:30:00+00:00,170.305,171.513,170.305,170.956,19019.2
2024-10-23 23:00:00+00:00,170.956,171.933,170.685,171.479,10216.0
2024-10-23 23:30:00+00:00,171.479,171.853,170.79,170.799,10717.6
2024-10-24 00:00:00+00:00,170.799,171.43,170.442,171.048,15044.5
2024-10-24 00:30:00+00:00,171.048,172.836,170.969,172.823,33377.9
2024-10-24 01:00:00+00:00,172.823,173.86,172.399,172.782,56050.3
2024-10-24 01:30:00+00:00,172.782,173.11,172.284,172.939,24005.1
2024-10-24 02:00:00+00:00,172.939,174.642,172.674,174.518,25077.8
2024-10-24 02:30:00+00:00,174.518,174.968,174.081,174.449,32099.6
2024-10-24 03:00:00+00:00,174.449,174.883,174.181,174.562,8704.1
2024-10-24 03:30:00+00:00,174.562,174.983,174.121,174.134,22941.4
2024-10-24 04:00:00+00:00,174.134,175.204,173.559,174.173,27284.4
2024-10-24 04:30:00+00:00,174.173,174.473,173.46,173.544,19076.6
2024-10-24 05:00:00+00:00,173.544,173.853,172.947,173.079,12718.5
2024-10-24 05:30:00+00:00,173.079,173.363,172.687,173.194,22240.2
2024-10-24 06:00:00+00:00,173.194,174.124,173.073,173.969,19815.4
2024-10-24 06:30:00+00:00,173.969,173.969,172.818,173.439,16033.2
2024-10-24 07:00:00+00:00,173.439,173.948,173.055,173.643,12503.0
2024-10-24 07:30:00+00:00,173.643,173.9,173.017,173.523,35918.2
2024-10-24 08:00:00+00:00,173.523,174.3,173.257,173.783,49101.3
2024-10-24 08:30:00+00:00,173.783,174.183,171.961,171.987,45006.1
2024-10-24 09:00:00+00:00,171.987,172.634,171.077,171.64,55691.2
2024-11-10 01:00:00+00:00,200.557,200.793,198.798,199.39,36739.5
2024-11-10 01:30:00+00:00,199.39,200.212,198.989,200.174,22945.9
2024-11-10 02:00:00+00:00,200.174,202.392,200.063,201.276,61990.7
2024-11-10 02:30:00+00:00,201.276,204.986,200.747,202.529,93519.5
2024-11-10 03:00:00+00:00,202.529,203.378,201.559,202.994,92495.4
2024-11-10 03:30:00+00:00,202.994,203.033,201.5,201.5,20881.7
2024-11-10 04:00:00+00:00,201.5,202.231,201.021,201.621,33632.6
2024-11-10 04:30:00+00:00,201.621,205.653,201.515,205.254,93499.3
2024-11-10 05:00:00+00:00,205.254,208.718,204.581,208.354,187891.3
2024-11-10 05:30:00+00:00,208.354,209.276,206.681,207.125,147899.7
2024-11-10 06:00:00+00:00,207.125,207.56,205.324,205.328,55511.1
2024-11-10 06:30:00+00:00,205.328,206.305,204.909,205.893,31305.1
2024-11-10 07:00:00+00:00,205.893,206.871,205.5,205.584,53304.6
2024-11-10 07:30:00+00:00,205.584,205.985,205.041,205.106,30498.5
2024-11-10 08:00:00+00:00,205.106,205.705,204.335,205.057,42816.4
2024-11-10 08:30:00+00:00,205.057,205.425,204.049,205.425,40580.3
2024-11-10 09:00:00+00:00,205.425,206.284,204.771,206.284,52346.9
2024-11-10 09:30:00+00:00,206.284,206.394,204.845,205.375,58560.3
2024-11-10 10:00:00+00:00,205.375,205.931,204.865,204.972,23365.6
2024-11-10 10:30:00+00:00,204.972,206.283,204.541,205.505,61879.2
2024-11-10 11:00:00+00:00,205.505,206.435,204.823,205.364,50025.5
2024-11-10 11:30:00+00:00,205.364,207.605,205.297,206.766,61818.2
2024-11-10 12:00:00+00:00,206.766,207.886,203.705,203.834,148621.8
2024-11-10 12:30:00+00:00,203.834,205.647,203.6,205.647,66039.9
2024-11-10 13:00:00+00:00,205.647,206.775,204.945,206.748,61718.7
2024-11-10 13:30:00+00:00,206.748,206.997,205.455,206.802,66978.6
2024-11-10 14:00:00+00:00,206.802,209.777,206.072,208.281,111328.9
2024-11-10 14:30:00+00:00,208.281,208.468,204.483,206.623,169695.1
2024-11-10 15:00:00+00:00,206.623,208.815,205.653,208.324,93671.6
2024-11-10 15:30:00+00:00,208.324,213.72,208.2,212.516,264951.4
2024-11-10 16:00:00+00:00,212.516,212.986,209.14,210.453,144179.1
2024-11-10 16:30:00+00:00,210.453,211.614,209.74,211.299,65659.4
2024-11-10 17:00:00+00:00,211.299,211.821,210.69,211.311,37225.6
2024-11-10 17:30:00+00:00,211.311,215.6,211.264,212.978,143753.3
2024-11-10 18:00:00+00:00,212.978,215.031,212.547,214.407,105225.9
2024-11-10 18:30:00+00:00,214.407,215.0,212.01,212.355,92832.7
2024-11-10 19:00:00+00:00,212.355,213.244,210.029,210.577,102523.0
2024-11-10 19:30:00+00:00,210.577,211.139,206.26,208.68,187646.6
2024-11-10 20:00:00+00:00,208.68,209.66,205.113,205.939,144729.6
2024-11-10 20:30:00+00:00,205.939,206.806,202.492,202.614,161831.6
2024-11-10 21:00:00+00:00,202.614,206.269,199.798,206.133,215923.1
2024-11-10 21:30:00+00:00,206.133,208.41,205.496,207.525,105090.9
2024-11-10 22:00:00+00:00,207.525,214.291,206.89,211.395,170114.7
2024-11-10 22:30:00+00:00,211.395,212.814,207.911,210.661,150509.2
2024-11-10 23:00:00+00:00,210.661,211.386,209.34,209.501,65736.4
2024-11-10 23:30:00+00:00,209.501,210.945,208.65,210.292,46367.9
2024-11-11 00:00:00+00:00,210.292,211.341,209.59,211.102,41195.6
2024-11-11 00:30:00+00:00,211.102,211.282,210.004,210.8,32892.8
2024-11-11 01:00:00+00:00,210.8,211.111,209.54,210.191,21998.1
2024-11-11 01:30:00+00:00,210.191,212.671,210.147,210.752,52576.5
2024-11-11 02:00:00+00:00,210.752,211.83,209.926,211.318,23799.1
2024-11-11 02:30:00+00:00,211.318,211.924,209.716,211.67,28290.1
2024-11-11 03:00:00+00:00,211.67,211.745,208.397,208.48,37562.4
2024-11-11 03:30:00+00:00,208.48,210.8,208.385,210.219,30264.0
2024-11-11 04:00:00+00:00,210.219,210.36,206.623,206.624,60247.0
2024-11-11 04:30:00+00:00,206.624,208.35,206.511,208.058,19803.8
2024-11-11 05:00:00+00:00,208.058,208.325,204.561,205.122,62094.0
2024-11-11 05:30:00+00:00,205.122,206.421,204.162,206.251,89361.6
2024-11-11 06:00:00+00:00,206.251,207.17,205.0,206.854,45011.9
2024-11-11 06:30:00+00:00,206.854,208.214,206.0,207.13,60899.6
2024-11-11 07:00:00+00:00,207.13,208.005,206.516,206.571,25810.4
2024-11-11 07:30:00+00:00,206.571,208.761,206.53,208.137,27549.4
2024-11-11 08:00:00+00:00,208.137,208.777,206.941,207.24,21953.7
2024-11-11 08:30:00+00:00,207.24,209.61,206.64,208.907,85630.3
2024-11-11 09:00:00+00:00,208.907,211.267,208.153,210.651,89110.3
2024-11-11 09:30:00+00:00,210.651,211.329,209.853,211.186,50845.2
2024-11-11 10:00:00+00:00,211.186,214.381,210.99,214.328,120214.7
2024-11-11 10:30:00+00:00,214.328,216.981,213.381,215.769,147354.6
2024-11-11 11:00:00+00:00,215.769,217.143,214.808,216.938,81326.2
2024-11-11 11:30:00+00:00,216.938,217.857,215.162,217.748,90970.3
2024-11-11 12:00:00+00:00,217.748,219.6,215.378,216.772,189806.7
2024-11-11 12:30:00+00:00,216.772,217.777,215.958,216.154,60898.6
2024-11-11 13:00:00+00:00,216.154,216.9,214.509,216.541,118678.4
2024-11-11 13:30:00+00:00,216.541,217.364,215.331,217.169,54283.5
2024-11-11 14:00:00+00:00,217.169,219.29,216.605,217.319,120688.5
2024-11-11 14:30:00+00:00,217.319,221.219,216.461,218.989,196183.5
2024-11-11 15:00:00+00:00,218.989,220.902,218.226,220.316,132755.1
2024-11-11 15:30:00+00:00,220.316,220.695,217.531,219.125,131284.7
2024-11-11 16:00:00+00:00,219.125,222.506,217.781,219.757,152952.6
2024-11-11 16:30:00+00:00,219.757,220.907,217.844,218.229,103183.9
2024-11-11 17:00:00+00:00,218.229,219.277,217.554,217.88,71537.9
2024-11-11 17:30:00+00:00,217.88,220.761,217.658,219.275,78394.7
2024-11-11 18:00:00+00:00,219.275,219.354,216.574,217.665,95301.7
2024-11-11 18:30:00+00:00,217.665,219.927,217.492,219.504,81232.0
2024-11-11 19:00:00+00:00,219.504,221.322,218.503,219.217,177713.4
2024-11-11 19:30:00+00:00,219.217,219.4,216.244,217.979,99819.9
2024-11-11 20:00:00+00:00,217.979,220.59,217.65,219.025,86949.0
2024-11-11 20:30:00+00:00,219.025,223.216,218.105,218.903,208681.7
2024-11-11 21:00:00+00:00,218.903,221.397,217.822,220.763,96865.5
2024-11-11 21:30:00+00:00,220.763,220.957,218.014,219.0,90745.7
2024-11-11 22:00:00+00:00,219.0,219.697,216.66,217.763,83193.1
2024-11-11 22:30:00+00:00,217.763,220.594,217.234,220.359,73405.6
2024-11-11 23:00:00+00:00,220.359,224.251,219.748,222.496,254506.0
2024-11-11 23:30:00+00:00,222.496,223.8,221.49,222.376,108486.2
2024-11-12 00:00:00+00:00,222.376,222.798,215.301,220.617,151908.2
2024-11-12 00:30:00+00:00,220.617,220.994,218.333,220.6,40304.6
2024-11-12 01:00:00+00:00,220.6,221.067,218.5,219.582,46018.4
2024-11-12 01:30:00+00:00,219.582,221.678,218.746,219.175,26569.9
2024-11-12 02:00:00+00:00,219.175,220.036,218.453,218.759,28219.3
2024-11-12 02:30:00+00:00,218.759,219.027,215.587,217.798,63525.9
2024-11-12 03:00:00+00:00,217.798,218.625,216.484,218.528,25572.5
2024-11-12 03:30:00+00:00,218.528,221.156,218.342,220.9,44885.5
2024-11-12 04:00:00+00:00,220.9,221.089,219.178,220.936,25103.3
2024-11-12 04:30:00+00:00,220.936,221.811,218.684,218.685,47551.0
2024-11-12 05:00:00+00:00,218.685,220.507,218.5,219.185,21589.1
2024-11-12 05:30:00+00:00,219.185,219.327,216.344,217.936,59531.9
2024-11-12 06:00:00+00:00,217.936,219.589,217.627,218.427,29622.7
2024-11-12 06:30:00+00:00,218.427,221.207,218.0,220.045,49200.6
2024-11-12 07:00:00+00:00,220.045,220.867,218.693,220.237,47315.8
2024-11-12 07:30:00+00:00,220.237,222.203,218.999,222.022,53838.4
2024-11-12 08:00:00+00:00,222.022,224.349,220.823,223.875,85568.5
2024-11-12 08:30:00+00:00,223.875,225.409,222.232,225.312,73035.4
2024-11-12 09:00:00+00:00,225.312,225.658,218.5,219.751,203086.6
2024-11-12 09:30:00+00:00,219.751,220.627,215.784,215.814,152386.7
2024-11-12 10:00:00+00:00,215.814,217.616,212.556,215.514,266984.3
2024-11-12 10:30:00+00:00,215.514,216.603,209.044,213.599,376072.3
2024-11-12 11:00:00+00:00,213.599,216.156,212.275,214.957,138244.3
2024-11-12 11:30:00+00:00,214.957,215.953,211.136,211.386,168047.7
2024-11-12 12:00:00+00:00,211.386,214.284,209.636,209.951,122872.7
2024-11-12 12:30:00+00:00,209.951,210.524,207.587,209.175,166338.0
2024-11-12 13:00:00+00:00,209.175,210.51,205.933,209.474,193955.2
2024-11-12 13:30:00+00:00,209.474,210.41,205.007,209.894,157674.6
2024-11-12 14:00:00+00:00,209.894,211.194,207.749,209.334,114657.9
2024-11-12 14:30:00+00:00,209.334,213.545,207.042,213.476,144710.7
2024-11-12 15:00:00+00:00,213.476,213.815,210.847,211.309,108118.2
2024-11-12 15:30:00+00:00,211.309,213.1,210.05,210.591,90266.1
2024-11-12 16:00:00+00:00,210.591,211.424,206.747,208.984,111655.6
2024-11-12 16:30:00+00:00,208.984,212.815,208.605,211.735,89597.1
2024-11-12 17:00:00+00:00,211.735,212.325,210.416,210.911,29485.6
2024-11-12 17:30:00+00:00,210.911,212.884,209.659,209.801,44486.0
2024-11-12 18:00:00+00:00,209.801,213.894,209.786,213.483,46389.0
2024-11-12 18:30:00+00:00,213.483,214.636,212.815,213.515,69822.6
2024-11-12 19:00:00+00:00,213.515,214.84,213.032,214.615,67224.0
2024-11-12 19:30:00+00:00,214.615,215.61,213.165,213.275,60035.5
2024-11-12 20:00:00+00:00,213.275,213.575,211.705,212.809,58796.3
2024-11-12 20:30:00+00:00,212.809,213.983,212.259,213.094,41336.5
2024-11-12 21:00:00+00:00,213.094,213.821,210.156,212.08,70556.4
2024-11-12 21:30:00+00:00,212.08,213.634,211.755,213.079,39097.8
2024-11-12 22:00:00+00:00,213.079,213.735,212.0,213.297,25762.8
2024-11-12 22:30:00+00:00,213.297,215.756,213.297,215.34,51515.7
2024-11-12 23:00:00+00:00,215.34,215.34,212.075,213.447,33575.8
2024-11-12 23:30:00+00:00,213.447,213.9,211.58,211.752,19290.1
2024-11-13 00:00:00+00:00,211.752,213.159,210.456,212.197,25904.5
2024-11-13 00:30:00+00:00,212.197,213.393,210.5,210.71,20097.8
2024-11-13 01:00:00+00:00,210.71,212.101,208.374,209.428,81213.1
2024-11-13 01:30:00+00:00,209.428,211.187,208.161,210.582,19977.1
2024-11-13 02:00:00+00:00,210.582,210.914,205.4,206.78,70198.5
2024-11-13 02:30:00+00:00,206.78,207.809,204.481,207.602,48468.7
2024-11-13 03:00:00+00:00,207.602,208.259,205.032,205.075,32540.5
2024-11-13 03:30:00+00:00,205.075,206.439,203.192,203.301,66893.3
2024-11-13 04:00:00+00:00,203.301,205.843,203.022,203.048,36284.0
2024-11-13 04:30:00+00:00,203.048,205.8,200.793,205.408,107880.7
2024-11-13 05:00:00+00:00,205.408,206.639,203.914,206.352,39165.3
2024-11-13 05:30:00+00:00,206.352,207.401,204.219,204.613,46310.2
2024-11-13 06:00:00+00:00,204.613,206.608,204.308,204.62,28549.2
2024-11-13 06:30:00+00:00,204.62,204.778,201.837,202.517,54725.4
2024-11-13 07:00:00+00:00,202.517,205.369,202.257,203.428,44657.4
2024-11-13 07:30:00+00:00,203.428,205.894,201.618,205.355,45164.4
2024-11-13 08:00:00+00:00,205.355,206.539,204.058,206.339,24255.0
2024-11-13 08:30:00+00:00,206.339,207.299,205.165,205.968,33205.2
2024-11-13 09:00:00+00:00,205.968,207.899,205.311,207.252,33101.3
2024-11-13 09:30:00+00:00,207.252,208.159,205.251,206.457,61132.1
2024-11-13 10:00:00+00:00,206.457,207.409,205.75,207.278,33994.6
2024-11-13 10:30:00+00:00,207.278,208.621,205.824,207.381,32294.6
2024-11-13 11:00:00+00:00,207.381,209.5,206.909,207.759,50279.7
2024-11-13 11:30:00+00:00,207.759,208.669,207.061,207.821,27069.0
2024-11-13 12:00:00+00:00,207.821,208.29,206.841,207.289,19566.8
2024-11-13 12:30:00+00:00,207.289,208.629,206.031,207.536,41479.0
2024-11-13 13:00:00+00:00,207.536,208.681,206.451,208.354,29564.9
2024-11-13 13:30:00+00:00,208.354,215.411,207.559,212.605,185631.3
2024-11-13 14:00:00+00:00,212.605,213.973,209.94,212.471,125761.5
2024-11-13 14:30:00+00:00,212.471,217.5,211.661,216.886,296342.0
2024-11-13 15:00:00+00:00,216.886,217.236,211.62,215.91,222521.5
2024-11-13 15:30:00+00:00,215.91,216.8,213.339,216.648,104243.2
2024-11-13 16:00:00+00:00,216.648,218.652,214.749,215.047,149785.4
2024-11-13 16:30:00+00:00,215.047,217.882,212.722,217.45,140753.4
2024-11-13 17:00:00+00:00,217.45,220.747,217.132,217.42,189853.2
2024-11-13 17:30:00+00:00,217.42,219.403,216.206,219.087,89746.1
2024-11-13 18:00:00+00:00,219.087,219.976,217.37,219.035,91140.5
2024-11-13 18:30:00+00:00,219.035,220.169,216.861,219.707,81346.9
2024-11-13 19:00:00+00:00,219.707,220.513,212.571,215.347,237185.3
2024-11-13 19:30:00+00:00,215.347,215.484,210.291,210.985,158492.7
2024-11-13 20:00:00+00:00,210.985,213.464,208.091,211.929,167951.2
2024-11-13 20:30:00+00:00,211.929,214.443,211.034,211.833,78883.9
2024-11-13 21:00:00+00:00,211.833,212.24,205.995,210.432,180437.5
2024-11-13 21:30:00+00:00,210.432,212.171,210.06,210.198,65830.3
2024-11-13 22:00:00+00:00,210.198,213.621,209.49,213.348,74394.1
2024-11-13 22:30:00+00:00,213.348,214.611,212.779,213.191,40590.0
2024-11-13 23:00:00+00:00,213.191,214.888,212.023,214.706,26903.7
2024-11-13 23:30:00+00:00,214.706,215.666,214.439,215.304,22088.6
2024-11-14 00:00:00+00:00,215.304,215.822,214.079,214.899,27858.1
2024-11-14 00:30:00+00:00,214.899,215.433,213.186,213.358,25133.0
2024-11-14 01:00:00+00:00,213.358,215.07,212.139,212.915,19481.9
2024-11-14 01:30:00+00:00,212.915,216.306,212.629,216.169,19450.6
2024-11-14 02:00:00+00:00,216.169,216.491,213.389,214.092,30300.7
2024-11-14 02:30:00+00:00,214.092,215.198,213.269,214.974,10240.3
2024-11-14 03:00:00+00:00,214.974,215.435,212.818,215.157,28557.9
2024-11-14 03:30:00+00:00,215.157,219.6,214.898,219.596,51021.7
2024-11-14 04:00:00+00:00,219.596,220.463,218.038,218.102,65671.9
2024-11-14 04:30:00+00:00,218.102,220.356,217.118,220.193,38803.9
2024-11-30 20:30:00+00:00,240.069,241.26,240.035,241.11,11259.4
2024-11-30 21:00:00+00:00,241.11,241.403,240.585,240.896,13746.2
2024-11-30 21:30:00+00:00,240.896,241.343,240.395,240.802,14169.8
2024-11-30 22:00:00+00:00,240.802,240.802,239.21,239.233,29537.1
2024-11-30 22:30:00+00:00,239.233,239.401,237.978,238.571,52985.5
2024-11-30 23:00:00+00:00,238.571,239.457,238.156,238.263,27673.2
2024-11-30 23:30:00+00:00,238.263,238.632,237.618,237.76,27520.6
2024-12-01 00:00:00+00:00,237.76,239.271,237.28,239.244,25437.3
2024-12-01 00:30:00+00:00,239.244,240.0,237.634,237.67,36935.2
2024-12-01 01:00:00+00:00,237.67,238.594,236.66,238.411,55115.8
2024-12-01 01:30:00+00:00,238.411,239.826,236.831,237.019,30729.1
2024-12-01 02:00:00+00:00,237.019,237.486,235.341,236.326,58394.6
2024-12-01 02:30:00+00:00,236.326,236.39,234.174,234.652,62938.9
2024-12-01 03:00:00+00:00,234.652,236.4,234.6,235.686,15172.0
2024-12-01 03:30:00+00:00,235.686,236.591,235.458,235.791,11448.4
2024-12-01 04:00:00+00:00,235.791,236.514,235.089,236.459,10587.1
2024-12-01 04:30:00+00:00,236.459,237.022,236.348,236.892,7184.6
2024-12-01 05:00:00+00:00,236.892,236.892,236.185,236.303,10576.7
2024-12-01 05:30:00+00:00,236.303,236.462,235.398,235.484,9645.6
2024-12-01 06:00:00+00:00,235.484,236.652,235.25,236.238,8472.2
2024-12-01 06:30:00+00:00,236.238,236.452,235.7,235.782,10453.5
2024-12-01 07:00:00+00:00,235.782,236.544,235.418,236.428,13407.8
2024-12-01 07:30:00+00:00,236.428,236.596,235.593,235.657,15133.4
2024-12-01 08:00:00+00:00,235.657,237.042,235.568,236.73,25292.6
2024-12-01 08:30:00+00:00,236.73,238.902,236.444,238.658,34416.8
2024-12-01 09:00:00+00:00,238.658,238.8,237.108,237.252,25079.8
2024-12-01 09:30:00+00:00,237.252,237.942,237.1,237.751,15648.6
2024-12-01 10:00:00+00:00,237.751,237.832,236.76,236.96,14372.0
2024-12-01 10:30:00+00:00,236.96,237.062,235.65,236.32,31593.3
2024-12-01 11:00:00+00:00,236.32,237.41,236.25,237.324,13869.1
2024-12-01 11:30:00+00:00,237.324,237.444,236.683,237.283,16315.9
2024-12-01 12:00:00+00:00,237.283,237.592,236.861,237.228,10291.1
2024-12-01 12:30:00+00:00,237.228,237.502,236.678,237.159,13019.2
2024-12-01 13:00:00+00:00,237.159,238.622,236.318,238.368,27592.7
2024-12-01 13:30:00+00:00,238.368,238.612,237.538,237.986,21243.5
2024-12-01 14:00:00+00:00,237.986,238.912,237.458,238.2,16972.2
2024-12-01 14:30:00+00:00,238.2,238.562,236.988,238.321,22020.3
2024-12-01 15:00:00+00:00,238.321,239.382,237.358,239.318,16451.1
2024-12-01 15:30:00+00:00,239.318,239.49,238.2,238.716,28493.9
2024-12-01 16:00:00+00:00,238.716,239.591,238.648,239.397,28489.2
2024-12-01 16:30:00+00:00,239.397,239.522,238.148,238.262,20994.6
2024-12-01 17:00:00+00:00,238.262,238.262,236.48,236.626,42711.1
2024-12-01 17:30:00+00:00,236.626,237.285,236.573,237.232,27702.6
2024-12-01 18:00:00+00:00,237.232,237.822,236.938,237.482,25991.6
2024-12-01 18:30:00+00:00,237.482,237.582,236.098,236.361,22117.4
2024-12-01 19:00:00+00:00,236.361,237.175,235.145,235.718,42706.6
2024-12-01 19:30:00+00:00,235.718,236.842,235.149,236.5,30145.7
2024-12-01 20:00:00+00:00,236.5,236.832,234.608,234.779,26451.8
2024-12-01 20:30:00+00:00,234.779,236.162,234.5,235.957,24658.2
2024-12-01 21:00:00+00:00,235.957,237.049,235.337,236.924,34616.9
2024-12-01 21:30:00+00:00,236.924,237.8,236.468,237.413,26441.3
2024-12-01 22:00:00+00:00,237.413,238.246,236.604,237.95,34145.0
2024-12-01 22:30:00+00:00,237.95,239.0,237.708,238.551,28294.6
2024-12-01 23:00:00+00:00,238.551,239.4,238.028,238.802,17879.7
2024-12-01 23:30:00+00:00,238.802,239.042,236.712,237.066,31889.7
2024-12-02 00:00:00+00:00,237.066,237.359,235.16,236.202,37213.3
2024-12-02 00:30:00+00:00,236.202,236.712,234.706,235.201,31434.4
2024-12-02 01:00:00+00:00,235.201,237.71,234.797,237.414,29363.1
2024-12-02 01:30:00+00:00,237.414,238.249,235.448,238.116,34256.2
2024-12-02 02:00:00+00:00,238.116,238.586,234.6,235.111,42605.5
2024-12-02 02:30:00+00:00,235.111,235.572,233.488,234.214,57075.7
2024-12-02 03:00:00+00:00,234.214,234.832,232.738,233.052,50623.2
2024-12-02 03:30:00+00:00,233.052,233.074,228.063,228.584,206895.4
2024-12-02 04:00:00+00:00,228.584,230.384,226.442,228.536,115943.8
2024-12-02 04:30:00+00:00,228.536,229.778,228.073,229.6,55793.4
2024-12-02 05:00:00+00:00,229.6,230.49,228.982,229.76,36527.7
2024-12-02 05:30:00+00:00,229.76,229.773,228.1,228.728,28049.2
2024-12-02 06:00:00+00:00,228.728,228.728,226.061,227.307,67831.3
2024-12-02 06:30:00+00:00,227.307,228.909,227.193,228.473,40649.7
2024-12-02 07:00:00+00:00,228.473,229.299,227.06,228.206,46232.6
2024-12-02 07:30:00+00:00,228.206,229.4,227.572,228.827,24466.2
2024-12-02 08:00:00+00:00,228.827,229.0,225.47,226.38,90498.6
2024-12-02 08:30:00+00:00,226.38,227.305,223.315,225.929,175041.4
2024-12-02 09:00:00+00:00,225.929,227.617,225.452,227.058,50281.1
2024-12-02 09:30:00+00:00,227.058,228.15,225.863,228.09,38506.7
2024-12-02 10:00:00+00:00,228.09,228.154,225.878,226.107,46146.0
2024-12-02 10:30:00+00:00,226.107,226.257,223.039,223.817,76942.5
2024-12-02 11:00:00+00:00,223.817,225.431,223.223,225.377,58347.4
2024-12-02 11:30:00+00:00,225.377,225.542,224.04,225.003,30845.5
2024-12-02 12:00:00+00:00,225.003,225.727,224.152,225.632,43799.6
2024-12-02 12:30:00+00:00,225.632,225.677,221.752,222.334,129906.7
2024-12-02 13:00:00+00:00,222.334,225.181,221.866,225.047,64807.6
2024-12-02 13:30:00+00:00,225.047,226.031,224.7,226.031,44895.6
2024-12-02 14:00:00+00:00,226.031,226.86,224.59,225.951,53490.3
2024-12-02 14:30:00+00:00,225.951,227.899,225.419,225.87,101943.8
2024-12-02 15:00:00+00:00,225.87,228.632,224.569,227.891,90468.1
2024-12-02 15:30:00+00:00,227.891,229.812,227.399,229.412,96499.2
2024-12-02 16:00:00+00:00,229.412,230.182,226.389,226.412,101224.5
2024-12-02 16:30:00+00:00,226.412,227.812,224.684,226.524,115392.2
2024-12-02 17:00:00+00:00,226.524,227.401,223.499,223.511,74344.8
2024-12-02 17:30:00+00:00,223.511,223.591,220.18,220.762,160694.2
2024-12-02 18:00:00+00:00,220.762,224.358,220.58,224.176,63548.8
2024-12-02 18:30:00+00:00,224.176,224.531,223.399,223.71,28282.3
2024-12-02 19:00:00+00:00,223.71,223.814,220.74,221.851,78907.4
2024-12-02 19:30:00+00:00,221.851,224.161,221.851,224.161,43692.5
2024-12-02 20:00:00+00:00,224.161,225.371,223.739,224.802,39004.0
2024-12-02 20:30:00+00:00,224.802,225.098,222.23,223.18,64388.7
2024-12-02 21:00:00+00:00,223.18,223.721,221.744,222.847,39946.3
2024-12-02 21:30:00+00:00,222.847,223.851,221.32,222.385,52714.3
2024-12-02 22:00:00+00:00,222.385,224.451,221.784,223.891,27113.8
2024-12-02 22:30:00+00:00,223.891,224.851,223.097,224.625,27001.6
2024-12-02 23:00:00+00:00,224.625,225.4,224.179,224.759,31183.2
2024-12-02 23:30:00+00:00,224.759,226.031,224.468,225.93,13573.7
2024-12-03 00:00:00+00:00,225.93,226.752,225.027,225.15,48782.1
2024-12-03 00:30:00+00:00,225.15,226.788,224.529,225.893,21428.7
2024-12-03 01:00:00+00:00,225.893,226.762,224.439,225.018,17750.2
2024-12-03 01:30:00+00:00,225.018,225.964,224.139,224.159,14999.9
2024-12-03 02:00:00+00:00,224.159,225.86,223.359,225.619,27529.9
2024-12-03 02:30:00+00:00,225.619,229.569,225.426,228.45,49264.9
2024-12-03 03:00:00+00:00,228.45,228.543,227.229,227.752,17355.5
2024-12-03 03:30:00+00:00,227.752,228.745,227.576,228.183,10691.2
2024-12-03 04:00:00+00:00,228.183,229.39,227.459,228.945,17039.8
2024-12-03 04:30:00+00:00,228.945,229.496,228.392,228.639,20047.4
2024-12-03 05:00:00+00:00,228.639,228.852,227.359,228.453,20791.1
2024-12-03 05:30:00+00:00,228.453,228.765,227.778,228.375,19024.4
2024-12-03 06:00:00+00:00,228.375,229.726,228.24,229.15,23267.5
2024-12-03 06:30:00+00:00,229.15,231.172,226.523,227.409,70521.8
2024-12-03 07:00:00+00:00,227.409,228.14,225.246,226.538,106285.9
2024-12-03 07:30:00+00:00,226.538,227.732,225.373,227.107,28207.1
2024-12-03 08:00:00+00:00,227.107,228.712,226.98,227.531,55063.1
2024-12-03 08:30:00+00:00,227.531,227.719,226.006,227.181,32424.4
2024-12-03 09:00:00+00:00,227.181,227.181,225.489,225.949,29712.7
2024-12-03 09:30:00+00:00,225.949,226.391,224.359,225.217,45788.9
2024-12-03 10:00:00+00:00,225.217,226.31,225.097,225.707,20352.5
2024-12-03 10:30:00+00:00,225.707,226.257,223.089,223.49,43973.3
2024-12-03 11:00:00+00:00,223.49,225.86,223.221,225.547,39572.6
2024-12-03 11:30:00+00:00,225.547,226.143,225.015,225.808,28245.0
2024-12-03 12:00:00+00:00,225.808,225.883,224.435,224.747,33892.7
2024-12-03 12:30:00+00:00,224.747,225.488,224.089,224.53,18721.0
2024-12-03 13:00:00+00:00,224.53,224.945,223.615,223.912,33161.4
2024-12-03 13:30:00+00:00,223.912,224.002,216.0,218.362,351438.4
2024-12-03 14:00:00+00:00,218.362,221.354,217.811,219.067,144366.3
2024-12-03 14:30:00+00:00,219.067,224.741,215.049,224.446,264505.1
2024-12-03 15:00:00+00:00,224.446,226.541,222.37,222.858,131375.5
2024-12-03 15:30:00+00:00,222.858,224.521,222.252,223.398,51413.0
2024-12-03 16:00:00+00:00,223.398,225.331,223.138,224.396,47995.0
2024-12-03 16:30:00+00:00,224.396,224.826,221.72,223.182,63821.7
2024-12-03 17:00:00+00:00,223.182,223.551,220.46,221.737,38586.4
2024-12-03 17:30:00+00:00,221.737,224.921,221.207,224.85,36747.1
2024-12-03 18:00:00+00:00,224.85,225.217,223.969,224.562,25529.1
2024-12-03 18:30:00+00:00,224.562,227.755,224.461,227.23,45937.0
2024-12-03 19:00:00+00:00,227.23,227.5,224.739,227.321,67617.0
2024-12-03 19:30:00+00:00,227.321,228.672,226.609,228.361,41211.2
2024-12-03 20:00:00+00:00,228.361,229.952,227.9,229.572,60035.8
2024-12-03 20:30:00+00:00,229.572,230.412,228.588,228.888,59327.8
2024-12-03 21:00:00+00:00,228.888,237.511,227.918,235.593,253886.8
2024-12-03 21:30:00+00:00,235.593,239.834,235.287,237.569,247615.2
2024-12-03 22:00:00+00:00,237.569,237.977,235.327,236.16,109152.4
2024-12-03 22:30:00+00:00,236.16,236.957,234.594,236.957,51225.3
2024-12-03 23:00:00+00:00,236.957,237.081,233.772,233.846,67603.2
2024-12-03 23:30:00+00:00,233.846,235.968,233.846,234.183,36034.8
2024-12-04 00:00:00+00:00,234.183,238.88,234.148,238.88,51464.6
2024-12-04 00:30:00+00:00,238.88,239.803,236.483,237.698,63992.8
2024-12-04 01:00:00+00:00,237.698,239.444,235.828,237.54,42938.4
2024-12-04 01:30:00+00:00,237.54,239.741,236.808,239.264,27597.7
2024-12-04 02:00:00+00:00,239.264,240.825,235.861,236.905,74110.3
2024-12-04 02:30:00+00:00,236.905,237.8,235.225,236.091,28321.5
2024-12-04 03:00:00+00:00,236.091,238.843,235.89,238.486,20045.3
2024-12-04 03:30:00+00:00,238.486,239.2,237.674,237.826,15951.9
2024-12-04 04:00:00+00:00,237.826,238.266,237.055,237.295,15728.3
2024-12-04 04:30:00+00:00,237.295,238.518,236.766,237.912,14403.0
2024-12-04 05:00:00+00:00,237.912,241.0,237.807,239.951,51477.8
2024-12-04 05:30:00+00:00,239.951,240.039,237.964,238.138,22318.5
2024-12-04 06:00:00+00:00,238.138,238.59,236.054,237.478,49705.3
2024-12-04 06:30:00+00:00,237.478,237.976,236.434,237.915,14920.9
2024-12-04 07:00:00+00:00,237.915,238.094,236.908,237.072,25201.0
2024-12-04 07:30:00+00:00,237.072,237.726,236.401,236.781,19656.5
2024-12-04 08:00:00+00:00,236.781,237.5,235.828,236.066,39915.7
2024-12-04 08:30:00+00:00,236.066,236.413,235.165,235.97,31283.4
2024-12-04 09:00:00+00:00,235.97,237.5,235.65,237.465,22870.1
2024-12-04 09:30:00+00:00,237.465,237.612,235.654,235.793,46836.7
2024-12-04 10:00:00+00:00,235.793,237.018,235.537,236.587,22352.6
2024-12-04 10:30:00+00:00,236.587,238.185,236.201,236.983,38044.2
2024-12-04 11:00:00+00:00,236.983,237.674,235.862,236.072,18086.2
2024-12-04 11:30:00+00:00,236.072,236.946,235.74,236.265,18011.4
2024-12-04 12:00:00+00:00,236.265,236.436,231.86,232.925,138713.1
2024-12-04 12:30:00+00:00,232.925,233.626,232.25,232.936,37516.0
2024-12-04 13:00:00+00:00,232.936,233.745,231.4,232.03,44106.2
2024-12-04 13:30:00+00:00,232.03,232.7,230.728,231.434,45009.9
2024-12-04 14:00:00+00:00,231.434,232.215,230.091,232.061,41985.3
2024-12-04 14:30:00+00:00,232.061,233.994,231.692,232.49,66486.8
2024-12-04 15:00:00+00:00,232.49,234.957,230.783,234.521,58545.5
2024-12-04 15:30:00+00:00,234.521,235.388,232.785,233.956,45658.0
2024-12-04 16:00:00+00:00,233.956,234.325,228.287,229.1,160605.0
2024-12-04 16:30:00+00:00,229.1,229.8,225.021,226.012,119954.5
2024-12-04 17:00:00+00:00,226.012,227.653,224.787,227.443,78097.3
2024-12-04 17:30:00+00:00,227.443,229.544,226.415,229.295,80722.3
2024-12-04 18:00:00+00:00,229.295,231.274,228.996,229.647,43454.6
2024-12-04 18:30:00+00:00,229.647,230.794,228.35,230.189,45511.2
2024-12-04 19:00:00+00:00,230.189,232.679,229.705,232.306,34438.7
2024-12-04 19:30:00+00:00,232.306,233.056,231.674,232.895,20245.5
2024-12-04 20:00:00+00:00,232.895,236.546,231.96,234.067,109170.0
2024-12-04 20:30:00+00:00,234.067,234.828,230.3,232.964,120335.9
2024-12-04 21:00:00+00:00,232.964,234.723,232.0,233.427,87996.9
2024-12-04 21:30:00+00:00,233.427,233.539,229.536,229.781,107910.3
2024-12-04 22:00:00+00:00,229.781,231.684,229.176,231.634,47766.1
2024-12-04 22:30:00+00:00,231.634,231.934,229.076,229.32,30870.1
2024-12-04 23:00:00+00:00,229.32,229.593,225.957,226.062,62246.0
2024-12-04 23:30:00+00:00,226.062,229.48,226.062,229.385,38295.5
2024-12-05 00:00:00+00:00,229.385,229.878,227.17,227.821,28354.6
2024-12-21 16:00:00+00:00,186.637,187.438,183.704,186.332,75099.7
2024-12-21 16:30:00+00:00,186.332,186.743,183.294,183.798,67348.1
2024-12-21 17:00:00+00:00,183.798,184.973,182.175,183.767,118178.4
2024-12-21 17:30:00+00:00,183.767,184.921,181.5,183.942,67097.8
2024-12-21 18:00:00+00:00,183.942,185.14,182.347,182.601,41884.3
2024-12-21 18:30:00+00:00,182.601,183.016,180.598,182.088,57825.8
2024-12-21 19:00:00+00:00,182.088,182.278,178.796,180.197,133614.2
2024-12-21 19:30:00+00:00,180.197,181.541,178.4,181.522,70823.7
2024-12-21 20:00:00+00:00,181.522,183.319,179.866,183.18,71495.4
2024-12-21 20:30:00+00:00,183.18,183.262,181.005,181.42,29900.8
2024-12-21 21:00:00+00:00,181.42,182.154,179.553,180.968,37572.4
2024-12-21 21:30:00+00:00,180.968,181.217,178.633,180.586,48131.9
2024-12-21 22:00:00+00:00,180.586,181.852,179.148,181.622,39328.3
2024-12-21 22:30:00+00:00,181.622,181.84,180.364,181.011,17993.7
2024-12-21 23:00:00+00:00,181.011,181.25,179.0,181.215,28815.5
2024-12-21 23:30:00+00:00,181.215,181.5,179.636,181.316,19338.9
2024-12-22 00:00:00+00:00,181.316,182.188,179.84,182.112,37205.1
2024-12-22 00:30:00+00:00,182.112,183.337,181.414,181.804,29581.7
2024-12-22 01:00:00+00:00,181.804,183.875,180.946,182.791,21953.9
2024-12-22 01:30:00+00:00,182.791,183.078,180.346,182.729,28021.0
2024-12-22 02:00:00+00:00,182.729,183.731,182.086,183.057,21826.3
2024-12-22 02:30:00+00:00,183.057,183.173,181.084,181.731,13146.5
2024-12-22 03:00:00+00:00,181.731,183.747,180.353,182.945,27739.6
2024-12-22 03:30:00+00:00,182.945,183.334,181.096,182.507,21580.4
2024-12-22 04:00:00+00:00,182.507,183.247,181.905,182.449,11653.2
2024-12-22 04:30:00+00:00,182.449,182.853,179.9,179.9,21597.2
2024-12-22 05:00:00+00:00,179.9,180.652,177.727,179.224,52963.8
2024-12-22 05:30:00+00:00,179.224,180.72,178.778,180.542,23407.0
2024-12-22 06:00:00+00:00,180.542,183.215,179.931,182.516,24955.2
2024-12-22 06:30:00+00:00,182.516,183.656,182.157,183.171,25186.2
2024-12-22 07:00:00+00:00,183.171,183.74,182.605,183.267,22604.3
2024-12-22 07:30:00+00:00,183.267,184.806,182.775,184.209,39407.1
2024-12-22 08:00:00+00:00,184.209,185.726,184.154,184.997,45071.9
2024-12-22 08:30:00+00:00,184.997,185.178,183.725,184.317,23119.4
2024-12-22 09:00:00+00:00,184.317,185.288,183.59,184.804,19628.7
2024-12-22 09:30:00+00:00,184.804,186.835,184.6,185.438,49737.9
2024-12-22 10:00:00+00:00,185.438,186.807,185.071,185.947,25135.9
2024-12-22 10:30:00+00:00,185.947,186.774,185.5,185.512,22072.5
2024-12-22 11:00:00+00:00,185.512,186.376,185.286,186.118,20764.4
2024-12-22 11:30:00+00:00,186.118,186.799,185.744,186.548,11969.1
2024-12-22 12:00:00+00:00,186.548,187.0,185.454,186.954,29340.7
2024-12-22 12:30:00+00:00,186.954,187.786,185.756,185.756,40951.0
2024-12-22 13:00:00+00:00,185.756,186.527,184.944,186.3,54830.6
2024-12-22 13:30:00+00:00,186.3,186.787,184.365,184.8,49842.7
2024-12-22 14:00:00+00:00,184.8,185.151,181.51,181.926,89786.7
2024-12-22 14:30:00+00:00,181.926,182.635,178.956,179.065,132208.5
2024-12-22 15:00:00+00:00,179.065,182.413,179.004,181.873,84631.7
2024-12-22 15:30:00+00:00,181.873,182.065,180.7,181.73,42843.6
2024-12-22 16:00:00+00:00,181.73,183.047,180.338,182.377,59089.8
2024-12-22 16:30:00+00:00,182.377,183.395,181.976,182.85,35896.3
2024-12-22 17:00:00+00:00,182.85,183.168,181.811,181.987,16652.2
2024-12-22 17:30:00+00:00,181.987,182.791,181.106,181.542,17941.4
2024-12-22 18:00:00+00:00,181.542,183.327,181.089,183.2,30189.9
2024-12-22 18:30:00+00:00,183.2,183.989,181.65,181.835,24163.9
2024-12-22 19:00:00+00:00,181.835,182.235,179.729,179.908,33204.9
2024-12-22 19:30:00+00:00,179.908,180.123,177.753,178.464,53740.9
2024-12-22 20:00:00+00:00,178.464,179.174,176.807,178.657,78126.1
2024-12-22 20:30:00+00:00,178.657,180.993,178.451,180.822,40738.4
2024-12-22 21:00:00+00:00,180.822,182.314,179.976,181.953,43808.2
2024-12-22 21:30:00+00:00,181.953,182.137,180.306,180.564,35878.2
2024-12-22 22:00:00+00:00,180.564,180.639,177.55,179.158,70143.7
2024-12-22 22:30:00+00:00,179.158,181.475,179.091,181.319,22448.2
2024-12-22 23:00:00+00:00,181.319,182.12,180.499,181.018,27652.2
2024-12-22 23:30:00+00:00,181.018,181.134,179.663,180.468,26956.5
2024-12-23 00:00:00+00:00,180.468,180.55,178.281,178.953,45637.8
2024-12-23 00:30:00+00:00,178.953,179.572,177.619,179.072,45098.3
2024-12-23 01:00:00+00:00,179.072,180.06,176.4,179.347,65658.2
2024-12-23 01:30:00+00:00,179.347,181.97,178.033,178.269,74740.3
2024-12-23 02:00:00+00:00,178.269,179.299,176.501,178.11,62591.9
2024-12-23 02:30:00+00:00,178.11,179.911,176.893,179.644,29303.8
2024-12-23 03:00:00+00:00,179.644,184.87,179.116,184.84,60364.3
2024-12-23 03:30:00+00:00,184.84,187.285,183.832,186.157,68030.0
2024-12-23 04:00:00+00:00,186.157,187.6,185.628,186.269,44501.1
2024-12-23 04:30:00+00:00,186.269,186.675,184.665,184.69,43488.2
2024-12-23 05:00:00+00:00,184.69,185.338,183.0,184.795,45469.1
2024-12-23 05:30:00+00:00,184.795,185.335,183.571,183.911,48036.5
2024-12-23 06:00:00+00:00,183.911,184.37,182.2,183.481,31124.8
2024-12-23 06:30:00+00:00,183.481,183.735,180.69,180.73,53277.6
2024-12-23 07:00:00+00:00,180.73,182.204,179.776,181.459,44263.0
2024-12-23 07:30:00+00:00,181.459,182.764,180.82,182.174,23223.0
2024-12-23 08:00:00+00:00,182.174,183.264,181.629,182.136,21464.9
2024-12-23 08:30:00+00:00,182.136,184.405,181.918,184.256,26935.0
2024-12-23 09:00:00+00:00,184.256,186.485,184.117,184.812,48035.2
2024-12-23 09:30:00+00:00,184.812,185.225,184.295,184.709,25977.4
2024-12-23 10:00:00+00:00,184.709,185.71,184.489,185.154,27755.3
2024-12-23 10:30:00+00:00,185.154,185.629,183.985,185.193,33077.5
2024-12-23 11:00:00+00:00,185.193,185.599,184.094,184.257,20340.7
2024-12-23 11:30:00+00:00,184.257,184.405,183.381,183.493,20894.9
2024-12-23 12:00:00+00:00,183.493,184.335,182.719,184.255,47605.6
2024-12-23 12:30:00+00:00,184.255,184.975,183.704,184.258,19106.4
2024-12-23 13:00:00+00:00,184.258,184.422,182.752,183.451,42059.2
2024-12-23 13:30:00+00:00,183.451,183.66,181.136,182.472,66253.1
2024-12-23 14:00:00+00:00,182.472,184.777,181.986,184.686,67985.9
2024-12-23 14:30:00+00:00,184.686,185.0,181.206,183.666,90909.8
2024-12-23 15:00:00+00:00,183.666,185.667,182.533,184.426,99845.3
2024-12-23 15:30:00+00:00,184.426,184.481,180.636,180.847,72249.1
2024-12-23 16:00:00+00:00,180.847,183.609,180.698,183.4,52073.2
2024-12-23 16:30:00+00:00,183.4,185.571,182.276,184.895,60820.8
2024-12-23 17:00:00+00:00,184.895,186.093,184.225,185.849,44994.1
2024-12-23 17:30:00+00:00,185.849,185.877,184.005,184.507,25706.8
2024-12-23 18:00:00+00:00,184.507,185.961,184.364,185.328,20312.3
2024-12-23 18:30:00+00:00,185.328,185.835,184.218,185.077,17994.3
2024-12-23 19:00:00+00:00,185.077,189.442,184.925,189.045,99674.9
2024-12-23 19:30:00+00:00,189.045,189.616,187.045,187.385,61519.5
2024-12-23 20:00:00+00:00,187.385,189.414,186.629,189.285,60165.8
2024-12-23 20:30:00+00:00,189.285,191.697,188.777,191.186,60868.6
2024-12-23 21:00:00+00:00,191.186,193.436,191.144,192.486,72350.1
2024-12-23 21:30:00+00:00,192.486,192.712,189.747,190.04,66468.2
2024-12-23 22:00:00+00:00,190.04,191.734,189.555,191.645,58062.5
2024-12-23 22:30:00+00:00,191.645,192.6,190.316,192.405,40208.7
2024-12-23 23:00:00+00:00,192.405,192.594,190.514,190.887,53082.8
2024-12-23 23:30:00+00:00,190.887,191.158,189.682,190.082,40997.1
2024-12-24 00:00:00+00:00,190.082,190.28,188.321,188.866,50988.0
2024-12-24 00:30:00+00:00,188.866,190.031,188.782,189.901,16356.7
2024-12-24 01:00:00+00:00,189.901,190.371,189.09,189.448,23616.4
2024-12-24 01:30:00+00:00,189.448,189.569,187.49,187.63,32463.8
2024-12-24 02:00:00+00:00,187.63,188.31,186.013,187.221,49132.9
2024-12-24 02:30:00+00:00,187.221,188.354,187.2,187.797,23535.3
2024-12-24 03:00:00+00:00,187.797,188.667,187.753,188.497,16270.6
2024-12-24 03:30:00+00:00,188.497,189.99,188.437,189.894,19165.0
2024-12-24 04:00:00+00:00,189.894,191.0,189.2,190.999,17485.5
2024-12-24 04:30:00+00:00,190.999,191.141,190.0,190.819,12473.9
2024-12-24 05:00:00+00:00,190.819,191.653,190.447,191.632,18059.9
2024-12-24 05:30:00+00:00,191.632,191.811,190.88,191.705,16028.1
2024-12-24 06:00:00+00:00,191.705,191.897,190.919,191.595,10917.1
2024-12-24 06:30:00+00:00,191.595,191.725,189.92,190.169,21406.1
2024-12-24 07:00:00+00:00,190.169,191.143,189.409,190.902,23599.3
2024-12-24 07:30:00+00:00,190.902,191.547,190.559,191.43,15372.4
2024-12-24 08:00:00+00:00,191.43,192.901,190.929,192.287,43035.6
2024-12-24 08:30:00+00:00,192.287,193.421,192.0,192.746,32094.4
2024-12-24 09:00:00+00:00,192.746,193.2,191.119,192.49,44548.1
2024-12-24 09:30:00+00:00,192.49,193.904,192.288,192.5,38731.2
2024-12-24 10:00:00+00:00,192.5,192.969,191.219,191.472,41999.9
2024-12-24 10:30:00+00:00,191.472,192.033,190.571,190.68,30676.6
2024-12-24 11:00:00+00:00,190.68,192.143,190.458,192.067,27843.6
2024-12-24 11:30:00+00:00,192.067,193.221,191.932,192.934,28906.0
2024-12-24 12:00:00+00:00,192.934,193.333,191.39,192.086,38607.0
2024-12-24 12:30:00+00:00,192.086,192.56,191.263,191.476,25650.4
2024-12-24 13:00:00+00:00,191.476,193.49,191.128,192.956,42786.2
2024-12-24 13:30:00+00:00,192.956,195.76,192.948,195.439,100659.8
2024-12-24 14:00:00+00:00,195.439,195.737,193.874,194.712,66038.1
2024-12-24 14:30:00+00:00,194.712,195.26,193.777,194.459,44614.9
2024-12-24 15:00:00+00:00,194.459,197.455,193.932,197.255,62622.7
2024-12-24 15:30:00+00:00,197.255,198.999,197.248,197.687,116237.3
2024-12-24 16:00:00+00:00,197.687,198.641,196.711,197.1,52428.5
2024-12-24 16:30:00+00:00,197.1,197.257,195.525,195.649,63239.0
2024-12-24 17:00:00+00:00,195.649,197.252,195.394,196.563,35004.8
2024-12-24 17:30:00+00:00,196.563,196.869,195.29,196.7,30004.7
2024-12-24 18:00:00+00:00,196.7,198.605,195.838,195.872,70861.1
2024-12-24 18:30:00+00:00,195.872,197.08,195.872,196.438,14162.4
2024-12-24 19:00:00+00:00,196.438,196.642,195.825,196.366,11191.2
2024-12-24 19:30:00+00:00,196.366,196.388,195.001,195.2,35990.9
2024-12-24 20:00:00+00:00,195.2,195.51,193.201,193.763,56979.5
2024-12-24 20:30:00+00:00,193.763,194.79,193.656,194.539,20974.8
2024-12-24 21:00:00+00:00,194.539,196.399,194.455,195.89,37073.0
2024-12-24 21:30:00+00:00,195.89,196.908,195.843,196.648,13809.6
2024-12-24 22:00:00+00:00,196.648,197.6,196.028,196.574,27087.6
2024-12-24 22:30:00+00:00,196.574,197.297,196.09,196.915,17849.6
2024-12-24 23:00:00+00:00,196.915,197.587,196.515,197.338,10554.0
2024-12-24 23:30:00+00:00,197.338,197.962,196.779,197.092,22864.0
2024-12-25 00:00:00+00:00,197.092,197.52,196.29,197.123,19883.6
2024-12-25 00:30:00+00:00,197.123,197.55,196.848,197.418,8394.5
2024-12-25 01:00:00+00:00,197.418,199.8,197.387,198.812,44379.8
2024-12-25 01:30:00+00:00,198.812,200.346,198.349,199.132,48958.6
2024-12-25 02:00:00+00:00,199.132,201.248,199.079,199.983,55068.3
2024-12-25 02:30:00+00:00,199.983,201.769,199.869,201.433,30853.9
2024-12-25 03:00:00+00:00,201.433,201.682,199.9,200.176,23426.3
2024-12-25 03:30:00+00:00,200.176,200.352,199.445,199.799,11647.2
2024-12-25 04:00:00+00:00,199.799,199.881,198.621,199.764,25498.7
2024-12-25 04:30:00+00:00,199.764,200.0,198.805,199.357,12164.5
2024-12-25 05:00:00+00:00,199.357,199.413,198.609,198.887,8629.1
2024-12-25 05:30:00+00:00,198.887,199.649,198.273,199.25,13314.8
2024-12-25 06:00:00+00:00,199.25,200.53,198.779,199.05,19047.7
2024-12-25 06:30:00+00:00,199.05,199.465,198.55,198.697,18924.4
2024-12-25 07:00:00+00:00,198.697,199.691,197.969,198.536,17647.3
2024-12-25 07:30:00+00:00,198.536,199.021,197.596,198.046,20370.0
2024-12-25 08:00:00+00:00,198.046,199.016,197.68,198.696,22014.8
2024-12-25 08:30:00+00:00,198.696,198.781,197.26,197.766,21393.7
2024-12-25 09:00:00+00:00,197.766,198.5,197.471,198.492,14213.1
2024-12-25 09:30:00+00:00,198.492,198.653,197.25,197.996,14380.3
2024-12-25 10:00:00+00:00,197.996,200.45,197.588,199.181,38539.6
2024-12-25 10:30:00+00:00,199.181,199.71,196.31,197.36,65758.8
2024-12-25 11:00:00+00:00,197.36,198.071,196.455,197.835,41100.2
2024-12-25 11:30:00+00:00,197.835,197.937,194.95,195.71,42303.0
2024-12-25 12:00:00+00:00,195.71,196.318,195.0,195.949,39309.7
2024-12-25 12:30:00+00:00,195.949,196.82,195.57,195.999,31386.4
2024-12-25 13:00:00+00:00,195.999,196.87,195.811,196.614,13563.2
2024-12-25 13:30:00+00:00,196.614,197.036,195.872,196.937,19590.7
2024-12-25 14:00:00+00:00,196.937,198.721,196.76,198.079,31963.9
2024-12-25 14:30:00+00:00,198.079,199.35,198.042,198.844,37977.0
2024-12-25 15:00:00+00:00,198.844,198.956,197.27,197.513,47565.0
2024-12-25 15:30:00+00:00,197.513,198.439,196.838,198.139,20939.9
2024-12-25 16:00:00+00:00,198.139,198.718,196.306,197.3,30842.9
2024-12-25 16:30:00+00:00,197.3,197.541,196.02,197.379,27331.6
2024-12-25 17:00:00+00:00,197.379,198.162,196.473,197.968,28773.5
2024-12-25 17:30:00+00:00,197.968,198.83,197.25,198.746,23989.3
2024-12-25 18:00:00+00:00,198.746,199.223,198.235,198.385,24169.2
2024-12-25 18:30:00+00:00,198.385,198.681,197.759,198.181,12134.6
2024-12-25 19:00:00+00:00,198.181,199.3,198.149,198.831,21132.1
2024-12-25 19:30:00+00:00,198.831,199.411,198.209,199.117,17129.6
2025-01-11 11:30:00+00:00,186.064,186.671,185.707,186.598,25802.0
2025-01-11 12:00:00+00:00,186.598,187.493,186.306,187.037,37433.5
2025-01-11 12:30:00+00:00,187.037,187.377,186.607,186.809,20247.6
2025-01-11 13:00:00+00:00,186.809,187.444,186.627,187.03,21189.8
2025-01-11 13:30:00+00:00,187.03,187.164,186.071,186.488,19355.6
2025-01-11 14:00:00+00:00,186.488,186.623,185.739,186.157,15940.7
2025-01-11 14:30:00+00:00,186.157,187.913,186.157,187.832,23573.9
2025-01-11 15:00:00+00:00,187.832,188.174,186.647,186.89,23924.2
2025-01-11 15:30:00+00:00,186.89,187.156,186.549,186.861,10099.8
2025-01-11 16:00:00+00:00,186.861,187.133,185.867,186.215,15120.9
2025-01-11 16:30:00+00:00,186.215,187.434,186.164,187.111,16730.2
2025-01-11 17:00:00+00:00,187.111,187.211,185.523,186.049,25685.0
2025-01-11 17:30:00+00:00,186.049,186.582,185.788,186.501,7209.6
2025-01-11 18:00:00+00:00,186.501,187.335,186.26,187.055,6810.4
2025-01-11 18:30:00+00:00,187.055,187.823,186.573,187.569,12876.4
2025-01-11 19:00:00+00:00,187.569,187.983,187.203,187.462,10873.8
2025-01-11 19:30:00+00:00,187.462,187.834,186.992,187.672,20857.8
2025-01-11 20:00:00+00:00,187.672,188.7,187.403,188.657,17887.4
2025-01-11 20:30:00+00:00,188.657,190.747,188.232,190.355,38619.8
2025-01-11 21:00:00+00:00,190.355,191.613,190.201,190.996,42743.8
2025-01-11 21:30:00+00:00,190.996,191.89,190.456,190.916,30384.1
2025-01-11 22:00:00+00:00,190.916,190.984,188.896,188.908,36694.7
2025-01-11 22:30:00+00:00,188.908,189.223,188.0,188.28,25282.4
2025-01-11 23:00:00+00:00,188.28,188.713,187.813,188.477,14257.5
2025-01-11 23:30:00+00:00,188.477,188.643,187.837,187.983,13169.1
2025-01-12 00:00:00+00:00,187.983,188.235,187.235,187.374,20279.3
2025-01-12 00:30:00+00:00,187.374,187.901,187.2,187.264,8174.3
2025-01-12 01:00:00+00:00,187.264,187.479,186.405,186.536,15040.7
2025-01-12 01:30:00+00:00,186.536,187.559,186.536,187.5,10933.5
2025-01-12 02:00:00+00:00,187.5,187.586,186.965,187.149,8839.9
2025-01-12 02:30:00+00:00,187.149,188.353,187.018,188.329,12845.4
2025-01-12 03:00:00+00:00,188.329,188.546,186.862,187.019,11847.8
2025-01-12 03:30:00+00:00,187.019,187.53,186.845,187.195,10233.9
2025-01-12 04:00:00+00:00,187.195,187.305,186.8,187.171,5713.5
2025-01-12 04:30:00+00:00,187.171,187.318,186.539,186.689,5401.4
2025-01-12 05:00:00+00:00,186.689,187.169,186.646,186.895,5702.4
2025-01-12 05:30:00+00:00,186.895,186.915,186.295,186.573,20480.2
2025-01-12 06:00:00+00:00,186.573,186.662,186.113,186.231,9092.5
2025-01-12 06:30:00+00:00,186.231,186.693,185.809,185.865,9416.3
2025-01-12 07:00:00+00:00,185.865,186.375,185.534,186.282,18773.3
2025-01-12 07:30:00+00:00,186.282,186.645,186.035,186.475,13961.6
2025-01-12 08:00:00+00:00,186.475,186.875,186.395,186.507,13526.3
2025-01-12 08:30:00+00:00,186.507,186.561,185.606,185.874,20892.6
2025-01-12 09:00:00+00:00,185.874,186.375,185.7,185.7,8423.7
2025-01-12 09:30:00+00:00,185.7,185.975,185.045,185.762,29489.7
2025-01-12 10:00:00+00:00,185.762,186.2,185.231,185.503,34198.0
2025-01-12 10:30:00+00:00,185.503,186.335,185.29,186.037,20535.4
2025-01-12 11:00:00+00:00,186.037,186.597,185.938,186.532,16060.0
2025-01-12 11:30:00+00:00,186.532,186.948,186.42,186.615,7179.5
2025-01-12 12:00:00+00:00,186.615,187.421,186.074,187.034,19289.8
2025-01-12 12:30:00+00:00,187.034,187.502,186.801,186.976,12807.8
2025-01-12 13:00:00+00:00,186.976,188.398,186.603,188.194,19883.9
2025-01-12 13:30:00+00:00,188.194,188.546,187.637,187.936,29495.1
2025-01-12 14:00:00+00:00,187.936,188.697,187.71,188.186,19894.9
2025-01-12 14:30:00+00:00,188.186,188.891,187.814,188.315,24417.6
2025-01-12 15:00:00+00:00,188.315,190.43,188.125,190.366,45267.3
2025-01-12 15:30:00+00:00,190.366,190.968,189.424,190.397,44502.4
2025-01-12 16:00:00+00:00,190.397,190.577,189.093,189.772,43505.1
2025-01-12 16:30:00+00:00,189.772,190.7,189.772,189.966,17331.8
2025-01-12 17:00:00+00:00,189.966,190.076,189.334,189.725,21642.1
2025-01-12 17:30:00+00:00,189.725,190.519,189.214,189.872,32264.8
2025-01-12 18:00:00+00:00,189.872,190.397,189.689,190.05,7424.0
2025-01-12 18:30:00+00:00,190.05,190.05,189.074,189.496,23275.5
2025-01-12 19:00:00+00:00,189.496,189.914,188.604,188.754,28898.0
2025-01-12 19:30:00+00:00,188.754,189.122,188.601,188.814,6051.8
2025-01-12 20:00:00+00:00,188.814,189.946,188.814,189.711,17466.2
2025-01-12 20:30:00+00:00,189.711,189.711,188.724,189.286,5376.4
2025-01-12 21:00:00+00:00,189.286,189.5,187.834,188.888,23780.4
2025-01-12 21:30:00+00:00,188.888,189.1,188.034,188.407,19437.1
2025-01-12 22:00:00+00:00,188.407,188.612,186.456,186.693,33513.3
2025-01-12 22:30:00+00:00,186.693,187.716,186.605,186.945,18038.0
2025-01-12 23:00:00+00:00,186.945,187.616,186.65,187.171,20535.3
2025-01-12 23:30:00+00:00,187.171,188.682,187.171,188.423,16106.2
2025-01-13 00:00:00+00:00,188.423,191.05,188.179,190.422,32144.3
2025-01-13 00:30:00+00:00,190.422,191.942,190.329,190.571,43571.7
2025-01-13 01:00:00+00:00,190.571,190.691,188.968,189.84,23553.4
2025-01-13 01:30:00+00:00,189.84,189.871,186.85,187.322,33724.8
2025-01-13 02:00:00+00:00,187.322,187.521,186.379,186.91,27169.4
2025-01-13 02:30:00+00:00,186.91,186.91,184.3,185.713,83987.3
2025-01-13 03:00:00+00:00,185.713,186.461,184.797,185.45,61918.4
2025-01-13 03:30:00+00:00,185.45,185.809,184.097,184.964,45197.8
2025-01-13 04:00:00+00:00,184.964,186.734,184.585,186.508,23181.1
2025-01-13 04:30:00+00:00,186.508,186.882,185.087,185.289,32081.6
2025-01-13 05:00:00+00:00,185.289,185.423,184.016,184.436,48735.8
2025-01-13 05:30:00+00:00,184.436,184.563,183.2,183.816,34437.6
2025-01-13 06:00:00+00:00,183.816,184.436,183.25,183.516,29845.7
2025-01-13 06:30:00+00:00,183.516,183.66,181.634,182.023,76272.8
2025-01-13 07:00:00+00:00,182.023,182.841,181.443,182.636,72380.7
2025-01-13 07:30:00+00:00,182.636,183.481,181.996,182.419,36156.6
2025-01-13 08:00:00+00:00,182.419,182.425,180.036,180.953,89867.5
2025-01-13 08:30:00+00:00,180.953,181.4,180.457,180.487,53554.5
2025-01-13 09:00:00+00:00,180.487,180.821,179.661,179.785,55861.7
2025-01-13 09:30:00+00:00,179.785,180.798,178.642,179.924,73594.3
2025-01-13 10:00:00+00:00,179.924,180.244,178.31,178.659,76618.2
2025-01-13 10:30:00+00:00,178.659,179.339,178.003,178.379,43274.8
2025-01-13 11:00:00+00:00,178.379,178.392,176.6,176.886,66513.4
2025-01-13 11:30:00+00:00,176.886,177.636,175.103,175.329,109216.0
2025-01-13 12:00:00+00:00,175.329,177.548,175.111,176.809,83760.1
2025-01-13 12:30:00+00:00,176.809,176.81,174.692,175.221,95498.7
2025-01-13 13:00:00+00:00,175.221,178.23,174.2,177.057,98717.1
2025-01-13 13:30:00+00:00,177.057,177.52,175.43,175.817,54403.8
2025-01-13 14:00:00+00:00,175.817,176.49,174.769,175.352,50150.8
2025-01-13 14:30:00+00:00,175.352,176.756,168.368,175.356,460724.0
2025-01-13 15:00:00+00:00,175.356,180.007,174.875,178.58,146220.6
2025-01-13 15:30:00+00:00,178.58,180.227,177.574,178.672,98524.0
2025-01-13 16:00:00+00:00,178.672,179.7,177.672,177.815,68765.2
2025-01-13 16:30:00+00:00,177.815,178.617,176.065,176.166,45891.2
2025-01-13 17:00:00+00:00,176.166,177.986,175.644,177.686,37320.8
2025-01-13 17:30:00+00:00,177.686,178.419,175.454,176.338,32105.2
2025-01-13 18:00:00+00:00,176.338,177.905,174.325,174.427,42558.2
2025-01-13 18:30:00+00:00,174.427,176.44,174.427,176.003,35844.0
2025-01-13 19:00:00+00:00,176.003,177.455,175.074,176.932,39256.3
2025-01-13 19:30:00+00:00,176.932,178.591,176.303,177.56,42713.4
2025-01-13 20:00:00+00:00,177.56,178.152,176.522,177.642,20853.7
2025-01-13 20:30:00+00:00,177.642,182.394,177.582,181.468,74524.8
2025-01-13 21:00:00+00:00,181.468,182.072,180.838,181.621,47869.0
2025-01-13 21:30:00+00:00,181.621,182.008,180.193,181.811,47380.3
2025-01-13 22:00:00+00:00,181.811,183.436,181.688,182.91,43254.9
2025-01-13 22:30:00+00:00,182.91,183.008,181.442,182.989,26424.0
2025-01-13 23:00:00+00:00,182.989,183.699,182.67,183.099,29368.2
2025-01-13 23:30:00+00:00,183.099,183.497,182.562,182.735,9147.3
2025-01-14 00:00:00+00:00,182.735,182.934,181.8,182.463,17674.6
2025-01-14 00:30:00+00:00,182.463,182.838,181.825,182.272,7118.1
2025-01-14 01:00:00+00:00,182.272,184.099,182.217,183.186,19232.8
2025-01-14 01:30:00+00:00,183.186,183.305,182.339,182.573,15340.7
2025-01-14 02:00:00+00:00,182.573,184.106,182.007,183.744,27631.7
2025-01-14 02:30:00+00:00,183.744,183.823,182.874,183.289,10864.9
2025-01-14 03:00:00+00:00,183.289,184.549,183.227,184.483,14474.7
2025-01-14 03:30:00+00:00,184.483,184.518,183.761,184.03,7679.4
2025-01-14 04:00:00+00:00,184.03,184.961,184.03,184.833,9401.3
2025-01-14 04:30:00+00:00,184.833,185.851,184.471,185.801,16431.1
2025-01-14 05:00:00+00:00,185.801,186.594,185.5,185.668,29946.9
2025-01-14 05:30:00+00:00,185.668,185.804,184.658,185.104,18970.7
2025-01-14 06:00:00+00:00,185.104,186.272,185.104,186.001,12196.0
2025-01-14 06:30:00+00:00,186.001,186.813,185.8,186.177,20520.7
2025-01-14 07:00:00+00:00,186.177,186.279,185.516,185.964,9495.7
2025-01-14 07:30:00+00:00,185.964,186.127,185.221,185.51,20200.9
2025-01-14 08:00:00+00:00,185.51,187.23,185.51,186.534,31283.8
2025-01-14 08:30:00+00:00,186.534,187.5,186.426,186.841,25065.3
2025-01-14 09:00:00+00:00,186.841,188.871,186.404,188.564,38952.2
2025-01-14 09:30:00+00:00,188.564,189.998,188.19,189.315,67438.4
2025-01-14 10:00:00+00:00,189.315,189.368,187.59,188.17,46012.3
2025-01-14 10:30:00+00:00,188.17,188.19,187.451,187.71,24030.9
2025-01-14 11:00:00+00:00,187.71,187.945,187.232,187.83,17181.2
2025-01-14 11:30:00+00:00,187.83,188.07,186.592,186.975,35836.8
2025-01-14 12:00:00+00:00,186.975,187.199,185.637,186.312,37197.7
2025-01-14 12:30:00+00:00,186.312,187.17,185.818,186.014,31218.6
2025-01-14 13:00:00+00:00,186.014,186.614,185.48,185.741,27586.3
2025-01-14 13:30:00+00:00,185.741,188.811,185.741,187.991,94068.9
2025-01-14 14:00:00+00:00,187.991,189.151,187.216,189.052,27548.6
2025-01-14 14:30:00+00:00,189.052,190.048,186.82,187.129,74843.8
2025-01-14 15:00:00+00:00,187.129,188.598,186.817,187.654,29988.4
2025-01-14 15:30:00+00:00,187.654,188.351,186.683,186.759,14689.2
2025-01-14 16:00:00+00:00,186.759,187.315,185.707,186.591,35649.5
2025-01-14 16:30:00+00:00,186.591,186.788,185.844,186.489,16932.5
2025-01-14 17:00:00+00:00,186.489,187.884,185.965,187.417,20962.4
2025-01-14 17:30:00+00:00,187.417,187.464,186.164,186.654,20715.3
2025-01-14 18:00:00+00:00,186.654,187.07,185.96,186.789,13419.4
2025-01-14 18:30:00+00:00,186.789,187.253,186.27,186.584,16188.1
2025-01-14 19:00:00+00:00,186.584,186.92,186.1,186.668,11053.2
2025-01-14 19:30:00+00:00,186.668,187.59,186.668,187.015,15912.3
2025-01-14 20:00:00+00:00,187.015,187.2,185.709,186.863,30506.2
2025-01-14 20:30:00+00:00,186.863,187.178,186.245,187.092,7569.1
2025-01-14 21:00:00+00:00,187.092,187.867,186.779,187.467,16407.6
2025-01-14 21:30:00+00:00,187.467,187.481,186.561,187.178,12053.9
2025-01-14 22:00:00+00:00,187.178,187.789,186.978,187.766,10671.9
2025-01-14 22:30:00+00:00,187.766,188.75,187.6,188.637,19090.9
2025-01-14 23:00:00+00:00,188.637,188.758,187.76,187.865,17330.1
2025-01-14 23:30:00+00:00,187.865,188.228,187.342,187.494,13097.4
2025-01-15 00:00:00+00:00,187.494,188.2,187.091,187.799,13397.4
2025-01-15 00:30:00+00:00,187.799,188.12,186.9,187.371,15824.6
2025-01-15 01:00:00+00:00,187.371,188.347,186.998,188.283,8304.1
2025-01-15 01:30:00+00:00,188.283,188.871,187.608,188.074,17583.2
2025-01-15 02:00:00+00:00,188.074,188.506,187.207,187.576,14175.7
2025-01-15 02:30:00+00:00,187.576,187.959,186.915,187.224,14256.5
2025-01-15 03:00:00+00:00,187.224,188.5,187.2,187.947,7023.9
2025-01-15 03:30:00+00:00,187.947,189.677,187.897,189.639,15241.6
2025-01-15 04:00:00+00:00,189.639,189.963,188.6,188.971,15673.7
2025-01-15 04:30:00+00:00,188.971,189.858,188.95,189.626,6441.4
2025-01-15 05:00:00+00:00,189.626,189.699,188.228,189.15,10392.7
2025-01-15 05:30:00+00:00,189.15,189.588,188.68,189.551,8686.8
2025-01-15 06:00:00+00:00,189.551,189.628,188.315,188.406,11943.2
2025-01-15 06:30:00+00:00,188.406,189.3,188.406,189.282,10456.4
2025-01-15 07:00:00+00:00,189.282,190.66,189.238,190.596,28405.9
2025-01-15 07:30:00+00:00,190.596,190.66,189.619,189.9,19686.0
2025-01-15 08:00:00+00:00,189.9,190.601,189.731,190.516,14777.5
2025-01-15 08:30:00+00:00,190.516,190.542,189.052,189.112,19791.0
2025-01-15 09:00:00+00:00,189.112,189.43,188.221,188.278,39194.4
2025-01-15 09:30:00+00:00,188.278,188.67,186.31,186.568,60065.5
2025-01-15 10:00:00+00:00,186.568,187.77,186.439,187.739,23642.6
2025-01-15 10:30:00+00:00,187.739,187.86,187.1,187.429,13986.2
2025-01-15 11:00:00+00:00,187.429,187.542,185.852,186.182,31864.8
2025-01-15 11:30:00+00:00,186.182,187.03,185.75,186.926,16506.6
2025-01-15 12:00:00+00:00,186.926,186.985,185.901,186.042,13757.4
2025-01-15 12:30:00+00:00,186.042,187.2,185.913,186.313,20526.8
2025-01-15 13:00:00+00:00,186.313,187.91,186.251,187.401,23902.7
2025-01-15 13:30:00+00:00,187.401,195.652,187.401,195.6,265132.8
2025-01-15 14:00:00+00:00,195.6,197.123,193.269,193.482,112070.0
2025-01-15 14:30:00+00:00,193.482,196.064,192.9,195.609,75983.0
2025-01-15 15:00:00+00:00,195.609,197.193,195.562,196.711,72949.0
