timestamp,open,high,low,close,volume
2023-01-23 16:00:00+00:00,0.42152,0.423,0.41853,0.41871,1188905.0
2023-01-23 16:30:00+00:00,0.41871,0.42449,0.41866,0.42303,1594537.0
2023-01-23 17:00:00+00:00,0.42303,0.42312,0.41994,0.42223,1183404.0
2023-01-23 17:30:00+00:00,0.42223,0.42304,0.41983,0.42304,913876.0
2023-01-23 18:00:00+00:00,0.42304,0.42498,0.42193,0.42498,1366036.0
2023-01-23 18:30:00+00:00,0.42498,0.42602,0.42282,0.424,2040102.0
2023-01-23 19:00:00+00:00,0.424,0.42812,0.42078,0.42512,3200248.0
2023-01-23 19:30:00+00:00,0.42512,0.43083,0.42225,0.42667,3783869.0
2023-01-23 20:00:00+00:00,0.42667,0.4333,0.42635,0.431,4145733.0
2023-01-23 20:30:00+00:00,0.431,0.43181,0.42735,0.42923,4119738.0
2023-01-23 21:00:00+00:00,0.42923,0.43069,0.42732,0.42963,1611314.0
2023-01-23 21:30:00+00:00,0.42963,0.43038,0.42775,0.42802,867048.0
2023-01-23 22:00:00+00:00,0.42802,0.42855,0.4258,0.42621,1076068.0
2023-01-23 22:30:00+00:00,0.42621,0.42733,0.42424,0.42622,1270889.0
2023-01-23 23:00:00+00:00,0.42622,0.4275,0.42483,0.42492,1566391.0
2023-01-23 23:30:00+00:00,0.42492,0.42621,0.4224,0.42381,2647472.0
2023-01-24 00:00:00+00:00,0.42381,0.42517,0.42106,0.42431,1953903.0
2023-01-24 00:30:00+00:00,0.42431,0.42568,0.42188,0.42465,1568984.0
2023-01-24 01:00:00+00:00,0.42465,0.42479,0.42071,0.42077,2271930.0
2023-01-24 01:30:00+00:00,0.42077,0.42225,0.42,0.42195,1225455.0
2023-01-24 02:00:00+00:00,0.42195,0.4247,0.4215,0.42465,2550277.0
2023-01-24 02:30:00+00:00,0.42465,0.42484,0.42238,0.4231,2727337.0
2023-01-24 03:00:00+00:00,0.4231,0.42526,0.42293,0.42352,1989550.0
2023-01-24 03:30:00+00:00,0.42352,0.42565,0.4226,0.4248,1993460.0
2023-01-24 04:00:00+00:00,0.4248,0.42494,0.42053,0.42174,1869951.0
2023-01-24 04:30:00+00:00,0.42174,0.4225,0.42093,0.42208,1513889.0
2023-01-24 05:00:00+00:00,0.42208,0.42212,0.41844,0.42089,2204765.0
2023-01-24 05:30:00+00:00,0.42089,0.42264,0.42075,0.4221,1106579.0
2023-01-24 06:00:00+00:00,0.4221,0.42261,0.42012,0.42141,958988.0
2023-01-24 06:30:00+00:00,0.42141,0.42255,0.42129,0.42235,963119.0
2023-01-24 07:00:00+00:00,0.42235,0.42301,0.42111,0.42288,736931.0
2023-01-24 07:30:00+00:00,0.42288,0.42438,0.42263,0.42339,1947510.0
2023-01-24 08:00:00+00:00,0.42339,0.4246,0.42268,0.42432,679779.0
2023-01-24 08:30:00+00:00,0.42432,0.43047,0.42407,0.4277,4583540.0
2023-01-24 09:00:00+00:00,0.4277,0.42984,0.425,0.42532,5154357.0
2023-01-24 09:30:00+00:00,0.42532,0.4258,0.4221,0.42427,3472132.0
2023-01-24 10:00:00+00:00,0.42427,0.42575,0.42256,0.42372,1233615.0
2023-01-24 10:30:00+00:00,0.42372,0.42467,0.42274,0.42302,1067764.0
2023-01-24 11:00:00+00:00,0.42302,0.4233,0.42004,0.42229,1923661.0
2023-01-24 11:30:00+00:00,0.42229,0.42385,0.42059,0.42189,1358735.0
2023-01-24 12:00:00+00:00,0.42189,0.42316,0.42088,0.42298,1193084.0
2023-01-24 12:30:00+00:00,0.42298,0.42365,0.42211,0.42362,1350224.0
2023-01-24 13:00:00+00:00,0.42362,0.42467,0.42229,0.42395,1154068.0
2023-01-24 13:30:00+00:00,0.42395,0.42434,0.41605,0.42029,3246123.0
2023-01-24 14:00:00+00:00,0.42029,0.42197,0.41866,0.41945,1448500.0
2023-01-24 14:30:00+00:00,0.41945,0.42304,0.417,0.42171,2156511.0
2023-01-24 15:00:00+00:00,0.42171,0.42219,0.41982,0.42168,1091600.0
2023-01-24 15:30:00+00:00,0.42168,0.4219,0.41992,0.42133,434718.0
2023-01-24 16:00:00+00:00,0.42133,0.4222,0.42066,0.42177,416732.0
2023-01-24 16:30:00+00:00,0.42177,0.4219,0.4188,0.41988,2478038.0
2023-01-24 17:00:00+00:00,0.41988,0.42,0.415,0.41933,3034664.0
2023-01-24 17:30:00+00:00,0.41933,0.4202,0.4189,0.42019,651605.0
2023-01-24 18:00:00+00:00,0.42019,0.42189,0.41944,0.4216,562595.0
2023-01-24 18:30:00+00:00,0.4216,0.42343,0.42149,0.42166,987271.0
2023-01-24 19:00:00+00:00,0.42166,0.42277,0.42068,0.42277,693540.0
2023-01-24 19:30:00+00:00,0.42277,0.42357,0.42198,0.42351,542643.0
2023-01-24 20:00:00+00:00,0.42351,0.42414,0.41871,0.42175,1331929.0
2023-01-24 20:30:00+00:00,0.42175,0.42189,0.4186,0.42096,418693.0
2023-01-24 21:00:00+00:00,0.42096,0.42208,0.41997,0.42005,346913.0
2023-01-24 21:30:00+00:00,0.42005,0.42145,0.41354,0.4164,2224521.0
2023-01-24 22:00:00+00:00,0.4164,0.41723,0.40217,0.40566,7616705.0
2023-01-24 22:30:00+00:00,0.40566,0.41181,0.40404,0.40789,3987401.0
2023-01-24 23:00:00+00:00,0.40789,0.40946,0.40286,0.40847,3380521.0
2023-01-24 23:30:00+00:00,0.40847,0.40869,0.40401,0.40811,2244517.0
2023-01-25 00:00:00+00:00,0.40811,0.40811,0.40116,0.40177,4064112.0
2023-01-25 00:30:00+00:00,0.40177,0.40583,0.40051,0.4052,2574218.0
2023-01-25 01:00:00+00:00,0.4052,0.40532,0.39639,0.39757,3848265.0
2023-01-25 01:30:00+00:00,0.39757,0.402,0.39741,0.4011,2201053.0
2023-01-25 02:00:00+00:00,0.4011,0.4053,0.40079,0.40525,1552983.0
2023-01-25 02:30:00+00:00,0.40525,0.40583,0.40285,0.40334,1345286.0
2023-01-25 03:00:00+00:00,0.40334,0.40509,0.4025,0.40506,867481.0
2023-01-25 03:30:00+00:00,0.40506,0.40541,0.40342,0.40436,795613.0
2023-01-25 04:00:00+00:00,0.40436,0.40626,0.40422,0.40599,694348.0
2023-01-25 04:30:00+00:00,0.40599,0.40655,0.40542,0.40604,884703.0
2023-01-25 05:00:00+00:00,0.40604,0.40681,0.40521,0.40574,1758921.0
2023-01-25 05:30:00+00:00,0.40574,0.4059,0.40403,0.40545,1109036.0
2023-01-25 06:00:00+00:00,0.40545,0.40675,0.40435,0.40651,931520.0
2023-01-25 06:30:00+00:00,0.40651,0.40836,0.40626,0.40746,1982555.0
2023-01-25 07:00:00+00:00,0.40746,0.40943,0.40719,0.40905,1399115.0
2023-01-25 07:30:00+00:00,0.40905,0.40941,0.40781,0.40902,906875.0
2023-01-25 08:00:00+00:00,0.40902,0.41,0.40748,0.40805,1709817.0
2023-01-25 08:30:00+00:00,0.40805,0.40991,0.408,0.40913,883921.0
2023-01-25 09:00:00+00:00,0.40913,0.40929,0.40538,0.40685,1957236.0
2023-01-25 09:30:00+00:00,0.40685,0.40799,0.40469,0.40479,1036438.0
2023-01-25 10:00:00+00:00,0.40479,0.40565,0.40309,0.40535,2094064.0
2023-01-25 10:30:00+00:00,0.40535,0.40642,0.40448,0.40638,912301.0
2023-01-25 11:00:00+00:00,0.40638,0.40689,0.40565,0.40611,718001.0
2023-01-25 11:30:00+00:00,0.40611,0.40679,0.40428,0.4054,667692.0
2023-01-25 12:00:00+00:00,0.4054,0.40924,0.40509,0.40785,2374939.0
2023-01-25 12:30:00+00:00,0.40785,0.409,0.40694,0.40745,1382578.0
2023-01-25 13:00:00+00:00,0.40745,0.40845,0.40709,0.40834,1026820.0
2023-01-25 13:30:00+00:00,0.40834,0.409,0.4051,0.4056,2849450.0
2023-01-25 14:00:00+00:00,0.4056,0.40662,0.4044,0.40453,1632716.0
2023-01-25 14:30:00+00:00,0.40453,0.40629,0.40159,0.40334,4043143.0
2023-01-25 15:00:00+00:00,0.40334,0.40521,0.40177,0.40481,1600788.0
2023-01-25 15:30:00+00:00,0.40481,0.40593,0.40337,0.40544,1148628.0
2023-01-25 16:00:00+00:00,0.40544,0.40699,0.4044,0.40625,1167286.0
2023-01-25 16:30:00+00:00,0.40625,0.40689,0.40505,0.40673,372423.0
2023-01-25 17:00:00+00:00,0.40673,0.40723,0.40477,0.40488,514054.0
2023-01-25 17:30:00+00:00,0.40488,0.40563,0.4039,0.40505,446661.0
2023-01-25 18:00:00+00:00,0.40505,0.40625,0.40453,0.40573,373708.0
2023-01-25 18:30:00+00:00,0.40573,0.40784,0.4045,0.40783,727969.0
2023-01-25 19:00:00+00:00,0.40783,0.41048,0.40709,0.41006,1686756.0
2023-01-25 19:30:00+00:00,0.41006,0.41143,0.40942,0.41108,755830.0
2023-01-25 20:00:00+00:00,0.41108,0.41413,0.41108,0.41389,1902543.0
2023-01-25 20:30:00+00:00,0.41389,0.4145,0.41288,0.41402,667932.0
2023-01-25 21:00:00+00:00,0.41402,0.41683,0.41271,0.41647,1649744.0
2023-01-25 21:30:00+00:00,0.41647,0.42135,0.41639,0.42019,2471332.0
2023-01-25 22:00:00+00:00,0.42019,0.42375,0.41771,0.41933,3585623.0
2023-01-25 22:30:00+00:00,0.41933,0.4201,0.41118,0.41337,4641737.0
2023-01-25 23:00:00+00:00,0.41337,0.41675,0.41282,0.4162,1154843.0
2023-01-25 23:30:00+00:00,0.4162,0.41786,0.4162,0.4166,1107156.0
2023-01-26 00:00:00+00:00,0.4166,0.4177,0.41517,0.4153,1144301.0
2023-01-26 00:30:00+00:00,0.4153,0.4172,0.41347,0.41691,1737567.0
2023-01-26 01:00:00+00:00,0.41691,0.41712,0.4138,0.41393,1177578.0
2023-01-26 01:30:00+00:00,0.41393,0.41549,0.4137,0.41449,640550.0
2023-01-26 02:00:00+00:00,0.41449,0.41536,0.41361,0.41455,935361.0
2023-01-26 02:30:00+00:00,0.41455,0.41455,0.41236,0.41305,1159877.0
2023-01-26 03:00:00+00:00,0.41305,0.41428,0.41303,0.41342,575440.0
2023-01-26 03:30:00+00:00,0.41342,0.41365,0.41008,0.41165,2257145.0
2023-01-26 04:00:00+00:00,0.41165,0.41261,0.4103,0.41261,844762.0
2023-01-26 04:30:00+00:00,0.41261,0.41417,0.41182,0.41357,926103.0
2023-01-26 05:00:00+00:00,0.41357,0.41469,0.41311,0.41372,409932.0
2023-01-26 05:30:00+00:00,0.41372,0.4141,0.4126,0.41399,888709.0
2023-01-26 06:00:00+00:00,0.41399,0.4155,0.41084,0.41236,1990005.0
2023-01-26 06:30:00+00:00,0.41236,0.4136,0.41171,0.4126,1238710.0
2023-01-26 07:00:00+00:00,0.4126,0.41268,0.41112,0.41149,483799.0
2023-01-26 07:30:00+00:00,0.41149,0.41166,0.40777,0.40923,2134027.0
2023-01-26 08:00:00+00:00,0.40923,0.4112,0.40908,0.41012,1500713.0
2023-01-26 08:30:00+00:00,0.41012,0.4116,0.40951,0.41105,732832.0
2023-01-26 09:00:00+00:00,0.41105,0.41199,0.41023,0.41095,750975.0
2023-01-26 09:30:00+00:00,0.41095,0.41195,0.40981,0.41147,948729.0
2023-01-26 10:00:00+00:00,0.41147,0.41236,0.40981,0.41169,859726.0
2023-01-26 10:30:00+00:00,0.41169,0.41189,0.40878,0.41109,1631108.0
2023-01-26 11:00:00+00:00,0.41109,0.4112,0.40898,0.41078,725892.0
2023-01-26 11:30:00+00:00,0.41078,0.41189,0.41034,0.41084,894617.0
2023-01-26 12:00:00+00:00,0.41084,0.41266,0.4107,0.41229,737254.0
2023-01-26 12:30:00+00:00,0.41229,0.413,0.41179,0.41242,738624.0
2023-01-26 13:00:00+00:00,0.41242,0.413,0.4111,0.4112,1139998.0
2023-01-26 13:30:00+00:00,0.4112,0.41363,0.40623,0.41362,3574072.0
2023-01-26 14:00:00+00:00,0.41362,0.4145,0.41235,0.41421,2057197.0
2023-01-26 14:30:00+00:00,0.41421,0.41496,0.40934,0.41123,2160134.0
2023-01-26 15:00:00+00:00,0.41123,0.41313,0.41036,0.41227,1547666.0
2023-01-26 15:30:00+00:00,0.41227,0.41281,0.40693,0.40921,1956214.0
2023-01-26 16:00:00+00:00,0.40921,0.4107,0.40515,0.40901,2683731.0
2023-01-26 16:30:00+00:00,0.40901,0.4098,0.40806,0.40929,502929.0
2023-01-26 17:00:00+00:00,0.40929,0.41015,0.40812,0.40867,411626.0
2023-01-26 17:30:00+00:00,0.40867,0.40917,0.40726,0.40761,579964.0
2023-01-26 18:00:00+00:00,0.40761,0.41015,0.4075,0.41014,637383.0
2023-01-26 18:30:00+00:00,0.41014,0.41065,0.40917,0.41026,526669.0
2023-01-26 19:00:00+00:00,0.41026,0.41097,0.40882,0.41082,720797.0
2023-01-26 19:30:00+00:00,0.41082,0.41228,0.41033,0.41225,730864.0
2023-01-26 20:00:00+00:00,0.41225,0.41339,0.41136,0.41281,1008582.0
2023-01-26 20:30:00+00:00,0.41281,0.41345,0.4114,0.4127,877428.0
2023-01-26 21:00:00+00:00,0.4127,0.41272,0.40875,0.41023,1573665.0
2023-01-26 21:30:00+00:00,0.41023,0.41167,0.40965,0.41164,219195.0
2023-01-26 22:00:00+00:00,0.41164,0.412,0.41046,0.41081,601649.0
2023-01-26 22:30:00+00:00,0.41081,0.41141,0.40898,0.40909,458720.0
2023-01-26 23:00:00+00:00,0.40909,0.41038,0.40821,0.40952,927829.0
2023-01-26 23:30:00+00:00,0.40952,0.41057,0.40927,0.40927,394988.0
2023-01-27 00:00:00+00:00,0.40927,0.41047,0.40666,0.40755,1360835.0
2023-01-27 00:30:00+00:00,0.40755,0.40857,0.40555,0.40699,1821498.0
2023-01-27 01:00:00+00:00,0.40699,0.40717,0.40322,0.40468,1660223.0
2023-01-27 01:30:00+00:00,0.40468,0.40539,0.39849,0.40033,6738536.0
2023-01-27 02:00:00+00:00,0.40033,0.40308,0.39971,0.40279,650695.0
2023-01-27 02:30:00+00:00,0.40279,0.40478,0.40265,0.40457,1560891.0
2023-01-27 03:00:00+00:00,0.40457,0.40628,0.40457,0.40592,2528096.0
2023-01-27 03:30:00+00:00,0.40592,0.4065,0.40519,0.40524,1902337.0
2023-01-27 04:00:00+00:00,0.40524,0.40659,0.40465,0.40588,1088107.0
2023-01-27 04:30:00+00:00,0.40588,0.40599,0.40309,0.40349,1121730.0
2023-01-27 05:00:00+00:00,0.40349,0.4047,0.40333,0.40443,642544.0
2023-01-27 05:30:00+00:00,0.40443,0.40642,0.40328,0.40568,2987755.0
2023-01-27 06:00:00+00:00,0.40568,0.4062,0.40453,0.40603,541993.0
2023-01-27 06:30:00+00:00,0.40603,0.40636,0.40536,0.406,567516.0
2023-01-27 07:00:00+00:00,0.406,0.40611,0.40489,0.40561,864194.0
2023-01-27 07:30:00+00:00,0.40561,0.40758,0.40523,0.40755,934842.0
2023-01-27 08:00:00+00:00,0.40755,0.40775,0.40581,0.40742,666930.0
2023-01-27 08:30:00+00:00,0.40742,0.40793,0.4059,0.40612,627341.0
2023-01-27 09:00:00+00:00,0.40612,0.40739,0.40592,0.40675,330692.0
2023-01-27 09:30:00+00:00,0.40675,0.40888,0.40668,0.40855,797699.0
2023-01-27 10:00:00+00:00,0.40855,0.40883,0.40734,0.40829,351931.0
2023-01-27 10:30:00+00:00,0.40829,0.40893,0.40608,0.40689,1098693.0
2023-01-27 11:00:00+00:00,0.40689,0.40747,0.4058,0.40739,674914.0
2023-01-27 11:30:00+00:00,0.40739,0.40784,0.40634,0.40669,264886.0
2023-01-27 12:00:00+00:00,0.40669,0.40784,0.40633,0.40669,241699.0
2023-01-27 12:30:00+00:00,0.40669,0.4072,0.4051,0.40601,1362085.0
2023-01-27 13:00:00+00:00,0.40601,0.4069,0.40382,0.40515,1356182.0
2023-01-27 13:30:00+00:00,0.40515,0.4076,0.40439,0.40609,1920522.0
2023-01-27 14:00:00+00:00,0.40609,0.40736,0.40452,0.40536,786335.0
2023-01-27 14:30:00+00:00,0.40536,0.4076,0.40495,0.40616,1238424.0
2023-01-27 15:00:00+00:00,0.40616,0.4085,0.40606,0.4082,716372.0
2023-01-27 15:30:00+00:00,0.4082,0.40904,0.4061,0.40659,839843.0
2023-01-27 16:00:00+00:00,0.40659,0.40887,0.40624,0.40849,663239.0
2023-01-27 16:30:00+00:00,0.40849,0.40877,0.40804,0.40835,424405.0
2023-01-27 17:00:00+00:00,0.40835,0.41,0.40762,0.40969,683875.0
2023-01-27 17:30:00+00:00,0.40969,0.41087,0.40927,0.41013,788563.0
2023-01-27 18:00:00+00:00,0.41013,0.41057,0.40868,0.41007,323807.0
2023-01-27 18:30:00+00:00,0.41007,0.4116,0.4098,0.41156,425569.0
2023-01-27 19:00:00+00:00,0.41156,0.412,0.41089,0.41196,416179.0
2023-01-27 19:30:00+00:00,0.41196,0.4125,0.41151,0.41194,778255.0
2023-02-13 11:30:00+00:00,0.36651,0.36689,0.365,0.36519,534188.0
2023-02-13 12:00:00+00:00,0.36519,0.3668,0.36446,0.3654,2186786.0
2023-02-13 12:30:00+00:00,0.3654,0.3664,0.36472,0.36553,629336.0
2023-02-13 13:00:00+00:00,0.36553,0.36733,0.36553,0.36669,1305771.0
2023-02-13 13:30:00+00:00,0.36669,0.36768,0.36613,0.36739,1796487.0
2023-02-13 14:00:00+00:00,0.36739,0.3688,0.36728,0.36779,1208517.0
2023-02-13 14:30:00+00:00,0.36779,0.37021,0.36747,0.37018,1603840.0
2023-02-13 15:00:00+00:00,0.37018,0.37035,0.36873,0.36918,658426.0
2023-02-13 15:30:00+00:00,0.36918,0.36938,0.36645,0.3666,1084725.0
2023-02-13 16:00:00+00:00,0.3666,0.36936,0.36559,0.36594,822856.0
2023-02-13 16:30:00+00:00,0.36594,0.36697,0.36366,0.36587,1558398.0
2023-02-13 17:00:00+00:00,0.36587,0.36658,0.3632,0.36362,2035343.0
2023-02-13 17:30:00+00:00,0.36362,0.36511,0.36331,0.36406,1060088.0
2023-02-13 18:00:00+00:00,0.36406,0.36727,0.36382,0.36715,705976.0
2023-02-13 18:30:00+00:00,0.36715,0.37,0.36712,0.3696,836390.0
2023-02-13 19:00:00+00:00,0.3696,0.37032,0.36925,0.37012,1137964.0
2023-02-13 19:30:00+00:00,0.37012,0.37091,0.36936,0.3709,1238080.0
2023-02-13 20:00:00+00:00,0.3709,0.37188,0.37,0.37183,618089.0
2023-02-13 20:30:00+00:00,0.37183,0.37277,0.37094,0.37162,1066416.0
2023-02-13 21:00:00+00:00,0.37162,0.3721,0.37114,0.372,752401.0
2023-02-13 21:30:00+00:00,0.372,0.37229,0.37137,0.37144,150618.0
2023-02-13 22:00:00+00:00,0.37144,0.37156,0.36885,0.36889,498821.0
2023-02-13 22:30:00+00:00,0.36889,0.371,0.36882,0.3707,453365.0
2023-02-13 23:00:00+00:00,0.3707,0.37272,0.37018,0.3725,1189563.0
2023-02-13 23:30:00+00:00,0.3725,0.37294,0.37032,0.37042,543911.0
2023-02-14 00:00:00+00:00,0.37042,0.37078,0.36761,0.36771,1598555.0
2023-02-14 00:30:00+00:00,0.36771,0.36778,0.36585,0.36637,1881010.0
2023-02-14 01:00:00+00:00,0.36637,0.3672,0.36546,0.36615,1756157.0
2023-02-14 01:30:00+00:00,0.36615,0.36625,0.36424,0.36498,2557463.0
2023-02-14 02:00:00+00:00,0.36498,0.36695,0.36475,0.36613,1270632.0
2023-02-14 02:30:00+00:00,0.36613,0.3666,0.36531,0.36602,1030373.0
2023-02-14 03:00:00+00:00,0.36602,0.36698,0.36587,0.36626,776787.0
2023-02-14 03:30:00+00:00,0.36626,0.36755,0.3662,0.36749,989684.0
2023-02-14 04:00:00+00:00,0.36749,0.3675,0.3667,0.36673,992499.0
2023-02-14 04:30:00+00:00,0.36673,0.36696,0.36622,0.36633,489565.0
2023-02-14 05:00:00+00:00,0.36633,0.36828,0.36619,0.36821,986499.0
2023-02-14 05:30:00+00:00,0.36821,0.36905,0.36756,0.36901,1475629.0
2023-02-14 06:00:00+00:00,0.36901,0.37022,0.36873,0.36984,1152101.0
2023-02-14 06:30:00+00:00,0.36984,0.37029,0.36776,0.36823,1746988.0
2023-02-14 07:00:00+00:00,0.36823,0.36989,0.3681,0.36979,1219245.0
2023-02-14 07:30:00+00:00,0.36979,0.37047,0.36937,0.37002,666384.0
2023-02-14 08:00:00+00:00,0.37002,0.37059,0.3684,0.36862,2555930.0
2023-02-14 08:30:00+00:00,0.36862,0.36866,0.36724,0.36732,1835462.0
2023-02-14 09:00:00+00:00,0.36732,0.36879,0.36633,0.36656,3104364.0
2023-02-14 09:30:00+00:00,0.36656,0.3702,0.3664,0.36889,1683497.0
2023-02-14 10:00:00+00:00,0.36889,0.37,0.36811,0.36979,1469595.0
2023-02-14 10:30:00+00:00,0.36979,0.3704,0.36917,0.36943,1336560.0
2023-02-14 11:00:00+00:00,0.36943,0.36958,0.36847,0.3692,837972.0
2023-02-14 11:30:00+00:00,0.3692,0.36936,0.36799,0.36924,1420571.0
2023-02-14 12:00:00+00:00,0.36924,0.37,0.3691,0.3697,626664.0
2023-02-14 12:30:00+00:00,0.3697,0.37,0.36868,0.36942,699269.0
2023-02-14 13:00:00+00:00,0.36942,0.37226,0.3692,0.37085,2426914.0
2023-02-14 13:30:00+00:00,0.37085,0.3721,0.36479,0.37086,7686942.0
2023-02-14 14:00:00+00:00,0.37086,0.3713,0.36746,0.36752,2488732.0
2023-02-14 14:30:00+00:00,0.36752,0.37623,0.36701,0.37556,4392485.0
2023-02-14 15:00:00+00:00,0.37556,0.37755,0.37491,0.37542,3363538.0
2023-02-14 15:30:00+00:00,0.37542,0.37613,0.37231,0.37532,2329101.0
2023-02-14 16:00:00+00:00,0.37532,0.3761,0.37345,0.37345,1167282.0
2023-02-14 16:30:00+00:00,0.37345,0.37439,0.37309,0.37417,400299.0
2023-02-14 17:00:00+00:00,0.37417,0.3765,0.37396,0.37643,1418748.0
2023-02-14 17:30:00+00:00,0.37643,0.37678,0.37516,0.37579,719011.0
2023-02-14 18:00:00+00:00,0.37579,0.3769,0.37563,0.37635,541517.0
2023-02-14 18:30:00+00:00,0.37635,0.37819,0.37599,0.37793,791337.0
2023-02-14 19:00:00+00:00,0.37793,0.37879,0.37714,0.37868,1369932.0
2023-02-14 19:30:00+00:00,0.37868,0.3801,0.37868,0.37917,747912.0
2023-02-14 20:00:00+00:00,0.37917,0.37921,0.3775,0.37838,521314.0
2023-02-14 20:30:00+00:00,0.37838,0.37876,0.37791,0.37834,277819.0
2023-02-14 21:00:00+00:00,0.37834,0.37859,0.37683,0.37832,2021314.0
2023-02-14 21:30:00+00:00,0.37832,0.37871,0.37777,0.37826,244336.0
2023-02-14 22:00:00+00:00,0.37826,0.37944,0.37813,0.379,465008.0
2023-02-14 22:30:00+00:00,0.379,0.37915,0.37813,0.37876,322808.0
2023-02-14 23:00:00+00:00,0.37876,0.3842,0.37856,0.3827,5800527.0
2023-02-14 23:30:00+00:00,0.3827,0.38315,0.38147,0.38169,639347.0
2023-02-15 00:00:00+00:00,0.38169,0.38169,0.37881,0.37904,1116560.0
2023-02-15 00:30:00+00:00,0.37904,0.37975,0.37803,0.37913,1115957.0
2023-02-15 01:00:00+00:00,0.37913,0.3792,0.37819,0.37821,470947.0
2023-02-15 01:30:00+00:00,0.37821,0.3783,0.37688,0.37691,1784934.0
2023-02-15 02:00:00+00:00,0.37691,0.37756,0.3764,0.37727,1359175.0
2023-02-15 02:30:00+00:00,0.37727,0.3781,0.37708,0.37767,600329.0
2023-02-15 03:00:00+00:00,0.37767,0.38066,0.37766,0.38021,1296831.0
2023-02-15 03:30:00+00:00,0.38021,0.3805,0.37903,0.38006,565409.0
2023-02-15 04:00:00+00:00,0.38006,0.38136,0.37949,0.3813,1115416.0
2023-02-15 04:30:00+00:00,0.3813,0.38237,0.38025,0.38054,2022589.0
2023-02-15 05:00:00+00:00,0.38054,0.38187,0.3799,0.37996,1478839.0
2023-02-15 05:30:00+00:00,0.37996,0.38116,0.3799,0.38039,978665.0
2023-02-15 06:00:00+00:00,0.38039,0.38056,0.37954,0.38041,608762.0
2023-02-15 06:30:00+00:00,0.38041,0.3818,0.38041,0.38142,689120.0
2023-02-15 07:00:00+00:00,0.38142,0.38246,0.38138,0.38232,840648.0
2023-02-15 07:30:00+00:00,0.38232,0.38273,0.38118,0.38205,788883.0
2023-02-15 08:00:00+00:00,0.38205,0.3828,0.38134,0.38274,504102.0
2023-02-15 08:30:00+00:00,0.38274,0.38321,0.3808,0.38085,1317209.0
2023-02-15 09:00:00+00:00,0.38085,0.38227,0.38079,0.38183,596901.0
2023-02-15 09:30:00+00:00,0.38183,0.38249,0.38101,0.38233,618760.0
2023-02-15 10:00:00+00:00,0.38233,0.38411,0.38222,0.38411,938822.0
2023-02-15 10:30:00+00:00,0.38411,0.385,0.38344,0.38475,1062981.0
2023-02-15 11:00:00+00:00,0.38475,0.38488,0.38344,0.38347,1478745.0
2023-02-15 11:30:00+00:00,0.38347,0.3862,0.38333,0.38571,1418397.0
2023-02-15 12:00:00+00:00,0.38571,0.3889,0.38559,0.38852,2649889.0
2023-02-15 12:30:00+00:00,0.38852,0.38871,0.3867,0.38729,2506549.0
2023-02-15 13:00:00+00:00,0.38729,0.38807,0.38688,0.3876,563736.0
2023-02-15 13:30:00+00:00,0.3876,0.38772,0.38581,0.38639,1023744.0
2023-02-15 14:00:00+00:00,0.38639,0.38737,0.3854,0.38586,1409147.0
2023-02-15 14:30:00+00:00,0.38586,0.38744,0.38562,0.38634,1536531.0
2023-02-15 15:00:00+00:00,0.38634,0.38747,0.38604,0.38697,724467.0
2023-02-15 15:30:00+00:00,0.38697,0.38716,0.3855,0.38664,840152.0
2023-02-15 16:00:00+00:00,0.38664,0.38748,0.3853,0.3861,1196127.0
2023-02-15 16:30:00+00:00,0.3861,0.3862,0.38491,0.38505,428362.0
2023-02-15 17:00:00+00:00,0.38505,0.38563,0.3847,0.38552,434960.0
2023-02-15 17:30:00+00:00,0.38552,0.38604,0.38518,0.38586,278268.0
2023-02-15 18:00:00+00:00,0.38586,0.38628,0.38529,0.38614,175870.0
2023-02-15 18:30:00+00:00,0.38614,0.38864,0.38611,0.38834,430330.0
2023-02-15 19:00:00+00:00,0.38834,0.39195,0.3878,0.39193,1275043.0
2023-02-15 19:30:00+00:00,0.39193,0.39436,0.39166,0.39378,1255990.0
2023-02-15 20:00:00+00:00,0.39378,0.39774,0.39315,0.39723,2473471.0
2023-02-15 20:30:00+00:00,0.39723,0.40249,0.39723,0.40087,5498802.0
2023-02-15 21:00:00+00:00,0.40087,0.40138,0.39824,0.39947,1570413.0
2023-02-15 21:30:00+00:00,0.39947,0.40085,0.39773,0.39931,1575428.0
2023-02-15 22:00:00+00:00,0.39931,0.40046,0.3984,0.39935,1593851.0
2023-02-15 22:30:00+00:00,0.39935,0.40103,0.39923,0.39975,1923383.0
2023-02-15 23:00:00+00:00,0.39975,0.402,0.39949,0.40193,879263.0
2023-02-15 23:30:00+00:00,0.40193,0.40236,0.40036,0.40094,1507224.0
2023-02-16 00:00:00+00:00,0.40094,0.40481,0.39976,0.40219,2141839.0
2023-02-16 00:30:00+00:00,0.40219,0.40234,0.39624,0.399,3610714.0
2023-02-16 01:00:00+00:00,0.399,0.401,0.399,0.3996,835294.0
2023-02-16 01:30:00+00:00,0.3996,0.4001,0.39819,0.40004,2192401.0
2023-02-16 02:00:00+00:00,0.40004,0.40166,0.39995,0.40106,999947.0
2023-02-16 02:30:00+00:00,0.40106,0.40139,0.3994,0.40124,2686436.0
2023-02-16 03:00:00+00:00,0.40124,0.4019,0.40077,0.40157,775442.0
2023-02-16 03:30:00+00:00,0.40157,0.40178,0.40073,0.4009,1199126.0
2023-02-16 04:00:00+00:00,0.4009,0.40118,0.39959,0.40088,1554370.0
2023-02-16 04:30:00+00:00,0.40088,0.4014,0.40026,0.40086,860212.0
2023-02-16 05:00:00+00:00,0.40086,0.403,0.40083,0.40274,1327298.0
2023-02-16 05:30:00+00:00,0.40274,0.40287,0.40014,0.40024,929921.0
2023-02-16 06:00:00+00:00,0.40024,0.40111,0.40009,0.40044,471261.0
2023-02-16 06:30:00+00:00,0.40044,0.402,0.4,0.40013,529912.0
2023-02-16 07:00:00+00:00,0.40013,0.40088,0.39814,0.39928,2484898.0
2023-02-16 07:30:00+00:00,0.39928,0.3999,0.39817,0.3999,783437.0
2023-02-16 08:00:00+00:00,0.3999,0.40031,0.39923,0.40017,569841.0
2023-02-16 08:30:00+00:00,0.40017,0.40081,0.39951,0.3996,701321.0
2023-02-16 09:00:00+00:00,0.3996,0.40064,0.39826,0.39982,2609695.0
2023-02-16 09:30:00+00:00,0.39982,0.40071,0.39889,0.40071,465007.0
2023-02-16 10:00:00+00:00,0.40071,0.4016,0.39995,0.40057,1071779.0
2023-02-16 10:30:00+00:00,0.40057,0.40079,0.3996,0.39997,541520.0
2023-02-16 11:00:00+00:00,0.39997,0.40001,0.3985,0.39941,1369681.0
2023-02-16 11:30:00+00:00,0.39941,0.39945,0.39642,0.39766,3335969.0
2023-02-16 12:00:00+00:00,0.39766,0.39825,0.39635,0.39755,1051256.0
2023-02-16 12:30:00+00:00,0.39755,0.39941,0.39753,0.39937,812399.0
2023-02-16 13:00:00+00:00,0.39937,0.39959,0.39782,0.39885,1426658.0
2023-02-16 13:30:00+00:00,0.39885,0.39987,0.3945,0.39597,3583817.0
2023-02-16 14:00:00+00:00,0.39597,0.39685,0.39388,0.39519,3236733.0
2023-02-16 14:30:00+00:00,0.39519,0.39736,0.39385,0.39662,2090556.0
2023-02-16 15:00:00+00:00,0.39662,0.39907,0.39625,0.39816,1167829.0
2023-02-16 15:30:00+00:00,0.39816,0.40192,0.39786,0.40163,1907366.0
2023-02-16 16:00:00+00:00,0.40163,0.40319,0.39544,0.3992,6489870.0
2023-02-16 16:30:00+00:00,0.3992,0.40075,0.39883,0.39952,1111998.0
2023-02-16 17:00:00+00:00,0.39952,0.39979,0.39737,0.39865,906864.0
2023-02-16 17:30:00+00:00,0.39865,0.39991,0.39827,0.3988,1234917.0
2023-02-16 18:00:00+00:00,0.3988,0.4,0.39831,0.39994,528664.0
2023-02-16 18:30:00+00:00,0.39994,0.40082,0.3998,0.40034,515151.0
2023-02-16 19:00:00+00:00,0.40034,0.40078,0.39846,0.39936,496487.0
2023-02-16 19:30:00+00:00,0.39936,0.40027,0.39908,0.39927,520502.0
2023-02-16 20:00:00+00:00,0.39927,0.39932,0.3925,0.39401,2520735.0
2023-02-16 20:30:00+00:00,0.39401,0.3962,0.39373,0.39482,1432185.0
2023-02-16 21:00:00+00:00,0.39482,0.39501,0.39111,0.3924,1515009.0
2023-02-16 21:30:00+00:00,0.3924,0.39342,0.39044,0.39196,1513563.0
2023-02-16 22:00:00+00:00,0.39196,0.39279,0.38878,0.38968,1696112.0
2023-02-16 22:30:00+00:00,0.38968,0.38968,0.38599,0.38714,2520159.0
2023-02-16 23:00:00+00:00,0.38714,0.38845,0.38576,0.38683,1586828.0
2023-02-16 23:30:00+00:00,0.38683,0.38733,0.38371,0.38394,2153190.0
2023-02-17 00:00:00+00:00,0.38394,0.38587,0.38058,0.38583,3615051.0
2023-02-17 00:30:00+00:00,0.38583,0.38798,0.38582,0.38669,1941012.0
2023-02-17 01:00:00+00:00,0.38669,0.38836,0.38661,0.38831,1086969.0
2023-02-17 01:30:00+00:00,0.38831,0.38843,0.38593,0.38673,1044020.0
2023-02-17 02:00:00+00:00,0.38673,0.38776,0.38643,0.38776,500107.0
2023-02-17 02:30:00+00:00,0.38776,0.38927,0.38766,0.3884,601347.0
2023-02-17 03:00:00+00:00,0.3884,0.38996,0.3884,0.38961,764030.0
2023-02-17 03:30:00+00:00,0.38961,0.3903,0.38954,0.38978,713216.0
2023-02-17 04:00:00+00:00,0.38978,0.3903,0.38885,0.38964,842983.0
2023-02-17 04:30:00+00:00,0.38964,0.39019,0.3888,0.39002,564329.0
2023-02-17 05:00:00+00:00,0.39002,0.39023,0.38713,0.38758,1570417.0
2023-02-17 05:30:00+00:00,0.38758,0.3885,0.38685,0.38712,756899.0
2023-02-17 06:00:00+00:00,0.38712,0.38798,0.38671,0.38764,622839.0
2023-02-17 06:30:00+00:00,0.38764,0.38798,0.38666,0.38786,651027.0
2023-02-17 07:00:00+00:00,0.38786,0.38978,0.38769,0.38936,1238234.0
2023-02-17 07:30:00+00:00,0.38936,0.39,0.38712,0.38756,914811.0
2023-02-17 08:00:00+00:00,0.38756,0.3886,0.38669,0.38687,827706.0
2023-02-17 08:30:00+00:00,0.38687,0.38906,0.38639,0.38897,863397.0
2023-02-17 09:00:00+00:00,0.38897,0.38949,0.38781,0.38922,1531892.0
2023-02-17 09:30:00+00:00,0.38922,0.38947,0.38847,0.38863,1249197.0
2023-02-17 10:00:00+00:00,0.38863,0.38907,0.38753,0.38755,486395.0
2023-02-17 10:30:00+00:00,0.38755,0.38833,0.387,0.3873,2169117.0
2023-02-17 11:00:00+00:00,0.3873,0.38823,0.38729,0.38804,986398.0
2023-02-17 11:30:00+00:00,0.38804,0.38857,0.38749,0.38749,919872.0
2023-02-17 12:00:00+00:00,0.38749,0.38883,0.38696,0.38811,1928803.0
2023-02-17 12:30:00+00:00,0.38811,0.38899,0.38767,0.38869,255776.0
2023-02-17 13:00:00+00:00,0.38869,0.3888,0.38732,0.38785,363612.0
2023-02-17 13:30:00+00:00,0.38785,0.3881,0.38634,0.38711,631404.0
2023-02-17 14:00:00+00:00,0.38711,0.38876,0.38703,0.38835,423419.0
2023-02-17 14:30:00+00:00,0.38835,0.39135,0.38537,0.3878,5390237.0
2023-02-17 15:00:00+00:00,0.3878,0.39023,0.3878,0.38836,1134072.0
2023-03-06 07:00:00+00:00,0.36344,0.36459,0.36317,0.3643,511356.0
2023-03-06 07:30:00+00:00,0.3643,0.3643,0.36258,0.36264,844627.0
2023-03-06 08:00:00+00:00,0.36264,0.36269,0.359,0.36141,5164733.0
2023-03-06 08:30:00+00:00,0.36141,0.36248,0.36108,0.36162,2371888.0
2023-03-06 09:00:00+00:00,0.36162,0.3624,0.36145,0.36164,1812356.0
2023-03-06 09:30:00+00:00,0.36164,0.36279,0.36151,0.36279,2224986.0
2023-03-06 10:00:00+00:00,0.36279,0.36387,0.36223,0.36378,1705003.0
2023-03-06 10:30:00+00:00,0.36378,0.36525,0.36343,0.36516,4057562.0
2023-03-06 11:00:00+00:00,0.36516,0.36523,0.36235,0.36269,3765818.0
2023-03-06 11:30:00+00:00,0.36269,0.36276,0.36101,0.36108,2038827.0
2023-03-06 12:00:00+00:00,0.36108,0.36219,0.36025,0.36192,1635512.0
2023-03-06 12:30:00+00:00,0.36192,0.36338,0.36188,0.36294,1467088.0
2023-03-06 13:00:00+00:00,0.36294,0.36397,0.36294,0.36396,1765524.0
2023-03-06 13:30:00+00:00,0.36396,0.36467,0.36341,0.3645,1586241.0
2023-03-06 14:00:00+00:00,0.3645,0.36564,0.36392,0.36523,1446455.0
2023-03-06 14:30:00+00:00,0.36523,0.36614,0.36399,0.36547,1787919.0
2023-03-06 15:00:00+00:00,0.36547,0.366,0.36502,0.36519,823595.0
2023-03-06 15:30:00+00:00,0.36519,0.3673,0.36519,0.36701,1767196.0
2023-03-06 16:00:00+00:00,0.36701,0.36748,0.36628,0.36658,1472014.0
2023-03-06 16:30:00+00:00,0.36658,0.3682,0.36628,0.36809,1312814.0
2023-03-06 17:00:00+00:00,0.36809,0.3685,0.36754,0.36791,1266026.0
2023-03-06 17:30:00+00:00,0.36791,0.36904,0.3679,0.36875,1771521.0
2023-03-06 18:00:00+00:00,0.36875,0.37027,0.36868,0.37019,2566971.0
2023-03-06 18:30:00+00:00,0.37019,0.3724,0.36985,0.37188,3513365.0
2023-03-06 19:00:00+00:00,0.37188,0.37317,0.37011,0.372,2731873.0
2023-03-06 19:30:00+00:00,0.372,0.37368,0.37052,0.37126,2759577.0
2023-03-06 20:00:00+00:00,0.37126,0.373,0.37065,0.37067,1110635.0
2023-03-06 20:30:00+00:00,0.37067,0.37189,0.37058,0.3707,586321.0
2023-03-06 21:00:00+00:00,0.3707,0.37221,0.37036,0.37212,899220.0
2023-03-06 21:30:00+00:00,0.37212,0.3726,0.37075,0.37076,486569.0
2023-03-06 22:00:00+00:00,0.37076,0.37176,0.37075,0.37091,944802.0
2023-03-06 22:30:00+00:00,0.37091,0.37149,0.37075,0.3709,828843.0
2023-03-06 23:00:00+00:00,0.3709,0.37107,0.36942,0.3697,3162488.0
2023-03-06 23:30:00+00:00,0.3697,0.37063,0.36922,0.36928,776292.0
2023-03-07 00:00:00+00:00,0.36928,0.37025,0.3684,0.36872,1357122.0
2023-03-07 00:30:00+00:00,0.36872,0.3697,0.36783,0.36788,1561506.0
2023-03-07 01:00:00+00:00,0.36788,0.3708,0.36788,0.36992,1421134.0
2023-03-07 01:30:00+00:00,0.36992,0.37003,0.367,0.36714,2342946.0
2023-03-07 02:00:00+00:00,0.36714,0.3691,0.36697,0.36884,1396909.0
2023-03-07 02:30:00+00:00,0.36884,0.36969,0.36736,0.36823,1366477.0
2023-03-07 03:00:00+00:00,0.36823,0.36958,0.36782,0.36803,818752.0
2023-03-07 03:30:00+00:00,0.36803,0.36842,0.3677,0.36801,825323.0
2023-03-07 04:00:00+00:00,0.36801,0.36987,0.368,0.36882,1722473.0
2023-03-07 04:30:00+00:00,0.36882,0.3689,0.368,0.36831,1321937.0
2023-03-07 05:00:00+00:00,0.36831,0.36956,0.36803,0.36949,2286444.0
2023-03-07 05:30:00+00:00,0.36949,0.37053,0.3692,0.37034,1575310.0
2023-03-07 06:00:00+00:00,0.37034,0.3715,0.37006,0.37108,2698966.0
2023-03-07 06:30:00+00:00,0.37108,0.37222,0.37087,0.37206,1378794.0
2023-03-07 07:00:00+00:00,0.37206,0.3724,0.3692,0.3692,4341319.0
2023-03-07 07:30:00+00:00,0.3692,0.37082,0.36876,0.36957,1891819.0
2023-03-07 08:00:00+00:00,0.36957,0.36983,0.3685,0.36853,1112559.0
2023-03-07 08:30:00+00:00,0.36853,0.36954,0.36835,0.36914,884008.0
2023-03-07 09:00:00+00:00,0.36914,0.36944,0.36773,0.3681,1693025.0
2023-03-07 09:30:00+00:00,0.3681,0.36909,0.36767,0.36909,1139196.0
2023-03-07 10:00:00+00:00,0.36909,0.37062,0.3688,0.37058,2000298.0
2023-03-07 10:30:00+00:00,0.37058,0.3711,0.36929,0.36943,1893391.0
2023-03-07 11:00:00+00:00,0.36943,0.3703,0.36851,0.36918,2582720.0
2023-03-07 11:30:00+00:00,0.36918,0.37151,0.36918,0.37047,1694240.0
2023-03-07 12:00:00+00:00,0.37047,0.37475,0.37032,0.37258,7685126.0
2023-03-07 12:30:00+00:00,0.37258,0.3739,0.37199,0.37368,2810251.0
2023-03-07 13:00:00+00:00,0.37368,0.37493,0.37332,0.37408,1553420.0
2023-03-07 13:30:00+00:00,0.37408,0.3748,0.37267,0.37289,3198965.0
2023-03-07 14:00:00+00:00,0.37289,0.37459,0.3718,0.37422,4562085.0
2023-03-07 14:30:00+00:00,0.37422,0.37804,0.37236,0.376,7860551.0
2023-03-07 15:00:00+00:00,0.376,0.3825,0.37111,0.37998,19706793.0
2023-03-07 15:30:00+00:00,0.37998,0.38157,0.3782,0.37836,5401116.0
2023-03-07 16:00:00+00:00,0.37836,0.38026,0.37573,0.37622,3971810.0
2023-03-07 16:30:00+00:00,0.37622,0.37778,0.37554,0.37636,2018133.0
2023-03-07 17:00:00+00:00,0.37636,0.37817,0.37558,0.37774,1727963.0
2023-03-07 17:30:00+00:00,0.37774,0.37816,0.37691,0.37732,1286158.0
2023-03-07 18:00:00+00:00,0.37732,0.3793,0.37652,0.3788,1166471.0
2023-03-07 18:30:00+00:00,0.3788,0.38,0.37787,0.37909,1255553.0
2023-03-07 19:00:00+00:00,0.37909,0.38058,0.37842,0.38051,2052826.0
2023-03-07 19:30:00+00:00,0.38051,0.38174,0.37904,0.38,2184065.0
2023-03-07 20:00:00+00:00,0.38,0.3808,0.3781,0.38014,3266733.0
2023-03-07 20:30:00+00:00,0.38014,0.38244,0.38001,0.38155,1519086.0
2023-03-07 21:00:00+00:00,0.38155,0.38285,0.37897,0.38065,3315901.0
2023-03-07 21:30:00+00:00,0.38065,0.38401,0.38058,0.38232,3022784.0
2023-03-07 22:00:00+00:00,0.38232,0.38321,0.38011,0.3803,3635326.0
2023-03-07 22:30:00+00:00,0.3803,0.3813,0.37979,0.38098,1537074.0
2023-03-07 23:00:00+00:00,0.38098,0.38101,0.37802,0.37928,4820267.0
2023-03-07 23:30:00+00:00,0.37928,0.38101,0.3791,0.37994,1684662.0
2023-03-08 00:00:00+00:00,0.37994,0.38399,0.37987,0.38378,3577012.0
2023-03-08 00:30:00+00:00,0.38378,0.38554,0.38087,0.38118,4441441.0
2023-03-08 01:00:00+00:00,0.38118,0.38145,0.37836,0.37847,3142081.0
2023-03-08 01:30:00+00:00,0.37847,0.38012,0.3766,0.3766,5428228.0
2023-03-08 02:00:00+00:00,0.3766,0.37808,0.37657,0.37705,3028965.0
2023-03-08 02:30:00+00:00,0.37705,0.37797,0.37677,0.37697,2004519.0
2023-03-08 03:00:00+00:00,0.37697,0.37928,0.37673,0.3788,3209544.0
2023-03-08 03:30:00+00:00,0.3788,0.38064,0.37814,0.37858,5537298.0
2023-03-08 04:00:00+00:00,0.37858,0.38066,0.37846,0.38,1941816.0
2023-03-08 04:30:00+00:00,0.38,0.3805,0.37893,0.38034,1482261.0
2023-03-08 05:00:00+00:00,0.38034,0.38042,0.37756,0.37773,2001865.0
2023-03-08 05:30:00+00:00,0.37773,0.37822,0.37236,0.3728,10416905.0
2023-03-08 06:00:00+00:00,0.3728,0.377,0.37249,0.37619,4177892.0
2023-03-08 06:30:00+00:00,0.37619,0.37693,0.37466,0.37597,1424503.0
2023-03-08 07:00:00+00:00,0.37597,0.3762,0.37458,0.37516,1453620.0
2023-03-08 07:30:00+00:00,0.37516,0.37707,0.37503,0.37615,1769391.0
2023-03-08 08:00:00+00:00,0.37615,0.37768,0.37581,0.37762,1406500.0
2023-03-08 08:30:00+00:00,0.37762,0.37912,0.37746,0.37832,2114043.0
2023-03-08 09:00:00+00:00,0.37832,0.38038,0.37832,0.37904,3182438.0
2023-03-08 09:30:00+00:00,0.37904,0.38395,0.37867,0.38315,4733881.0
2023-03-08 10:00:00+00:00,0.38315,0.3855,0.38217,0.38535,6666000.0
2023-03-08 10:30:00+00:00,0.38535,0.38718,0.38359,0.38423,5639664.0
2023-03-08 11:00:00+00:00,0.38423,0.38663,0.38373,0.3865,4920567.0
2023-03-08 11:30:00+00:00,0.3865,0.38935,0.38604,0.3866,8067319.0
2023-03-08 12:00:00+00:00,0.3866,0.3884,0.38595,0.38664,4036045.0
2023-03-08 12:30:00+00:00,0.38664,0.39259,0.38653,0.39137,10889856.0
2023-03-08 13:00:00+00:00,0.39137,0.39895,0.39092,0.39784,30147158.0
2023-03-08 13:30:00+00:00,0.39784,0.4015,0.39327,0.39523,21947958.0
2023-03-08 14:00:00+00:00,0.39523,0.39528,0.39166,0.39239,12067073.0
2023-03-08 14:30:00+00:00,0.39239,0.39361,0.38955,0.39105,8482015.0
2023-03-08 15:00:00+00:00,0.39105,0.398,0.38976,0.39494,12206283.0
2023-03-08 15:30:00+00:00,0.39494,0.39701,0.39327,0.39665,4512849.0
2023-03-08 16:00:00+00:00,0.39665,0.39851,0.39432,0.39483,3480596.0
2023-03-08 16:30:00+00:00,0.39483,0.39625,0.3921,0.39609,4150404.0
2023-03-08 17:00:00+00:00,0.39609,0.39809,0.39471,0.39668,3523677.0
2023-03-08 17:30:00+00:00,0.39668,0.39838,0.394,0.39429,3211845.0
2023-03-08 18:00:00+00:00,0.39429,0.3947,0.39056,0.39111,3926155.0
2023-03-08 18:30:00+00:00,0.39111,0.39328,0.39045,0.3926,2492543.0
2023-03-08 19:00:00+00:00,0.3926,0.39404,0.39184,0.39313,1703286.0
2023-03-08 19:30:00+00:00,0.39313,0.39676,0.3928,0.39546,1892379.0
2023-03-08 20:00:00+00:00,0.39546,0.39723,0.39348,0.39702,2044397.0
2023-03-08 20:30:00+00:00,0.39702,0.39817,0.39548,0.39586,1863562.0
2023-03-08 21:00:00+00:00,0.39586,0.39716,0.39512,0.39713,835016.0
2023-03-08 21:30:00+00:00,0.39713,0.39748,0.3895,0.39223,4669909.0
2023-03-08 22:00:00+00:00,0.39223,0.39241,0.39001,0.39163,2155545.0
2023-03-08 22:30:00+00:00,0.39163,0.39326,0.38368,0.38721,8910296.0
2023-03-08 23:00:00+00:00,0.38721,0.39261,0.38481,0.3925,7975879.0
2023-03-08 23:30:00+00:00,0.3925,0.39261,0.38789,0.38885,3739754.0
2023-03-09 00:00:00+00:00,0.38885,0.3889,0.38556,0.38807,3812930.0
2023-03-09 00:30:00+00:00,0.38807,0.39419,0.38662,0.39353,5324017.0
2023-03-09 01:00:00+00:00,0.39353,0.39376,0.3893,0.38942,3602577.0
2023-03-09 01:30:00+00:00,0.38942,0.39192,0.38811,0.39171,3729974.0
2023-03-09 02:00:00+00:00,0.39171,0.39217,0.38811,0.39078,4255487.0
2023-03-09 02:30:00+00:00,0.39078,0.39105,0.38848,0.39026,1460855.0
2023-03-09 03:00:00+00:00,0.39026,0.39164,0.38898,0.3912,1994953.0
2023-03-09 03:30:00+00:00,0.3912,0.39184,0.38852,0.38869,2636186.0
2023-03-09 04:00:00+00:00,0.38869,0.39033,0.38681,0.38907,4515670.0
2023-03-09 04:30:00+00:00,0.38907,0.3893,0.38614,0.38634,2985144.0
2023-03-09 05:00:00+00:00,0.38634,0.3884,0.38557,0.38733,3804886.0
2023-03-09 05:30:00+00:00,0.38733,0.38823,0.3865,0.38685,2166486.0
2023-03-09 06:00:00+00:00,0.38685,0.3898,0.38685,0.38899,2273475.0
2023-03-09 06:30:00+00:00,0.38899,0.39,0.38765,0.38861,1970317.0
2023-03-09 07:00:00+00:00,0.38861,0.38997,0.38748,0.38921,1830489.0
2023-03-09 07:30:00+00:00,0.38921,0.39073,0.38855,0.39019,4004832.0
2023-03-09 08:00:00+00:00,0.39019,0.3915,0.38894,0.39148,2562897.0
2023-03-09 08:30:00+00:00,0.39148,0.39481,0.39087,0.39211,5498075.0
2023-03-09 09:00:00+00:00,0.39211,0.39329,0.39033,0.39099,3165936.0
2023-03-09 09:30:00+00:00,0.39099,0.39423,0.39099,0.39416,2915301.0
2023-03-09 10:00:00+00:00,0.39416,0.39499,0.39301,0.39427,2662928.0
2023-03-09 10:30:00+00:00,0.39427,0.39584,0.39276,0.39358,3710090.0
2023-03-09 11:00:00+00:00,0.39358,0.39473,0.39237,0.39321,2059710.0
2023-03-09 11:30:00+00:00,0.39321,0.3936,0.3917,0.39272,2584725.0
2023-03-09 12:00:00+00:00,0.39272,0.39335,0.39151,0.3921,2481213.0
2023-03-09 12:30:00+00:00,0.3921,0.39491,0.39186,0.39451,3826298.0
2023-03-09 13:00:00+00:00,0.39451,0.39666,0.39369,0.39387,5077569.0
2023-03-09 13:30:00+00:00,0.39387,0.39533,0.39365,0.39461,3663162.0
2023-03-09 14:00:00+00:00,0.39461,0.39737,0.39453,0.39577,3922227.0
2023-03-09 14:30:00+00:00,0.39577,0.396,0.39247,0.3932,3961937.0
2023-03-09 15:00:00+00:00,0.3932,0.39453,0.39098,0.39341,5072241.0
2023-03-09 15:30:00+00:00,0.39341,0.39428,0.3925,0.39274,1858947.0
2023-03-09 16:00:00+00:00,0.39274,0.39351,0.39079,0.39087,2895758.0
2023-03-09 16:30:00+00:00,0.39087,0.39162,0.38714,0.38769,5587686.0
2023-03-09 17:00:00+00:00,0.38769,0.38865,0.38503,0.38663,3483566.0
2023-03-09 17:30:00+00:00,0.38663,0.38807,0.38577,0.38793,1664631.0
2023-03-09 18:00:00+00:00,0.38793,0.38946,0.38689,0.38898,1317132.0
2023-03-09 18:30:00+00:00,0.38898,0.38898,0.38448,0.3871,5542306.0
2023-03-09 19:00:00+00:00,0.3871,0.38715,0.38,0.38012,8613344.0
2023-03-09 19:30:00+00:00,0.38012,0.38067,0.37592,0.37845,5951095.0
2023-03-09 20:00:00+00:00,0.37845,0.37866,0.37186,0.37512,7489212.0
2023-03-09 20:30:00+00:00,0.37512,0.3765,0.36359,0.3646,12305228.0
2023-03-09 21:00:00+00:00,0.3646,0.36971,0.36457,0.36851,4127008.0
2023-03-09 21:30:00+00:00,0.36851,0.37,0.3659,0.36749,2717946.0
2023-03-09 22:00:00+00:00,0.36749,0.37324,0.3673,0.37275,1666331.0
2023-03-09 22:30:00+00:00,0.37275,0.3749,0.37224,0.37375,1743472.0
2023-03-09 23:00:00+00:00,0.37375,0.3738,0.37111,0.37201,2429429.0
2023-03-09 23:30:00+00:00,0.37201,0.37258,0.3705,0.37056,1231894.0
2023-03-10 00:00:00+00:00,0.37056,0.37128,0.36741,0.36953,3468452.0
2023-03-10 00:30:00+00:00,0.36953,0.36998,0.366,0.368,3481972.0
2023-03-10 01:00:00+00:00,0.368,0.37027,0.36475,0.36761,4123939.0
2023-03-10 01:30:00+00:00,0.36761,0.37129,0.3671,0.37031,1937736.0
2023-03-10 02:00:00+00:00,0.37031,0.37066,0.36666,0.36751,1668946.0
2023-03-10 02:30:00+00:00,0.36751,0.36995,0.36741,0.36986,860046.0
2023-03-10 03:00:00+00:00,0.36986,0.3724,0.36941,0.3724,1784165.0
2023-03-10 03:30:00+00:00,0.3724,0.37414,0.37238,0.37336,2233220.0
2023-03-10 04:00:00+00:00,0.37336,0.3745,0.37151,0.37367,2973461.0
2023-03-10 04:30:00+00:00,0.37367,0.37415,0.3709,0.37098,2407241.0
2023-03-10 05:00:00+00:00,0.37098,0.37231,0.37004,0.37171,1951655.0
2023-03-10 05:30:00+00:00,0.37171,0.3731,0.37089,0.37193,1323726.0
2023-03-10 06:00:00+00:00,0.37193,0.37277,0.3685,0.36885,2060444.0
2023-03-10 06:30:00+00:00,0.36885,0.36972,0.36715,0.36806,3526184.0
2023-03-10 07:00:00+00:00,0.36806,0.3703,0.36719,0.36984,2768070.0
2023-03-10 07:30:00+00:00,0.36984,0.37125,0.36853,0.36998,1294483.0
2023-03-10 08:00:00+00:00,0.36998,0.37125,0.36757,0.36811,2239206.0
2023-03-10 08:30:00+00:00,0.36811,0.36968,0.36775,0.36923,1322321.0
2023-03-10 09:00:00+00:00,0.36923,0.36969,0.36728,0.36799,1272328.0
2023-03-10 09:30:00+00:00,0.36799,0.36911,0.36122,0.36447,6802183.0
2023-03-10 10:00:00+00:00,0.36447,0.36558,0.35889,0.3601,4898815.0
2023-03-10 10:30:00+00:00,0.3601,0.36159,0.35652,0.36086,4670274.0
2023-03-27 02:30:00+00:00,0.44475,0.45353,0.44461,0.45181,9894559.0
2023-03-27 03:00:00+00:00,0.45181,0.45682,0.45073,0.4512,6809729.0
2023-03-27 03:30:00+00:00,0.4512,0.4549,0.4505,0.4534,3877078.0
2023-03-27 04:00:00+00:00,0.4534,0.45573,0.45302,0.45384,3610659.0
2023-03-27 04:30:00+00:00,0.45384,0.45772,0.45327,0.45621,5068039.0
2023-03-27 05:00:00+00:00,0.45621,0.45643,0.4511,0.45296,5909383.0
2023-03-27 05:30:00+00:00,0.45296,0.4533,0.448,0.4505,4504470.0
2023-03-27 06:00:00+00:00,0.4505,0.45742,0.44838,0.45539,7746918.0
2023-03-27 06:30:00+00:00,0.45539,0.45825,0.454,0.45478,6626186.0
2023-03-27 07:00:00+00:00,0.45478,0.4597,0.45364,0.45864,6662723.0
2023-03-27 07:30:00+00:00,0.45864,0.4597,0.45622,0.45952,2720720.0
2023-03-27 08:00:00+00:00,0.45952,0.4666,0.45952,0.46269,16363445.0
2023-03-27 08:30:00+00:00,0.46269,0.469,0.4619,0.46603,11615590.0
2023-03-27 09:00:00+00:00,0.46603,0.4685,0.46387,0.46579,8530399.0
2023-03-27 09:30:00+00:00,0.46579,0.46627,0.4626,0.46423,5895637.0
2023-03-27 10:00:00+00:00,0.46423,0.46827,0.46423,0.46626,5621619.0
2023-03-27 10:30:00+00:00,0.46626,0.4683,0.46426,0.4649,4820889.0
2023-03-27 11:00:00+00:00,0.4649,0.46684,0.46367,0.46664,3982781.0
2023-03-27 11:30:00+00:00,0.46664,0.47937,0.46487,0.47659,28649240.0
2023-03-27 12:00:00+00:00,0.47659,0.48749,0.4765,0.48559,30949254.0
2023-03-27 12:30:00+00:00,0.48559,0.488,0.4782,0.48067,26533884.0
2023-03-27 13:00:00+00:00,0.48067,0.48465,0.47631,0.48137,17560157.0
2023-03-27 13:30:00+00:00,0.48137,0.48252,0.47787,0.48146,12282926.0
2023-03-27 14:00:00+00:00,0.48146,0.4832,0.471,0.47554,20072011.0
2023-03-27 14:30:00+00:00,0.47554,0.47666,0.4597,0.46238,23488895.0
2023-03-27 15:00:00+00:00,0.46238,0.46527,0.45341,0.46432,35008981.0
2023-03-27 15:30:00+00:00,0.46432,0.4645,0.45729,0.4575,10994441.0
2023-03-27 16:00:00+00:00,0.4575,0.46604,0.45746,0.46176,8510511.0
2023-03-27 16:30:00+00:00,0.46176,0.46251,0.45616,0.45782,5261697.0
2023-03-27 17:00:00+00:00,0.45782,0.45984,0.45492,0.45807,8678984.0
2023-03-27 17:30:00+00:00,0.45807,0.46444,0.45749,0.46089,5886599.0
2023-03-27 18:00:00+00:00,0.46089,0.46807,0.46013,0.46772,6039102.0
2023-03-27 18:30:00+00:00,0.46772,0.47432,0.46623,0.46955,10356966.0
2023-03-27 19:00:00+00:00,0.46955,0.47354,0.46793,0.47202,10286012.0
2023-03-27 19:30:00+00:00,0.47202,0.47202,0.46641,0.46712,3955645.0
2023-03-27 20:00:00+00:00,0.46712,0.47151,0.4649,0.47002,6002133.0
2023-03-27 20:30:00+00:00,0.47002,0.47321,0.46994,0.47285,4002651.0
2023-03-27 21:00:00+00:00,0.47285,0.48131,0.46947,0.47893,10419029.0
2023-03-27 21:30:00+00:00,0.47893,0.47943,0.47562,0.47588,4480138.0
2023-03-27 22:00:00+00:00,0.47588,0.47588,0.47092,0.47364,5069820.0
2023-03-27 22:30:00+00:00,0.47364,0.4773,0.47229,0.47683,4897143.0
2023-03-27 23:00:00+00:00,0.47683,0.47854,0.47477,0.477,6503791.0
2023-03-27 23:30:00+00:00,0.477,0.48087,0.47669,0.47832,4935627.0
2023-03-28 00:00:00+00:00,0.47832,0.48322,0.47581,0.48028,9381156.0
2023-03-28 00:30:00+00:00,0.48028,0.48299,0.4713,0.47185,10922826.0
2023-03-28 01:00:00+00:00,0.47185,0.47536,0.46614,0.47523,10958078.0
2023-03-28 01:30:00+00:00,0.47523,0.48239,0.47489,0.47893,9345682.0
2023-03-28 02:00:00+00:00,0.47893,0.48026,0.4752,0.47552,3217848.0
2023-03-28 02:30:00+00:00,0.47552,0.4805,0.47427,0.47952,6148877.0
2023-03-28 03:00:00+00:00,0.47952,0.4797,0.4723,0.47275,4497220.0
2023-03-28 03:30:00+00:00,0.47275,0.4752,0.47103,0.47317,4834734.0
2023-03-28 04:00:00+00:00,0.47317,0.47759,0.47148,0.47617,4281006.0
2023-03-28 04:30:00+00:00,0.47617,0.48555,0.47492,0.4854,9754619.0
2023-03-28 05:00:00+00:00,0.4854,0.4933,0.48264,0.48333,25129962.0
2023-03-28 05:30:00+00:00,0.48333,0.48839,0.48133,0.48535,9476450.0
2023-03-28 06:00:00+00:00,0.48535,0.4879,0.48322,0.48642,5367127.0
2023-03-28 06:30:00+00:00,0.48642,0.4895,0.48384,0.4881,4253456.0
2023-03-28 07:00:00+00:00,0.4881,0.48872,0.4855,0.48683,4344832.0
2023-03-28 07:30:00+00:00,0.48683,0.48993,0.48216,0.48329,7354746.0
2023-03-28 08:00:00+00:00,0.48329,0.48587,0.47777,0.47981,8439503.0
2023-03-28 08:30:00+00:00,0.47981,0.4874,0.47851,0.48403,8875034.0
2023-03-28 09:00:00+00:00,0.48403,0.48513,0.48016,0.48427,6676581.0
2023-03-28 09:30:00+00:00,0.48427,0.48459,0.48,0.48088,4396962.0
2023-03-28 10:00:00+00:00,0.48088,0.48401,0.47926,0.48131,5525222.0
2023-03-28 10:30:00+00:00,0.48131,0.488,0.48131,0.48609,6718192.0
2023-03-28 11:00:00+00:00,0.48609,0.49355,0.48491,0.49046,11763012.0
2023-03-28 11:30:00+00:00,0.49046,0.50014,0.48968,0.49617,25200867.0
2023-03-28 12:00:00+00:00,0.49617,0.50473,0.49413,0.49732,24459684.0
2023-03-28 12:30:00+00:00,0.49732,0.50188,0.4963,0.49777,15578142.0
2023-03-28 13:00:00+00:00,0.49777,0.50004,0.49172,0.4956,11879193.0
2023-03-28 13:30:00+00:00,0.4956,0.4994,0.4946,0.49677,8407810.0
2023-03-28 14:00:00+00:00,0.49677,0.49997,0.49586,0.49808,7206680.0
2023-03-28 14:30:00+00:00,0.49808,0.50227,0.4965,0.50125,8917930.0
2023-03-28 15:00:00+00:00,0.50125,0.50216,0.497,0.49846,6694282.0
2023-03-28 15:30:00+00:00,0.49846,0.49996,0.494,0.4975,6890209.0
2023-03-28 16:00:00+00:00,0.4975,0.4996,0.49362,0.4958,5666347.0
2023-03-28 16:30:00+00:00,0.4958,0.50083,0.49514,0.50036,4895170.0
2023-03-28 17:00:00+00:00,0.50036,0.50836,0.49753,0.50077,12139787.0
2023-03-28 17:30:00+00:00,0.50077,0.50198,0.49659,0.50068,5367034.0
2023-03-28 18:00:00+00:00,0.50068,0.50693,0.49838,0.50682,6396633.0
2023-03-28 18:30:00+00:00,0.50682,0.528,0.504,0.52096,26091120.0
2023-03-28 19:00:00+00:00,0.52096,0.52442,0.51633,0.52079,8251236.0
2023-03-28 19:30:00+00:00,0.52079,0.53152,0.5183,0.51965,11384770.0
2023-03-28 20:00:00+00:00,0.51965,0.52193,0.51711,0.52161,4323202.0
2023-03-28 20:30:00+00:00,0.52161,0.52514,0.51988,0.52331,5254781.0
2023-03-28 21:00:00+00:00,0.52331,0.52884,0.52129,0.52334,6100966.0
2023-03-28 21:30:00+00:00,0.52334,0.53441,0.522,0.52882,10955222.0
2023-03-28 22:00:00+00:00,0.52882,0.52968,0.5229,0.52407,8622443.0
2023-03-28 22:30:00+00:00,0.52407,0.52592,0.51831,0.52144,9746789.0
2023-03-28 23:00:00+00:00,0.52144,0.52336,0.5161,0.51677,9646768.0
2023-03-28 23:30:00+00:00,0.51677,0.51838,0.51146,0.51434,11497636.0
2023-03-29 00:00:00+00:00,0.51434,0.523,0.51423,0.52217,11459609.0
2023-03-29 00:30:00+00:00,0.52217,0.52248,0.51873,0.52113,4532308.0
2023-03-29 01:00:00+00:00,0.52113,0.52186,0.51514,0.51695,5768866.0
2023-03-29 01:30:00+00:00,0.51695,0.52229,0.51547,0.52091,5371945.0
2023-03-29 02:00:00+00:00,0.52091,0.52578,0.5201,0.52329,8022731.0
2023-03-29 02:30:00+00:00,0.52329,0.52675,0.52206,0.52629,5261162.0
2023-03-29 03:00:00+00:00,0.52629,0.53733,0.52466,0.5337,14694900.0
2023-03-29 03:30:00+00:00,0.5337,0.53864,0.53088,0.53503,17169871.0
2023-03-29 04:00:00+00:00,0.53503,0.5407,0.53319,0.53716,13866298.0
2023-03-29 04:30:00+00:00,0.53716,0.5392,0.53185,0.53595,10070630.0
2023-03-29 05:00:00+00:00,0.53595,0.53633,0.5327,0.53287,3950138.0
2023-03-29 05:30:00+00:00,0.53287,0.5373,0.53274,0.53682,6571340.0
2023-03-29 06:00:00+00:00,0.53682,0.5475,0.5358,0.54555,20257081.0
2023-03-29 06:30:00+00:00,0.54555,0.54844,0.54168,0.54292,11043586.0
2023-03-29 07:00:00+00:00,0.54292,0.55259,0.54111,0.55019,11255206.0
2023-03-29 07:30:00+00:00,0.55019,0.56047,0.54745,0.55699,25553468.0
2023-03-29 08:00:00+00:00,0.55699,0.5826,0.55335,0.56979,48843219.0
2023-03-29 08:30:00+00:00,0.56979,0.57208,0.56316,0.57098,14923525.0
2023-03-29 09:00:00+00:00,0.57098,0.57856,0.5673,0.57317,13160559.0
2023-03-29 09:30:00+00:00,0.57317,0.58473,0.57212,0.57359,18106188.0
2023-03-29 10:00:00+00:00,0.57359,0.57359,0.56501,0.5712,18857371.0
2023-03-29 10:30:00+00:00,0.5712,0.57494,0.56659,0.56935,9732449.0
2023-03-29 11:00:00+00:00,0.56935,0.57313,0.56582,0.56891,9646373.0
2023-03-29 11:30:00+00:00,0.56891,0.57232,0.56821,0.57016,7507296.0
2023-03-29 12:00:00+00:00,0.57016,0.57016,0.541,0.55567,47227862.0
2023-03-29 12:30:00+00:00,0.55567,0.56013,0.5522,0.55262,17200028.0
2023-03-29 13:00:00+00:00,0.55262,0.5553,0.54227,0.54537,18505876.0
2023-03-29 13:30:00+00:00,0.54537,0.55363,0.54452,0.55221,14687804.0
2023-03-29 14:00:00+00:00,0.55221,0.5555,0.5475,0.54947,8135503.0
2023-03-29 14:30:00+00:00,0.54947,0.55315,0.54186,0.54478,9797454.0
2023-03-29 15:00:00+00:00,0.54478,0.54552,0.53523,0.54304,15909788.0
2023-03-29 15:30:00+00:00,0.54304,0.546,0.53785,0.54503,9380801.0
2023-03-29 16:00:00+00:00,0.54503,0.54503,0.53617,0.54306,9480866.0
2023-03-29 16:30:00+00:00,0.54306,0.54401,0.53672,0.54053,5544210.0
2023-03-29 17:00:00+00:00,0.54053,0.54906,0.54051,0.5487,7357402.0
2023-03-29 17:30:00+00:00,0.5487,0.55244,0.54639,0.55142,5655759.0
2023-03-29 18:00:00+00:00,0.55142,0.55145,0.54726,0.54881,2917675.0
2023-03-29 18:30:00+00:00,0.54881,0.55403,0.54772,0.55259,4061768.0
2023-03-29 19:00:00+00:00,0.55259,0.55514,0.54754,0.54849,7470814.0
2023-03-29 19:30:00+00:00,0.54849,0.55312,0.54727,0.55233,5469432.0
2023-03-29 20:00:00+00:00,0.55233,0.55674,0.54295,0.54464,11547708.0
2023-03-29 20:30:00+00:00,0.54464,0.55282,0.54464,0.54938,9355223.0
2023-03-29 21:00:00+00:00,0.54938,0.55099,0.54429,0.55074,3058648.0
2023-03-29 21:30:00+00:00,0.55074,0.55281,0.54814,0.54814,3085410.0
2023-03-29 22:00:00+00:00,0.54814,0.54912,0.53112,0.54227,16877932.0
2023-03-29 22:30:00+00:00,0.54227,0.54788,0.54081,0.54438,9388357.0
2023-03-29 23:00:00+00:00,0.54438,0.54758,0.54248,0.54505,4880215.0
2023-03-29 23:30:00+00:00,0.54505,0.54694,0.54067,0.54193,6241175.0
2023-03-30 00:00:00+00:00,0.54193,0.55281,0.53819,0.54726,20600752.0
2023-03-30 00:30:00+00:00,0.54726,0.54849,0.53417,0.53565,14905748.0
2023-03-30 01:00:00+00:00,0.53565,0.53949,0.52005,0.53445,24232094.0
2023-03-30 01:30:00+00:00,0.53445,0.53671,0.52895,0.52968,7682135.0
2023-03-30 02:00:00+00:00,0.52968,0.54154,0.52956,0.53918,7275543.0
2023-03-30 02:30:00+00:00,0.53918,0.5503,0.53918,0.54117,12244300.0
2023-03-30 03:00:00+00:00,0.54117,0.54117,0.52,0.53273,19695072.0
2023-03-30 03:30:00+00:00,0.53273,0.53609,0.53162,0.53415,4745275.0
2023-03-30 04:00:00+00:00,0.53415,0.53564,0.528,0.52936,6021934.0
2023-03-30 04:30:00+00:00,0.52936,0.53297,0.52854,0.53001,4916164.0
2023-03-30 05:00:00+00:00,0.53001,0.53269,0.526,0.52686,4685860.0
2023-03-30 05:30:00+00:00,0.52686,0.53181,0.52613,0.53165,4924734.0
2023-03-30 06:00:00+00:00,0.53165,0.54234,0.528,0.53723,10992531.0
2023-03-30 06:30:00+00:00,0.53723,0.5388,0.53306,0.53578,5013516.0
2023-03-30 07:00:00+00:00,0.53578,0.54059,0.5349,0.53938,3361267.0
2023-03-30 07:30:00+00:00,0.53938,0.54265,0.53763,0.53795,5419689.0
2023-03-30 08:00:00+00:00,0.53795,0.5386,0.53394,0.53444,5012919.0
2023-03-30 08:30:00+00:00,0.53444,0.53471,0.53027,0.5311,7201693.0
2023-03-30 09:00:00+00:00,0.5311,0.53195,0.52824,0.53164,5786585.0
2023-03-30 09:30:00+00:00,0.53164,0.53231,0.52948,0.53076,2718152.0
2023-03-30 10:00:00+00:00,0.53076,0.53557,0.53,0.53419,5148966.0
2023-03-30 10:30:00+00:00,0.53419,0.55,0.53419,0.54858,17395739.0
2023-03-30 11:00:00+00:00,0.54858,0.55846,0.5431,0.5455,23782566.0
2023-03-30 11:30:00+00:00,0.5455,0.55203,0.54502,0.54999,8327684.0
2023-03-30 12:00:00+00:00,0.54999,0.55032,0.53748,0.53957,12904578.0
2023-03-30 12:30:00+00:00,0.53957,0.54393,0.53957,0.54172,5635106.0
2023-03-30 13:00:00+00:00,0.54172,0.54661,0.53693,0.54389,7453087.0
2023-03-30 13:30:00+00:00,0.54389,0.54538,0.53809,0.5402,7766719.0
2023-03-30 14:00:00+00:00,0.5402,0.54305,0.53517,0.54037,10123464.0
2023-03-30 14:30:00+00:00,0.54037,0.54413,0.53789,0.54114,5902705.0
2023-03-30 15:00:00+00:00,0.54114,0.54258,0.5316,0.53431,8291692.0
2023-03-30 15:30:00+00:00,0.53431,0.53702,0.5293,0.53285,10366779.0
2023-03-30 16:00:00+00:00,0.53285,0.53937,0.5305,0.53391,10818142.0
2023-03-30 16:30:00+00:00,0.53391,0.53592,0.5315,0.53196,4589538.0
2023-03-30 17:00:00+00:00,0.53196,0.5332,0.52822,0.52972,4558868.0
2023-03-30 17:30:00+00:00,0.52972,0.53606,0.52564,0.53339,8833023.0
2023-03-30 18:00:00+00:00,0.53339,0.53544,0.53111,0.5342,2232788.0
2023-03-30 18:30:00+00:00,0.5342,0.53982,0.53336,0.53872,3974719.0
2023-03-30 19:00:00+00:00,0.53872,0.54012,0.5365,0.53864,1851514.0
2023-03-30 19:30:00+00:00,0.53864,0.54,0.53576,0.53889,1701647.0
2023-03-30 20:00:00+00:00,0.53889,0.53933,0.53512,0.53539,2359083.0
2023-03-30 20:30:00+00:00,0.53539,0.53733,0.53317,0.53379,2336480.0
2023-03-30 21:00:00+00:00,0.53379,0.53668,0.53306,0.53611,932769.0
2023-03-30 21:30:00+00:00,0.53611,0.54061,0.53537,0.53935,3064978.0
2023-03-30 22:00:00+00:00,0.53935,0.54187,0.53806,0.54018,2280034.0
2023-03-30 22:30:00+00:00,0.54018,0.54035,0.53291,0.53451,4253284.0
2023-03-30 23:00:00+00:00,0.53451,0.53667,0.53289,0.5359,2314582.0
2023-03-30 23:30:00+00:00,0.5359,0.53655,0.5297,0.53215,2721300.0
2023-03-31 00:00:00+00:00,0.53215,0.53465,0.52728,0.53325,7895241.0
2023-03-31 00:30:00+00:00,0.53325,0.53659,0.532,0.53245,4214281.0
2023-03-31 01:00:00+00:00,0.53245,0.53461,0.53007,0.53399,4496841.0
2023-03-31 01:30:00+00:00,0.53399,0.53581,0.53117,0.53261,4164298.0
2023-03-31 02:00:00+00:00,0.53261,0.5345,0.531,0.5312,2450927.0
2023-03-31 02:30:00+00:00,0.5312,0.53141,0.52774,0.5302,4247090.0
2023-03-31 03:00:00+00:00,0.5302,0.53214,0.52782,0.53113,2918557.0
2023-03-31 03:30:00+00:00,0.53113,0.53376,0.53113,0.53286,3487530.0
2023-03-31 04:00:00+00:00,0.53286,0.53998,0.53183,0.53843,6513647.0
2023-03-31 04:30:00+00:00,0.53843,0.5397,0.53551,0.53902,2256028.0
2023-03-31 05:00:00+00:00,0.53902,0.5488,0.5384,0.5438,13219652.0
2023-03-31 05:30:00+00:00,0.5438,0.5478,0.54095,0.54263,6814580.0
2023-03-31 06:00:00+00:00,0.54263,0.54519,0.54035,0.54505,5355300.0
2023-04-16 22:00:00+00:00,0.52269,0.52293,0.521,0.52104,503939.0
2023-04-16 22:30:00+00:00,0.52104,0.5221,0.52104,0.52167,315173.0
2023-04-16 23:00:00+00:00,0.52167,0.52221,0.52071,0.52071,354201.0
2023-04-16 23:30:00+00:00,0.52071,0.52107,0.51932,0.52071,658805.0
2023-04-17 00:00:00+00:00,0.52071,0.52071,0.5168,0.51719,3026958.0
2023-04-17 00:30:00+00:00,0.51719,0.51843,0.50683,0.51066,12739781.0
2023-04-17 01:00:00+00:00,0.51066,0.51387,0.50877,0.51369,2679065.0
2023-04-17 01:30:00+00:00,0.51369,0.514,0.51205,0.51263,927590.0
2023-04-17 02:00:00+00:00,0.51263,0.514,0.51222,0.514,297901.0
2023-04-17 02:30:00+00:00,0.514,0.516,0.51399,0.51458,1375540.0
2023-04-17 03:00:00+00:00,0.51458,0.51476,0.5134,0.5138,491194.0
2023-04-17 03:30:00+00:00,0.5138,0.5139,0.5128,0.51299,617860.0
2023-04-17 04:00:00+00:00,0.51299,0.51472,0.51263,0.51303,480625.0
2023-04-17 04:30:00+00:00,0.51303,0.51379,0.51158,0.51352,775210.0
2023-04-17 05:00:00+00:00,0.51352,0.51487,0.51342,0.51446,510700.0
2023-04-17 05:30:00+00:00,0.51446,0.51551,0.514,0.51551,401981.0
2023-04-17 06:00:00+00:00,0.51551,0.51581,0.51342,0.51445,1130864.0
2023-04-17 06:30:00+00:00,0.51445,0.5147,0.51155,0.51175,1400744.0
2023-04-17 07:00:00+00:00,0.51175,0.5143,0.51067,0.51398,1443329.0
2023-04-17 07:30:00+00:00,0.51398,0.51443,0.51237,0.51252,714746.0
2023-04-17 08:00:00+00:00,0.51252,0.51329,0.51171,0.51308,618734.0
2023-04-17 08:30:00+00:00,0.51308,0.51414,0.51278,0.51414,420588.0
2023-04-17 09:00:00+00:00,0.51414,0.51476,0.51388,0.51458,403674.0
2023-04-17 09:30:00+00:00,0.51458,0.51479,0.51282,0.51292,768366.0
2023-04-17 10:00:00+00:00,0.51292,0.5134,0.5118,0.51295,786686.0
2023-04-17 10:30:00+00:00,0.51295,0.5145,0.51264,0.51447,411380.0
2023-04-17 11:00:00+00:00,0.51447,0.5145,0.51256,0.51272,460815.0
2023-04-17 11:30:00+00:00,0.51272,0.5137,0.51027,0.51257,1898828.0
2023-04-17 12:00:00+00:00,0.51257,0.51393,0.51215,0.51388,749312.0
2023-04-17 12:30:00+00:00,0.51388,0.51395,0.51254,0.51329,923020.0
2023-04-17 13:00:00+00:00,0.51329,0.51329,0.50902,0.51013,3373975.0
2023-04-17 13:30:00+00:00,0.51013,0.5125,0.50926,0.51214,3274072.0
2023-04-17 14:00:00+00:00,0.51214,0.51259,0.51123,0.51197,697438.0
2023-04-17 14:30:00+00:00,0.51197,0.51201,0.50974,0.51201,1189414.0
2023-04-17 15:00:00+00:00,0.51201,0.51237,0.51035,0.51076,513545.0
2023-04-17 15:30:00+00:00,0.51076,0.51076,0.50622,0.5078,3089851.0
2023-04-17 16:00:00+00:00,0.5078,0.50881,0.50688,0.50794,1260795.0
2023-04-17 16:30:00+00:00,0.50794,0.50904,0.50746,0.5078,429440.0
2023-04-17 17:00:00+00:00,0.5078,0.50922,0.50769,0.5086,511315.0
2023-04-17 17:30:00+00:00,0.5086,0.51035,0.50859,0.50979,447556.0
2023-04-17 18:00:00+00:00,0.50979,0.51179,0.50964,0.51179,775725.0
2023-04-17 18:30:00+00:00,0.51179,0.51179,0.50994,0.51126,379375.0
2023-04-17 19:00:00+00:00,0.51126,0.51126,0.50983,0.51038,283955.0
2023-04-17 19:30:00+00:00,0.51038,0.51094,0.50947,0.51004,318651.0
2023-04-17 20:00:00+00:00,0.51004,0.51089,0.50924,0.50954,925598.0
2023-04-17 20:30:00+00:00,0.50954,0.51123,0.50954,0.51087,195462.0
2023-04-17 21:00:00+00:00,0.51087,0.51102,0.50895,0.50982,418046.0
2023-04-17 21:30:00+00:00,0.50982,0.51142,0.50967,0.51086,1019361.0
2023-04-17 22:00:00+00:00,0.51086,0.51199,0.51085,0.51155,413233.0
2023-04-17 22:30:00+00:00,0.51155,0.51226,0.51145,0.51219,667092.0
2023-04-17 23:00:00+00:00,0.51219,0.5124,0.511,0.51116,307275.0
2023-04-17 23:30:00+00:00,0.51116,0.5112,0.509,0.51059,1070826.0
2023-04-18 00:00:00+00:00,0.51059,0.51274,0.51055,0.51238,750500.0
2023-04-18 00:30:00+00:00,0.51238,0.5128,0.51024,0.51163,1125948.0
2023-04-18 01:00:00+00:00,0.51163,0.51276,0.50908,0.51095,1932130.0
2023-04-18 01:30:00+00:00,0.51095,0.51186,0.51038,0.51049,402980.0
2023-04-18 02:00:00+00:00,0.51049,0.51102,0.50946,0.51045,1057651.0
2023-04-18 02:30:00+00:00,0.51045,0.5115,0.51034,0.51089,214326.0
2023-04-18 03:00:00+00:00,0.51089,0.512,0.51089,0.51182,213677.0
2023-04-18 03:30:00+00:00,0.51182,0.51254,0.51145,0.51233,443478.0
2023-04-18 04:00:00+00:00,0.51233,0.5142,0.51199,0.51395,922193.0
2023-04-18 04:30:00+00:00,0.51395,0.5147,0.51354,0.51363,1796208.0
2023-04-18 05:00:00+00:00,0.51363,0.5161,0.51357,0.51585,1812244.0
2023-04-18 05:30:00+00:00,0.51585,0.51623,0.51444,0.51522,749876.0
2023-04-18 06:00:00+00:00,0.51522,0.51618,0.51437,0.51437,1660701.0
2023-04-18 06:30:00+00:00,0.51437,0.51571,0.51375,0.51568,658083.0
2023-04-18 07:00:00+00:00,0.51568,0.51697,0.515,0.51685,789923.0
2023-04-18 07:30:00+00:00,0.51685,0.51824,0.51537,0.51556,2187232.0
2023-04-18 08:00:00+00:00,0.51556,0.51704,0.51435,0.51469,807958.0
2023-04-18 08:30:00+00:00,0.51469,0.515,0.51319,0.5132,855737.0
2023-04-18 09:00:00+00:00,0.5132,0.51513,0.51301,0.51512,854982.0
2023-04-18 09:30:00+00:00,0.51512,0.51667,0.51508,0.51615,1151964.0
2023-04-18 10:00:00+00:00,0.51615,0.51647,0.51535,0.51607,451224.0
2023-04-18 10:30:00+00:00,0.51607,0.51646,0.51529,0.51541,640979.0
2023-04-18 11:00:00+00:00,0.51541,0.518,0.51534,0.51729,2012092.0
2023-04-18 11:30:00+00:00,0.51729,0.52077,0.51727,0.52003,3916042.0
2023-04-18 12:00:00+00:00,0.52003,0.52619,0.52003,0.52293,5760322.0
2023-04-18 12:30:00+00:00,0.52293,0.52308,0.52053,0.52114,2593154.0
2023-04-18 13:00:00+00:00,0.52114,0.52208,0.51883,0.52044,2293323.0
2023-04-18 13:30:00+00:00,0.52044,0.5216,0.51926,0.521,1446467.0
2023-04-18 14:00:00+00:00,0.521,0.52187,0.51719,0.51792,4722191.0
2023-04-18 14:30:00+00:00,0.51792,0.5217,0.51685,0.52027,2578828.0
2023-04-18 15:00:00+00:00,0.52027,0.52111,0.51737,0.51877,1485569.0
2023-04-18 15:30:00+00:00,0.51877,0.52142,0.51852,0.52005,1381170.0
2023-04-18 16:00:00+00:00,0.52005,0.5218,0.5199,0.51991,1838327.0
2023-04-18 16:30:00+00:00,0.51991,0.52044,0.51855,0.51911,1453854.0
2023-04-18 17:00:00+00:00,0.51911,0.52045,0.51857,0.51885,1679753.0
2023-04-18 17:30:00+00:00,0.51885,0.51986,0.51703,0.51759,1441570.0
2023-04-18 18:00:00+00:00,0.51759,0.51938,0.51538,0.51936,2047196.0
2023-04-18 18:30:00+00:00,0.51936,0.51945,0.51741,0.51823,594094.0
2023-04-18 19:00:00+00:00,0.51823,0.52064,0.518,0.5203,762249.0
2023-04-18 19:30:00+00:00,0.5203,0.52118,0.51975,0.52101,663558.0
2023-04-18 20:00:00+00:00,0.52101,0.52214,0.51967,0.52211,1482867.0
2023-04-18 20:30:00+00:00,0.52211,0.5236,0.52161,0.52347,795245.0
2023-04-18 21:00:00+00:00,0.52347,0.5236,0.52121,0.52157,1169785.0
2023-04-18 21:30:00+00:00,0.52157,0.52284,0.52123,0.52283,290159.0
2023-04-18 22:00:00+00:00,0.52283,0.52423,0.5228,0.52328,985849.0
2023-04-18 22:30:00+00:00,0.52328,0.5289,0.52294,0.5289,3242872.0
2023-04-18 23:00:00+00:00,0.5289,0.539,0.5289,0.53323,9330873.0
2023-04-18 23:30:00+00:00,0.53323,0.53506,0.53,0.53222,5758255.0
2023-04-19 00:00:00+00:00,0.53222,0.5374,0.5278,0.52926,7394850.0
2023-04-19 00:30:00+00:00,0.52926,0.52926,0.52639,0.52813,3137022.0
2023-04-19 01:00:00+00:00,0.52813,0.52923,0.52651,0.52896,1871653.0
2023-04-19 01:30:00+00:00,0.52896,0.52918,0.52482,0.52542,3082964.0
2023-04-19 02:00:00+00:00,0.52542,0.52614,0.5239,0.52603,2062236.0
2023-04-19 02:30:00+00:00,0.52603,0.52603,0.52421,0.52571,653359.0
2023-04-19 03:00:00+00:00,0.52571,0.5274,0.52549,0.52716,1242304.0
2023-04-19 03:30:00+00:00,0.52716,0.52716,0.52411,0.52614,1298781.0
2023-04-19 04:00:00+00:00,0.52614,0.52916,0.52571,0.52828,1263565.0
2023-04-19 04:30:00+00:00,0.52828,0.53036,0.52747,0.52982,1848529.0
2023-04-19 05:00:00+00:00,0.52982,0.5304,0.5286,0.52973,1123625.0
2023-04-19 05:30:00+00:00,0.52973,0.53298,0.5288,0.53196,1763366.0
2023-04-19 06:00:00+00:00,0.53196,0.53326,0.525,0.52572,4742961.0
2023-04-19 06:30:00+00:00,0.52572,0.52572,0.52241,0.52292,4366534.0
2023-04-19 07:00:00+00:00,0.52292,0.52571,0.52261,0.52515,3090885.0
2023-04-19 07:30:00+00:00,0.52515,0.52517,0.52032,0.52176,2440753.0
2023-04-19 08:00:00+00:00,0.52176,0.52219,0.46567,0.49174,44139309.0
2023-04-19 08:30:00+00:00,0.49174,0.49504,0.48592,0.48799,12173110.0
2023-04-19 09:00:00+00:00,0.48799,0.49347,0.48665,0.48867,6006978.0
2023-04-19 09:30:00+00:00,0.48867,0.49107,0.4878,0.48787,3423819.0
2023-04-19 10:00:00+00:00,0.48787,0.491,0.48779,0.49073,1503898.0
2023-04-19 10:30:00+00:00,0.49073,0.49213,0.48929,0.49169,3669312.0
2023-04-19 11:00:00+00:00,0.49169,0.4955,0.49081,0.4952,3038164.0
2023-04-19 11:30:00+00:00,0.4952,0.4989,0.49425,0.49729,5255108.0
2023-04-19 12:00:00+00:00,0.49729,0.49729,0.49402,0.49583,2438402.0
2023-04-19 12:30:00+00:00,0.49583,0.49715,0.49512,0.4965,1553058.0
2023-04-19 13:00:00+00:00,0.4965,0.49682,0.49504,0.49665,1292921.0
2023-04-19 13:30:00+00:00,0.49665,0.4971,0.49556,0.4968,1560643.0
2023-04-19 14:00:00+00:00,0.4968,0.49991,0.49641,0.49864,2642568.0
2023-04-19 14:30:00+00:00,0.49864,0.50167,0.49855,0.50098,2354051.0
2023-04-19 15:00:00+00:00,0.50098,0.50132,0.49776,0.50062,3228044.0
2023-04-19 15:30:00+00:00,0.50062,0.5009,0.494,0.49609,6870633.0
2023-04-19 16:00:00+00:00,0.49609,0.49874,0.49584,0.49756,2239620.0
2023-04-19 16:30:00+00:00,0.49756,0.49867,0.49557,0.49603,954954.0
2023-04-19 17:00:00+00:00,0.49603,0.49667,0.49064,0.4925,2188455.0
2023-04-19 17:30:00+00:00,0.4925,0.49522,0.49077,0.49502,1148721.0
2023-04-19 18:00:00+00:00,0.49502,0.49595,0.4935,0.4937,1167164.0
2023-04-19 18:30:00+00:00,0.4937,0.49434,0.49158,0.49407,752276.0
2023-04-19 19:00:00+00:00,0.49407,0.49588,0.49295,0.49558,495190.0
2023-04-19 19:30:00+00:00,0.49558,0.49621,0.49368,0.49454,545267.0
2023-04-19 20:00:00+00:00,0.49454,0.49647,0.49262,0.49342,852640.0
2023-04-19 20:30:00+00:00,0.49342,0.49422,0.49252,0.49396,282565.0
2023-04-19 21:00:00+00:00,0.49396,0.49419,0.48435,0.4892,4458126.0
2023-04-19 21:30:00+00:00,0.4892,0.49457,0.48865,0.49434,1254352.0
2023-04-19 22:00:00+00:00,0.49434,0.49584,0.4918,0.49298,1467533.0
2023-04-19 22:30:00+00:00,0.49298,0.49622,0.49284,0.49544,1436514.0
2023-04-19 23:00:00+00:00,0.49544,0.4959,0.48437,0.48825,5590642.0
2023-04-19 23:30:00+00:00,0.48825,0.49181,0.48733,0.49075,2266360.0
2023-04-20 00:00:00+00:00,0.49075,0.4952,0.49074,0.49489,1243308.0
2023-04-20 00:30:00+00:00,0.49489,0.49547,0.49317,0.49433,1995125.0
2023-04-20 01:00:00+00:00,0.49433,0.49479,0.49124,0.49131,650758.0
2023-04-20 01:30:00+00:00,0.49131,0.494,0.49131,0.49346,609564.0
2023-04-20 02:00:00+00:00,0.49346,0.494,0.49194,0.49388,584507.0
2023-04-20 02:30:00+00:00,0.49388,0.4945,0.48898,0.48921,1525261.0
2023-04-20 03:00:00+00:00,0.48921,0.49331,0.4855,0.49288,3398425.0
2023-04-20 03:30:00+00:00,0.49288,0.49438,0.49208,0.49414,938560.0
2023-04-20 04:00:00+00:00,0.49414,0.49759,0.49371,0.49733,1589992.0
2023-04-20 04:30:00+00:00,0.49733,0.49733,0.49548,0.49554,1147467.0
2023-04-20 05:00:00+00:00,0.49554,0.49744,0.49554,0.49614,729794.0
2023-04-20 05:30:00+00:00,0.49614,0.49721,0.49332,0.49573,1941597.0
2023-04-20 06:00:00+00:00,0.49573,0.49889,0.49471,0.49738,1277167.0
2023-04-20 06:30:00+00:00,0.49738,0.49806,0.4952,0.49569,546874.0
2023-04-20 07:00:00+00:00,0.49569,0.49611,0.49396,0.49443,983819.0
2023-04-20 07:30:00+00:00,0.49443,0.49465,0.49172,0.49216,1100377.0
2023-04-20 08:00:00+00:00,0.49216,0.4955,0.49133,0.49493,655949.0
2023-04-20 08:30:00+00:00,0.49493,0.49546,0.49182,0.49238,694777.0
2023-04-20 09:00:00+00:00,0.49238,0.49456,0.492,0.494,641666.0
2023-04-20 09:30:00+00:00,0.494,0.49517,0.4925,0.49266,397693.0
2023-04-20 10:00:00+00:00,0.49266,0.49315,0.49051,0.49127,1027441.0
2023-04-20 10:30:00+00:00,0.49127,0.49169,0.48934,0.49079,1021679.0
2023-04-20 11:00:00+00:00,0.49079,0.491,0.48814,0.49061,3309790.0
2023-04-20 11:30:00+00:00,0.49061,0.49061,0.48687,0.48775,1843055.0
2023-04-20 12:00:00+00:00,0.48775,0.4923,0.48691,0.49131,2488159.0
2023-04-20 12:30:00+00:00,0.49131,0.49364,0.49131,0.49355,1898957.0
2023-04-20 13:00:00+00:00,0.49355,0.4937,0.49021,0.49081,2022422.0
2023-04-20 13:30:00+00:00,0.49081,0.49279,0.48969,0.49124,1836239.0
2023-04-20 14:00:00+00:00,0.49124,0.49281,0.49052,0.49107,782295.0
2023-04-20 14:30:00+00:00,0.49107,0.49108,0.48904,0.4896,1345953.0
2023-04-20 15:00:00+00:00,0.4896,0.48962,0.486,0.48781,1770233.0
2023-04-20 15:30:00+00:00,0.48781,0.48814,0.4797,0.48096,7969317.0
2023-04-20 16:00:00+00:00,0.48096,0.48096,0.46446,0.47669,11927231.0
2023-04-20 16:30:00+00:00,0.47669,0.47756,0.4693,0.46997,3301193.0
2023-04-20 17:00:00+00:00,0.46997,0.4733,0.46453,0.47254,5832916.0
2023-04-20 17:30:00+00:00,0.47254,0.47338,0.46911,0.46919,1703714.0
2023-04-20 18:00:00+00:00,0.46919,0.47274,0.46778,0.46811,2262584.0
2023-04-20 18:30:00+00:00,0.46811,0.4715,0.46775,0.47114,840724.0
2023-04-20 19:00:00+00:00,0.47114,0.47118,0.46775,0.4682,1731349.0
2023-04-20 19:30:00+00:00,0.4682,0.47194,0.46789,0.47053,1731090.0
2023-04-20 20:00:00+00:00,0.47053,0.472,0.468,0.47106,675355.0
2023-04-20 20:30:00+00:00,0.47106,0.4722,0.47054,0.47082,1172655.0
2023-04-20 21:00:00+00:00,0.47082,0.47226,0.46997,0.47125,1157203.0
2023-04-20 21:30:00+00:00,0.47125,0.4721,0.47054,0.472,771809.0
2023-04-20 22:00:00+00:00,0.472,0.47399,0.471,0.47252,1994161.0
2023-04-20 22:30:00+00:00,0.47252,0.47275,0.47106,0.47248,575537.0
2023-04-20 23:00:00+00:00,0.47248,0.47423,0.47227,0.47298,391232.0
2023-04-20 23:30:00+00:00,0.47298,0.47516,0.4723,0.47484,791992.0
2023-04-21 00:00:00+00:00,0.47484,0.47695,0.47191,0.47247,2460304.0
2023-04-21 00:30:00+00:00,0.47247,0.47561,0.47107,0.474,1934750.0
2023-04-21 01:00:00+00:00,0.474,0.47509,0.47202,0.47228,1058237.0
2023-04-21 01:30:00+00:00,0.47228,0.47388,0.47209,0.4723,334669.0
2023-05-07 17:30:00+00:00,0.45651,0.45685,0.45586,0.45629,280398.0
2023-05-07 18:00:00+00:00,0.45629,0.45702,0.45606,0.4569,204163.0
2023-05-07 18:30:00+00:00,0.4569,0.45767,0.45612,0.45616,126362.0
2023-05-07 19:00:00+00:00,0.45616,0.45618,0.45444,0.45534,2378965.0
2023-05-07 19:30:00+00:00,0.45534,0.4556,0.45437,0.45525,687745.0
2023-05-07 20:00:00+00:00,0.45525,0.45623,0.45486,0.45618,494051.0
2023-05-07 20:30:00+00:00,0.45618,0.4564,0.45583,0.45605,180309.0
2023-05-07 21:00:00+00:00,0.45605,0.45677,0.45505,0.45674,202345.0
2023-05-07 21:30:00+00:00,0.45674,0.45686,0.45463,0.45501,345397.0
2023-05-07 22:00:00+00:00,0.45501,0.4552,0.45281,0.45381,2455792.0
2023-05-07 22:30:00+00:00,0.45381,0.45439,0.45352,0.45397,695151.0
2023-05-07 23:00:00+00:00,0.45397,0.45438,0.45333,0.45368,441299.0
2023-05-07 23:30:00+00:00,0.45368,0.45468,0.44502,0.44838,6227587.0
2023-05-08 00:00:00+00:00,0.44838,0.45074,0.44577,0.4497,1462324.0
2023-05-08 00:30:00+00:00,0.4497,0.45056,0.44877,0.45021,625232.0
2023-05-08 01:00:00+00:00,0.45021,0.45042,0.4457,0.44612,1129312.0
2023-05-08 01:30:00+00:00,0.44612,0.44856,0.42188,0.43783,19700039.0
2023-05-08 02:00:00+00:00,0.43783,0.4393,0.43574,0.43811,2618435.0
2023-05-08 02:30:00+00:00,0.43811,0.43919,0.43684,0.43913,645653.0
2023-05-08 03:00:00+00:00,0.43913,0.43922,0.43601,0.43613,1539699.0
2023-05-08 03:30:00+00:00,0.43613,0.4379,0.4352,0.43778,2053121.0
2023-05-08 04:00:00+00:00,0.43778,0.43798,0.43512,0.43512,1271316.0
2023-05-08 04:30:00+00:00,0.43512,0.43649,0.43463,0.4349,2182830.0
2023-05-08 05:00:00+00:00,0.4349,0.437,0.43475,0.43653,666964.0
2023-05-08 05:30:00+00:00,0.43653,0.43911,0.43622,0.43839,864808.0
2023-05-08 06:00:00+00:00,0.43839,0.44036,0.43794,0.43985,976733.0
2023-05-08 06:30:00+00:00,0.43985,0.44012,0.43727,0.43825,798126.0
2023-05-08 07:00:00+00:00,0.43825,0.43832,0.43608,0.43681,1400143.0
2023-05-08 07:30:00+00:00,0.43681,0.43764,0.4319,0.4352,1587214.0
2023-05-08 08:00:00+00:00,0.4352,0.43562,0.43331,0.43358,1800163.0
2023-05-08 08:30:00+00:00,0.43358,0.43373,0.43081,0.43174,3600779.0
2023-05-08 09:00:00+00:00,0.43174,0.43456,0.43123,0.43437,1197402.0
2023-05-08 09:30:00+00:00,0.43437,0.43446,0.4327,0.43419,787399.0
2023-05-08 10:00:00+00:00,0.43419,0.43481,0.43362,0.4348,597576.0
2023-05-08 10:30:00+00:00,0.4348,0.43596,0.43415,0.4357,726452.0
2023-05-08 11:00:00+00:00,0.4357,0.43649,0.43512,0.43585,1384118.0
2023-05-08 11:30:00+00:00,0.43585,0.43696,0.43543,0.43608,887262.0
2023-05-08 12:00:00+00:00,0.43608,0.43694,0.43499,0.43553,1180637.0
2023-05-08 12:30:00+00:00,0.43553,0.43554,0.43423,0.43486,1705491.0
2023-05-08 13:00:00+00:00,0.43486,0.43707,0.43404,0.43611,2340230.0
2023-05-08 13:30:00+00:00,0.43611,0.43611,0.43255,0.43311,4265460.0
2023-05-08 14:00:00+00:00,0.43311,0.43415,0.43221,0.43381,2064182.0
2023-05-08 14:30:00+00:00,0.43381,0.436,0.43283,0.43566,1896692.0
2023-05-08 15:00:00+00:00,0.43566,0.43642,0.43375,0.4347,1038858.0
2023-05-08 15:30:00+00:00,0.4347,0.43492,0.43275,0.43315,974122.0
2023-05-08 16:00:00+00:00,0.43315,0.43366,0.43161,0.43248,1313519.0
2023-05-08 16:30:00+00:00,0.43248,0.43248,0.42925,0.43041,1406071.0
2023-05-08 17:00:00+00:00,0.43041,0.43125,0.42832,0.42998,2462232.0
2023-05-08 17:30:00+00:00,0.42998,0.43074,0.41855,0.41864,10202205.0
2023-05-08 18:00:00+00:00,0.41864,0.42218,0.40806,0.41939,10713727.0
2023-05-08 18:30:00+00:00,0.41939,0.4206,0.41744,0.4188,2428254.0
2023-05-08 19:00:00+00:00,0.4188,0.4225,0.41824,0.4225,1741554.0
2023-05-08 19:30:00+00:00,0.4225,0.4225,0.41901,0.41973,647834.0
2023-05-08 20:00:00+00:00,0.41973,0.42272,0.41915,0.42218,1228539.0
2023-05-08 20:30:00+00:00,0.42218,0.42292,0.42155,0.42249,681522.0
2023-05-08 21:00:00+00:00,0.42249,0.42259,0.42025,0.42251,1879710.0
2023-05-08 21:30:00+00:00,0.42251,0.42576,0.42221,0.42368,2473398.0
2023-05-08 22:00:00+00:00,0.42368,0.42497,0.42314,0.42351,669148.0
2023-05-08 22:30:00+00:00,0.42351,0.42573,0.42296,0.4255,1106324.0
2023-05-08 23:00:00+00:00,0.4255,0.42856,0.42519,0.42676,1241251.0
2023-05-08 23:30:00+00:00,0.42676,0.429,0.42647,0.4278,530897.0
2023-05-09 00:00:00+00:00,0.4278,0.42828,0.4255,0.42587,890191.0
2023-05-09 00:30:00+00:00,0.42587,0.4264,0.42466,0.42548,562150.0
2023-05-09 01:00:00+00:00,0.42548,0.42828,0.42466,0.42624,1146150.0
2023-05-09 01:30:00+00:00,0.42624,0.4275,0.4243,0.42496,595831.0
2023-05-09 02:00:00+00:00,0.42496,0.42496,0.42228,0.42387,882423.0
2023-05-09 02:30:00+00:00,0.42387,0.42616,0.42366,0.42592,680308.0
2023-05-09 03:00:00+00:00,0.42592,0.42607,0.42398,0.42398,303593.0
2023-05-09 03:30:00+00:00,0.42398,0.42456,0.42269,0.42345,714327.0
2023-05-09 04:00:00+00:00,0.42345,0.42458,0.4227,0.42442,369644.0
2023-05-09 04:30:00+00:00,0.42442,0.42526,0.42365,0.42468,242470.0
2023-05-09 05:00:00+00:00,0.42468,0.42558,0.42404,0.42533,849350.0
2023-05-09 05:30:00+00:00,0.42533,0.42689,0.42528,0.42598,848829.0
2023-05-09 06:00:00+00:00,0.42598,0.4265,0.42307,0.42329,575419.0
2023-05-09 06:30:00+00:00,0.42329,0.42405,0.421,0.42177,2135633.0
2023-05-09 07:00:00+00:00,0.42177,0.4238,0.42001,0.42365,1994607.0
2023-05-09 07:30:00+00:00,0.42365,0.42567,0.42324,0.42563,496789.0
2023-05-09 08:00:00+00:00,0.42563,0.4257,0.42242,0.42271,978016.0
2023-05-09 08:30:00+00:00,0.42271,0.42311,0.42095,0.42144,1316233.0
2023-05-09 09:00:00+00:00,0.42144,0.42196,0.42052,0.42196,672113.0
2023-05-09 09:30:00+00:00,0.42196,0.42432,0.4212,0.42332,625079.0
2023-05-09 10:00:00+00:00,0.42332,0.424,0.4217,0.42399,374940.0
2023-05-09 10:30:00+00:00,0.42399,0.42437,0.42291,0.42354,242701.0
2023-05-09 11:00:00+00:00,0.42354,0.42405,0.42014,0.42255,1680559.0
2023-05-09 11:30:00+00:00,0.42255,0.42481,0.42255,0.42398,1764974.0
2023-05-09 12:00:00+00:00,0.42398,0.4252,0.42332,0.42429,700835.0
2023-05-09 12:30:00+00:00,0.42429,0.42612,0.42418,0.42609,1090198.0
2023-05-09 13:00:00+00:00,0.42609,0.42653,0.4246,0.42569,2634907.0
2023-05-09 13:30:00+00:00,0.42569,0.42599,0.42356,0.42455,947510.0
2023-05-09 14:00:00+00:00,0.42455,0.42502,0.42332,0.4245,723671.0
2023-05-09 14:30:00+00:00,0.4245,0.42632,0.42424,0.42447,2366286.0
2023-05-09 15:00:00+00:00,0.42447,0.42529,0.42251,0.42308,1097299.0
2023-05-09 15:30:00+00:00,0.42308,0.42352,0.42089,0.42142,1311701.0
2023-05-09 16:00:00+00:00,0.42142,0.42274,0.42089,0.42233,709006.0
2023-05-09 16:30:00+00:00,0.42233,0.42427,0.42224,0.42406,443065.0
2023-05-09 17:00:00+00:00,0.42406,0.42539,0.42241,0.42332,1117418.0
2023-05-09 17:30:00+00:00,0.42332,0.42386,0.4214,0.4215,149621.0
2023-05-09 18:00:00+00:00,0.4215,0.42228,0.42106,0.42187,292398.0
2023-05-09 18:30:00+00:00,0.42187,0.4234,0.421,0.42172,552975.0
2023-05-09 19:00:00+00:00,0.42172,0.42467,0.42153,0.42461,516456.0
2023-05-09 19:30:00+00:00,0.42461,0.42483,0.42379,0.42463,370098.0
2023-05-09 20:00:00+00:00,0.42463,0.42626,0.42463,0.42607,710835.0
2023-05-09 20:30:00+00:00,0.42607,0.42607,0.42397,0.42464,214020.0
2023-05-09 21:00:00+00:00,0.42464,0.42518,0.42404,0.42517,223369.0
2023-05-09 21:30:00+00:00,0.42517,0.42601,0.42446,0.4247,431762.0
2023-05-09 22:00:00+00:00,0.4247,0.42583,0.42427,0.42582,208911.0
2023-05-09 22:30:00+00:00,0.42582,0.42583,0.4251,0.42574,175874.0
2023-05-09 23:00:00+00:00,0.42574,0.42749,0.42574,0.42693,1258052.0
2023-05-09 23:30:00+00:00,0.42693,0.42997,0.42693,0.42815,2389954.0
2023-05-10 00:00:00+00:00,0.42815,0.42961,0.42699,0.42825,810454.0
2023-05-10 00:30:00+00:00,0.42825,0.42912,0.42692,0.42854,308972.0
2023-05-10 01:00:00+00:00,0.42854,0.43074,0.4285,0.42986,1089732.0
2023-05-10 01:30:00+00:00,0.42986,0.43326,0.42955,0.43221,2357494.0
2023-05-10 02:00:00+00:00,0.43221,0.43239,0.43078,0.43185,818150.0
2023-05-10 02:30:00+00:00,0.43185,0.43211,0.42998,0.43132,532345.0
2023-05-10 03:00:00+00:00,0.43132,0.43222,0.43123,0.43169,890744.0
2023-05-10 03:30:00+00:00,0.43169,0.43177,0.42804,0.42821,1610264.0
2023-05-10 04:00:00+00:00,0.42821,0.42889,0.42724,0.42762,434160.0
2023-05-10 04:30:00+00:00,0.42762,0.4305,0.42761,0.42999,1280126.0
2023-05-10 05:00:00+00:00,0.42999,0.43113,0.4291,0.43038,2327487.0
2023-05-10 05:30:00+00:00,0.43038,0.4308,0.42959,0.43049,212600.0
2023-05-10 06:00:00+00:00,0.43049,0.43051,0.42599,0.42647,1517455.0
2023-05-10 06:30:00+00:00,0.42647,0.42777,0.42611,0.42752,878952.0
2023-05-10 07:00:00+00:00,0.42752,0.42777,0.42603,0.42729,580629.0
2023-05-10 07:30:00+00:00,0.42729,0.42835,0.42545,0.42551,1011417.0
2023-05-10 08:00:00+00:00,0.42551,0.4263,0.4241,0.4241,1683154.0
2023-05-10 08:30:00+00:00,0.4241,0.42482,0.42288,0.42353,1584823.0
2023-05-10 09:00:00+00:00,0.42353,0.42512,0.42336,0.42451,682390.0
2023-05-10 09:30:00+00:00,0.42451,0.42541,0.42412,0.42498,593774.0
2023-05-10 10:00:00+00:00,0.42498,0.42604,0.42417,0.42446,939554.0
2023-05-10 10:30:00+00:00,0.42446,0.42632,0.42445,0.42617,672322.0
2023-05-10 11:00:00+00:00,0.42617,0.42652,0.42552,0.42586,324848.0
2023-05-10 11:30:00+00:00,0.42586,0.42605,0.42459,0.42552,491351.0
2023-05-10 12:00:00+00:00,0.42552,0.42588,0.42313,0.42436,1075018.0
2023-05-10 12:30:00+00:00,0.42436,0.43289,0.42436,0.43095,7678253.0
2023-05-10 13:00:00+00:00,0.43095,0.43271,0.42939,0.43002,1523793.0
2023-05-10 13:30:00+00:00,0.43002,0.43118,0.42925,0.43078,1265803.0
2023-05-10 14:00:00+00:00,0.43078,0.43178,0.42954,0.43079,2798422.0
2023-05-10 14:30:00+00:00,0.43079,0.43125,0.42872,0.42972,651970.0
2023-05-10 15:00:00+00:00,0.42972,0.4302,0.42842,0.42851,367502.0
2023-05-10 15:30:00+00:00,0.42851,0.4306,0.42851,0.42937,2032790.0
2023-05-10 16:00:00+00:00,0.42937,0.43053,0.42911,0.43004,1502295.0
2023-05-10 16:30:00+00:00,0.43004,0.43026,0.42883,0.42901,301100.0
2023-05-10 17:00:00+00:00,0.42901,0.42951,0.41019,0.41732,9156173.0
2023-05-10 17:30:00+00:00,0.41732,0.42199,0.41662,0.42187,2935127.0
2023-05-10 18:00:00+00:00,0.42187,0.42328,0.4208,0.42288,718688.0
2023-05-10 18:30:00+00:00,0.42288,0.42417,0.42263,0.42411,411748.0
2023-05-10 19:00:00+00:00,0.42411,0.42972,0.42384,0.42802,1690705.0
2023-05-10 19:30:00+00:00,0.42802,0.43033,0.42781,0.42944,267349.0
2023-05-10 20:00:00+00:00,0.42944,0.43331,0.42892,0.43122,1206358.0
2023-05-10 20:30:00+00:00,0.43122,0.43348,0.43116,0.43116,830539.0
2023-05-10 21:00:00+00:00,0.43116,0.43151,0.42675,0.42955,1113178.0
2023-05-10 21:30:00+00:00,0.42955,0.42982,0.42756,0.42819,992685.0
2023-05-10 22:00:00+00:00,0.42819,0.42979,0.4279,0.42812,545543.0
2023-05-10 22:30:00+00:00,0.42812,0.43041,0.42806,0.43017,686502.0
2023-05-10 23:00:00+00:00,0.43017,0.43111,0.42967,0.42977,513621.0
2023-05-10 23:30:00+00:00,0.42977,0.43101,0.42939,0.42972,307498.0
2023-05-11 00:00:00+00:00,0.42972,0.43,0.427,0.42777,860971.0
2023-05-11 00:30:00+00:00,0.42777,0.42797,0.42534,0.42651,1150092.0
2023-05-11 01:00:00+00:00,0.42651,0.42853,0.42631,0.42744,742947.0
2023-05-11 01:30:00+00:00,0.42744,0.42832,0.42595,0.42832,889630.0
2023-05-11 02:00:00+00:00,0.42832,0.42832,0.4268,0.42699,348662.0
2023-05-11 02:30:00+00:00,0.42699,0.42812,0.4262,0.4281,644711.0
2023-05-11 03:00:00+00:00,0.4281,0.42813,0.42611,0.42754,521382.0
2023-05-11 03:30:00+00:00,0.42754,0.4289,0.4269,0.4281,738054.0
2023-05-11 04:00:00+00:00,0.4281,0.42891,0.42778,0.42785,559471.0
2023-05-11 04:30:00+00:00,0.42785,0.42832,0.42717,0.42824,335795.0
2023-05-11 05:00:00+00:00,0.42824,0.42838,0.42642,0.42789,406414.0
2023-05-11 05:30:00+00:00,0.42789,0.42822,0.42679,0.4279,560657.0
2023-05-11 06:00:00+00:00,0.4279,0.42812,0.42566,0.42621,1729438.0
2023-05-11 06:30:00+00:00,0.42621,0.42681,0.42333,0.42587,2193940.0
2023-05-11 07:00:00+00:00,0.42587,0.42722,0.42558,0.42657,874615.0
2023-05-11 07:30:00+00:00,0.42657,0.42716,0.42464,0.42487,904669.0
2023-05-11 08:00:00+00:00,0.42487,0.42487,0.42118,0.42183,2551994.0
2023-05-11 08:30:00+00:00,0.42183,0.42379,0.421,0.42161,1031499.0
2023-05-11 09:00:00+00:00,0.42161,0.42292,0.42105,0.4228,1060571.0
2023-05-11 09:30:00+00:00,0.4228,0.42346,0.42254,0.42324,848130.0
2023-05-11 10:00:00+00:00,0.42324,0.42402,0.42258,0.424,704554.0
2023-05-11 10:30:00+00:00,0.424,0.42467,0.4239,0.42401,586376.0
2023-05-11 11:00:00+00:00,0.42401,0.42517,0.42369,0.42439,1092838.0
2023-05-11 11:30:00+00:00,0.42439,0.42517,0.42315,0.42467,835391.0
2023-05-11 12:00:00+00:00,0.42467,0.42612,0.42448,0.42589,1117810.0
2023-05-11 12:30:00+00:00,0.42589,0.42731,0.4215,0.4222,3096783.0
2023-05-11 13:00:00+00:00,0.4222,0.42302,0.42009,0.42143,1709041.0
2023-05-11 13:30:00+00:00,0.42143,0.42294,0.41786,0.42023,2470301.0
2023-05-11 14:00:00+00:00,0.42023,0.42081,0.41708,0.41944,1960226.0
2023-05-11 14:30:00+00:00,0.41944,0.41998,0.41616,0.41899,2479197.0
2023-05-11 15:00:00+00:00,0.41899,0.41996,0.41771,0.41951,1549690.0
2023-05-11 15:30:00+00:00,0.41951,0.42012,0.41879,0.41921,814819.0
2023-05-11 16:00:00+00:00,0.41921,0.42019,0.41885,0.41931,454705.0
2023-05-11 16:30:00+00:00,0.41931,0.4201,0.41761,0.41782,410179.0
2023-05-11 17:00:00+00:00,0.41782,0.41811,0.41165,0.41407,3457793.0
2023-05-11 17:30:00+00:00,0.41407,0.41576,0.41289,0.41352,1124747.0
2023-05-11 18:00:00+00:00,0.41352,0.41352,0.41117,0.41262,753475.0
2023-05-11 18:30:00+00:00,0.41262,0.41571,0.41213,0.41514,585522.0
2023-05-11 19:00:00+00:00,0.41514,0.4165,0.41454,0.41522,835036.0
2023-05-11 19:30:00+00:00,0.41522,0.41579,0.4128,0.4157,615499.0
2023-05-11 20:00:00+00:00,0.4157,0.41808,0.41526,0.41803,589375.0
2023-05-11 20:30:00+00:00,0.41803,0.41882,0.4172,0.41872,429989.0
2023-05-11 21:00:00+00:00,0.41872,0.41976,0.41831,0.41934,378679.0
2023-05-28 13:00:00+00:00,0.47196,0.47221,0.47114,0.47183,908106.0
2023-05-28 13:30:00+00:00,0.47183,0.47245,0.47182,0.47237,449688.0
2023-05-28 14:00:00+00:00,0.47237,0.47249,0.47152,0.47152,938037.0
2023-05-28 14:30:00+00:00,0.47152,0.47246,0.47152,0.47184,971470.0
2023-05-28 15:00:00+00:00,0.47184,0.4719,0.47115,0.47163,840294.0
2023-05-28 15:30:00+00:00,0.47163,0.47198,0.47107,0.47193,663376.0
2023-05-28 16:00:00+00:00,0.47193,0.47238,0.47127,0.47224,609318.0
2023-05-28 16:30:00+00:00,0.47224,0.47258,0.47183,0.47246,380802.0
2023-05-28 17:00:00+00:00,0.47246,0.47281,0.47195,0.47236,693330.0
2023-05-28 17:30:00+00:00,0.47236,0.47831,0.47223,0.47663,4259297.0
2023-05-28 18:00:00+00:00,0.47663,0.47812,0.47508,0.4768,1864411.0
2023-05-28 18:30:00+00:00,0.4768,0.47798,0.476,0.47676,1494803.0
2023-05-28 19:00:00+00:00,0.47676,0.48,0.47656,0.47822,2081320.0
2023-05-28 19:30:00+00:00,0.47822,0.47919,0.47623,0.47663,1556176.0
2023-05-28 20:00:00+00:00,0.47663,0.47778,0.47656,0.47714,593402.0
2023-05-28 20:30:00+00:00,0.47714,0.47758,0.47673,0.47734,401682.0
2023-05-28 21:00:00+00:00,0.47734,0.4792,0.47681,0.4788,615761.0
2023-05-28 21:30:00+00:00,0.4788,0.48259,0.47866,0.48161,3705994.0
2023-05-28 22:00:00+00:00,0.48161,0.48596,0.48161,0.48403,5646091.0
2023-05-28 22:30:00+00:00,0.48403,0.48478,0.48103,0.48349,2619282.0
2023-05-28 23:00:00+00:00,0.48349,0.48378,0.48172,0.48177,1375762.0
2023-05-28 23:30:00+00:00,0.48177,0.4828,0.48165,0.48171,736428.0
2023-05-29 00:00:00+00:00,0.48171,0.48525,0.4817,0.48352,2004729.0
2023-05-29 00:30:00+00:00,0.48352,0.48386,0.48192,0.48208,1953257.0
2023-05-29 01:00:00+00:00,0.48208,0.48237,0.47988,0.48117,3027259.0
2023-05-29 01:30:00+00:00,0.48117,0.48178,0.48011,0.48158,1507870.0
2023-05-29 02:00:00+00:00,0.48158,0.48252,0.48065,0.48216,1867382.0
2023-05-29 02:30:00+00:00,0.48216,0.48354,0.48136,0.48229,1144100.0
2023-05-29 03:00:00+00:00,0.48229,0.48244,0.48033,0.4814,1997830.0
2023-05-29 03:30:00+00:00,0.4814,0.48208,0.48047,0.48052,1065444.0
2023-05-29 04:00:00+00:00,0.48052,0.48098,0.47681,0.47859,4232508.0
2023-05-29 04:30:00+00:00,0.47859,0.4801,0.47859,0.47994,1125319.0
2023-05-29 05:00:00+00:00,0.47994,0.48128,0.47905,0.48096,972885.0
2023-05-29 05:30:00+00:00,0.48096,0.48184,0.48061,0.48182,1823712.0
2023-05-29 06:00:00+00:00,0.48182,0.48288,0.47996,0.47998,2626743.0
2023-05-29 06:30:00+00:00,0.47998,0.48047,0.47904,0.48005,1187071.0
2023-05-29 07:00:00+00:00,0.48005,0.48007,0.47873,0.47915,874157.0
2023-05-29 07:30:00+00:00,0.47915,0.48085,0.47887,0.48036,826569.0
2023-05-29 08:00:00+00:00,0.48036,0.48036,0.47895,0.47895,593880.0
2023-05-29 08:30:00+00:00,0.47895,0.47963,0.47829,0.47963,885100.0
2023-05-29 09:00:00+00:00,0.47963,0.47988,0.47773,0.47833,1926905.0
2023-05-29 09:30:00+00:00,0.47833,0.47961,0.47816,0.47841,803783.0
2023-05-29 10:00:00+00:00,0.47841,0.47959,0.47829,0.47901,505522.0
2023-05-29 10:30:00+00:00,0.47901,0.48008,0.47811,0.47878,724488.0
2023-05-29 11:00:00+00:00,0.47878,0.47938,0.47719,0.47931,1291637.0
2023-05-29 11:30:00+00:00,0.47931,0.48018,0.4789,0.48013,996136.0
2023-05-29 12:00:00+00:00,0.48013,0.48068,0.47915,0.48062,1290843.0
2023-05-29 12:30:00+00:00,0.48062,0.48078,0.48,0.48049,849518.0
2023-05-29 13:00:00+00:00,0.48049,0.48098,0.47961,0.4806,948055.0
2023-05-29 13:30:00+00:00,0.4806,0.4806,0.47933,0.4803,897606.0
2023-05-29 14:00:00+00:00,0.4803,0.48237,0.48029,0.48096,2642224.0
2023-05-29 14:30:00+00:00,0.48096,0.48099,0.47873,0.48016,2826224.0
2023-05-29 15:00:00+00:00,0.48016,0.4815,0.47957,0.47968,2289323.0
2023-05-29 15:30:00+00:00,0.47968,0.48058,0.47793,0.47856,2420247.0
2023-05-29 16:00:00+00:00,0.47856,0.47986,0.47474,0.478,5616177.0
2023-05-29 16:30:00+00:00,0.478,0.47998,0.47768,0.47961,2817686.0
2023-05-29 17:00:00+00:00,0.47961,0.48684,0.47896,0.48291,5206838.0
2023-05-29 17:30:00+00:00,0.48291,0.48482,0.48217,0.48434,2523280.0
2023-05-29 18:00:00+00:00,0.48434,0.48493,0.48228,0.484,2167718.0
2023-05-29 18:30:00+00:00,0.484,0.48622,0.48378,0.48599,2063927.0
2023-05-29 19:00:00+00:00,0.48599,0.4938,0.4852,0.49273,9300038.0
2023-05-29 19:30:00+00:00,0.49273,0.49397,0.47945,0.48453,11930454.0
2023-05-29 20:00:00+00:00,0.48453,0.48708,0.48361,0.48685,2279477.0
2023-05-29 20:30:00+00:00,0.48685,0.48864,0.48544,0.48805,2764743.0
2023-05-29 21:00:00+00:00,0.48805,0.48828,0.48596,0.48624,1192361.0
2023-05-29 21:30:00+00:00,0.48624,0.49163,0.48624,0.48891,2727609.0
2023-05-29 22:00:00+00:00,0.48891,0.49168,0.48677,0.48861,3457858.0
2023-05-29 22:30:00+00:00,0.48861,0.49472,0.48856,0.49273,10427824.0
2023-05-29 23:00:00+00:00,0.49273,0.49388,0.4913,0.49221,2291017.0
2023-05-29 23:30:00+00:00,0.49221,0.49415,0.49219,0.49397,2373057.0
2023-05-30 00:00:00+00:00,0.49397,0.4974,0.49384,0.49694,6532381.0
2023-05-30 00:30:00+00:00,0.49694,0.49728,0.49221,0.49314,4926199.0
2023-05-30 01:00:00+00:00,0.49314,0.49362,0.49087,0.49107,4256881.0
2023-05-30 01:30:00+00:00,0.49107,0.49238,0.4901,0.49033,1822269.0
2023-05-30 02:00:00+00:00,0.49033,0.49182,0.48922,0.49174,2262359.0
2023-05-30 02:30:00+00:00,0.49174,0.49238,0.49034,0.49085,1451473.0
2023-05-30 03:00:00+00:00,0.49085,0.49438,0.49085,0.49424,2738517.0
2023-05-30 03:30:00+00:00,0.49424,0.49812,0.49361,0.49659,7283310.0
2023-05-30 04:00:00+00:00,0.49659,0.50195,0.49551,0.50051,9999720.0
2023-05-30 04:30:00+00:00,0.50051,0.50381,0.499,0.50277,6111825.0
2023-05-30 05:00:00+00:00,0.50277,0.5045,0.49912,0.4996,6373146.0
2023-05-30 05:30:00+00:00,0.4996,0.50229,0.49931,0.50027,3946660.0
2023-05-30 06:00:00+00:00,0.50027,0.50152,0.49727,0.49807,5267818.0
2023-05-30 06:30:00+00:00,0.49807,0.50048,0.49807,0.49963,2042474.0
2023-05-30 07:00:00+00:00,0.49963,0.50109,0.49682,0.50029,4565774.0
2023-05-30 07:30:00+00:00,0.50029,0.50232,0.4996,0.50076,3757136.0
2023-05-30 08:00:00+00:00,0.50076,0.50329,0.49929,0.50285,6646294.0
2023-05-30 08:30:00+00:00,0.50285,0.50539,0.50154,0.50166,4942446.0
2023-05-30 09:00:00+00:00,0.50166,0.50243,0.49956,0.49999,3184145.0
2023-05-30 09:30:00+00:00,0.49999,0.50079,0.49898,0.49967,3259166.0
2023-05-30 10:00:00+00:00,0.49967,0.50007,0.49825,0.49926,2206780.0
2023-05-30 10:30:00+00:00,0.49926,0.50182,0.49926,0.50065,3167080.0
2023-05-30 11:00:00+00:00,0.50065,0.50218,0.5003,0.50188,2021489.0
2023-05-30 11:30:00+00:00,0.50188,0.50215,0.50072,0.502,1191715.0
2023-05-30 12:00:00+00:00,0.502,0.502,0.49723,0.49849,5650609.0
2023-05-30 12:30:00+00:00,0.49849,0.50089,0.49818,0.49937,4040208.0
2023-05-30 13:00:00+00:00,0.49937,0.50077,0.49864,0.50054,1635661.0
2023-05-30 13:30:00+00:00,0.50054,0.50062,0.4976,0.49875,1345328.0
2023-05-30 14:00:00+00:00,0.49875,0.49999,0.49704,0.49759,1931529.0
2023-05-30 14:30:00+00:00,0.49759,0.49883,0.4932,0.49578,7110870.0
2023-05-30 15:00:00+00:00,0.49578,0.49763,0.49534,0.49749,1972210.0
2023-05-30 15:30:00+00:00,0.49749,0.5088,0.49749,0.50391,10049460.0
2023-05-30 16:00:00+00:00,0.50391,0.52467,0.50202,0.51826,38864729.0
2023-05-30 16:30:00+00:00,0.51826,0.5202,0.51476,0.51817,11159026.0
2023-05-30 17:00:00+00:00,0.51817,0.52374,0.51799,0.52264,8835386.0
2023-05-30 17:30:00+00:00,0.52264,0.52378,0.52052,0.52357,7675990.0
2023-05-30 18:00:00+00:00,0.52357,0.52457,0.51763,0.5185,7710725.0
2023-05-30 18:30:00+00:00,0.5185,0.52428,0.5185,0.52108,3868202.0
2023-05-30 19:00:00+00:00,0.52108,0.52467,0.52108,0.52322,2560658.0
2023-05-30 19:30:00+00:00,0.52322,0.52572,0.51903,0.51966,8466209.0
2023-05-30 20:00:00+00:00,0.51966,0.52244,0.51863,0.52188,5929470.0
2023-05-30 20:30:00+00:00,0.52188,0.524,0.52168,0.52298,2770298.0
2023-05-30 21:00:00+00:00,0.52298,0.52868,0.50834,0.51725,15212709.0
2023-05-30 21:30:00+00:00,0.51725,0.52721,0.51178,0.51958,16830620.0
2023-05-30 22:00:00+00:00,0.51958,0.52074,0.51726,0.51864,3690475.0
2023-05-30 22:30:00+00:00,0.51864,0.52201,0.51864,0.52123,2362424.0
2023-05-30 23:00:00+00:00,0.52123,0.52266,0.51881,0.52217,2756306.0
2023-05-30 23:30:00+00:00,0.52217,0.52278,0.51988,0.5199,2083578.0
2023-05-31 00:00:00+00:00,0.5199,0.52153,0.51679,0.51708,6062259.0
2023-05-31 00:30:00+00:00,0.51708,0.51828,0.516,0.51767,3737396.0
2023-05-31 01:00:00+00:00,0.51767,0.52228,0.51676,0.522,4409207.0
2023-05-31 01:30:00+00:00,0.522,0.5235,0.52037,0.52104,3048283.0
2023-05-31 02:00:00+00:00,0.52104,0.52128,0.51759,0.52056,3720855.0
2023-05-31 02:30:00+00:00,0.52056,0.52404,0.51972,0.52353,3329902.0
2023-05-31 03:00:00+00:00,0.52353,0.52653,0.52229,0.5261,6362142.0
2023-05-31 03:30:00+00:00,0.5261,0.52748,0.5248,0.52681,5531705.0
2023-05-31 04:00:00+00:00,0.52681,0.52708,0.52226,0.52345,7768259.0
2023-05-31 04:30:00+00:00,0.52345,0.52367,0.51658,0.51786,12028183.0
2023-05-31 05:00:00+00:00,0.51786,0.51976,0.51533,0.51715,9006172.0
2023-05-31 05:30:00+00:00,0.51715,0.51715,0.50888,0.51218,13738543.0
2023-05-31 06:00:00+00:00,0.51218,0.51708,0.51041,0.51688,8658984.0
2023-05-31 06:30:00+00:00,0.51688,0.51827,0.5144,0.51747,4460081.0
2023-05-31 07:00:00+00:00,0.51747,0.51764,0.51321,0.51383,4786706.0
2023-05-31 07:30:00+00:00,0.51383,0.51383,0.50766,0.50859,8632220.0
2023-05-31 08:00:00+00:00,0.50859,0.51103,0.5053,0.50595,5568816.0
2023-05-31 08:30:00+00:00,0.50595,0.50697,0.50219,0.50245,6835627.0
2023-05-31 09:00:00+00:00,0.50245,0.50554,0.50079,0.50478,7694554.0
2023-05-31 09:30:00+00:00,0.50478,0.50719,0.50341,0.50667,3445434.0
2023-05-31 10:00:00+00:00,0.50667,0.50685,0.50391,0.50459,3038266.0
2023-05-31 10:30:00+00:00,0.50459,0.50618,0.50428,0.50604,2161821.0
2023-05-31 11:00:00+00:00,0.50604,0.51057,0.50536,0.51022,4415593.0
2023-05-31 11:30:00+00:00,0.51022,0.51336,0.50937,0.51081,6053812.0
2023-05-31 12:00:00+00:00,0.51081,0.51233,0.5079,0.50983,3618010.0
2023-05-31 12:30:00+00:00,0.50983,0.51068,0.5076,0.50827,2773754.0
2023-05-31 13:00:00+00:00,0.50827,0.51364,0.50827,0.51265,3976733.0
2023-05-31 13:30:00+00:00,0.51265,0.51348,0.51019,0.51033,3462727.0
2023-05-31 14:00:00+00:00,0.51033,0.51201,0.5058,0.50959,7566232.0
2023-05-31 14:30:00+00:00,0.50959,0.51258,0.50896,0.51107,4192044.0
2023-05-31 15:00:00+00:00,0.51107,0.51107,0.507,0.50766,3833668.0
2023-05-31 15:30:00+00:00,0.50766,0.5084,0.50085,0.50469,8507578.0
2023-05-31 16:00:00+00:00,0.50469,0.50679,0.50327,0.50459,2343450.0
2023-05-31 16:30:00+00:00,0.50459,0.50475,0.50065,0.50299,3164246.0
2023-05-31 17:00:00+00:00,0.50299,0.50569,0.502,0.50484,2046098.0
2023-05-31 17:30:00+00:00,0.50484,0.5091,0.50468,0.50825,2766419.0
2023-05-31 18:00:00+00:00,0.50825,0.512,0.50761,0.51134,2442293.0
2023-05-31 18:30:00+00:00,0.51134,0.51431,0.51018,0.51368,2249725.0
2023-05-31 19:00:00+00:00,0.51368,0.5143,0.51137,0.51158,2448168.0
2023-05-31 19:30:00+00:00,0.51158,0.51598,0.51097,0.51388,2505063.0
2023-05-31 20:00:00+00:00,0.51388,0.51608,0.51337,0.51564,1896256.0
2023-05-31 20:30:00+00:00,0.51564,0.51678,0.51386,0.51405,3030427.0
2023-05-31 21:00:00+00:00,0.51405,0.51508,0.51251,0.51399,2547823.0
2023-05-31 21:30:00+00:00,0.51399,0.51567,0.51133,0.51272,1755383.0
2023-05-31 22:00:00+00:00,0.51272,0.51604,0.51192,0.51523,2163243.0
2023-05-31 22:30:00+00:00,0.51523,0.51953,0.5139,0.51867,4590921.0
2023-05-31 23:00:00+00:00,0.51867,0.51913,0.51644,0.51905,2843909.0
2023-05-31 23:30:00+00:00,0.51905,0.51938,0.51604,0.51637,2718011.0
2023-06-01 00:00:00+00:00,0.51637,0.51644,0.5121,0.51258,4036334.0
2023-06-01 00:30:00+00:00,0.51258,0.51322,0.5066,0.50788,5508112.0
2023-06-01 01:00:00+00:00,0.50788,0.50968,0.50774,0.50845,1662042.0
2023-06-01 01:30:00+00:00,0.50845,0.5089,0.50685,0.50855,1939187.0
2023-06-01 02:00:00+00:00,0.50855,0.5093,0.50703,0.50736,1122395.0
2023-06-01 02:30:00+00:00,0.50736,0.50798,0.502,0.50443,6803639.0
2023-06-01 03:00:00+00:00,0.50443,0.50688,0.50264,0.50615,2423311.0
2023-06-01 03:30:00+00:00,0.50615,0.5085,0.50615,0.50802,1475051.0
2023-06-01 04:00:00+00:00,0.50802,0.50885,0.50667,0.50714,1407307.0
2023-06-01 04:30:00+00:00,0.50714,0.50854,0.50602,0.50673,1763149.0
2023-06-01 05:00:00+00:00,0.50673,0.50858,0.50507,0.50728,2674321.0
2023-06-01 05:30:00+00:00,0.50728,0.50761,0.50618,0.50658,602283.0
2023-06-01 06:00:00+00:00,0.50658,0.50697,0.50261,0.50365,2968324.0
2023-06-01 06:30:00+00:00,0.50365,0.50428,0.50246,0.50287,3308264.0
2023-06-01 07:00:00+00:00,0.50287,0.50548,0.50205,0.50518,4953712.0
2023-06-01 07:30:00+00:00,0.50518,0.50646,0.50427,0.50427,4376846.0
2023-06-01 08:00:00+00:00,0.50427,0.50508,0.50256,0.50293,2453057.0
2023-06-01 08:30:00+00:00,0.50293,0.50448,0.50275,0.50367,1192782.0
2023-06-01 09:00:00+00:00,0.50367,0.50687,0.50333,0.50683,2557268.0
2023-06-01 09:30:00+00:00,0.50683,0.50734,0.50569,0.50603,3174970.0
2023-06-01 10:00:00+00:00,0.50603,0.50646,0.50341,0.50418,2220332.0
2023-06-01 10:30:00+00:00,0.50418,0.50568,0.50409,0.50557,1196522.0
2023-06-01 11:00:00+00:00,0.50557,0.50597,0.5039,0.50408,1263851.0
2023-06-01 11:30:00+00:00,0.50408,0.50498,0.50407,0.50489,739022.0
2023-06-01 12:00:00+00:00,0.50489,0.50516,0.50301,0.50375,1071735.0
2023-06-01 12:30:00+00:00,0.50375,0.5079,0.50325,0.50626,3515773.0
2023-06-01 13:00:00+00:00,0.50626,0.50768,0.50511,0.50515,3066360.0
2023-06-01 13:30:00+00:00,0.50515,0.50525,0.50326,0.50418,2481956.0
2023-06-01 14:00:00+00:00,0.50418,0.5049,0.5027,0.50338,3370989.0
2023-06-01 14:30:00+00:00,0.50338,0.50421,0.50118,0.50418,5481727.0
2023-06-01 15:00:00+00:00,0.50418,0.50418,0.50248,0.50394,1017359.0
2023-06-01 15:30:00+00:00,0.50394,0.50498,0.50369,0.50486,1313572.0
2023-06-01 16:00:00+00:00,0.50486,0.50632,0.5037,0.50373,2249227.0
2023-06-01 16:30:00+00:00,0.50373,0.50716,0.5028,0.50638,5174708.0
2023-06-18 08:30:00+00:00,0.48345,0.4836,0.4818,0.48196,2295089.0
2023-06-18 09:00:00+00:00,0.48196,0.48265,0.4804,0.48208,3412465.0
2023-06-18 09:30:00+00:00,0.48208,0.48954,0.48208,0.48776,8315441.0
2023-06-18 10:00:00+00:00,0.48776,0.48779,0.4852,0.48604,3044192.0
2023-06-18 10:30:00+00:00,0.48604,0.48919,0.48604,0.48825,5065217.0
2023-06-18 11:00:00+00:00,0.48825,0.48825,0.486,0.48639,3093037.0
2023-06-18 11:30:00+00:00,0.48639,0.48761,0.48623,0.48704,3739179.0
2023-06-18 12:00:00+00:00,0.48704,0.48796,0.48574,0.48577,3130832.0
2023-06-18 12:30:00+00:00,0.48577,0.48874,0.48321,0.48848,7966182.0
2023-06-18 13:00:00+00:00,0.48848,0.49158,0.48813,0.48932,8126749.0
2023-06-18 13:30:00+00:00,0.48932,0.48969,0.48705,0.48756,3248581.0
2023-06-18 14:00:00+00:00,0.48756,0.48939,0.48642,0.48936,2270822.0
2023-06-18 14:30:00+00:00,0.48936,0.49138,0.4888,0.4911,4120614.0
2023-06-18 15:00:00+00:00,0.4911,0.49158,0.48952,0.49113,4011584.0
2023-06-18 15:30:00+00:00,0.49113,0.495,0.49094,0.49252,10447989.0
2023-06-18 16:00:00+00:00,0.49252,0.49318,0.49031,0.49198,3742267.0
2023-06-18 16:30:00+00:00,0.49198,0.4938,0.49137,0.49322,1826751.0
2023-06-18 17:00:00+00:00,0.49322,0.49343,0.4913,0.49171,3195899.0
2023-06-18 17:30:00+00:00,0.49171,0.49238,0.49144,0.4916,690603.0
2023-06-18 18:00:00+00:00,0.4916,0.49175,0.48918,0.49074,2354335.0
2023-06-18 18:30:00+00:00,0.49074,0.4935,0.49052,0.49335,1581118.0
2023-06-18 19:00:00+00:00,0.49335,0.49708,0.49286,0.49594,7195372.0
2023-06-18 19:30:00+00:00,0.49594,0.49688,0.49472,0.4949,4320551.0
2023-06-18 20:00:00+00:00,0.4949,0.49717,0.48558,0.48998,13034361.0
2023-06-18 20:30:00+00:00,0.48998,0.49177,0.48778,0.48949,4144098.0
2023-06-18 21:00:00+00:00,0.48949,0.49021,0.48687,0.48719,3349219.0
2023-06-18 21:30:00+00:00,0.48719,0.48841,0.485,0.48714,6243133.0
2023-06-18 22:00:00+00:00,0.48714,0.489,0.4863,0.48697,3150018.0
2023-06-18 22:30:00+00:00,0.48697,0.48709,0.48527,0.48672,2699424.0
2023-06-18 23:00:00+00:00,0.48672,0.48921,0.48246,0.48764,7050316.0
2023-06-18 23:30:00+00:00,0.48764,0.48819,0.48576,0.48648,3157990.0
2023-06-19 00:00:00+00:00,0.48648,0.48728,0.48452,0.48562,3212448.0
2023-06-19 00:30:00+00:00,0.48562,0.48592,0.4807,0.48397,6762844.0
2023-06-19 01:00:00+00:00,0.48397,0.48576,0.48297,0.48576,2367897.0
2023-06-19 01:30:00+00:00,0.48576,0.49021,0.48543,0.48988,3631304.0
2023-06-19 02:00:00+00:00,0.48988,0.49203,0.48888,0.48985,3465066.0
2023-06-19 02:30:00+00:00,0.48985,0.49138,0.48941,0.49096,1219479.0
2023-06-19 03:00:00+00:00,0.49096,0.49128,0.4886,0.48871,1785782.0
2023-06-19 03:30:00+00:00,0.48871,0.49048,0.48856,0.49039,1712517.0
2023-06-19 04:00:00+00:00,0.49039,0.4908,0.48936,0.48946,1009196.0
2023-06-19 04:30:00+00:00,0.48946,0.49257,0.48932,0.49252,1825947.0
2023-06-19 05:00:00+00:00,0.49252,0.49258,0.48979,0.49038,2778361.0
2023-06-19 05:30:00+00:00,0.49038,0.49178,0.49023,0.49175,999345.0
2023-06-19 06:00:00+00:00,0.49175,0.4939,0.49128,0.49287,2288229.0
2023-06-19 06:30:00+00:00,0.49287,0.49376,0.49239,0.49343,2133003.0
2023-06-19 07:00:00+00:00,0.49343,0.49388,0.49068,0.49075,3227643.0
2023-06-19 07:30:00+00:00,0.49075,0.4914,0.48911,0.4897,4792948.0
2023-06-19 08:00:00+00:00,0.4897,0.48988,0.4875,0.48812,4226995.0
2023-06-19 08:30:00+00:00,0.48812,0.48854,0.4855,0.48631,4661932.0
2023-06-19 09:00:00+00:00,0.48631,0.4883,0.48615,0.48757,4029657.0
2023-06-19 09:30:00+00:00,0.48757,0.48815,0.48521,0.4879,3772359.0
2023-06-19 10:00:00+00:00,0.4879,0.48943,0.48775,0.48788,4154606.0
2023-06-19 10:30:00+00:00,0.48788,0.48842,0.48643,0.48688,2165282.0
2023-06-19 11:00:00+00:00,0.48688,0.48923,0.48651,0.48913,2454019.0
2023-06-19 11:30:00+00:00,0.48913,0.48933,0.48817,0.48901,1402259.0
2023-06-19 12:00:00+00:00,0.48901,0.49068,0.48793,0.49035,3037246.0
2023-06-19 12:30:00+00:00,0.49035,0.49063,0.48931,0.48996,2059063.0
2023-06-19 13:00:00+00:00,0.48996,0.49048,0.48935,0.49017,2633607.0
2023-06-19 13:30:00+00:00,0.49017,0.49108,0.48954,0.48957,2350877.0
2023-06-19 14:00:00+00:00,0.48957,0.48985,0.48505,0.48748,7687383.0
2023-06-19 14:30:00+00:00,0.48748,0.48839,0.48666,0.48743,2607321.0
2023-06-19 15:00:00+00:00,0.48743,0.48778,0.48621,0.48639,1531664.0
2023-06-19 15:30:00+00:00,0.48639,0.48855,0.48639,0.48838,1312200.0
2023-06-19 16:00:00+00:00,0.48838,0.49048,0.48806,0.49038,1718623.0
2023-06-19 16:30:00+00:00,0.49038,0.49168,0.48641,0.49026,6427865.0
2023-06-19 17:00:00+00:00,0.49026,0.49288,0.48971,0.49045,2415177.0
2023-06-19 17:30:00+00:00,0.49045,0.4932,0.49002,0.4923,2094880.0
2023-06-19 18:00:00+00:00,0.4923,0.49678,0.49183,0.49506,6536747.0
2023-06-19 18:30:00+00:00,0.49506,0.49768,0.48957,0.49088,7722536.0
2023-06-19 19:00:00+00:00,0.49088,0.49288,0.48776,0.49286,5374754.0
2023-06-19 19:30:00+00:00,0.49286,0.49457,0.49207,0.49426,1566196.0
2023-06-19 20:00:00+00:00,0.49426,0.49548,0.49247,0.49284,2109435.0
2023-06-19 20:30:00+00:00,0.49284,0.49427,0.49206,0.49271,986474.0
2023-06-19 21:00:00+00:00,0.49271,0.49367,0.49145,0.49209,1347939.0
2023-06-19 21:30:00+00:00,0.49209,0.4936,0.49209,0.49336,886377.0
2023-06-19 22:00:00+00:00,0.49336,0.49385,0.49189,0.49375,1208793.0
2023-06-19 22:30:00+00:00,0.49375,0.49448,0.49298,0.49396,923980.0
2023-06-19 23:00:00+00:00,0.49396,0.49443,0.49272,0.49353,1526671.0
2023-06-19 23:30:00+00:00,0.49353,0.49376,0.49121,0.49325,1493920.0
2023-06-20 00:00:00+00:00,0.49325,0.49337,0.4907,0.49175,1905096.0
2023-06-20 00:30:00+00:00,0.49175,0.49324,0.49024,0.49262,3878777.0
2023-06-20 01:00:00+00:00,0.49262,0.49635,0.49193,0.49342,6863405.0
2023-06-20 01:30:00+00:00,0.49342,0.49342,0.48917,0.48953,3386407.0
2023-06-20 02:00:00+00:00,0.48953,0.49113,0.48912,0.49032,3911193.0
2023-06-20 02:30:00+00:00,0.49032,0.49208,0.49032,0.49185,2241838.0
2023-06-20 03:00:00+00:00,0.49185,0.49277,0.49154,0.49217,2701638.0
2023-06-20 03:30:00+00:00,0.49217,0.49224,0.48967,0.49006,3266330.0
2023-06-20 04:00:00+00:00,0.49006,0.49077,0.48938,0.48997,2368244.0
2023-06-20 04:30:00+00:00,0.48997,0.49067,0.4895,0.49006,2320234.0
2023-06-20 05:00:00+00:00,0.49006,0.49097,0.48951,0.48982,1623388.0
2023-06-20 05:30:00+00:00,0.48982,0.49008,0.48623,0.4871,7153932.0
2023-06-20 06:00:00+00:00,0.4871,0.48778,0.48552,0.48598,3269668.0
2023-06-20 06:30:00+00:00,0.48598,0.48608,0.48399,0.48438,3784224.0
2023-06-20 07:00:00+00:00,0.48438,0.48648,0.48423,0.48645,2091959.0
2023-06-20 07:30:00+00:00,0.48645,0.48721,0.48606,0.48716,2106929.0
2023-06-20 08:00:00+00:00,0.48716,0.48719,0.48531,0.48548,3629814.0
2023-06-20 08:30:00+00:00,0.48548,0.48628,0.48229,0.483,5459676.0
2023-06-20 09:00:00+00:00,0.483,0.48476,0.48272,0.48308,2760087.0
2023-06-20 09:30:00+00:00,0.48308,0.4847,0.4823,0.48407,3429185.0
2023-06-20 10:00:00+00:00,0.48407,0.48487,0.48328,0.4843,1181473.0
2023-06-20 10:30:00+00:00,0.4843,0.48448,0.47765,0.4808,8874930.0
2023-06-20 11:00:00+00:00,0.4808,0.48236,0.47974,0.48225,2905178.0
2023-06-20 11:30:00+00:00,0.48225,0.48338,0.48143,0.48317,2981850.0
2023-06-20 12:00:00+00:00,0.48317,0.48448,0.48245,0.48306,3299500.0
2023-06-20 12:30:00+00:00,0.48306,0.48357,0.4823,0.48334,1619515.0
2023-06-20 13:00:00+00:00,0.48334,0.48396,0.48284,0.48318,1167754.0
2023-06-20 13:30:00+00:00,0.48318,0.48348,0.47807,0.47902,4940368.0
2023-06-20 14:00:00+00:00,0.47902,0.47992,0.47083,0.47348,15552719.0
2023-06-20 14:30:00+00:00,0.47348,0.47614,0.47322,0.47571,3746660.0
2023-06-20 15:00:00+00:00,0.47571,0.47673,0.47507,0.47615,2645435.0
2023-06-20 15:30:00+00:00,0.47615,0.47917,0.47435,0.47804,4436560.0
2023-06-20 16:00:00+00:00,0.47804,0.48139,0.47684,0.48104,4646379.0
2023-06-20 16:30:00+00:00,0.48104,0.48143,0.4786,0.48043,5218282.0
2023-06-20 17:00:00+00:00,0.48043,0.48315,0.4798,0.4815,3797527.0
2023-06-20 17:30:00+00:00,0.4815,0.48676,0.4807,0.48502,5482937.0
2023-06-20 18:00:00+00:00,0.48502,0.48957,0.485,0.48739,5291065.0
2023-06-20 18:30:00+00:00,0.48739,0.48899,0.48563,0.48888,3462473.0
2023-06-20 19:00:00+00:00,0.48888,0.4895,0.48613,0.48799,3247635.0
2023-06-20 19:30:00+00:00,0.48799,0.48893,0.48701,0.48839,1852488.0
2023-06-20 20:00:00+00:00,0.48839,0.49215,0.48763,0.49153,4849735.0
2023-06-20 20:30:00+00:00,0.49153,0.493,0.49065,0.49272,2944691.0
2023-06-20 21:00:00+00:00,0.49272,0.49338,0.48973,0.49162,4352281.0
2023-06-20 21:30:00+00:00,0.49162,0.49178,0.48839,0.48979,2562871.0
2023-06-20 22:00:00+00:00,0.48979,0.49155,0.48979,0.49052,1632652.0
2023-06-20 22:30:00+00:00,0.49052,0.49158,0.4904,0.4912,1261213.0
2023-06-20 23:00:00+00:00,0.4912,0.49207,0.49081,0.49186,1816268.0
2023-06-20 23:30:00+00:00,0.49186,0.49285,0.49104,0.49238,2193162.0
2023-06-21 00:00:00+00:00,0.49238,0.49286,0.48931,0.49048,4676571.0
2023-06-21 00:30:00+00:00,0.49048,0.49385,0.48889,0.49277,3031925.0
2023-06-21 01:00:00+00:00,0.49277,0.50082,0.49272,0.49563,9838324.0
2023-06-21 01:30:00+00:00,0.49563,0.49568,0.49341,0.49538,2977584.0
2023-06-21 02:00:00+00:00,0.49538,0.49697,0.49412,0.49506,4127387.0
2023-06-21 02:30:00+00:00,0.49506,0.49715,0.49439,0.49653,2047721.0
2023-06-21 03:00:00+00:00,0.49653,0.49675,0.495,0.49594,1703228.0
2023-06-21 03:30:00+00:00,0.49594,0.49751,0.49582,0.49715,1323319.0
2023-06-21 04:00:00+00:00,0.49715,0.49818,0.49573,0.49687,2287558.0
2023-06-21 04:30:00+00:00,0.49687,0.49986,0.49687,0.49986,2560154.0
2023-06-21 05:00:00+00:00,0.49986,0.50288,0.49884,0.49956,6812708.0
2023-06-21 05:30:00+00:00,0.49956,0.50105,0.4979,0.50105,2910796.0
2023-06-21 06:00:00+00:00,0.50105,0.50105,0.49595,0.49672,4778858.0
2023-06-21 06:30:00+00:00,0.49672,0.49698,0.4942,0.49433,4172023.0
2023-06-21 07:00:00+00:00,0.49433,0.49486,0.49339,0.49388,2545021.0
2023-06-21 07:30:00+00:00,0.49388,0.49705,0.49361,0.49686,3596204.0
2023-06-21 08:00:00+00:00,0.49686,0.49726,0.49453,0.4956,2877012.0
2023-06-21 08:30:00+00:00,0.4956,0.49736,0.49488,0.49667,1827746.0
2023-06-21 09:00:00+00:00,0.49667,0.49757,0.49517,0.49543,2248814.0
2023-06-21 09:30:00+00:00,0.49543,0.49608,0.49422,0.49578,2070181.0
2023-06-21 10:00:00+00:00,0.49578,0.49579,0.49404,0.49506,3353313.0
2023-06-21 10:30:00+00:00,0.49506,0.49637,0.49111,0.49209,5076343.0
2023-06-21 11:00:00+00:00,0.49209,0.49337,0.4905,0.49337,3850875.0
2023-06-21 11:30:00+00:00,0.49337,0.49511,0.49328,0.49435,2780364.0
2023-06-21 12:00:00+00:00,0.49435,0.49511,0.49346,0.49406,2420675.0
2023-06-21 12:30:00+00:00,0.49406,0.49437,0.49059,0.49097,2789138.0
2023-06-21 13:00:00+00:00,0.49097,0.49308,0.48999,0.49271,3580199.0
2023-06-21 13:30:00+00:00,0.49271,0.49574,0.49186,0.49381,2312858.0
2023-06-21 14:00:00+00:00,0.49381,0.4949,0.49159,0.49424,2527998.0
2023-06-21 14:30:00+00:00,0.49424,0.49542,0.49301,0.49496,2262427.0
2023-06-21 15:00:00+00:00,0.49496,0.49779,0.49474,0.49685,3683074.0
2023-06-21 15:30:00+00:00,0.49685,0.49728,0.4944,0.49488,3981828.0
2023-06-21 16:00:00+00:00,0.49488,0.50158,0.49441,0.5003,8207129.0
2023-06-21 16:30:00+00:00,0.5003,0.50144,0.4956,0.49565,6360219.0
2023-06-21 17:00:00+00:00,0.49565,0.49771,0.49032,0.49628,7415878.0
2023-06-21 17:30:00+00:00,0.49628,0.49818,0.4957,0.49702,3316875.0
2023-06-21 18:00:00+00:00,0.49702,0.50017,0.49679,0.49978,1625646.0
2023-06-21 18:30:00+00:00,0.49978,0.49986,0.49661,0.49853,1635625.0
2023-06-21 19:00:00+00:00,0.49853,0.49858,0.49446,0.49657,1916661.0
2023-06-21 19:30:00+00:00,0.49657,0.49784,0.49547,0.49767,1327512.0
2023-06-21 20:00:00+00:00,0.49767,0.49897,0.49752,0.49834,1569540.0
2023-06-21 20:30:00+00:00,0.49834,0.49889,0.49462,0.49601,1880862.0
2023-06-21 21:00:00+00:00,0.49601,0.49838,0.49286,0.49701,1753079.0
2023-06-21 21:30:00+00:00,0.49701,0.49777,0.49526,0.49671,726970.0
2023-06-21 22:00:00+00:00,0.49671,0.50137,0.49635,0.50137,1844018.0
2023-06-21 22:30:00+00:00,0.50137,0.50248,0.50007,0.5017,3166429.0
2023-06-21 23:00:00+00:00,0.5017,0.50243,0.50078,0.50095,1370015.0
2023-06-21 23:30:00+00:00,0.50095,0.50148,0.4993,0.49956,1592752.0
2023-06-22 00:00:00+00:00,0.49956,0.50158,0.49775,0.50142,2156097.0
2023-06-22 00:30:00+00:00,0.50142,0.50308,0.49981,0.50196,2895876.0
2023-06-22 01:00:00+00:00,0.50196,0.50738,0.50189,0.50508,6740472.0
2023-06-22 01:30:00+00:00,0.50508,0.50758,0.504,0.50638,4234651.0
2023-06-22 02:00:00+00:00,0.50638,0.52711,0.50637,0.52018,28308064.0
2023-06-22 02:30:00+00:00,0.52018,0.52304,0.51823,0.51886,7539951.0
2023-06-22 03:00:00+00:00,0.51886,0.51968,0.51588,0.51646,6207309.0
2023-06-22 03:30:00+00:00,0.51646,0.51802,0.51499,0.51607,3489316.0
2023-06-22 04:00:00+00:00,0.51607,0.51627,0.5087,0.51028,7945638.0
2023-06-22 04:30:00+00:00,0.51028,0.51504,0.51028,0.51502,3534406.0
2023-06-22 05:00:00+00:00,0.51502,0.51588,0.514,0.51581,1552900.0
2023-06-22 05:30:00+00:00,0.51581,0.51637,0.51179,0.51394,3283418.0
2023-06-22 06:00:00+00:00,0.51394,0.51417,0.50733,0.50963,5703838.0
2023-06-22 06:30:00+00:00,0.50963,0.51038,0.50791,0.50808,2186793.0
2023-06-22 07:00:00+00:00,0.50808,0.51132,0.50782,0.51031,2021086.0
2023-06-22 07:30:00+00:00,0.51031,0.51198,0.50955,0.51198,1335695.0
2023-06-22 08:00:00+00:00,0.51198,0.51247,0.5102,0.51104,1307918.0
2023-06-22 08:30:00+00:00,0.51104,0.51167,0.5084,0.50918,1674615.0
2023-06-22 09:00:00+00:00,0.50918,0.51055,0.50627,0.50969,3338921.0
2023-06-22 09:30:00+00:00,0.50969,0.51027,0.50824,0.50864,1599245.0
2023-06-22 10:00:00+00:00,0.50864,0.51075,0.50759,0.51045,1772715.0
2023-06-22 10:30:00+00:00,0.51045,0.51045,0.5081,0.5082,967798.0
2023-06-22 11:00:00+00:00,0.5082,0.50838,0.48125,0.49682,26245971.0
2023-06-22 11:30:00+00:00,0.49682,0.49738,0.49061,0.49315,5298931.0
2023-06-22 12:00:00+00:00,0.49315,0.49765,0.49247,0.49729,4306146.0
2023-07-09 04:00:00+00:00,0.46999,0.47044,0.46972,0.47015,170787.0
2023-07-09 04:30:00+00:00,0.47015,0.47036,0.46986,0.46989,167914.0
2023-07-09 05:00:00+00:00,0.46989,0.4702,0.46976,0.46976,329360.0
2023-07-09 05:30:00+00:00,0.46976,0.46978,0.46876,0.46928,810642.0
2023-07-09 06:00:00+00:00,0.46928,0.46928,0.46809,0.46876,1375585.0
2023-07-09 06:30:00+00:00,0.46876,0.46925,0.46832,0.46862,390380.0
2023-07-09 07:00:00+00:00,0.46862,0.46923,0.46822,0.46873,500071.0
2023-07-09 07:30:00+00:00,0.46873,0.46901,0.46769,0.46899,1134893.0
2023-07-09 08:00:00+00:00,0.46899,0.46966,0.46832,0.46941,515005.0
2023-07-09 08:30:00+00:00,0.46941,0.46997,0.46916,0.46988,567029.0
2023-07-09 09:00:00+00:00,0.46988,0.46988,0.46899,0.46901,471400.0
2023-07-09 09:30:00+00:00,0.46901,0.4691,0.46818,0.46885,406985.0
2023-07-09 10:00:00+00:00,0.46885,0.46908,0.46844,0.46865,297090.0
2023-07-09 10:30:00+00:00,0.46865,0.46877,0.46784,0.46799,947961.0
2023-07-09 11:00:00+00:00,0.46799,0.46875,0.4676,0.46875,488240.0
2023-07-09 11:30:00+00:00,0.46875,0.46937,0.4687,0.46884,374609.0
2023-07-09 12:00:00+00:00,0.46884,0.46937,0.46868,0.46931,300089.0
2023-07-09 12:30:00+00:00,0.46931,0.46978,0.46915,0.46938,732217.0
2023-07-09 13:00:00+00:00,0.46938,0.46956,0.46858,0.46867,1129332.0
2023-07-09 13:30:00+00:00,0.46867,0.46914,0.46828,0.46839,517152.0
2023-07-09 14:00:00+00:00,0.46839,0.46839,0.46585,0.468,3244640.0
2023-07-09 14:30:00+00:00,0.468,0.47034,0.4677,0.46912,1745436.0
2023-07-09 15:00:00+00:00,0.46912,0.4705,0.46843,0.47024,1111934.0
2023-07-09 15:30:00+00:00,0.47024,0.47107,0.46925,0.46926,1067849.0
2023-07-09 16:00:00+00:00,0.46926,0.47075,0.46918,0.46975,733281.0
2023-07-09 16:30:00+00:00,0.46975,0.46995,0.46839,0.46858,680122.0
2023-07-09 17:00:00+00:00,0.46858,0.46926,0.46789,0.46921,732585.0
2023-07-09 17:30:00+00:00,0.46921,0.47031,0.46885,0.46996,359198.0
2023-07-09 18:00:00+00:00,0.46996,0.47007,0.46878,0.46918,381091.0
2023-07-09 18:30:00+00:00,0.46918,0.46931,0.4688,0.46886,72073.0
2023-07-09 19:00:00+00:00,0.46886,0.46887,0.46836,0.46884,189357.0
2023-07-09 19:30:00+00:00,0.46884,0.46937,0.46879,0.46927,169944.0
2023-07-09 20:00:00+00:00,0.46927,0.46948,0.4687,0.46871,277437.0
2023-07-09 20:30:00+00:00,0.46871,0.46996,0.46764,0.46993,738234.0
2023-07-09 21:00:00+00:00,0.46993,0.46999,0.46859,0.46905,493629.0
2023-07-09 21:30:00+00:00,0.46905,0.46957,0.467,0.46782,1397467.0
2023-07-09 22:00:00+00:00,0.46782,0.46878,0.46719,0.46869,670236.0
2023-07-09 22:30:00+00:00,0.46869,0.46905,0.46827,0.46846,353057.0
2023-07-09 23:00:00+00:00,0.46846,0.46862,0.46749,0.46794,616811.0
2023-07-09 23:30:00+00:00,0.46794,0.46798,0.46744,0.46785,433956.0
2023-07-10 00:00:00+00:00,0.46785,0.46845,0.46172,0.46591,5706185.0
2023-07-10 00:30:00+00:00,0.46591,0.46778,0.46493,0.46547,953811.0
2023-07-10 01:00:00+00:00,0.46547,0.46586,0.46404,0.46495,727008.0
2023-07-10 01:30:00+00:00,0.46495,0.46548,0.46379,0.46403,838647.0
2023-07-10 02:00:00+00:00,0.46403,0.46684,0.46403,0.46683,805493.0
2023-07-10 02:30:00+00:00,0.46683,0.468,0.46672,0.46774,742682.0
2023-07-10 03:00:00+00:00,0.46774,0.46853,0.46585,0.46587,742547.0
2023-07-10 03:30:00+00:00,0.46587,0.46627,0.4652,0.46547,634815.0
2023-07-10 04:00:00+00:00,0.46547,0.46622,0.46506,0.46598,404771.0
2023-07-10 04:30:00+00:00,0.46598,0.46752,0.46597,0.46752,585390.0
2023-07-10 05:00:00+00:00,0.46752,0.46752,0.46529,0.4661,1070583.0
2023-07-10 05:30:00+00:00,0.4661,0.46715,0.46574,0.46637,551354.0
2023-07-10 06:00:00+00:00,0.46637,0.46768,0.46629,0.46738,1062162.0
2023-07-10 06:30:00+00:00,0.46738,0.46838,0.46731,0.46826,1434235.0
2023-07-10 07:00:00+00:00,0.46826,0.4684,0.46642,0.46668,1664351.0
2023-07-10 07:30:00+00:00,0.46668,0.46817,0.46645,0.46792,482900.0
2023-07-10 08:00:00+00:00,0.46792,0.4692,0.46611,0.46853,1328831.0
2023-07-10 08:30:00+00:00,0.46853,0.46888,0.46631,0.46638,1495809.0
2023-07-10 09:00:00+00:00,0.46638,0.4688,0.46534,0.4683,1828497.0
2023-07-10 09:30:00+00:00,0.4683,0.46938,0.46763,0.46888,1280428.0
2023-07-10 10:00:00+00:00,0.46888,0.47027,0.46842,0.47022,921631.0
2023-07-10 10:30:00+00:00,0.47022,0.47328,0.47021,0.4723,3979053.0
2023-07-10 11:00:00+00:00,0.4723,0.47333,0.47029,0.47029,2219477.0
2023-07-10 11:30:00+00:00,0.47029,0.471,0.4694,0.47098,1562753.0
2023-07-10 12:00:00+00:00,0.47098,0.47225,0.47064,0.47174,796309.0
2023-07-10 12:30:00+00:00,0.47174,0.47187,0.47003,0.4706,758523.0
2023-07-10 13:00:00+00:00,0.4706,0.47146,0.47,0.47143,485224.0
2023-07-10 13:30:00+00:00,0.47143,0.47231,0.46988,0.471,1727972.0
2023-07-10 14:00:00+00:00,0.471,0.47228,0.47097,0.47168,794148.0
2023-07-10 14:30:00+00:00,0.47168,0.47254,0.47119,0.47143,691031.0
2023-07-10 15:00:00+00:00,0.47143,0.47176,0.47077,0.47169,374958.0
2023-07-10 15:30:00+00:00,0.47169,0.47214,0.47145,0.4721,274204.0
2023-07-10 16:00:00+00:00,0.4721,0.47232,0.47057,0.47057,690393.0
2023-07-10 16:30:00+00:00,0.47057,0.47187,0.47036,0.47152,468008.0
2023-07-10 17:00:00+00:00,0.47152,0.47209,0.47113,0.47198,230110.0
2023-07-10 17:30:00+00:00,0.47198,0.47248,0.47147,0.47243,317662.0
2023-07-10 18:00:00+00:00,0.47243,0.47358,0.4722,0.4733,1035973.0
2023-07-10 18:30:00+00:00,0.4733,0.47437,0.47286,0.47392,1376484.0
2023-07-10 19:00:00+00:00,0.47392,0.47849,0.47386,0.47783,8142189.0
2023-07-10 19:30:00+00:00,0.47783,0.47918,0.47719,0.4783,1990491.0
2023-07-10 20:00:00+00:00,0.4783,0.47968,0.47679,0.478,1992073.0
2023-07-10 20:30:00+00:00,0.478,0.47877,0.47712,0.47807,1921388.0
2023-07-10 21:00:00+00:00,0.47807,0.47811,0.47659,0.47786,1144190.0
2023-07-10 21:30:00+00:00,0.47786,0.47878,0.47416,0.4755,1716961.0
2023-07-10 22:00:00+00:00,0.4755,0.47598,0.47333,0.47551,2090746.0
2023-07-10 22:30:00+00:00,0.47551,0.47664,0.4752,0.47664,1459142.0
2023-07-10 23:00:00+00:00,0.47664,0.47748,0.47637,0.47694,913244.0
2023-07-10 23:30:00+00:00,0.47694,0.47765,0.47559,0.47749,856184.0
2023-07-11 00:00:00+00:00,0.47749,0.47798,0.47548,0.47595,1435839.0
2023-07-11 00:30:00+00:00,0.47595,0.47607,0.47413,0.47479,1916319.0
2023-07-11 01:00:00+00:00,0.47479,0.47589,0.47478,0.47545,955157.0
2023-07-11 01:30:00+00:00,0.47545,0.4761,0.4751,0.47537,1199165.0
2023-07-11 02:00:00+00:00,0.47537,0.47597,0.47505,0.47584,597991.0
2023-07-11 02:30:00+00:00,0.47584,0.47598,0.47436,0.47459,454978.0
2023-07-11 03:00:00+00:00,0.47459,0.47497,0.47413,0.47482,302491.0
2023-07-11 03:30:00+00:00,0.47482,0.47583,0.47479,0.47576,559305.0
2023-07-11 04:00:00+00:00,0.47576,0.47614,0.4753,0.47613,559945.0
2023-07-11 04:30:00+00:00,0.47613,0.47613,0.47505,0.47611,364775.0
2023-07-11 05:00:00+00:00,0.47611,0.47637,0.47511,0.47582,612956.0
2023-07-11 05:30:00+00:00,0.47582,0.47698,0.47577,0.47643,944968.0
2023-07-11 06:00:00+00:00,0.47643,0.47698,0.475,0.47525,1362934.0
2023-07-11 06:30:00+00:00,0.47525,0.47645,0.47463,0.4762,2083026.0
2023-07-11 07:00:00+00:00,0.4762,0.47701,0.47563,0.47649,729798.0
2023-07-11 07:30:00+00:00,0.47649,0.47737,0.47559,0.47584,1479784.0
2023-07-11 08:00:00+00:00,0.47584,0.47697,0.47584,0.47627,975200.0
2023-07-11 08:30:00+00:00,0.47627,0.47627,0.47429,0.47429,2345122.0
2023-07-11 09:00:00+00:00,0.47429,0.47464,0.47218,0.47297,2172089.0
2023-07-11 09:30:00+00:00,0.47297,0.47391,0.47182,0.47361,1748994.0
2023-07-11 10:00:00+00:00,0.47361,0.47408,0.47233,0.47252,1083405.0
2023-07-11 10:30:00+00:00,0.47252,0.4736,0.47203,0.47334,812813.0
2023-07-11 11:00:00+00:00,0.47334,0.4739,0.47322,0.47339,503534.0
2023-07-11 11:30:00+00:00,0.47339,0.47387,0.47267,0.47328,422540.0
2023-07-11 12:00:00+00:00,0.47328,0.47368,0.47284,0.4734,520130.0
2023-07-11 12:30:00+00:00,0.4734,0.47393,0.47327,0.47393,294833.0
2023-07-11 13:00:00+00:00,0.47393,0.47408,0.47309,0.47309,477440.0
2023-07-11 13:30:00+00:00,0.47309,0.47382,0.47133,0.47254,2073926.0
2023-07-11 14:00:00+00:00,0.47254,0.47348,0.4718,0.47334,1398242.0
2023-07-11 14:30:00+00:00,0.47334,0.4736,0.47291,0.47317,702867.0
2023-07-11 15:00:00+00:00,0.47317,0.47518,0.47285,0.47327,2284021.0
2023-07-11 15:30:00+00:00,0.47327,0.47368,0.47248,0.47368,1686231.0
2023-07-11 16:00:00+00:00,0.47368,0.47387,0.47213,0.47222,1475860.0
2023-07-11 16:30:00+00:00,0.47222,0.47348,0.47203,0.47308,512888.0
2023-07-11 17:00:00+00:00,0.47308,0.47308,0.47203,0.47248,811320.0
2023-07-11 17:30:00+00:00,0.47248,0.47258,0.4718,0.47195,581497.0
2023-07-11 18:00:00+00:00,0.47195,0.47236,0.47174,0.47208,223790.0
2023-07-11 18:30:00+00:00,0.47208,0.47241,0.47054,0.47235,1924457.0
2023-07-11 19:00:00+00:00,0.47235,0.47328,0.47191,0.47227,649601.0
2023-07-11 19:30:00+00:00,0.47227,0.47328,0.47227,0.47327,243938.0
2023-07-11 20:00:00+00:00,0.47327,0.47374,0.47313,0.47342,265000.0
2023-07-11 20:30:00+00:00,0.47342,0.4745,0.47297,0.47434,1202688.0
2023-07-11 21:00:00+00:00,0.47434,0.47508,0.47393,0.47474,919190.0
2023-07-11 21:30:00+00:00,0.47474,0.47565,0.47474,0.47541,903986.0
2023-07-11 22:00:00+00:00,0.47541,0.4759,0.47497,0.47526,942815.0
2023-07-11 22:30:00+00:00,0.47526,0.4757,0.47497,0.47563,735942.0
2023-07-11 23:00:00+00:00,0.47563,0.4761,0.47526,0.47572,658224.0
2023-07-11 23:30:00+00:00,0.47572,0.47608,0.47451,0.47474,610476.0
2023-07-12 00:00:00+00:00,0.47474,0.47526,0.47413,0.47449,850468.0
2023-07-12 00:30:00+00:00,0.47449,0.47508,0.47323,0.47333,922635.0
2023-07-12 01:00:00+00:00,0.47333,0.4748,0.47294,0.47323,1766854.0
2023-07-12 01:30:00+00:00,0.47323,0.47445,0.47274,0.47403,1130693.0
2023-07-12 02:00:00+00:00,0.47403,0.47447,0.4736,0.4744,522685.0
2023-07-12 02:30:00+00:00,0.4744,0.47537,0.4744,0.47503,674201.0
2023-07-12 03:00:00+00:00,0.47503,0.47504,0.4738,0.47457,580173.0
2023-07-12 03:30:00+00:00,0.47457,0.47496,0.47451,0.47487,126505.0
2023-07-12 04:00:00+00:00,0.47487,0.47498,0.47431,0.47475,276182.0
2023-07-12 04:30:00+00:00,0.47475,0.47491,0.47425,0.47462,619967.0
2023-07-12 05:00:00+00:00,0.47462,0.47513,0.47426,0.47487,409866.0
2023-07-12 05:30:00+00:00,0.47487,0.47593,0.47485,0.47574,1281663.0
2023-07-12 06:00:00+00:00,0.47574,0.47591,0.47372,0.47547,1821959.0
2023-07-12 06:30:00+00:00,0.47547,0.47593,0.4748,0.47514,828158.0
2023-07-12 07:00:00+00:00,0.47514,0.47637,0.47509,0.47615,1344219.0
2023-07-12 07:30:00+00:00,0.47615,0.4767,0.47505,0.47507,1973185.0
2023-07-12 08:00:00+00:00,0.47507,0.47517,0.47368,0.47385,2412175.0
2023-07-12 08:30:00+00:00,0.47385,0.47436,0.4734,0.47366,1603285.0
2023-07-12 09:00:00+00:00,0.47366,0.47427,0.47303,0.47342,1601283.0
2023-07-12 09:30:00+00:00,0.47342,0.47407,0.47291,0.47365,626527.0
2023-07-12 10:00:00+00:00,0.47365,0.47366,0.47214,0.47276,1086546.0
2023-07-12 10:30:00+00:00,0.47276,0.47292,0.47241,0.47254,717172.0
2023-07-12 11:00:00+00:00,0.47254,0.473,0.4723,0.47295,686282.0
2023-07-12 11:30:00+00:00,0.47295,0.4735,0.47274,0.47346,416017.0
2023-07-12 12:00:00+00:00,0.47346,0.47346,0.47223,0.47256,888541.0
2023-07-12 12:30:00+00:00,0.47256,0.47601,0.47202,0.47336,5060935.0
2023-07-12 13:00:00+00:00,0.47336,0.47387,0.47256,0.47277,805292.0
2023-07-12 13:30:00+00:00,0.47277,0.47317,0.4691,0.47255,4541141.0
2023-07-12 14:00:00+00:00,0.47255,0.47336,0.47245,0.47258,2055562.0
2023-07-12 14:30:00+00:00,0.47258,0.47351,0.47258,0.47291,2007596.0
2023-07-12 15:00:00+00:00,0.47291,0.47343,0.47103,0.47168,1399326.0
2023-07-12 15:30:00+00:00,0.47168,0.47207,0.46974,0.47062,2756049.0
2023-07-12 16:00:00+00:00,0.47062,0.47076,0.46761,0.46921,3651046.0
2023-07-12 16:30:00+00:00,0.46921,0.46921,0.46667,0.46858,8038011.0
2023-07-12 17:00:00+00:00,0.46858,0.46948,0.46778,0.46938,1302656.0
2023-07-12 17:30:00+00:00,0.46938,0.47039,0.46935,0.47025,1098083.0
2023-07-12 18:00:00+00:00,0.47025,0.47096,0.47019,0.4709,540531.0
2023-07-12 18:30:00+00:00,0.4709,0.47177,0.47088,0.47156,1064297.0
2023-07-12 19:00:00+00:00,0.47156,0.47187,0.46835,0.47013,1344590.0
2023-07-12 19:30:00+00:00,0.47013,0.47013,0.4643,0.46798,5193968.0
2023-07-12 20:00:00+00:00,0.46798,0.46889,0.46754,0.46875,726608.0
2023-07-12 20:30:00+00:00,0.46875,0.46917,0.46846,0.46871,394508.0
2023-07-12 21:00:00+00:00,0.46871,0.46964,0.46827,0.46961,776161.0
2023-07-12 21:30:00+00:00,0.46961,0.46968,0.46904,0.46966,1044836.0
2023-07-12 22:00:00+00:00,0.46966,0.47007,0.46931,0.46995,301272.0
2023-07-12 22:30:00+00:00,0.46995,0.47056,0.46993,0.47056,436459.0
2023-07-12 23:00:00+00:00,0.47056,0.47056,0.47001,0.4703,465911.0
2023-07-12 23:30:00+00:00,0.4703,0.47098,0.47028,0.47047,459986.0
2023-07-13 00:00:00+00:00,0.47047,0.47125,0.47047,0.47063,524829.0
2023-07-13 00:30:00+00:00,0.47063,0.47109,0.47009,0.47034,677897.0
2023-07-13 01:00:00+00:00,0.47034,0.47086,0.46929,0.47013,696358.0
2023-07-13 01:30:00+00:00,0.47013,0.4707,0.46913,0.47067,769624.0
2023-07-13 02:00:00+00:00,0.47067,0.47157,0.47067,0.47154,1027843.0
2023-07-13 02:30:00+00:00,0.47154,0.47227,0.47085,0.47106,1800547.0
2023-07-13 03:00:00+00:00,0.47106,0.47177,0.4703,0.47035,387410.0
2023-07-13 03:30:00+00:00,0.47035,0.47187,0.47031,0.47164,417859.0
2023-07-13 04:00:00+00:00,0.47164,0.47265,0.47114,0.47256,887149.0
2023-07-13 04:30:00+00:00,0.47256,0.47277,0.47159,0.47162,965004.0
2023-07-13 05:00:00+00:00,0.47162,0.47237,0.47134,0.47208,829466.0
2023-07-13 05:30:00+00:00,0.47208,0.47255,0.47207,0.47255,308326.0
2023-07-13 06:00:00+00:00,0.47255,0.47272,0.47013,0.47055,1862638.0
2023-07-13 06:30:00+00:00,0.47055,0.47175,0.47018,0.47027,1397043.0
2023-07-13 07:00:00+00:00,0.47027,0.47147,0.46997,0.47139,1306498.0
2023-07-13 07:30:00+00:00,0.47139,0.47149,0.47104,0.4713,444844.0
2023-07-29 23:30:00+00:00,0.71188,0.71325,0.71152,0.71183,788371.0
2023-07-30 00:00:00+00:00,0.71183,0.71195,0.70918,0.70958,2642136.0
2023-07-30 00:30:00+00:00,0.70958,0.71077,0.70863,0.71064,1087205.0
2023-07-30 01:00:00+00:00,0.71064,0.71064,0.70897,0.70982,1303201.0
2023-07-30 01:30:00+00:00,0.70982,0.70984,0.70828,0.70913,1107660.0
2023-07-30 02:00:00+00:00,0.70913,0.70996,0.70898,0.70919,361304.0
2023-07-30 02:30:00+00:00,0.70919,0.70994,0.70892,0.70984,404215.0
2023-07-30 03:00:00+00:00,0.70984,0.71046,0.70974,0.71013,483448.0
2023-07-30 03:30:00+00:00,0.71013,0.71077,0.70949,0.70968,1622158.0
2023-07-30 04:00:00+00:00,0.70968,0.71071,0.709,0.71054,603882.0
2023-07-30 04:30:00+00:00,0.71054,0.71134,0.70989,0.71073,1676796.0
2023-07-30 05:00:00+00:00,0.71073,0.7115,0.71065,0.71136,435072.0
2023-07-30 05:30:00+00:00,0.71136,0.71136,0.70967,0.70997,1008927.0
2023-07-30 06:00:00+00:00,0.70997,0.70997,0.70904,0.70909,890809.0
2023-07-30 06:30:00+00:00,0.70909,0.70991,0.70848,0.70926,974314.0
2023-07-30 07:00:00+00:00,0.70926,0.70964,0.70863,0.70897,486604.0
2023-07-30 07:30:00+00:00,0.70897,0.7103,0.70866,0.70985,1413808.0
2023-07-30 08:00:00+00:00,0.70985,0.71086,0.70972,0.71074,948371.0
2023-07-30 08:30:00+00:00,0.71074,0.71295,0.71024,0.71226,2590407.0
2023-07-30 09:00:00+00:00,0.71226,0.7127,0.711,0.71185,2453829.0
2023-07-30 09:30:00+00:00,0.71185,0.71266,0.71076,0.71258,684963.0
2023-07-30 10:00:00+00:00,0.71258,0.7355,0.71258,0.72306,32995778.0
2023-07-30 10:30:00+00:00,0.72306,0.7262,0.71875,0.72146,12012629.0
2023-07-30 11:00:00+00:00,0.72146,0.72337,0.7162,0.71812,7202351.0
2023-07-30 11:30:00+00:00,0.71812,0.72017,0.71741,0.71907,4157707.0
2023-07-30 12:00:00+00:00,0.71907,0.72107,0.7188,0.71967,3487546.0
2023-07-30 12:30:00+00:00,0.71967,0.7222,0.71792,0.72073,3023625.0
2023-07-30 13:00:00+00:00,0.72073,0.72131,0.71805,0.71864,2148155.0
2023-07-30 13:30:00+00:00,0.71864,0.72022,0.7165,0.71845,2965961.0
2023-07-30 14:00:00+00:00,0.71845,0.71887,0.71482,0.71695,3379253.0
2023-07-30 14:30:00+00:00,0.71695,0.71997,0.715,0.71827,3441856.0
2023-07-30 15:00:00+00:00,0.71827,0.71987,0.7173,0.7182,1315550.0
2023-07-30 15:30:00+00:00,0.7182,0.71913,0.71114,0.7142,5806219.0
2023-07-30 16:00:00+00:00,0.7142,0.716,0.71319,0.71512,2910972.0
2023-07-30 16:30:00+00:00,0.71512,0.71658,0.71325,0.716,2206678.0
2023-07-30 17:00:00+00:00,0.716,0.71707,0.71557,0.71615,2590234.0
2023-07-30 17:30:00+00:00,0.71615,0.71707,0.71542,0.71683,1286121.0
2023-07-30 18:00:00+00:00,0.71683,0.71757,0.71574,0.71587,1888928.0
2023-07-30 18:30:00+00:00,0.71587,0.71598,0.7146,0.71565,738885.0
2023-07-30 19:00:00+00:00,0.71565,0.71641,0.71481,0.71543,442030.0
2023-07-30 19:30:00+00:00,0.71543,0.71586,0.6975,0.70279,16156584.0
2023-07-30 20:00:00+00:00,0.70279,0.70283,0.682,0.69946,21037329.0
2023-07-30 20:30:00+00:00,0.69946,0.70638,0.69805,0.70542,6190622.0
2023-07-30 21:00:00+00:00,0.70542,0.70542,0.70268,0.7045,3207244.0
2023-07-30 21:30:00+00:00,0.7045,0.70488,0.70252,0.70363,1451044.0
2023-07-30 22:00:00+00:00,0.70363,0.70398,0.70105,0.70208,2342017.0
2023-07-30 22:30:00+00:00,0.70208,0.70278,0.69871,0.70095,4187660.0
2023-07-30 23:00:00+00:00,0.70095,0.70518,0.70077,0.70457,3435515.0
2023-07-30 23:30:00+00:00,0.70457,0.70558,0.7037,0.70417,2077819.0
2023-07-31 00:00:00+00:00,0.70417,0.70559,0.70194,0.70558,2625009.0
2023-07-31 00:30:00+00:00,0.70558,0.71118,0.70482,0.70925,5404028.0
2023-07-31 01:00:00+00:00,0.70925,0.71038,0.70664,0.70717,1999283.0
2023-07-31 01:30:00+00:00,0.70717,0.7081,0.7058,0.70749,1468025.0
2023-07-31 02:00:00+00:00,0.70749,0.70809,0.70637,0.70764,1511713.0
2023-07-31 02:30:00+00:00,0.70764,0.70928,0.70699,0.70756,1485483.0
2023-07-31 03:00:00+00:00,0.70756,0.70769,0.70559,0.70562,1750685.0
2023-07-31 03:30:00+00:00,0.70562,0.70629,0.7044,0.70586,1189443.0
2023-07-31 04:00:00+00:00,0.70586,0.70601,0.70285,0.70343,2834605.0
2023-07-31 04:30:00+00:00,0.70343,0.70449,0.70051,0.70381,2831757.0
2023-07-31 05:00:00+00:00,0.70381,0.7061,0.70344,0.70553,3159886.0
2023-07-31 05:30:00+00:00,0.70553,0.70679,0.70492,0.70525,1344755.0
2023-07-31 06:00:00+00:00,0.70525,0.70715,0.70415,0.70587,1522616.0
2023-07-31 06:30:00+00:00,0.70587,0.70658,0.70449,0.7057,1687542.0
2023-07-31 07:00:00+00:00,0.7057,0.70699,0.70529,0.70657,1208868.0
2023-07-31 07:30:00+00:00,0.70657,0.7075,0.70413,0.70455,2087497.0
2023-07-31 08:00:00+00:00,0.70455,0.70514,0.70352,0.70479,1847649.0
2023-07-31 08:30:00+00:00,0.70479,0.70517,0.70294,0.70478,1592072.0
2023-07-31 09:00:00+00:00,0.70478,0.70564,0.70305,0.70356,1424302.0
2023-07-31 09:30:00+00:00,0.70356,0.70364,0.70135,0.70289,2865703.0
2023-07-31 10:00:00+00:00,0.70289,0.70368,0.70139,0.70368,1761100.0
2023-07-31 10:30:00+00:00,0.70368,0.70429,0.70268,0.70418,1197547.0
2023-07-31 11:00:00+00:00,0.70418,0.70434,0.70262,0.70262,892521.0
2023-07-31 11:30:00+00:00,0.70262,0.70399,0.7025,0.70396,789753.0
2023-07-31 12:00:00+00:00,0.70396,0.70508,0.70318,0.70498,886344.0
2023-07-31 12:30:00+00:00,0.70498,0.70673,0.70466,0.70629,3117466.0
2023-07-31 13:00:00+00:00,0.70629,0.70637,0.70419,0.70496,2237475.0
2023-07-31 13:30:00+00:00,0.70496,0.70554,0.69333,0.69973,12585010.0
2023-07-31 14:00:00+00:00,0.69973,0.70129,0.69726,0.70019,4344038.0
2023-07-31 14:30:00+00:00,0.70019,0.70028,0.6979,0.69884,2506788.0
2023-07-31 15:00:00+00:00,0.69884,0.7,0.69722,0.69934,2351596.0
2023-07-31 15:30:00+00:00,0.69934,0.69978,0.69459,0.69602,5362124.0
2023-07-31 16:00:00+00:00,0.69602,0.69814,0.69211,0.69739,5631273.0
2023-07-31 16:30:00+00:00,0.69739,0.6985,0.69661,0.69777,1162468.0
2023-07-31 17:00:00+00:00,0.69777,0.69989,0.69736,0.69938,1563530.0
2023-07-31 17:30:00+00:00,0.69938,0.70395,0.69898,0.70258,4444494.0
2023-07-31 18:00:00+00:00,0.70258,0.70358,0.6996,0.70095,1668526.0
2023-07-31 18:30:00+00:00,0.70095,0.70307,0.70017,0.70139,885386.0
2023-07-31 19:00:00+00:00,0.70139,0.70308,0.69986,0.7019,943414.0
2023-07-31 19:30:00+00:00,0.7019,0.71974,0.7019,0.71447,20901057.0
2023-07-31 20:00:00+00:00,0.71447,0.71959,0.70694,0.71041,11057758.0
2023-07-31 20:30:00+00:00,0.71041,0.71245,0.69487,0.69938,13753295.0
2023-07-31 21:00:00+00:00,0.69938,0.70409,0.68408,0.69877,24982550.0
2023-07-31 21:30:00+00:00,0.69877,0.70165,0.696,0.69749,4939321.0
2023-07-31 22:00:00+00:00,0.69749,0.69945,0.69673,0.69885,2376681.0
2023-07-31 22:30:00+00:00,0.69885,0.69889,0.69476,0.69811,2635621.0
2023-07-31 23:00:00+00:00,0.69811,0.69905,0.6974,0.6988,990433.0
2023-07-31 23:30:00+00:00,0.6988,0.69967,0.69695,0.69709,1714836.0
2023-08-01 00:00:00+00:00,0.69709,0.69709,0.69234,0.6947,3796140.0
2023-08-01 00:30:00+00:00,0.6947,0.69679,0.69378,0.69499,2664994.0
2023-08-01 01:00:00+00:00,0.69499,0.69649,0.69051,0.69157,4568460.0
2023-08-01 01:30:00+00:00,0.69157,0.69463,0.6895,0.69372,4491250.0
2023-08-01 02:00:00+00:00,0.69372,0.694,0.67192,0.683,25373980.0
2023-08-01 02:30:00+00:00,0.683,0.68588,0.681,0.68553,3524889.0
2023-08-01 03:00:00+00:00,0.68553,0.68634,0.68353,0.68521,2425439.0
2023-08-01 03:30:00+00:00,0.68521,0.68754,0.68368,0.68727,3059857.0
2023-08-01 04:00:00+00:00,0.68727,0.68941,0.68675,0.68846,3077696.0
2023-08-01 04:30:00+00:00,0.68846,0.6913,0.68757,0.69045,2691397.0
2023-08-01 05:00:00+00:00,0.69045,0.69125,0.68903,0.69049,2198892.0
2023-08-01 05:30:00+00:00,0.69049,0.69191,0.68977,0.69025,2584225.0
2023-08-01 06:00:00+00:00,0.69025,0.69025,0.6855,0.68772,4348465.0
2023-08-01 06:30:00+00:00,0.68772,0.6905,0.68626,0.68646,4144956.0
2023-08-01 07:00:00+00:00,0.68646,0.6898,0.68646,0.68908,1963169.0
2023-08-01 07:30:00+00:00,0.68908,0.691,0.68875,0.6896,3229841.0
2023-08-01 08:00:00+00:00,0.6896,0.69139,0.68939,0.69138,1153165.0
2023-08-01 08:30:00+00:00,0.69138,0.6919,0.68915,0.69126,2328996.0
2023-08-01 09:00:00+00:00,0.69126,0.69126,0.68862,0.68876,1287469.0
2023-08-01 09:30:00+00:00,0.68876,0.69094,0.68873,0.6902,947772.0
2023-08-01 10:00:00+00:00,0.6902,0.6908,0.689,0.68925,1105363.0
2023-08-01 10:30:00+00:00,0.68925,0.6906,0.68861,0.68919,758577.0
2023-08-01 11:00:00+00:00,0.68919,0.68949,0.68822,0.68875,993971.0
2023-08-01 11:30:00+00:00,0.68875,0.68875,0.68661,0.68711,3359123.0
2023-08-01 12:00:00+00:00,0.68711,0.68783,0.68393,0.68569,2998558.0
2023-08-01 12:30:00+00:00,0.68569,0.6902,0.6851,0.68939,3666318.0
2023-08-01 13:00:00+00:00,0.68939,0.69157,0.6888,0.68963,1889929.0
2023-08-01 13:30:00+00:00,0.68963,0.69081,0.68884,0.6895,1904049.0
2023-08-01 14:00:00+00:00,0.6895,0.6944,0.68779,0.69398,5807355.0
2023-08-01 14:30:00+00:00,0.69398,0.69797,0.68948,0.69126,8935527.0
2023-08-01 15:00:00+00:00,0.69126,0.6916,0.68674,0.68731,2942932.0
2023-08-01 15:30:00+00:00,0.68731,0.69359,0.68013,0.69353,13186034.0
2023-08-01 16:00:00+00:00,0.69353,0.6975,0.69218,0.69596,7455914.0
2023-08-01 16:30:00+00:00,0.69596,0.696,0.69019,0.6921,3668123.0
2023-08-01 17:00:00+00:00,0.6921,0.69355,0.69109,0.69314,1672143.0
2023-08-01 17:30:00+00:00,0.69314,0.6957,0.69251,0.69431,2142719.0
2023-08-01 18:00:00+00:00,0.69431,0.69983,0.69418,0.69755,3331892.0
2023-08-01 18:30:00+00:00,0.69755,0.7009,0.6963,0.70065,1765844.0
2023-08-01 19:00:00+00:00,0.70065,0.703,0.69767,0.69939,3868339.0
2023-08-01 19:30:00+00:00,0.69939,0.7016,0.6977,0.69917,3021784.0
2023-08-01 20:00:00+00:00,0.69917,0.6994,0.69681,0.69751,2129453.0
2023-08-01 20:30:00+00:00,0.69751,0.6994,0.69704,0.69898,1895095.0
2023-08-01 21:00:00+00:00,0.69898,0.70172,0.69866,0.7015,2163251.0
2023-08-01 21:30:00+00:00,0.7015,0.70509,0.70039,0.70372,5558990.0
2023-08-01 22:00:00+00:00,0.70372,0.70532,0.70085,0.70332,4668443.0
2023-08-01 22:30:00+00:00,0.70332,0.70417,0.70211,0.70308,1512372.0
2023-08-01 23:00:00+00:00,0.70308,0.70649,0.70295,0.70549,4986105.0
2023-08-01 23:30:00+00:00,0.70549,0.7076,0.7041,0.7064,2992576.0
2023-08-02 00:00:00+00:00,0.7064,0.7075,0.7031,0.70444,4312677.0
2023-08-02 00:30:00+00:00,0.70444,0.7047,0.7009,0.7028,3798401.0
2023-08-02 01:00:00+00:00,0.7028,0.70381,0.70177,0.70297,2487186.0
2023-08-02 01:30:00+00:00,0.70297,0.70589,0.70012,0.70033,5821148.0
2023-08-02 02:00:00+00:00,0.70033,0.70154,0.69869,0.70076,3052783.0
2023-08-02 02:30:00+00:00,0.70076,0.7013,0.7,0.70089,929401.0
2023-08-02 03:00:00+00:00,0.70089,0.7015,0.69887,0.70146,1174963.0
2023-08-02 03:30:00+00:00,0.70146,0.70179,0.69964,0.69985,984408.0
2023-08-02 04:00:00+00:00,0.69985,0.70093,0.69876,0.70038,1740638.0
2023-08-02 04:30:00+00:00,0.70038,0.701,0.69877,0.6993,1061592.0
2023-08-02 05:00:00+00:00,0.6993,0.69938,0.696,0.69725,3798542.0
2023-08-02 05:30:00+00:00,0.69725,0.6987,0.69686,0.6981,1470527.0
2023-08-02 06:00:00+00:00,0.6981,0.69843,0.69643,0.6966,1221889.0
2023-08-02 06:30:00+00:00,0.6966,0.6967,0.69288,0.6934,4757353.0
2023-08-02 07:00:00+00:00,0.6934,0.6959,0.69337,0.69456,2002285.0
2023-08-02 07:30:00+00:00,0.69456,0.6947,0.69296,0.69426,1847687.0
2023-08-02 08:00:00+00:00,0.69426,0.69549,0.69144,0.69288,3943222.0
2023-08-02 08:30:00+00:00,0.69288,0.6945,0.69176,0.69417,3774666.0
2023-08-02 09:00:00+00:00,0.69417,0.6954,0.69373,0.695,1647684.0
2023-08-02 09:30:00+00:00,0.695,0.6953,0.69333,0.69373,1883816.0
2023-08-02 10:00:00+00:00,0.69373,0.6966,0.69334,0.69603,2055012.0
2023-08-02 10:30:00+00:00,0.69603,0.6971,0.6953,0.69695,1301128.0
2023-08-02 11:00:00+00:00,0.69695,0.69711,0.69565,0.69661,1616903.0
2023-08-02 11:30:00+00:00,0.69661,0.6969,0.69549,0.69582,2005256.0
2023-08-02 12:00:00+00:00,0.69582,0.69582,0.694,0.69483,2415994.0
2023-08-02 12:30:00+00:00,0.69483,0.69494,0.69221,0.6939,2884236.0
2023-08-02 13:00:00+00:00,0.6939,0.694,0.69078,0.692,3330092.0
2023-08-02 13:30:00+00:00,0.692,0.6931,0.69021,0.69223,3669129.0
2023-08-02 14:00:00+00:00,0.69223,0.69236,0.686,0.68831,8641217.0
2023-08-02 14:30:00+00:00,0.68831,0.68861,0.67923,0.68558,13004831.0
2023-08-02 15:00:00+00:00,0.68558,0.68701,0.6812,0.68532,5303582.0
2023-08-02 15:30:00+00:00,0.68532,0.68746,0.68483,0.6867,2640767.0
2023-08-02 16:00:00+00:00,0.6867,0.68803,0.68533,0.68551,1657152.0
2023-08-02 16:30:00+00:00,0.68551,0.68814,0.67532,0.6803,12732489.0
2023-08-02 17:00:00+00:00,0.6803,0.68501,0.67905,0.68473,3665986.0
2023-08-02 17:30:00+00:00,0.68473,0.68598,0.68229,0.68319,1436272.0
2023-08-02 18:00:00+00:00,0.68319,0.68496,0.6825,0.68458,959326.0
2023-08-02 18:30:00+00:00,0.68458,0.68465,0.68264,0.68371,537673.0
2023-08-02 19:00:00+00:00,0.68371,0.68631,0.68307,0.68602,2199907.0
2023-08-02 19:30:00+00:00,0.68602,0.68771,0.6854,0.68609,967540.0
2023-08-02 20:00:00+00:00,0.68609,0.68691,0.68536,0.68691,569883.0
2023-08-02 20:30:00+00:00,0.68691,0.68691,0.68573,0.68618,507655.0
2023-08-02 21:00:00+00:00,0.68618,0.68741,0.68288,0.68708,1904294.0
2023-08-02 21:30:00+00:00,0.68708,0.68843,0.6861,0.68799,1191979.0
2023-08-02 22:00:00+00:00,0.68799,0.68861,0.6871,0.68769,1526620.0
2023-08-02 22:30:00+00:00,0.68769,0.68781,0.68596,0.68596,923837.0
2023-08-02 23:00:00+00:00,0.68596,0.6864,0.6846,0.68579,1227827.0
2023-08-02 23:30:00+00:00,0.68579,0.6859,0.68412,0.68451,1096443.0
2023-08-03 00:00:00+00:00,0.68451,0.6863,0.683,0.68535,2795076.0
2023-08-03 00:30:00+00:00,0.68535,0.68699,0.683,0.68301,2088146.0
2023-08-03 01:00:00+00:00,0.68301,0.68406,0.68239,0.68319,1193976.0
2023-08-03 01:30:00+00:00,0.68319,0.68549,0.68292,0.6852,1819025.0
2023-08-03 02:00:00+00:00,0.6852,0.68587,0.68067,0.68089,2430784.0
2023-08-03 02:30:00+00:00,0.68089,0.68289,0.68004,0.68255,1858224.0
2023-08-03 03:00:00+00:00,0.68255,0.68298,0.68076,0.68133,1010887.0
2023-08-19 19:00:00+00:00,0.51821,0.52031,0.51781,0.51927,2580231.0
2023-08-19 19:30:00+00:00,0.51927,0.52132,0.51833,0.51929,1586339.0
2023-08-19 20:00:00+00:00,0.51929,0.51929,0.51133,0.5152,6192472.0
2023-08-19 20:30:00+00:00,0.5152,0.517,0.5135,0.51568,1677440.0
2023-08-19 21:00:00+00:00,0.51568,0.51868,0.5155,0.51701,1376275.0
2023-08-19 21:30:00+00:00,0.51701,0.52069,0.51649,0.51919,1002740.0
2023-08-19 22:00:00+00:00,0.51919,0.52034,0.51835,0.51959,812890.0
2023-08-19 22:30:00+00:00,0.51959,0.5206,0.51693,0.51811,1532284.0
2023-08-19 23:00:00+00:00,0.51811,0.52044,0.51689,0.51971,1862790.0
2023-08-19 23:30:00+00:00,0.51971,0.5203,0.51862,0.5195,1168554.0
2023-08-20 00:00:00+00:00,0.5195,0.51998,0.51726,0.51793,1437860.0
2023-08-20 00:30:00+00:00,0.51793,0.52026,0.51607,0.51964,3731141.0
2023-08-20 01:00:00+00:00,0.51964,0.52046,0.5173,0.51818,3327273.0
2023-08-20 01:30:00+00:00,0.51818,0.51988,0.51776,0.51955,1420480.0
2023-08-20 02:00:00+00:00,0.51955,0.52,0.51899,0.51999,1043660.0
2023-08-20 02:30:00+00:00,0.51999,0.52154,0.51553,0.51578,6790222.0
2023-08-20 03:00:00+00:00,0.51578,0.51831,0.51578,0.51831,2180075.0
2023-08-20 03:30:00+00:00,0.51831,0.5184,0.51689,0.51805,1765236.0
2023-08-20 04:00:00+00:00,0.51805,0.51896,0.51745,0.51865,1653553.0
2023-08-20 04:30:00+00:00,0.51865,0.52015,0.51847,0.51911,1994711.0
2023-08-20 05:00:00+00:00,0.51911,0.52258,0.51764,0.5217,7794853.0
2023-08-20 05:30:00+00:00,0.5217,0.52171,0.51769,0.51836,4934208.0
2023-08-20 06:00:00+00:00,0.51836,0.51891,0.51736,0.51787,2093212.0
2023-08-20 06:30:00+00:00,0.51787,0.51888,0.51746,0.51865,1656181.0
2023-08-20 07:00:00+00:00,0.51865,0.52326,0.51828,0.52128,7010102.0
2023-08-20 07:30:00+00:00,0.52128,0.52837,0.52086,0.52778,12244223.0
2023-08-20 08:00:00+00:00,0.52778,0.52826,0.52441,0.52561,8617544.0
2023-08-20 08:30:00+00:00,0.52561,0.52904,0.52512,0.5265,6983085.0
2023-08-20 09:00:00+00:00,0.5265,0.52946,0.52519,0.52716,7060929.0
2023-08-20 09:30:00+00:00,0.52716,0.53637,0.52652,0.53492,16529988.0
2023-08-20 10:00:00+00:00,0.53492,0.54946,0.53412,0.54303,39371811.0
2023-08-20 10:30:00+00:00,0.54303,0.54694,0.54175,0.54637,10668595.0
2023-08-20 11:00:00+00:00,0.54637,0.55795,0.54601,0.54718,30877411.0
2023-08-20 11:30:00+00:00,0.54718,0.54786,0.5424,0.54498,15293994.0
2023-08-20 12:00:00+00:00,0.54498,0.54498,0.54071,0.54198,10828233.0
2023-08-20 12:30:00+00:00,0.54198,0.54622,0.54135,0.54549,13023497.0
2023-08-20 13:00:00+00:00,0.54549,0.54769,0.54318,0.54383,12550007.0
2023-08-20 13:30:00+00:00,0.54383,0.54838,0.54377,0.54584,9857511.0
2023-08-20 14:00:00+00:00,0.54584,0.54953,0.54214,0.54304,11584266.0
2023-08-20 14:30:00+00:00,0.54304,0.5431,0.53246,0.5368,22031045.0
2023-08-20 15:00:00+00:00,0.5368,0.53928,0.53347,0.53772,9774277.0
2023-08-20 15:30:00+00:00,0.53772,0.53978,0.53638,0.53847,3032563.0
2023-08-20 16:00:00+00:00,0.53847,0.53968,0.53632,0.5374,3498612.0
2023-08-20 16:30:00+00:00,0.5374,0.53812,0.53033,0.53304,9500788.0
2023-08-20 17:00:00+00:00,0.53304,0.53808,0.53091,0.53648,8993219.0
2023-08-20 17:30:00+00:00,0.53648,0.54047,0.53607,0.53866,6392556.0
2023-08-20 18:00:00+00:00,0.53866,0.54166,0.53806,0.53994,5200472.0
2023-08-20 18:30:00+00:00,0.53994,0.54132,0.53937,0.53996,1585653.0
2023-08-20 19:00:00+00:00,0.53996,0.54355,0.53928,0.5423,3596757.0
2023-08-20 19:30:00+00:00,0.5423,0.5423,0.53982,0.54112,2338261.0
2023-08-20 20:00:00+00:00,0.54112,0.5438,0.54048,0.54248,3422109.0
2023-08-20 20:30:00+00:00,0.54248,0.54518,0.54086,0.54159,4198800.0
2023-08-20 21:00:00+00:00,0.54159,0.54181,0.53808,0.54016,2912088.0
2023-08-20 21:30:00+00:00,0.54016,0.54023,0.53621,0.53925,2241054.0
2023-08-20 22:00:00+00:00,0.53925,0.54058,0.53846,0.54005,1720647.0
2023-08-20 22:30:00+00:00,0.54005,0.54228,0.53909,0.54168,2320753.0
2023-08-20 23:00:00+00:00,0.54168,0.54168,0.53946,0.54004,2409908.0
2023-08-20 23:30:00+00:00,0.54004,0.54087,0.53771,0.53804,1831608.0
2023-08-21 00:00:00+00:00,0.53804,0.53927,0.53501,0.53625,3651575.0
2023-08-21 00:30:00+00:00,0.53625,0.53828,0.53526,0.53696,3079428.0
2023-08-21 01:00:00+00:00,0.53696,0.5372,0.53334,0.5355,4260060.0
2023-08-21 01:30:00+00:00,0.5355,0.53808,0.53527,0.53711,1693767.0
2023-08-21 02:00:00+00:00,0.53711,0.53757,0.53409,0.53428,2000183.0
2023-08-21 02:30:00+00:00,0.53428,0.53483,0.53345,0.53446,1954978.0
2023-08-21 03:00:00+00:00,0.53446,0.53458,0.5317,0.53308,3735786.0
2023-08-21 03:30:00+00:00,0.53308,0.53348,0.53004,0.53185,5163200.0
2023-08-21 04:00:00+00:00,0.53185,0.53246,0.52457,0.52909,8335843.0
2023-08-21 04:30:00+00:00,0.52909,0.52919,0.5262,0.52749,4995811.0
2023-08-21 05:00:00+00:00,0.52749,0.53079,0.52728,0.53079,2691382.0
2023-08-21 05:30:00+00:00,0.53079,0.53344,0.52838,0.52866,4993698.0
2023-08-21 06:00:00+00:00,0.52866,0.52869,0.52549,0.52729,4057168.0
2023-08-21 06:30:00+00:00,0.52729,0.52729,0.52,0.52299,8770988.0
2023-08-21 07:00:00+00:00,0.52299,0.52445,0.5185,0.52075,7554398.0
2023-08-21 07:30:00+00:00,0.52075,0.52106,0.517,0.52058,8504085.0
2023-08-21 08:00:00+00:00,0.52058,0.521,0.51724,0.52,8328178.0
2023-08-21 08:30:00+00:00,0.52,0.52199,0.51901,0.52139,3604939.0
2023-08-21 09:00:00+00:00,0.52139,0.52319,0.52076,0.5227,3081519.0
2023-08-21 09:30:00+00:00,0.5227,0.52279,0.51947,0.52152,3164682.0
2023-08-21 10:00:00+00:00,0.52152,0.52305,0.51831,0.52249,7187872.0
2023-08-21 10:30:00+00:00,0.52249,0.52279,0.51668,0.51937,7653130.0
2023-08-21 11:00:00+00:00,0.51937,0.52226,0.51781,0.52209,3913070.0
2023-08-21 11:30:00+00:00,0.52209,0.5262,0.52196,0.52522,6271055.0
2023-08-21 12:00:00+00:00,0.52522,0.52598,0.52354,0.52421,4433633.0
2023-08-21 12:30:00+00:00,0.52421,0.526,0.52252,0.52329,5254199.0
2023-08-21 13:00:00+00:00,0.52329,0.52393,0.52035,0.52215,5493846.0
2023-08-21 13:30:00+00:00,0.52215,0.52998,0.52194,0.52907,7677563.0
2023-08-21 14:00:00+00:00,0.52907,0.52963,0.52491,0.52492,7100181.0
2023-08-21 14:30:00+00:00,0.52492,0.52699,0.52478,0.52526,2493149.0
2023-08-21 15:00:00+00:00,0.52526,0.52599,0.50156,0.5087,29259114.0
2023-08-21 15:30:00+00:00,0.5087,0.51521,0.50766,0.51009,18302131.0
2023-08-21 16:00:00+00:00,0.51009,0.51348,0.50802,0.51183,7555419.0
2023-08-21 16:30:00+00:00,0.51183,0.51304,0.51012,0.51264,3406311.0
2023-08-21 17:00:00+00:00,0.51264,0.51585,0.51167,0.51541,3288417.0
2023-08-21 17:30:00+00:00,0.51541,0.51769,0.51441,0.516,6684123.0
2023-08-21 18:00:00+00:00,0.516,0.51739,0.51482,0.51699,2573879.0
2023-08-21 18:30:00+00:00,0.51699,0.51999,0.5164,0.51899,5140704.0
2023-08-21 19:00:00+00:00,0.51899,0.52269,0.51895,0.5209,4926949.0
2023-08-21 19:30:00+00:00,0.5209,0.52555,0.52063,0.52137,4460741.0
2023-08-21 20:00:00+00:00,0.52137,0.52281,0.5201,0.52085,1996600.0
2023-08-21 20:30:00+00:00,0.52085,0.52243,0.52053,0.52164,1310794.0
2023-08-21 21:00:00+00:00,0.52164,0.52313,0.51936,0.52247,2249173.0
2023-08-21 21:30:00+00:00,0.52247,0.52649,0.5218,0.5232,4760129.0
2023-08-21 22:00:00+00:00,0.5232,0.5247,0.52212,0.52265,1730672.0
2023-08-21 22:30:00+00:00,0.52265,0.52433,0.52176,0.52333,1985059.0
2023-08-21 23:00:00+00:00,0.52333,0.52448,0.52333,0.52366,1048133.0
2023-08-21 23:30:00+00:00,0.52366,0.52429,0.52337,0.52372,593774.0
2023-08-22 00:00:00+00:00,0.52372,0.52494,0.52078,0.52109,2566491.0
2023-08-22 00:30:00+00:00,0.52109,0.52199,0.51982,0.51997,2274019.0
2023-08-22 01:00:00+00:00,0.51997,0.52119,0.51839,0.51862,3041565.0
2023-08-22 01:30:00+00:00,0.51862,0.52014,0.5175,0.51974,2204194.0
2023-08-22 02:00:00+00:00,0.51974,0.52269,0.51962,0.52224,2514751.0
2023-08-22 02:30:00+00:00,0.52224,0.5223,0.5202,0.52032,2001144.0
2023-08-22 03:00:00+00:00,0.52032,0.52148,0.5202,0.52055,1626240.0
2023-08-22 03:30:00+00:00,0.52055,0.52113,0.5195,0.52087,1511613.0
2023-08-22 04:00:00+00:00,0.52087,0.52216,0.52058,0.52159,1502172.0
2023-08-22 04:30:00+00:00,0.52159,0.52204,0.51968,0.52019,2176540.0
2023-08-22 05:00:00+00:00,0.52019,0.52089,0.51979,0.52061,1083335.0
2023-08-22 05:30:00+00:00,0.52061,0.52134,0.5197,0.51993,1026006.0
2023-08-22 06:00:00+00:00,0.51993,0.52019,0.51648,0.51721,4822355.0
2023-08-22 06:30:00+00:00,0.51721,0.51878,0.51537,0.51878,6346584.0
2023-08-22 07:00:00+00:00,0.51878,0.52089,0.51871,0.51961,5524148.0
2023-08-22 07:30:00+00:00,0.51961,0.52059,0.5182,0.51827,2155978.0
2023-08-22 08:00:00+00:00,0.51827,0.51863,0.5163,0.51689,2822470.0
2023-08-22 08:30:00+00:00,0.51689,0.5171,0.51429,0.51679,4936668.0
2023-08-22 09:00:00+00:00,0.51679,0.51799,0.51649,0.51784,4313164.0
2023-08-22 09:30:00+00:00,0.51784,0.51919,0.5169,0.51759,2461178.0
2023-08-22 10:00:00+00:00,0.51759,0.5179,0.51632,0.51724,1694286.0
2023-08-22 10:30:00+00:00,0.51724,0.51724,0.51454,0.51579,2965231.0
2023-08-22 11:00:00+00:00,0.51579,0.51837,0.51563,0.5178,2332923.0
2023-08-22 11:30:00+00:00,0.5178,0.5178,0.51531,0.5164,2071032.0
2023-08-22 12:00:00+00:00,0.5164,0.52026,0.51557,0.51922,5010855.0
2023-08-22 12:30:00+00:00,0.51922,0.51999,0.51782,0.51818,3575900.0
2023-08-22 13:00:00+00:00,0.51818,0.5184,0.51542,0.51642,5309502.0
2023-08-22 13:30:00+00:00,0.51642,0.51833,0.51177,0.513,9546142.0
2023-08-22 14:00:00+00:00,0.513,0.51579,0.51134,0.51233,7591582.0
2023-08-22 14:30:00+00:00,0.51233,0.51386,0.50848,0.51247,10072375.0
2023-08-22 15:00:00+00:00,0.51247,0.51499,0.51092,0.51407,3404188.0
2023-08-22 15:30:00+00:00,0.51407,0.51529,0.5095,0.51117,5867460.0
2023-08-22 16:00:00+00:00,0.51117,0.51434,0.50943,0.51358,6967743.0
2023-08-22 16:30:00+00:00,0.51358,0.517,0.50963,0.51546,6657496.0
2023-08-22 17:00:00+00:00,0.51546,0.51546,0.50997,0.51101,7741530.0
2023-08-22 17:30:00+00:00,0.51101,0.51136,0.50297,0.50929,15127590.0
2023-08-22 18:00:00+00:00,0.50929,0.51103,0.50545,0.5093,4070858.0
2023-08-22 18:30:00+00:00,0.5093,0.51319,0.5093,0.51239,3573916.0
2023-08-22 19:00:00+00:00,0.51239,0.5146,0.51153,0.51183,2101381.0
2023-08-22 19:30:00+00:00,0.51183,0.51264,0.51092,0.51108,2086310.0
2023-08-22 20:00:00+00:00,0.51108,0.51749,0.51108,0.51703,3096497.0
2023-08-22 20:30:00+00:00,0.51703,0.51703,0.51513,0.51646,1514880.0
2023-08-22 21:00:00+00:00,0.51646,0.51745,0.50224,0.51023,10160077.0
2023-08-22 21:30:00+00:00,0.51023,0.51539,0.50986,0.51317,5542477.0
2023-08-22 22:00:00+00:00,0.51317,0.51492,0.51071,0.51442,2384304.0
2023-08-22 22:30:00+00:00,0.51442,0.51818,0.51423,0.517,4056695.0
2023-08-22 23:00:00+00:00,0.517,0.52583,0.5159,0.51944,10064394.0
2023-08-22 23:30:00+00:00,0.51944,0.52158,0.51885,0.52038,2324432.0
2023-08-23 00:00:00+00:00,0.52038,0.52199,0.51964,0.52065,2165607.0
2023-08-23 00:30:00+00:00,0.52065,0.52077,0.51814,0.51876,2588126.0
2023-08-23 01:00:00+00:00,0.51876,0.51957,0.5171,0.5173,1854860.0
2023-08-23 01:30:00+00:00,0.5173,0.52114,0.5173,0.52028,3726299.0
2023-08-23 02:00:00+00:00,0.52028,0.5222,0.51994,0.5221,3932034.0
2023-08-23 02:30:00+00:00,0.5221,0.52327,0.52139,0.52176,3085810.0
2023-08-23 03:00:00+00:00,0.52176,0.52275,0.51862,0.51991,4452588.0
2023-08-23 03:30:00+00:00,0.51991,0.52051,0.51867,0.51867,1658616.0
2023-08-23 04:00:00+00:00,0.51867,0.52123,0.51862,0.52094,1755932.0
2023-08-23 04:30:00+00:00,0.52094,0.52166,0.52009,0.52073,1673862.0
2023-08-23 05:00:00+00:00,0.52073,0.52137,0.51979,0.51999,2621504.0
2023-08-23 05:30:00+00:00,0.51999,0.5216,0.51973,0.52063,2069209.0
2023-08-23 06:00:00+00:00,0.52063,0.52067,0.51811,0.51871,3789069.0
2023-08-23 06:30:00+00:00,0.51871,0.52252,0.51812,0.52005,4504257.0
2023-08-23 07:00:00+00:00,0.52005,0.52085,0.51816,0.51973,3671076.0
2023-08-23 07:30:00+00:00,0.51973,0.51973,0.5163,0.51725,5576014.0
2023-08-23 08:00:00+00:00,0.51725,0.51802,0.5165,0.51782,1732743.0
2023-08-23 08:30:00+00:00,0.51782,0.51887,0.51734,0.51816,1837139.0
2023-08-23 09:00:00+00:00,0.51816,0.52,0.51742,0.51954,3529722.0
2023-08-23 09:30:00+00:00,0.51954,0.52147,0.51921,0.52019,3530149.0
2023-08-23 10:00:00+00:00,0.52019,0.52034,0.51842,0.51895,2652366.0
2023-08-23 10:30:00+00:00,0.51895,0.51979,0.51784,0.51866,3186317.0
2023-08-23 11:00:00+00:00,0.51866,0.51907,0.51741,0.51828,4950593.0
2023-08-23 11:30:00+00:00,0.51828,0.52027,0.5177,0.51893,2515206.0
2023-08-23 12:00:00+00:00,0.51893,0.52017,0.51766,0.51822,1871420.0
2023-08-23 12:30:00+00:00,0.51822,0.51857,0.51476,0.51603,6941711.0
2023-08-23 13:00:00+00:00,0.51603,0.51767,0.51509,0.51742,4959053.0
2023-08-23 13:30:00+00:00,0.51742,0.5209,0.51721,0.52016,6986415.0
2023-08-23 14:00:00+00:00,0.52016,0.52128,0.51869,0.51975,3425833.0
2023-08-23 14:30:00+00:00,0.51975,0.52217,0.51914,0.52092,2338647.0
2023-08-23 15:00:00+00:00,0.52092,0.52187,0.5196,0.52027,2272391.0
2023-08-23 15:30:00+00:00,0.52027,0.52327,0.51956,0.52261,3184464.0
2023-08-23 16:00:00+00:00,0.52261,0.52983,0.52184,0.52757,15334380.0
2023-08-23 16:30:00+00:00,0.52757,0.52987,0.52651,0.5289,4362458.0
2023-08-23 17:00:00+00:00,0.5289,0.53391,0.52733,0.53249,8949406.0
2023-08-23 17:30:00+00:00,0.53249,0.53466,0.53023,0.53053,3903304.0
2023-08-23 18:00:00+00:00,0.53053,0.53181,0.52815,0.52879,3761235.0
2023-08-23 18:30:00+00:00,0.52879,0.52957,0.52724,0.52873,2386111.0
2023-08-23 19:00:00+00:00,0.52873,0.53096,0.52821,0.53048,1631420.0
2023-08-23 19:30:00+00:00,0.53048,0.53616,0.52989,0.5322,9304940.0
2023-08-23 20:00:00+00:00,0.5322,0.53267,0.52888,0.53126,4228568.0
2023-08-23 20:30:00+00:00,0.53126,0.53164,0.52926,0.53013,1882688.0
2023-08-23 21:00:00+00:00,0.53013,0.53109,0.52863,0.53023,1176426.0
2023-08-23 21:30:00+00:00,0.53023,0.53054,0.52277,0.52602,5268726.0
2023-08-23 22:00:00+00:00,0.52602,0.5279,0.52539,0.52704,1814925.0
2023-08-23 22:30:00+00:00,0.52704,0.52887,0.52704,0.52766,1289327.0
2023-09-09 14:30:00+00:00,0.5026,0.50297,0.50217,0.50274,710911.0
2023-09-09 15:00:00+00:00,0.50274,0.50415,0.50268,0.50374,1702323.0
2023-09-09 15:30:00+00:00,0.50374,0.50397,0.503,0.50382,973325.0
2023-09-09 16:00:00+00:00,0.50382,0.50385,0.5033,0.50341,999741.0
2023-09-09 16:30:00+00:00,0.50341,0.50404,0.5033,0.50365,583292.0
2023-09-09 17:00:00+00:00,0.50365,0.50387,0.50307,0.50353,976213.0
2023-09-09 17:30:00+00:00,0.50353,0.50353,0.50292,0.50304,500436.0
2023-09-09 18:00:00+00:00,0.50304,0.50317,0.50238,0.50262,815777.0
2023-09-09 18:30:00+00:00,0.50262,0.50277,0.50232,0.50275,512081.0
2023-09-09 19:00:00+00:00,0.50275,0.50275,0.50242,0.50261,377673.0
2023-09-09 19:30:00+00:00,0.50261,0.5035,0.50251,0.50348,432174.0
2023-09-09 20:00:00+00:00,0.50348,0.50348,0.50296,0.50324,357768.0
2023-09-09 20:30:00+00:00,0.50324,0.50337,0.50298,0.50314,283343.0
2023-09-09 21:00:00+00:00,0.50314,0.50371,0.503,0.50317,557783.0
2023-09-09 21:30:00+00:00,0.50317,0.50337,0.5028,0.5031,1033342.0
2023-09-09 22:00:00+00:00,0.5031,0.50332,0.50275,0.50317,645906.0
2023-09-09 22:30:00+00:00,0.50317,0.50347,0.50281,0.50335,474191.0
2023-09-09 23:00:00+00:00,0.50335,0.50337,0.5028,0.50309,417928.0
2023-09-09 23:30:00+00:00,0.50309,0.50356,0.50309,0.5033,259374.0
2023-09-10 00:00:00+00:00,0.5033,0.50332,0.49905,0.50031,8277088.0
2023-09-10 00:30:00+00:00,0.50031,0.5014,0.50001,0.50136,2118438.0
2023-09-10 01:00:00+00:00,0.50136,0.50136,0.50051,0.50088,1424169.0
2023-09-10 01:30:00+00:00,0.50088,0.50166,0.50012,0.50161,1202632.0
2023-09-10 02:00:00+00:00,0.50161,0.50173,0.50079,0.50105,901975.0
2023-09-10 02:30:00+00:00,0.50105,0.50168,0.50073,0.50145,1817499.0
2023-09-10 03:00:00+00:00,0.50145,0.50155,0.50069,0.50085,825664.0
2023-09-10 03:30:00+00:00,0.50085,0.50154,0.50085,0.50131,339663.0
2023-09-10 04:00:00+00:00,0.50131,0.50131,0.49458,0.49694,11508448.0
2023-09-10 04:30:00+00:00,0.49694,0.49936,0.49694,0.49908,3018972.0
2023-09-10 05:00:00+00:00,0.49908,0.49913,0.49766,0.49896,2621470.0
2023-09-10 05:30:00+00:00,0.49896,0.49918,0.4986,0.49905,1742892.0
2023-09-10 06:00:00+00:00,0.49905,0.49926,0.49856,0.49926,730981.0
2023-09-10 06:30:00+00:00,0.49926,0.4993,0.49895,0.49926,1769964.0
2023-09-10 07:00:00+00:00,0.49926,0.50046,0.49926,0.50026,3124384.0
2023-09-10 07:30:00+00:00,0.50026,0.50045,0.49937,0.4995,537339.0
2023-09-10 08:00:00+00:00,0.4995,0.49986,0.49886,0.49979,1724609.0
2023-09-10 08:30:00+00:00,0.49979,0.50011,0.49951,0.49951,784012.0
2023-09-10 09:00:00+00:00,0.49951,0.5,0.4986,0.49973,2162502.0
2023-09-10 09:30:00+00:00,0.49973,0.50024,0.4991,0.49958,4324539.0
2023-09-10 10:00:00+00:00,0.49958,0.50006,0.49903,0.49923,1381645.0
2023-09-10 10:30:00+00:00,0.49923,0.4993,0.49828,0.49865,1657466.0
2023-09-10 11:00:00+00:00,0.49865,0.49926,0.49802,0.49876,4283350.0
2023-09-10 11:30:00+00:00,0.49876,0.49953,0.49871,0.49913,3191152.0
2023-09-10 12:00:00+00:00,0.49913,0.4995,0.49893,0.4993,1028063.0
2023-09-10 12:30:00+00:00,0.4993,0.49976,0.49909,0.49946,2126158.0
2023-09-10 13:00:00+00:00,0.49946,0.49956,0.49844,0.49909,1439119.0
2023-09-10 13:30:00+00:00,0.49909,0.4995,0.49859,0.49943,1625249.0
2023-09-10 14:00:00+00:00,0.49943,0.49946,0.49834,0.49856,995948.0
2023-09-10 14:30:00+00:00,0.49856,0.49856,0.49599,0.49704,7294592.0
2023-09-10 15:00:00+00:00,0.49704,0.49704,0.49163,0.49527,12686727.0
2023-09-10 15:30:00+00:00,0.49527,0.49657,0.4952,0.49577,1295193.0
2023-09-10 16:00:00+00:00,0.49577,0.4965,0.49464,0.4952,2047295.0
2023-09-10 16:30:00+00:00,0.4952,0.4968,0.49277,0.49679,3905854.0
2023-09-10 17:00:00+00:00,0.49679,0.49735,0.49444,0.49647,4929758.0
2023-09-10 17:30:00+00:00,0.49647,0.49687,0.49434,0.49517,1617427.0
2023-09-10 18:00:00+00:00,0.49517,0.49807,0.49504,0.49756,1412107.0
2023-09-10 18:30:00+00:00,0.49756,0.49764,0.49611,0.49685,547510.0
2023-09-10 19:00:00+00:00,0.49685,0.49715,0.4961,0.49635,623235.0
2023-09-10 19:30:00+00:00,0.49635,0.49903,0.494,0.49784,2639902.0
2023-09-10 20:00:00+00:00,0.49784,0.5,0.49727,0.49907,3543612.0
2023-09-10 20:30:00+00:00,0.49907,0.49973,0.49862,0.49954,877746.0
2023-09-10 21:00:00+00:00,0.49954,0.5,0.49885,0.49958,759903.0
2023-09-10 21:30:00+00:00,0.49958,0.49983,0.49898,0.49942,1050204.0
2023-09-10 22:00:00+00:00,0.49942,0.4998,0.49865,0.4996,1000121.0
2023-09-10 22:30:00+00:00,0.4996,0.50054,0.49801,0.49813,3990550.0
2023-09-10 23:00:00+00:00,0.49813,0.49837,0.49755,0.49761,1371200.0
2023-09-10 23:30:00+00:00,0.49761,0.49797,0.49632,0.49652,1401419.0
2023-09-11 00:00:00+00:00,0.49652,0.49777,0.4958,0.49597,1209058.0
2023-09-11 00:30:00+00:00,0.49597,0.49618,0.4921,0.4934,8431998.0
2023-09-11 01:00:00+00:00,0.4934,0.49457,0.493,0.49351,3703906.0
2023-09-11 01:30:00+00:00,0.49351,0.49378,0.49111,0.49287,3284983.0
2023-09-11 02:00:00+00:00,0.49287,0.49457,0.49218,0.49457,1275206.0
2023-09-11 02:30:00+00:00,0.49457,0.49474,0.49347,0.49451,1466439.0
2023-09-11 03:00:00+00:00,0.49451,0.49549,0.49447,0.49457,1760475.0
2023-09-11 03:30:00+00:00,0.49457,0.49647,0.49454,0.49613,1640810.0
2023-09-11 04:00:00+00:00,0.49613,0.49621,0.49491,0.49577,1192011.0
2023-09-11 04:30:00+00:00,0.49577,0.49587,0.49514,0.49569,1194653.0
2023-09-11 05:00:00+00:00,0.49569,0.49589,0.49487,0.49501,641616.0
2023-09-11 05:30:00+00:00,0.49501,0.49625,0.49457,0.49537,2116017.0
2023-09-11 06:00:00+00:00,0.49537,0.49547,0.49296,0.49323,2641774.0
2023-09-11 06:30:00+00:00,0.49323,0.49333,0.492,0.49221,2997990.0
2023-09-11 07:00:00+00:00,0.49221,0.49225,0.47533,0.48276,37091753.0
2023-09-11 07:30:00+00:00,0.48276,0.4867,0.48222,0.48504,7130085.0
2023-09-11 08:00:00+00:00,0.48504,0.48505,0.48031,0.48119,9126780.0
2023-09-11 08:30:00+00:00,0.48119,0.48289,0.48049,0.48209,4296409.0
2023-09-11 09:00:00+00:00,0.48209,0.48299,0.47654,0.47916,9793619.0
2023-09-11 09:30:00+00:00,0.47916,0.48088,0.47866,0.47888,5986547.0
2023-09-11 10:00:00+00:00,0.47888,0.47909,0.45795,0.46697,44377739.0
2023-09-11 10:30:00+00:00,0.46697,0.473,0.46663,0.47214,7451833.0
2023-09-11 11:00:00+00:00,0.47214,0.47391,0.47086,0.4716,5080193.0
2023-09-11 11:30:00+00:00,0.4716,0.4725,0.46782,0.46887,8809215.0
2023-09-11 12:00:00+00:00,0.46887,0.4718,0.46887,0.47177,3823190.0
2023-09-11 12:30:00+00:00,0.47177,0.47519,0.47143,0.47471,6877495.0
2023-09-11 13:00:00+00:00,0.47471,0.47567,0.47322,0.47528,4792270.0
2023-09-11 13:30:00+00:00,0.47528,0.4763,0.47391,0.47444,5979884.0
2023-09-11 14:00:00+00:00,0.47444,0.47471,0.46885,0.47456,10870544.0
2023-09-11 14:30:00+00:00,0.47456,0.47501,0.46956,0.47235,7752888.0
2023-09-11 15:00:00+00:00,0.47235,0.47361,0.46848,0.47142,5629814.0
2023-09-11 15:30:00+00:00,0.47142,0.47296,0.47036,0.47176,2682710.0
2023-09-11 16:00:00+00:00,0.47176,0.47291,0.47032,0.47142,2730550.0
2023-09-11 16:30:00+00:00,0.47142,0.47169,0.47041,0.47119,1185365.0
2023-09-11 17:00:00+00:00,0.47119,0.47149,0.46695,0.4701,5038047.0
2023-09-11 17:30:00+00:00,0.4701,0.47371,0.47002,0.47324,3748861.0
2023-09-11 18:00:00+00:00,0.47324,0.47379,0.47191,0.4731,770447.0
2023-09-11 18:30:00+00:00,0.4731,0.4734,0.47034,0.47137,1231124.0
2023-09-11 19:00:00+00:00,0.47137,0.47271,0.46711,0.47014,3289184.0
2023-09-11 19:30:00+00:00,0.47014,0.47034,0.46388,0.46857,8040861.0
2023-09-11 20:00:00+00:00,0.46857,0.47141,0.467,0.4696,2789781.0
2023-09-11 20:30:00+00:00,0.4696,0.47144,0.46948,0.4714,1637104.0
2023-09-11 21:00:00+00:00,0.4714,0.47291,0.47054,0.47205,1292463.0
2023-09-11 21:30:00+00:00,0.47205,0.47267,0.47043,0.47069,808879.0
2023-09-11 22:00:00+00:00,0.47069,0.47301,0.47069,0.47248,1369311.0
2023-09-11 22:30:00+00:00,0.47248,0.4732,0.47189,0.4724,1369109.0
2023-09-11 23:00:00+00:00,0.4724,0.47291,0.47125,0.47237,2434542.0
2023-09-11 23:30:00+00:00,0.47237,0.4748,0.47237,0.47381,2561582.0
2023-09-12 00:00:00+00:00,0.47381,0.47409,0.4713,0.47173,2392656.0
2023-09-12 00:30:00+00:00,0.47173,0.47409,0.47102,0.47174,2159684.0
2023-09-12 01:00:00+00:00,0.47174,0.47241,0.46956,0.47001,2497812.0
2023-09-12 01:30:00+00:00,0.47001,0.47101,0.46971,0.46997,1495743.0
2023-09-12 02:00:00+00:00,0.46997,0.47185,0.4697,0.47174,2112885.0
2023-09-12 02:30:00+00:00,0.47174,0.4725,0.47151,0.47211,1280072.0
2023-09-12 03:00:00+00:00,0.47211,0.484,0.4721,0.4822,20496684.0
2023-09-12 03:30:00+00:00,0.4822,0.48301,0.47775,0.47861,6331551.0
2023-09-12 04:00:00+00:00,0.47861,0.48011,0.47784,0.47948,4068648.0
2023-09-12 04:30:00+00:00,0.47948,0.48038,0.47831,0.47851,2550402.0
2023-09-12 05:00:00+00:00,0.47851,0.47887,0.47631,0.47662,3053439.0
2023-09-12 05:30:00+00:00,0.47662,0.47781,0.47636,0.47737,2168165.0
2023-09-12 06:00:00+00:00,0.47737,0.47839,0.47339,0.4735,6037954.0
2023-09-12 06:30:00+00:00,0.4735,0.47471,0.47207,0.47301,4116046.0
2023-09-12 07:00:00+00:00,0.47301,0.47373,0.4706,0.47287,5028664.0
2023-09-12 07:30:00+00:00,0.47287,0.47441,0.47287,0.47436,2279916.0
2023-09-12 08:00:00+00:00,0.47436,0.47547,0.47319,0.47326,2087787.0
2023-09-12 08:30:00+00:00,0.47326,0.47337,0.47123,0.47148,3184927.0
2023-09-12 09:00:00+00:00,0.47148,0.47305,0.47003,0.47202,4288599.0
2023-09-12 09:30:00+00:00,0.47202,0.4728,0.47094,0.47251,1521204.0
2023-09-12 10:00:00+00:00,0.47251,0.48369,0.47191,0.48177,12707475.0
2023-09-12 10:30:00+00:00,0.48177,0.48211,0.47834,0.48014,5009231.0
2023-09-12 11:00:00+00:00,0.48014,0.48041,0.47732,0.47862,5099614.0
2023-09-12 11:30:00+00:00,0.47862,0.47864,0.47741,0.47841,2022885.0
2023-09-12 12:00:00+00:00,0.47841,0.48081,0.47829,0.47975,2280860.0
2023-09-12 12:30:00+00:00,0.47975,0.48001,0.47783,0.47794,1765292.0
2023-09-12 13:00:00+00:00,0.47794,0.47831,0.47597,0.47729,3134943.0
2023-09-12 13:30:00+00:00,0.47729,0.48001,0.4768,0.47983,3860946.0
2023-09-12 14:00:00+00:00,0.47983,0.48108,0.47766,0.47872,4426550.0
2023-09-12 14:30:00+00:00,0.47872,0.47975,0.47759,0.47894,2550942.0
2023-09-12 15:00:00+00:00,0.47894,0.48071,0.47885,0.48069,1965396.0
2023-09-12 15:30:00+00:00,0.48069,0.48234,0.47996,0.48219,5029469.0
2023-09-12 16:00:00+00:00,0.48219,0.48441,0.48085,0.48358,5845883.0
2023-09-12 16:30:00+00:00,0.48358,0.4865,0.4808,0.48144,6647503.0
2023-09-12 17:00:00+00:00,0.48144,0.48258,0.47682,0.4805,5471710.0
2023-09-12 17:30:00+00:00,0.4805,0.48099,0.47885,0.47891,1204552.0
2023-09-12 18:00:00+00:00,0.47891,0.48079,0.4786,0.48022,1191920.0
2023-09-12 18:30:00+00:00,0.48022,0.48081,0.4795,0.47989,1405738.0
2023-09-12 19:00:00+00:00,0.47989,0.4827,0.47973,0.48168,1560992.0
2023-09-12 19:30:00+00:00,0.48168,0.48214,0.48101,0.4813,740730.0
2023-09-12 20:00:00+00:00,0.4813,0.48341,0.48114,0.48322,926595.0
2023-09-12 20:30:00+00:00,0.48322,0.48411,0.48182,0.48198,1932081.0
2023-09-12 21:00:00+00:00,0.48198,0.48322,0.48151,0.48321,893386.0
2023-09-12 21:30:00+00:00,0.48321,0.48331,0.48189,0.48228,697187.0
2023-09-12 22:00:00+00:00,0.48228,0.48249,0.48081,0.48095,871286.0
2023-09-12 22:30:00+00:00,0.48095,0.48205,0.48088,0.48198,684019.0
2023-09-12 23:00:00+00:00,0.48198,0.48198,0.47961,0.4798,2106649.0
2023-09-12 23:30:00+00:00,0.4798,0.481,0.47929,0.4799,1821967.0
2023-09-13 00:00:00+00:00,0.4799,0.48003,0.47863,0.47904,1849735.0
2023-09-13 00:30:00+00:00,0.47904,0.47969,0.47839,0.47887,1968312.0
2023-09-13 01:00:00+00:00,0.47887,0.48002,0.47862,0.48002,2768684.0
2023-09-13 01:30:00+00:00,0.48002,0.48079,0.47884,0.48053,3587757.0
2023-09-13 02:00:00+00:00,0.48053,0.48094,0.47991,0.48059,1201205.0
2023-09-13 02:30:00+00:00,0.48059,0.48085,0.48027,0.4804,481619.0
2023-09-13 03:00:00+00:00,0.4804,0.48059,0.4781,0.4781,2187965.0
2023-09-13 03:30:00+00:00,0.4781,0.47859,0.47687,0.47838,3386037.0
2023-09-13 04:00:00+00:00,0.47838,0.47948,0.47764,0.47923,1732440.0
2023-09-13 04:30:00+00:00,0.47923,0.47972,0.47871,0.47928,1815512.0
2023-09-13 05:00:00+00:00,0.47928,0.47969,0.47791,0.47817,1556363.0
2023-09-13 05:30:00+00:00,0.47817,0.47819,0.47604,0.47626,2419768.0
2023-09-13 06:00:00+00:00,0.47626,0.47646,0.47401,0.47567,5396923.0
2023-09-13 06:30:00+00:00,0.47567,0.47684,0.47485,0.47591,1527950.0
2023-09-13 07:00:00+00:00,0.47591,0.477,0.47511,0.47681,1861858.0
2023-09-13 07:30:00+00:00,0.47681,0.48913,0.4724,0.4745,28600877.0
2023-09-13 08:00:00+00:00,0.4745,0.47635,0.47402,0.47559,2937003.0
2023-09-13 08:30:00+00:00,0.47559,0.47789,0.47482,0.47788,2598515.0
2023-09-13 09:00:00+00:00,0.47788,0.47999,0.47689,0.47917,2736043.0
2023-09-13 09:30:00+00:00,0.47917,0.48038,0.47752,0.47856,4060456.0
2023-09-13 10:00:00+00:00,0.47856,0.47929,0.47775,0.4781,1562662.0
2023-09-13 10:30:00+00:00,0.4781,0.4803,0.4781,0.48025,2557143.0
2023-09-13 11:00:00+00:00,0.48025,0.48156,0.4802,0.48128,2130006.0
2023-09-13 11:30:00+00:00,0.48128,0.482,0.48052,0.48112,2264230.0
2023-09-13 12:00:00+00:00,0.48112,0.4824,0.48068,0.48129,3762509.0
2023-09-13 12:30:00+00:00,0.48129,0.48129,0.47788,0.48115,10190051.0
2023-09-13 13:00:00+00:00,0.48115,0.48129,0.47902,0.47921,2342200.0
2023-09-13 13:30:00+00:00,0.47921,0.48099,0.47921,0.48036,2175216.0
2023-09-13 14:00:00+00:00,0.48036,0.48127,0.47929,0.48086,1614826.0
2023-09-13 14:30:00+00:00,0.48086,0.48339,0.48073,0.48149,4084772.0
2023-09-13 15:00:00+00:00,0.48149,0.48376,0.481,0.48259,2936591.0
2023-09-13 15:30:00+00:00,0.48259,0.48419,0.48237,0.48257,4635582.0
2023-09-13 16:00:00+00:00,0.48257,0.48369,0.48146,0.48343,1562822.0
2023-09-13 16:30:00+00:00,0.48343,0.48349,0.48213,0.48298,1548602.0
2023-09-13 17:00:00+00:00,0.48298,0.48419,0.48091,0.48228,2082710.0
2023-09-13 17:30:00+00:00,0.48228,0.48327,0.47966,0.48023,2595616.0
2023-09-13 18:00:00+00:00,0.48023,0.48152,0.48018,0.48086,755192.0
2023-09-30 10:00:00+00:00,0.51645,0.51829,0.5157,0.518,2557998.0
2023-09-30 10:30:00+00:00,0.518,0.51939,0.51732,0.51905,2709667.0
2023-09-30 11:00:00+00:00,0.51905,0.51949,0.51698,0.51772,3351081.0
2023-09-30 11:30:00+00:00,0.51772,0.51779,0.516,0.51688,3086643.0
2023-09-30 12:00:00+00:00,0.51688,0.51754,0.51628,0.5166,1146845.0
2023-09-30 12:30:00+00:00,0.5166,0.51729,0.5161,0.5161,1325239.0
2023-09-30 13:00:00+00:00,0.5161,0.51674,0.51552,0.51598,1585851.0
2023-09-30 13:30:00+00:00,0.51598,0.51746,0.51598,0.51746,1550539.0
2023-09-30 14:00:00+00:00,0.51746,0.51759,0.5161,0.51649,1742138.0
2023-09-30 14:30:00+00:00,0.51649,0.51649,0.51469,0.51534,3544557.0
2023-09-30 15:00:00+00:00,0.51534,0.51665,0.51509,0.51572,1423823.0
2023-09-30 15:30:00+00:00,0.51572,0.51745,0.51534,0.51618,1703760.0
2023-09-30 16:00:00+00:00,0.51618,0.51718,0.51608,0.51667,823891.0
2023-09-30 16:30:00+00:00,0.51667,0.51769,0.51667,0.51767,1742352.0
2023-09-30 17:00:00+00:00,0.51767,0.51767,0.51516,0.51697,1924125.0
2023-09-30 17:30:00+00:00,0.51697,0.51759,0.51662,0.51721,368690.0
2023-09-30 18:00:00+00:00,0.51721,0.51853,0.51703,0.51799,1977710.0
2023-09-30 18:30:00+00:00,0.51799,0.51879,0.51639,0.51647,1747889.0
2023-09-30 19:00:00+00:00,0.51647,0.51854,0.51622,0.51788,2038094.0
2023-09-30 19:30:00+00:00,0.51788,0.51858,0.5172,0.51758,661399.0
2023-09-30 20:00:00+00:00,0.51758,0.51793,0.51601,0.51687,558229.0
2023-09-30 20:30:00+00:00,0.51687,0.51759,0.51662,0.51706,276081.0
2023-09-30 21:00:00+00:00,0.51706,0.51716,0.51541,0.51617,695524.0
2023-09-30 21:30:00+00:00,0.51617,0.51679,0.51546,0.51638,506825.0
2023-09-30 22:00:00+00:00,0.51638,0.51697,0.51588,0.51621,357913.0
2023-09-30 22:30:00+00:00,0.51621,0.51636,0.51547,0.51579,864427.0
2023-09-30 23:00:00+00:00,0.51579,0.51601,0.51499,0.51559,968211.0
2023-09-30 23:30:00+00:00,0.51559,0.51559,0.5135,0.51459,2181882.0
2023-10-01 00:00:00+00:00,0.51459,0.51541,0.513,0.51485,2519302.0
2023-10-01 00:30:00+00:00,0.51485,0.51607,0.51429,0.51546,901062.0
2023-10-01 01:00:00+00:00,0.51546,0.51557,0.51411,0.51531,959026.0
2023-10-01 01:30:00+00:00,0.51531,0.51575,0.51481,0.51545,714328.0
2023-10-01 02:00:00+00:00,0.51545,0.51633,0.51539,0.51591,768582.0
2023-10-01 02:30:00+00:00,0.51591,0.51591,0.5151,0.51564,643931.0
2023-10-01 03:00:00+00:00,0.51564,0.516,0.51471,0.51586,593021.0
2023-10-01 03:30:00+00:00,0.51586,0.51657,0.5157,0.51648,893073.0
2023-10-01 04:00:00+00:00,0.51648,0.51648,0.5152,0.51547,868869.0
2023-10-01 04:30:00+00:00,0.51547,0.51614,0.5152,0.51613,399659.0
2023-10-01 05:00:00+00:00,0.51613,0.5163,0.51565,0.51629,472519.0
2023-10-01 05:30:00+00:00,0.51629,0.51697,0.51626,0.51694,836524.0
2023-10-01 06:00:00+00:00,0.51694,0.51727,0.51663,0.51706,1227869.0
2023-10-01 06:30:00+00:00,0.51706,0.5178,0.51699,0.51768,935050.0
2023-10-01 07:00:00+00:00,0.51768,0.51778,0.51662,0.5167,1078911.0
2023-10-01 07:30:00+00:00,0.5167,0.5177,0.5166,0.51735,766881.0
2023-10-01 08:00:00+00:00,0.51735,0.51768,0.51645,0.51702,853098.0
2023-10-01 08:30:00+00:00,0.51702,0.51777,0.5169,0.51766,803945.0
2023-10-01 09:00:00+00:00,0.51766,0.51867,0.51734,0.51853,1773488.0
2023-10-01 09:30:00+00:00,0.51853,0.51937,0.5182,0.51906,3313581.0
2023-10-01 10:00:00+00:00,0.51906,0.52182,0.51896,0.51993,4013151.0
2023-10-01 10:30:00+00:00,0.51993,0.52147,0.51886,0.52093,2427719.0
2023-10-01 11:00:00+00:00,0.52093,0.52093,0.51958,0.52069,1847183.0
2023-10-01 11:30:00+00:00,0.52069,0.52275,0.52014,0.52066,5141573.0
2023-10-01 12:00:00+00:00,0.52066,0.52137,0.51894,0.52126,2306410.0
2023-10-01 12:30:00+00:00,0.52126,0.52147,0.52007,0.52043,1044088.0
2023-10-01 13:00:00+00:00,0.52043,0.52043,0.51934,0.51985,1364687.0
2023-10-01 13:30:00+00:00,0.51985,0.52052,0.51906,0.5194,754008.0
2023-10-01 14:00:00+00:00,0.5194,0.52095,0.51931,0.52064,1032142.0
2023-10-01 14:30:00+00:00,0.52064,0.52064,0.51652,0.51721,5050121.0
2023-10-01 15:00:00+00:00,0.51721,0.51874,0.51721,0.51863,1090702.0
2023-10-01 15:30:00+00:00,0.51863,0.51905,0.51827,0.51866,569951.0
2023-10-01 16:00:00+00:00,0.51866,0.51867,0.5171,0.51747,740678.0
2023-10-01 16:30:00+00:00,0.51747,0.51782,0.5158,0.51613,1733878.0
2023-10-01 17:00:00+00:00,0.51613,0.51719,0.51602,0.51657,905260.0
2023-10-01 17:30:00+00:00,0.51657,0.51679,0.5144,0.51507,2528254.0
2023-10-01 18:00:00+00:00,0.51507,0.51676,0.51467,0.51641,1165126.0
2023-10-01 18:30:00+00:00,0.51641,0.51697,0.51624,0.51649,1689927.0
2023-10-01 19:00:00+00:00,0.51649,0.51757,0.51649,0.51731,870911.0
2023-10-01 19:30:00+00:00,0.51731,0.51737,0.51564,0.51607,875305.0
2023-10-01 20:00:00+00:00,0.51607,0.51737,0.51486,0.51683,1256460.0
2023-10-01 20:30:00+00:00,0.51683,0.5174,0.5157,0.51698,1151481.0
2023-10-01 21:00:00+00:00,0.51698,0.51755,0.51643,0.51748,753794.0
2023-10-01 21:30:00+00:00,0.51748,0.51799,0.51683,0.51783,1135014.0
2023-10-01 22:00:00+00:00,0.51783,0.52457,0.51726,0.52357,10166865.0
2023-10-01 22:30:00+00:00,0.52357,0.52555,0.52265,0.52484,7754467.0
2023-10-01 23:00:00+00:00,0.52484,0.52535,0.52305,0.52316,2438061.0
2023-10-01 23:30:00+00:00,0.52316,0.52465,0.52242,0.52371,2056772.0
2023-10-02 00:00:00+00:00,0.52371,0.52466,0.52146,0.52215,3918771.0
2023-10-02 00:30:00+00:00,0.52215,0.52278,0.52139,0.52261,1103120.0
2023-10-02 01:00:00+00:00,0.52261,0.52289,0.521,0.52184,877417.0
2023-10-02 01:30:00+00:00,0.52184,0.5235,0.52182,0.52307,1604427.0
2023-10-02 02:00:00+00:00,0.52307,0.52406,0.52295,0.52365,1185512.0
2023-10-02 02:30:00+00:00,0.52365,0.52366,0.52255,0.52336,1255046.0
2023-10-02 03:00:00+00:00,0.52336,0.5247,0.5229,0.52324,841236.0
2023-10-02 03:30:00+00:00,0.52324,0.52638,0.52291,0.52501,2226738.0
2023-10-02 04:00:00+00:00,0.52501,0.52512,0.52295,0.52296,1658799.0
2023-10-02 04:30:00+00:00,0.52296,0.52331,0.521,0.52166,2709061.0
2023-10-02 05:00:00+00:00,0.52166,0.52286,0.52139,0.52257,1577371.0
2023-10-02 05:30:00+00:00,0.52257,0.52257,0.51988,0.5207,1967846.0
2023-10-02 06:00:00+00:00,0.5207,0.5207,0.51903,0.52003,1608707.0
2023-10-02 06:30:00+00:00,0.52003,0.52086,0.52,0.52076,1122731.0
2023-10-02 07:00:00+00:00,0.52076,0.52126,0.52022,0.52119,1310490.0
2023-10-02 07:30:00+00:00,0.52119,0.52292,0.52029,0.52192,3323071.0
2023-10-02 08:00:00+00:00,0.52192,0.52356,0.5214,0.52332,2646018.0
2023-10-02 08:30:00+00:00,0.52332,0.5245,0.52251,0.52283,2431464.0
2023-10-02 09:00:00+00:00,0.52283,0.52319,0.52123,0.52261,2130872.0
2023-10-02 09:30:00+00:00,0.52261,0.52318,0.52192,0.52312,1020435.0
2023-10-02 10:00:00+00:00,0.52312,0.52346,0.52206,0.52281,751182.0
2023-10-02 10:30:00+00:00,0.52281,0.52296,0.52104,0.52136,1338139.0
2023-10-02 11:00:00+00:00,0.52136,0.52221,0.52058,0.52181,922035.0
2023-10-02 11:30:00+00:00,0.52181,0.52222,0.52047,0.5205,1091751.0
2023-10-02 12:00:00+00:00,0.5205,0.52268,0.52049,0.52268,1298119.0
2023-10-02 12:30:00+00:00,0.52268,0.52356,0.52214,0.52306,2720005.0
2023-10-02 13:00:00+00:00,0.52306,0.52349,0.5221,0.5221,1222914.0
2023-10-02 13:30:00+00:00,0.5221,0.5235,0.52121,0.5235,2485625.0
2023-10-02 14:00:00+00:00,0.5235,0.5235,0.51981,0.5204,4198250.0
2023-10-02 14:30:00+00:00,0.5204,0.52176,0.52027,0.52135,1021701.0
2023-10-02 15:00:00+00:00,0.52135,0.52235,0.5205,0.52222,1429958.0
2023-10-02 15:30:00+00:00,0.52222,0.52236,0.51527,0.51696,8399740.0
2023-10-02 16:00:00+00:00,0.51696,0.51876,0.5148,0.51836,4989601.0
2023-10-02 16:30:00+00:00,0.51836,0.51876,0.51725,0.5182,1290287.0
2023-10-02 17:00:00+00:00,0.5182,0.519,0.51728,0.51892,1032602.0
2023-10-02 17:30:00+00:00,0.51892,0.52244,0.51869,0.52209,3553080.0
2023-10-02 18:00:00+00:00,0.52209,0.5222,0.52087,0.52172,1057381.0
2023-10-02 18:30:00+00:00,0.52172,0.52295,0.50296,0.51132,22011744.0
2023-10-02 19:00:00+00:00,0.51132,0.51396,0.50924,0.5138,3322384.0
2023-10-02 19:30:00+00:00,0.5138,0.51584,0.51318,0.5158,1647107.0
2023-10-02 20:00:00+00:00,0.5158,0.51596,0.51402,0.5148,658191.0
2023-10-02 20:30:00+00:00,0.5148,0.51616,0.5144,0.51542,1015980.0
2023-10-02 21:00:00+00:00,0.51542,0.51566,0.51386,0.5153,1663202.0
2023-10-02 21:30:00+00:00,0.5153,0.51566,0.50938,0.51295,4012465.0
2023-10-02 22:00:00+00:00,0.51295,0.51346,0.51135,0.51336,1172353.0
2023-10-02 22:30:00+00:00,0.51336,0.51336,0.51036,0.51122,1508878.0
2023-10-02 23:00:00+00:00,0.51122,0.51146,0.50852,0.5109,1919836.0
2023-10-02 23:30:00+00:00,0.5109,0.5126,0.51085,0.51159,1138539.0
2023-10-03 00:00:00+00:00,0.51159,0.51243,0.50995,0.51002,988989.0
2023-10-03 00:30:00+00:00,0.51002,0.51082,0.50956,0.51081,1856458.0
2023-10-03 01:00:00+00:00,0.51081,0.51197,0.50981,0.51197,2214094.0
2023-10-03 01:30:00+00:00,0.51197,0.51288,0.51173,0.51282,1427132.0
2023-10-03 02:00:00+00:00,0.51282,0.51402,0.51269,0.5138,1890276.0
2023-10-03 02:30:00+00:00,0.5138,0.5139,0.51277,0.51336,1265059.0
2023-10-03 03:00:00+00:00,0.51336,0.51396,0.51226,0.51226,694414.0
2023-10-03 03:30:00+00:00,0.51226,0.51316,0.51195,0.51316,1695119.0
2023-10-03 04:00:00+00:00,0.51316,0.51328,0.5119,0.51216,1105280.0
2023-10-03 04:30:00+00:00,0.51216,0.51313,0.51017,0.51041,2205305.0
2023-10-03 05:00:00+00:00,0.51041,0.51146,0.50944,0.50959,3911867.0
2023-10-03 05:30:00+00:00,0.50959,0.51012,0.50631,0.50797,4599843.0
2023-10-03 06:00:00+00:00,0.50797,0.50817,0.50622,0.50765,5528066.0
2023-10-03 06:30:00+00:00,0.50765,0.50919,0.50736,0.50851,2871785.0
2023-10-03 07:00:00+00:00,0.50851,0.50933,0.50684,0.50842,4140115.0
2023-10-03 07:30:00+00:00,0.50842,0.50932,0.50761,0.50932,1868444.0
2023-10-03 08:00:00+00:00,0.50932,0.51066,0.50932,0.51057,1734539.0
2023-10-03 08:30:00+00:00,0.51057,0.51066,0.50822,0.50844,3080429.0
2023-10-03 09:00:00+00:00,0.50844,0.50996,0.50795,0.50795,1852622.0
2023-10-03 09:30:00+00:00,0.50795,0.50837,0.50726,0.50787,1397862.0
2023-10-03 10:00:00+00:00,0.50787,0.50837,0.50667,0.50724,1894882.0
2023-10-03 10:30:00+00:00,0.50724,0.51008,0.50708,0.50903,2011479.0
2023-10-03 11:00:00+00:00,0.50903,0.50974,0.5078,0.50793,1756199.0
2023-10-03 11:30:00+00:00,0.50793,0.50926,0.5077,0.50924,917602.0
2023-10-03 12:00:00+00:00,0.50924,0.5093,0.50776,0.50875,1853071.0
2023-10-03 12:30:00+00:00,0.50875,0.50911,0.50804,0.50895,1278121.0
2023-10-03 13:00:00+00:00,0.50895,0.50977,0.50803,0.50942,961894.0
2023-10-03 13:30:00+00:00,0.50942,0.5123,0.5091,0.51081,3117479.0
2023-10-03 14:00:00+00:00,0.51081,0.51082,0.50854,0.50867,4386370.0
2023-10-03 14:30:00+00:00,0.50867,0.51007,0.50786,0.50836,2589217.0
2023-10-03 15:00:00+00:00,0.50836,0.50937,0.50669,0.50791,2909868.0
2023-10-03 15:30:00+00:00,0.50791,0.5082,0.50491,0.50734,3910956.0
2023-10-03 16:00:00+00:00,0.50734,0.50837,0.50651,0.50832,1887109.0
2023-10-03 16:30:00+00:00,0.50832,0.50897,0.50783,0.50805,830239.0
2023-10-03 17:00:00+00:00,0.50805,0.51172,0.50773,0.51132,1911097.0
2023-10-03 17:30:00+00:00,0.51132,0.51236,0.51082,0.51232,2465061.0
2023-10-03 18:00:00+00:00,0.51232,0.51291,0.51091,0.51215,1509511.0
2023-10-03 18:30:00+00:00,0.51215,0.51284,0.51135,0.5114,679448.0
2023-10-03 19:00:00+00:00,0.5114,0.51346,0.5114,0.51304,1253089.0
2023-10-03 19:30:00+00:00,0.51304,0.51371,0.512,0.51371,1557336.0
2023-10-03 20:00:00+00:00,0.51371,0.51552,0.51155,0.51549,2682287.0
2023-10-03 20:30:00+00:00,0.51549,0.51556,0.51365,0.51471,1316343.0
2023-10-03 21:00:00+00:00,0.51471,0.51501,0.51335,0.51454,1414287.0
2023-10-03 21:30:00+00:00,0.51454,0.51454,0.51281,0.51318,1359351.0
2023-10-03 22:00:00+00:00,0.51318,0.51359,0.51253,0.51327,556174.0
2023-10-03 22:30:00+00:00,0.51327,0.5277,0.50832,0.52734,15422923.0
2023-10-03 23:00:00+00:00,0.52734,0.54752,0.52699,0.53635,53646888.0
2023-10-03 23:30:00+00:00,0.53635,0.54116,0.53283,0.53839,19172429.0
2023-10-04 00:00:00+00:00,0.53839,0.54034,0.52556,0.52849,24307438.0
2023-10-04 00:30:00+00:00,0.52849,0.52922,0.51878,0.52598,17448554.0
2023-10-04 01:00:00+00:00,0.52598,0.52939,0.5247,0.52835,5092786.0
2023-10-04 01:30:00+00:00,0.52835,0.5356,0.5274,0.53348,13081849.0
2023-10-04 02:00:00+00:00,0.53348,0.5418,0.53279,0.53746,15465445.0
2023-10-04 02:30:00+00:00,0.53746,0.53914,0.53347,0.53758,6089127.0
2023-10-04 03:00:00+00:00,0.53758,0.53934,0.5352,0.53834,5687220.0
2023-10-04 03:30:00+00:00,0.53834,0.53877,0.53427,0.53525,4667049.0
2023-10-04 04:00:00+00:00,0.53525,0.53558,0.53028,0.53148,9713555.0
2023-10-04 04:30:00+00:00,0.53148,0.53358,0.53017,0.53202,7304272.0
2023-10-04 05:00:00+00:00,0.53202,0.53297,0.52821,0.52962,10706461.0
2023-10-04 05:30:00+00:00,0.52962,0.53029,0.52852,0.52918,3379467.0
2023-10-04 06:00:00+00:00,0.52918,0.53155,0.52622,0.52727,9622719.0
2023-10-04 06:30:00+00:00,0.52727,0.52789,0.5241,0.52742,6630166.0
2023-10-04 07:00:00+00:00,0.52742,0.52956,0.52673,0.52876,6541527.0
2023-10-04 07:30:00+00:00,0.52876,0.53188,0.52876,0.53171,6284238.0
2023-10-04 08:00:00+00:00,0.53171,0.53188,0.52743,0.52886,7270099.0
2023-10-04 08:30:00+00:00,0.52886,0.531,0.5274,0.52959,10960028.0
2023-10-04 09:00:00+00:00,0.52959,0.53179,0.52823,0.52889,8753654.0
2023-10-04 09:30:00+00:00,0.52889,0.53548,0.52885,0.53251,13112449.0
2023-10-04 10:00:00+00:00,0.53251,0.53408,0.53154,0.53361,3569084.0
2023-10-04 10:30:00+00:00,0.53361,0.535,0.53281,0.53406,4397867.0
2023-10-04 11:00:00+00:00,0.53406,0.53614,0.53315,0.53326,7024140.0
2023-10-04 11:30:00+00:00,0.53326,0.53377,0.53117,0.5326,7071244.0
2023-10-04 12:00:00+00:00,0.5326,0.53479,0.532,0.53458,3471968.0
2023-10-04 12:30:00+00:00,0.53458,0.53482,0.53225,0.53298,2312395.0
2023-10-04 13:00:00+00:00,0.53298,0.53347,0.52869,0.53053,8866601.0
2023-10-04 13:30:00+00:00,0.53053,0.53288,0.52918,0.53256,4920834.0
2023-10-21 05:30:00+00:00,0.51429,0.51429,0.51211,0.51218,1678541.0
2023-10-21 06:00:00+00:00,0.51218,0.5138,0.51218,0.51375,889481.0
2023-10-21 06:30:00+00:00,0.51375,0.51569,0.51335,0.51567,2331699.0
2023-10-21 07:00:00+00:00,0.51567,0.516,0.51455,0.51599,1130101.0
2023-10-21 07:30:00+00:00,0.51599,0.517,0.51541,0.51698,1740347.0
2023-10-21 08:00:00+00:00,0.51698,0.51749,0.51603,0.51715,1785806.0
2023-10-21 08:30:00+00:00,0.51715,0.51768,0.51561,0.51637,1942192.0
2023-10-21 09:00:00+00:00,0.51637,0.51645,0.51517,0.51567,1295077.0
2023-10-21 09:30:00+00:00,0.51567,0.517,0.51567,0.51689,1695751.0
2023-10-21 10:00:00+00:00,0.51689,0.51709,0.51601,0.51621,876400.0
2023-10-21 10:30:00+00:00,0.51621,0.51708,0.51615,0.51667,551858.0
2023-10-21 11:00:00+00:00,0.51667,0.51789,0.51667,0.51765,1293564.0
2023-10-21 11:30:00+00:00,0.51765,0.51839,0.517,0.51721,969616.0
2023-10-21 12:00:00+00:00,0.51721,0.51748,0.51596,0.51662,2276766.0
2023-10-21 12:30:00+00:00,0.51662,0.51677,0.51556,0.51579,1653397.0
2023-10-21 13:00:00+00:00,0.51579,0.51639,0.51457,0.51635,1823063.0
2023-10-21 13:30:00+00:00,0.51635,0.51849,0.51618,0.51733,3127914.0
2023-10-21 14:00:00+00:00,0.51733,0.51838,0.517,0.51804,1586485.0
2023-10-21 14:30:00+00:00,0.51804,0.532,0.51798,0.5228,14595779.0
2023-10-21 15:00:00+00:00,0.5228,0.52469,0.52,0.52169,6060819.0
2023-10-21 15:30:00+00:00,0.52169,0.52319,0.52055,0.52283,2264223.0
2023-10-21 16:00:00+00:00,0.52283,0.524,0.52123,0.52388,2107239.0
2023-10-21 16:30:00+00:00,0.52388,0.52449,0.52151,0.52155,3357311.0
2023-10-21 17:00:00+00:00,0.52155,0.52289,0.52123,0.52287,1505448.0
2023-10-21 17:30:00+00:00,0.52287,0.52532,0.52279,0.52487,2499071.0
2023-10-21 18:00:00+00:00,0.52487,0.52665,0.52159,0.52384,3387053.0
2023-10-21 18:30:00+00:00,0.52384,0.52479,0.52243,0.52475,1699840.0
2023-10-21 19:00:00+00:00,0.52475,0.52505,0.52151,0.52181,1902326.0
2023-10-21 19:30:00+00:00,0.52181,0.52247,0.52086,0.52118,2475385.0
2023-10-21 20:00:00+00:00,0.52118,0.52181,0.51831,0.52012,3988772.0
2023-10-21 20:30:00+00:00,0.52012,0.52179,0.51984,0.5213,1453905.0
2023-10-21 21:00:00+00:00,0.5213,0.52266,0.52092,0.52208,812104.0
2023-10-21 21:30:00+00:00,0.52208,0.52339,0.52068,0.52258,1739563.0
2023-10-21 22:00:00+00:00,0.52258,0.52378,0.52176,0.52219,1299650.0
2023-10-21 22:30:00+00:00,0.52219,0.52219,0.52108,0.52206,1475186.0
2023-10-21 23:00:00+00:00,0.52206,0.52206,0.51941,0.52096,1893321.0
2023-10-21 23:30:00+00:00,0.52096,0.52108,0.51906,0.52052,606323.0
2023-10-22 00:00:00+00:00,0.52052,0.52107,0.51955,0.52097,729079.0
2023-10-22 00:30:00+00:00,0.52097,0.52316,0.52037,0.52277,892679.0
2023-10-22 01:00:00+00:00,0.52277,0.52343,0.52126,0.52151,1525004.0
2023-10-22 01:30:00+00:00,0.52151,0.52227,0.52054,0.52087,943045.0
2023-10-22 02:00:00+00:00,0.52087,0.521,0.51921,0.51921,1463781.0
2023-10-22 02:30:00+00:00,0.51921,0.51957,0.51609,0.51764,4333822.0
2023-10-22 03:00:00+00:00,0.51764,0.51865,0.51734,0.51865,727675.0
2023-10-22 03:30:00+00:00,0.51865,0.5196,0.51813,0.51957,833261.0
2023-10-22 04:00:00+00:00,0.51957,0.52047,0.51954,0.52028,800340.0
2023-10-22 04:30:00+00:00,0.52028,0.52117,0.52004,0.52075,1604094.0
2023-10-22 05:00:00+00:00,0.52075,0.52186,0.52034,0.52147,1244944.0
2023-10-22 05:30:00+00:00,0.52147,0.5231,0.52068,0.52241,977037.0
2023-10-22 06:00:00+00:00,0.52241,0.52341,0.52112,0.52147,1500104.0
2023-10-22 06:30:00+00:00,0.52147,0.52257,0.52096,0.52127,1472611.0
2023-10-22 07:00:00+00:00,0.52127,0.52161,0.51972,0.51974,1254676.0
2023-10-22 07:30:00+00:00,0.51974,0.51984,0.51095,0.51597,12451677.0
2023-10-22 08:00:00+00:00,0.51597,0.51767,0.5142,0.5151,3157553.0
2023-10-22 08:30:00+00:00,0.5151,0.51696,0.51453,0.51592,1196825.0
2023-10-22 09:00:00+00:00,0.51592,0.5182,0.51575,0.51782,1871852.0
2023-10-22 09:30:00+00:00,0.51782,0.51807,0.51672,0.51744,1347717.0
2023-10-22 10:00:00+00:00,0.51744,0.51837,0.51676,0.51684,1504841.0
2023-10-22 10:30:00+00:00,0.51684,0.51787,0.51651,0.51667,1016506.0
2023-10-22 11:00:00+00:00,0.51667,0.51748,0.51616,0.51663,729130.0
2023-10-22 11:30:00+00:00,0.51663,0.51663,0.51509,0.51564,1508183.0
2023-10-22 12:00:00+00:00,0.51564,0.51738,0.51564,0.51737,837245.0
2023-10-22 12:30:00+00:00,0.51737,0.51739,0.51601,0.51611,611393.0
2023-10-22 13:00:00+00:00,0.51611,0.51776,0.51606,0.51776,427850.0
2023-10-22 13:30:00+00:00,0.51776,0.51797,0.51658,0.51785,935694.0
2023-10-22 14:00:00+00:00,0.51785,0.5186,0.51686,0.51692,2007002.0
2023-10-22 14:30:00+00:00,0.51692,0.51731,0.5155,0.51667,1601420.0
2023-10-22 15:00:00+00:00,0.51667,0.51782,0.51561,0.51778,799946.0
2023-10-22 15:30:00+00:00,0.51778,0.51796,0.5167,0.5179,583355.0
2023-10-22 16:00:00+00:00,0.5179,0.52107,0.51738,0.52039,2152220.0
2023-10-22 16:30:00+00:00,0.52039,0.52198,0.52019,0.52169,1995544.0
2023-10-22 17:00:00+00:00,0.52169,0.52257,0.52077,0.52188,1257727.0
2023-10-22 17:30:00+00:00,0.52188,0.52217,0.52021,0.52069,623746.0
2023-10-22 18:00:00+00:00,0.52069,0.52167,0.52031,0.5205,813274.0
2023-10-22 18:30:00+00:00,0.5205,0.52056,0.5186,0.51984,1663400.0
2023-10-22 19:00:00+00:00,0.51984,0.52147,0.51984,0.5204,920817.0
2023-10-22 19:30:00+00:00,0.5204,0.52117,0.5192,0.52011,684157.0
2023-10-22 20:00:00+00:00,0.52011,0.52047,0.51884,0.51892,859581.0
2023-10-22 20:30:00+00:00,0.51892,0.51973,0.5186,0.51938,1055748.0
2023-10-22 21:00:00+00:00,0.51938,0.52012,0.5177,0.51819,841865.0
2023-10-22 21:30:00+00:00,0.51819,0.51932,0.51762,0.51815,776753.0
2023-10-22 22:00:00+00:00,0.51815,0.51937,0.51672,0.51906,1584163.0
2023-10-22 22:30:00+00:00,0.51906,0.52207,0.51868,0.52197,1948789.0
2023-10-22 23:00:00+00:00,0.52197,0.52285,0.52024,0.52206,1489464.0
2023-10-22 23:30:00+00:00,0.52206,0.52343,0.52136,0.52215,1686405.0
2023-10-23 00:00:00+00:00,0.52215,0.52242,0.51948,0.52036,1504227.0
2023-10-23 00:30:00+00:00,0.52036,0.52339,0.5201,0.52309,2520767.0
2023-10-23 01:00:00+00:00,0.52309,0.52666,0.52174,0.52542,3030362.0
2023-10-23 01:30:00+00:00,0.52542,0.52716,0.52142,0.52256,4439279.0
2023-10-23 02:00:00+00:00,0.52256,0.52366,0.52117,0.5228,1520413.0
2023-10-23 02:30:00+00:00,0.5228,0.52436,0.52255,0.52403,1449132.0
2023-10-23 03:00:00+00:00,0.52403,0.52436,0.5225,0.52404,2214680.0
2023-10-23 03:30:00+00:00,0.52404,0.52618,0.52274,0.52396,2374211.0
2023-10-23 04:00:00+00:00,0.52396,0.52456,0.5226,0.52397,1506860.0
2023-10-23 04:30:00+00:00,0.52397,0.52575,0.52323,0.52463,3251101.0
2023-10-23 05:00:00+00:00,0.52463,0.52581,0.52361,0.52466,2724499.0
2023-10-23 05:30:00+00:00,0.52466,0.52579,0.5218,0.52249,3352839.0
2023-10-23 06:00:00+00:00,0.52249,0.52387,0.52101,0.52243,2873369.0
2023-10-23 06:30:00+00:00,0.52243,0.52265,0.52059,0.52066,1415314.0
2023-10-23 07:00:00+00:00,0.52066,0.5244,0.52062,0.52433,1804103.0
2023-10-23 07:30:00+00:00,0.52433,0.5294,0.52112,0.52343,13491917.0
2023-10-23 08:00:00+00:00,0.52343,0.52636,0.52207,0.52576,2162085.0
2023-10-23 08:30:00+00:00,0.52576,0.53169,0.52508,0.53052,7619213.0
2023-10-23 09:00:00+00:00,0.53052,0.5355,0.52757,0.52796,12200257.0
2023-10-23 09:30:00+00:00,0.52796,0.52855,0.52342,0.52658,6892562.0
2023-10-23 10:00:00+00:00,0.52658,0.53005,0.52501,0.52888,6560897.0
2023-10-23 10:30:00+00:00,0.52888,0.5327,0.52888,0.53048,4127022.0
2023-10-23 11:00:00+00:00,0.53048,0.53102,0.52793,0.52885,3615123.0
2023-10-23 11:30:00+00:00,0.52885,0.53165,0.52812,0.53105,2344492.0
2023-10-23 12:00:00+00:00,0.53105,0.53225,0.52979,0.53005,2499035.0
2023-10-23 12:30:00+00:00,0.53005,0.53038,0.52855,0.52984,2666206.0
2023-10-23 13:00:00+00:00,0.52984,0.53105,0.52698,0.52731,3194769.0
2023-10-23 13:30:00+00:00,0.52731,0.52776,0.52397,0.52651,5125084.0
2023-10-23 14:00:00+00:00,0.52651,0.52905,0.52625,0.52846,1618413.0
2023-10-23 14:30:00+00:00,0.52846,0.52936,0.527,0.52876,1245625.0
2023-10-23 15:00:00+00:00,0.52876,0.53777,0.52805,0.5357,7751333.0
2023-10-23 15:30:00+00:00,0.5357,0.53643,0.5313,0.53194,5620187.0
2023-10-23 16:00:00+00:00,0.53194,0.53436,0.53126,0.53138,1586963.0
2023-10-23 16:30:00+00:00,0.53138,0.53526,0.53069,0.53456,3129412.0
2023-10-23 17:00:00+00:00,0.53456,0.53568,0.52898,0.5305,5786604.0
2023-10-23 17:30:00+00:00,0.5305,0.53296,0.52939,0.53175,1645729.0
2023-10-23 18:00:00+00:00,0.53175,0.53342,0.53161,0.53235,685105.0
2023-10-23 18:30:00+00:00,0.53235,0.53372,0.5297,0.53359,1799637.0
2023-10-23 19:00:00+00:00,0.53359,0.5354,0.53326,0.53375,3652670.0
2023-10-23 19:30:00+00:00,0.53375,0.53532,0.53325,0.53531,3816540.0
2023-10-23 20:00:00+00:00,0.53531,0.5373,0.53461,0.5348,4065215.0
2023-10-23 20:30:00+00:00,0.5348,0.53819,0.53368,0.53545,7755396.0
2023-10-23 21:00:00+00:00,0.53545,0.539,0.53313,0.53527,2895828.0
2023-10-23 21:30:00+00:00,0.53527,0.53933,0.53523,0.53801,3818455.0
2023-10-23 22:00:00+00:00,0.53801,0.54243,0.53777,0.54214,7150073.0
2023-10-23 22:30:00+00:00,0.54214,0.553,0.54077,0.5503,14301923.0
2023-10-23 23:00:00+00:00,0.5503,0.55342,0.54013,0.5456,10951074.0
2023-10-23 23:30:00+00:00,0.5456,0.54746,0.54226,0.54746,4529533.0
2023-10-24 00:00:00+00:00,0.54746,0.54856,0.54274,0.54579,5082354.0
2023-10-24 00:30:00+00:00,0.54579,0.55341,0.5452,0.55121,4134467.0
2023-10-24 01:00:00+00:00,0.55121,0.55576,0.54882,0.54957,6903011.0
2023-10-24 01:30:00+00:00,0.54957,0.55165,0.548,0.5516,2595234.0
2023-10-24 02:00:00+00:00,0.5516,0.5555,0.55011,0.55288,13641300.0
2023-10-24 02:30:00+00:00,0.55288,0.55695,0.55072,0.55505,5811858.0
2023-10-24 03:00:00+00:00,0.55505,0.55559,0.55176,0.55195,2396004.0
2023-10-24 03:30:00+00:00,0.55195,0.55224,0.54317,0.5447,7195519.0
2023-10-24 04:00:00+00:00,0.5447,0.54892,0.54427,0.54876,3352302.0
2023-10-24 04:30:00+00:00,0.54876,0.54896,0.54459,0.54532,7462985.0
2023-10-24 05:00:00+00:00,0.54532,0.54756,0.54427,0.54748,2931721.0
2023-10-24 05:30:00+00:00,0.54748,0.54816,0.53889,0.53976,8832224.0
2023-10-24 06:00:00+00:00,0.53976,0.54212,0.53869,0.53936,2421757.0
2023-10-24 06:30:00+00:00,0.53936,0.54214,0.53884,0.54023,3703439.0
2023-10-24 07:00:00+00:00,0.54023,0.54266,0.5375,0.53758,5639324.0
2023-10-24 07:30:00+00:00,0.53758,0.54042,0.53581,0.54038,6179110.0
2023-10-24 08:00:00+00:00,0.54038,0.54418,0.53924,0.54347,3827386.0
2023-10-24 08:30:00+00:00,0.54347,0.54595,0.54341,0.54568,4268791.0
2023-10-24 09:00:00+00:00,0.54568,0.54942,0.5446,0.54846,4627629.0
2023-10-24 09:30:00+00:00,0.54846,0.55025,0.54771,0.54814,3520541.0
2023-10-24 10:00:00+00:00,0.54814,0.54959,0.5469,0.54866,3010418.0
2023-10-24 10:30:00+00:00,0.54866,0.55303,0.5486,0.5524,6297093.0
2023-10-24 11:00:00+00:00,0.5524,0.55341,0.54978,0.55148,4984949.0
2023-10-24 11:30:00+00:00,0.55148,0.5525,0.5493,0.55215,3533434.0
2023-10-24 12:00:00+00:00,0.55215,0.58392,0.55146,0.57632,21041317.0
2023-10-24 12:30:00+00:00,0.57632,0.58643,0.5653,0.57258,26619936.0
2023-10-24 13:00:00+00:00,0.57258,0.578,0.56575,0.57497,12864457.0
2023-10-24 13:30:00+00:00,0.57497,0.57772,0.57097,0.57699,4973958.0
2023-10-24 14:00:00+00:00,0.57699,0.58076,0.56793,0.57328,11343729.0
2023-10-24 14:30:00+00:00,0.57328,0.57782,0.57003,0.57616,4584189.0
2023-10-24 15:00:00+00:00,0.57616,0.5796,0.5615,0.5615,10249305.0
2023-10-24 15:30:00+00:00,0.5615,0.56165,0.53245,0.55353,34920601.0
2023-10-24 16:00:00+00:00,0.55353,0.56029,0.54573,0.55572,10805966.0
2023-10-24 16:30:00+00:00,0.55572,0.56079,0.55521,0.55556,4832417.0
2023-10-24 17:00:00+00:00,0.55556,0.55839,0.55418,0.5568,4911825.0
2023-10-24 17:30:00+00:00,0.5568,0.55685,0.55337,0.55368,4202413.0
2023-10-24 18:00:00+00:00,0.55368,0.55482,0.54604,0.54865,9106111.0
2023-10-24 18:30:00+00:00,0.54865,0.55779,0.54773,0.55705,3888498.0
2023-10-24 19:00:00+00:00,0.55705,0.56197,0.55601,0.56136,2548375.0
2023-10-24 19:30:00+00:00,0.56136,0.56439,0.55884,0.55971,3310592.0
2023-10-24 20:00:00+00:00,0.55971,0.5612,0.55684,0.55963,2515470.0
2023-10-24 20:30:00+00:00,0.55963,0.56092,0.55548,0.55695,1383561.0
2023-10-24 21:00:00+00:00,0.55695,0.55722,0.55241,0.55714,2213979.0
2023-10-24 21:30:00+00:00,0.55714,0.56309,0.55473,0.56141,3398895.0
2023-10-24 22:00:00+00:00,0.56141,0.5629,0.55874,0.562,2828328.0
2023-10-24 22:30:00+00:00,0.562,0.56259,0.56007,0.56169,1100951.0
2023-10-24 23:00:00+00:00,0.56169,0.56249,0.55764,0.55856,3027617.0
2023-10-24 23:30:00+00:00,0.55856,0.55885,0.55565,0.55869,3071045.0
2023-10-25 00:00:00+00:00,0.55869,0.55899,0.55285,0.55341,3462721.0
2023-10-25 00:30:00+00:00,0.55341,0.55732,0.55092,0.55685,5095167.0
2023-10-25 01:00:00+00:00,0.55685,0.55969,0.55634,0.55908,5390537.0
2023-10-25 01:30:00+00:00,0.55908,0.56089,0.55843,0.55988,1914428.0
2023-10-25 02:00:00+00:00,0.55988,0.56,0.55373,0.55402,2467134.0
2023-10-25 02:30:00+00:00,0.55402,0.55668,0.55358,0.55512,2703263.0
2023-10-25 03:00:00+00:00,0.55512,0.55561,0.55016,0.55207,3252635.0
2023-10-25 03:30:00+00:00,0.55207,0.55418,0.5516,0.55307,1531157.0
2023-10-25 04:00:00+00:00,0.55307,0.55487,0.55218,0.55477,1013665.0
2023-10-25 04:30:00+00:00,0.55477,0.55729,0.55419,0.55705,1911004.0
2023-10-25 05:00:00+00:00,0.55705,0.55739,0.55209,0.55236,3979411.0
2023-10-25 05:30:00+00:00,0.55236,0.5528,0.54864,0.54918,3669299.0
2023-10-25 06:00:00+00:00,0.54918,0.55228,0.54898,0.55192,1455231.0
2023-10-25 06:30:00+00:00,0.55192,0.55192,0.55,0.55028,1443350.0
2023-10-25 07:00:00+00:00,0.55028,0.55192,0.54501,0.54508,4882717.0
2023-10-25 07:30:00+00:00,0.54508,0.54699,0.54017,0.54369,9912524.0
2023-10-25 08:00:00+00:00,0.54369,0.54539,0.54007,0.54539,4775650.0
2023-10-25 08:30:00+00:00,0.54539,0.5469,0.54514,0.54639,1670237.0
2023-10-25 09:00:00+00:00,0.54639,0.54998,0.5454,0.54995,1672182.0
2023-11-11 01:00:00+00:00,0.66385,0.66546,0.658,0.65918,3184805.0
2023-11-11 01:30:00+00:00,0.65918,0.66126,0.64764,0.65342,6355570.0
2023-11-11 02:00:00+00:00,0.65342,0.6561,0.64678,0.65236,3340654.0
2023-11-11 02:30:00+00:00,0.65236,0.65526,0.65007,0.65493,1841562.0
2023-11-11 03:00:00+00:00,0.65493,0.65547,0.6505,0.65179,1175117.0
2023-11-11 03:30:00+00:00,0.65179,0.65316,0.64865,0.64901,2339648.0
2023-11-11 04:00:00+00:00,0.64901,0.65055,0.64,0.64238,5729814.0
2023-11-11 04:30:00+00:00,0.64238,0.64965,0.64208,0.64852,2003006.0
2023-11-11 05:00:00+00:00,0.64852,0.65086,0.64762,0.65044,2310013.0
2023-11-11 05:30:00+00:00,0.65044,0.65255,0.65003,0.65195,1032417.0
2023-11-11 06:00:00+00:00,0.65195,0.65336,0.65,0.65305,1218773.0
2023-11-11 06:30:00+00:00,0.65305,0.65476,0.6523,0.65341,1969189.0
2023-11-11 07:00:00+00:00,0.65341,0.65599,0.65267,0.65599,2381983.0
2023-11-11 07:30:00+00:00,0.65599,0.66132,0.65534,0.6605,8724464.0
2023-11-11 08:00:00+00:00,0.6605,0.68773,0.65993,0.67693,18378402.0
2023-11-11 08:30:00+00:00,0.67693,0.67796,0.66677,0.6684,6089981.0
2023-11-11 09:00:00+00:00,0.6684,0.66986,0.66391,0.669,5156934.0
2023-11-11 09:30:00+00:00,0.669,0.67263,0.66697,0.67149,2742759.0
2023-11-11 10:00:00+00:00,0.67149,0.67345,0.6698,0.67058,2081304.0
2023-11-11 10:30:00+00:00,0.67058,0.67273,0.66908,0.67258,1757259.0
2023-11-11 11:00:00+00:00,0.67258,0.67258,0.66742,0.66885,2767569.0
2023-11-11 11:30:00+00:00,0.66885,0.6694,0.66657,0.66765,2044303.0
2023-11-11 12:00:00+00:00,0.66765,0.6723,0.66509,0.67139,2440352.0
2023-11-11 12:30:00+00:00,0.67139,0.67175,0.66928,0.6712,1299805.0
2023-11-11 13:00:00+00:00,0.6712,0.67335,0.66944,0.67009,1747214.0
2023-11-11 13:30:00+00:00,0.67009,0.67999,0.67009,0.67478,5176887.0
2023-11-11 14:00:00+00:00,0.67478,0.6775,0.67176,0.67363,3741191.0
2023-11-11 14:30:00+00:00,0.67363,0.6768,0.67036,0.6766,2897659.0
2023-11-11 15:00:00+00:00,0.6766,0.67682,0.67296,0.67366,2259758.0
2023-11-11 15:30:00+00:00,0.67366,0.6744,0.67135,0.6733,1847967.0
2023-11-11 16:00:00+00:00,0.6733,0.6755,0.6733,0.675,1045873.0
2023-11-11 16:30:00+00:00,0.675,0.68093,0.67467,0.67759,4160440.0
2023-11-11 17:00:00+00:00,0.67759,0.6781,0.66656,0.6712,5574383.0
2023-11-11 17:30:00+00:00,0.6712,0.67554,0.66959,0.67407,1384571.0
2023-11-11 18:00:00+00:00,0.67407,0.67557,0.67178,0.67241,1155712.0
2023-11-11 18:30:00+00:00,0.67241,0.67715,0.67123,0.67566,1584279.0
2023-11-11 19:00:00+00:00,0.67566,0.67695,0.6742,0.6753,1271983.0
2023-11-11 19:30:00+00:00,0.6753,0.67718,0.67436,0.67456,709305.0
2023-11-11 20:00:00+00:00,0.67456,0.67475,0.66966,0.67061,1287428.0
2023-11-11 20:30:00+00:00,0.67061,0.6708,0.66658,0.66761,1686206.0
2023-11-11 21:00:00+00:00,0.66761,0.67055,0.66627,0.6687,1019578.0
2023-11-11 21:30:00+00:00,0.6687,0.66895,0.66182,0.66516,3751128.0
2023-11-11 22:00:00+00:00,0.66516,0.66569,0.65537,0.66396,13114211.0
2023-11-11 22:30:00+00:00,0.66396,0.66616,0.66363,0.66556,2768935.0
2023-11-11 23:00:00+00:00,0.66556,0.6657,0.6614,0.66266,2660565.0
2023-11-11 23:30:00+00:00,0.66266,0.66316,0.65675,0.66306,4922520.0
2023-11-12 00:00:00+00:00,0.66306,0.66412,0.65631,0.65662,4606792.0
2023-11-12 00:30:00+00:00,0.65662,0.65662,0.6453,0.65382,9661107.0
2023-11-12 01:00:00+00:00,0.65382,0.65651,0.65091,0.65623,1965936.0
2023-11-12 01:30:00+00:00,0.65623,0.65891,0.65452,0.65808,1832269.0
2023-11-12 02:00:00+00:00,0.65808,0.65808,0.65431,0.65668,1613210.0
2023-11-12 02:30:00+00:00,0.65668,0.65862,0.65441,0.65822,1370849.0
2023-11-12 03:00:00+00:00,0.65822,0.65922,0.6564,0.65913,623448.0
2023-11-12 03:30:00+00:00,0.65913,0.66101,0.65809,0.66079,1466056.0
2023-11-12 04:00:00+00:00,0.66079,0.66141,0.65861,0.65947,1223531.0
2023-11-12 04:30:00+00:00,0.65947,0.65972,0.65681,0.65942,1046392.0
2023-11-12 05:00:00+00:00,0.65942,0.66007,0.65799,0.66007,947861.0
2023-11-12 05:30:00+00:00,0.66007,0.66234,0.65931,0.66198,1666461.0
2023-11-12 06:00:00+00:00,0.66198,0.6625,0.66041,0.66235,1166861.0
2023-11-12 06:30:00+00:00,0.66235,0.66472,0.6616,0.6643,1384815.0
2023-11-12 07:00:00+00:00,0.6643,0.6685,0.66421,0.66796,7008986.0
2023-11-12 07:30:00+00:00,0.66796,0.66933,0.66561,0.66792,2348383.0
2023-11-12 08:00:00+00:00,0.66792,0.66862,0.66401,0.6681,2317668.0
2023-11-12 08:30:00+00:00,0.6681,0.66902,0.66681,0.66782,1572642.0
2023-11-12 09:00:00+00:00,0.66782,0.67061,0.66744,0.67041,1352163.0
2023-11-12 09:30:00+00:00,0.67041,0.67121,0.6659,0.66665,1889771.0
2023-11-12 10:00:00+00:00,0.66665,0.66768,0.66468,0.6671,3359451.0
2023-11-12 10:30:00+00:00,0.6671,0.67147,0.6671,0.66819,6799901.0
2023-11-12 11:00:00+00:00,0.66819,0.6696,0.66734,0.66852,1336711.0
2023-11-12 11:30:00+00:00,0.66852,0.66862,0.66461,0.66578,3347341.0
2023-11-12 12:00:00+00:00,0.66578,0.66752,0.66036,0.66235,6873343.0
2023-11-12 12:30:00+00:00,0.66235,0.66372,0.66151,0.66182,2166875.0
2023-11-12 13:00:00+00:00,0.66182,0.66415,0.65781,0.66322,4228604.0
2023-11-12 13:30:00+00:00,0.66322,0.66432,0.66111,0.66294,2358549.0
2023-11-12 14:00:00+00:00,0.66294,0.66552,0.66241,0.66407,1458000.0
2023-11-12 14:30:00+00:00,0.66407,0.66562,0.66321,0.665,940717.0
2023-11-12 15:00:00+00:00,0.665,0.66652,0.66241,0.66321,1925200.0
2023-11-12 15:30:00+00:00,0.66321,0.66602,0.66319,0.66443,963300.0
2023-11-12 16:00:00+00:00,0.66443,0.6656,0.6614,0.66312,1830522.0
2023-11-12 16:30:00+00:00,0.66312,0.66392,0.66121,0.66201,870625.0
2023-11-12 17:00:00+00:00,0.66201,0.66262,0.6604,0.66154,1315706.0
2023-11-12 17:30:00+00:00,0.66154,0.66262,0.65973,0.6621,1001549.0
2023-11-12 18:00:00+00:00,0.6621,0.66322,0.65868,0.66101,1359750.0
2023-11-12 18:30:00+00:00,0.66101,0.66452,0.66101,0.66268,1424933.0
2023-11-12 19:00:00+00:00,0.66268,0.6633,0.66045,0.66045,572387.0
2023-11-12 19:30:00+00:00,0.66045,0.6617,0.65929,0.6613,1147843.0
2023-11-12 20:00:00+00:00,0.6613,0.66302,0.66021,0.66218,685804.0
2023-11-12 20:30:00+00:00,0.66218,0.66454,0.66218,0.66345,864170.0
2023-11-12 21:00:00+00:00,0.66345,0.66651,0.66345,0.66632,1376036.0
2023-11-12 21:30:00+00:00,0.66632,0.66702,0.66501,0.66551,1021691.0
2023-11-12 22:00:00+00:00,0.66551,0.66612,0.66371,0.66431,1052785.0
2023-11-12 22:30:00+00:00,0.66431,0.66559,0.66382,0.66533,659336.0
2023-11-12 23:00:00+00:00,0.66533,0.66642,0.65643,0.66076,4486221.0
2023-11-12 23:30:00+00:00,0.66076,0.66162,0.65811,0.66143,2622410.0
2023-11-13 00:00:00+00:00,0.66143,0.66253,0.65824,0.6605,2177665.0
2023-11-13 00:30:00+00:00,0.6605,0.66459,0.6597,0.6644,1645416.0
2023-11-13 01:00:00+00:00,0.6644,0.66761,0.6638,0.66709,2022724.0
2023-11-13 01:30:00+00:00,0.66709,0.66709,0.66326,0.66549,2155239.0
2023-11-13 02:00:00+00:00,0.66549,0.66664,0.6642,0.66622,1098666.0
2023-11-13 02:30:00+00:00,0.66622,0.66811,0.66429,0.66538,2292765.0
2023-11-13 03:00:00+00:00,0.66538,0.66562,0.65803,0.65983,3286311.0
2023-11-13 03:30:00+00:00,0.65983,0.6605,0.65276,0.65391,5480667.0
2023-11-13 04:00:00+00:00,0.65391,0.6563,0.65152,0.65586,4847362.0
2023-11-13 04:30:00+00:00,0.65586,0.65591,0.6525,0.6538,2467080.0
2023-11-13 05:00:00+00:00,0.6538,0.65491,0.65158,0.65458,2111783.0
2023-11-13 05:30:00+00:00,0.65458,0.6563,0.65352,0.65539,2302226.0
2023-11-13 06:00:00+00:00,0.65539,0.65539,0.6501,0.6501,3115131.0
2023-11-13 06:30:00+00:00,0.6501,0.65284,0.649,0.65271,5126229.0
2023-11-13 07:00:00+00:00,0.65271,0.65451,0.6512,0.65441,1954677.0
2023-11-13 07:30:00+00:00,0.65441,0.65997,0.6541,0.65616,4041016.0
2023-11-13 08:00:00+00:00,0.65616,0.65801,0.65588,0.65754,1872708.0
2023-11-13 08:30:00+00:00,0.65754,0.66,0.65679,0.65801,1460539.0
2023-11-13 09:00:00+00:00,0.65801,0.65821,0.65452,0.6555,2297335.0
2023-11-13 09:30:00+00:00,0.6555,0.6583,0.65511,0.65721,1139525.0
2023-11-13 10:00:00+00:00,0.65721,0.6575,0.65332,0.65374,1893594.0
2023-11-13 10:30:00+00:00,0.65374,0.65515,0.65356,0.65408,954744.0
2023-11-13 11:00:00+00:00,0.65408,0.65412,0.6505,0.6506,2373260.0
2023-11-13 11:30:00+00:00,0.6506,0.65141,0.64594,0.65081,7415818.0
2023-11-13 12:00:00+00:00,0.65081,0.65168,0.64613,0.64922,3321952.0
2023-11-13 12:30:00+00:00,0.64922,0.6536,0.64922,0.6536,2468275.0
2023-11-13 13:00:00+00:00,0.6536,0.65371,0.6495,0.65025,2043677.0
2023-11-13 13:30:00+00:00,0.65025,0.65192,0.64962,0.65031,1139798.0
2023-11-13 14:00:00+00:00,0.65031,0.65335,0.65021,0.65215,1408701.0
2023-11-13 14:30:00+00:00,0.65215,0.65251,0.63921,0.6492,12303745.0
2023-11-13 15:00:00+00:00,0.6492,0.65234,0.6464,0.6479,3288522.0
2023-11-13 15:30:00+00:00,0.6479,0.65122,0.64673,0.65068,2122293.0
2023-11-13 16:00:00+00:00,0.65068,0.6537,0.65002,0.65361,1929699.0
2023-11-13 16:30:00+00:00,0.65361,0.65461,0.65028,0.65136,1664550.0
2023-11-13 17:00:00+00:00,0.65136,0.65171,0.6427,0.64798,3950071.0
2023-11-13 17:30:00+00:00,0.64798,0.64873,0.64396,0.64709,1025088.0
2023-11-13 18:00:00+00:00,0.64709,0.64922,0.64465,0.64883,1123204.0
2023-11-13 18:30:00+00:00,0.64883,0.65036,0.6484,0.64964,1018828.0
2023-11-13 19:00:00+00:00,0.64964,0.65107,0.64903,0.65107,524403.0
2023-11-13 19:30:00+00:00,0.65107,0.65231,0.65041,0.65231,1080629.0
2023-11-13 20:00:00+00:00,0.65231,0.65231,0.65062,0.65132,595701.0
2023-11-13 20:30:00+00:00,0.65132,0.72581,0.64972,0.71196,65234434.0
2023-11-13 21:00:00+00:00,0.71196,0.75238,0.6453,0.65824,116653453.0
2023-11-13 21:30:00+00:00,0.65824,0.66154,0.64082,0.65533,24215398.0
2023-11-13 22:00:00+00:00,0.65533,0.66064,0.65212,0.65602,8098743.0
2023-11-13 22:30:00+00:00,0.65602,0.65785,0.65302,0.6542,3073648.0
2023-11-13 23:00:00+00:00,0.6542,0.67027,0.65401,0.66801,9252839.0
2023-11-13 23:30:00+00:00,0.66801,0.67806,0.66411,0.67,14417862.0
2023-11-14 00:00:00+00:00,0.67,0.67244,0.65783,0.66291,15024902.0
2023-11-14 00:30:00+00:00,0.66291,0.665,0.65596,0.65938,5727989.0
2023-11-14 01:00:00+00:00,0.65938,0.66409,0.65894,0.66388,3659001.0
2023-11-14 01:30:00+00:00,0.66388,0.66499,0.66052,0.66078,4560908.0
2023-11-14 02:00:00+00:00,0.66078,0.666,0.65852,0.66017,3358367.0
2023-11-14 02:30:00+00:00,0.66017,0.66198,0.65886,0.6616,1189383.0
2023-11-14 03:00:00+00:00,0.6616,0.66371,0.65878,0.6595,2899848.0
2023-11-14 03:30:00+00:00,0.6595,0.66089,0.65806,0.65989,1545934.0
2023-11-14 04:00:00+00:00,0.65989,0.6617,0.65874,0.65949,1656851.0
2023-11-14 04:30:00+00:00,0.65949,0.66284,0.6594,0.66248,1968384.0
2023-11-14 05:00:00+00:00,0.66248,0.666,0.6615,0.66519,2427964.0
2023-11-14 05:30:00+00:00,0.66519,0.66995,0.66502,0.66619,4912295.0
2023-11-14 06:00:00+00:00,0.66619,0.66639,0.66313,0.66399,2432346.0
2023-11-14 06:30:00+00:00,0.66399,0.66565,0.66324,0.66401,2383151.0
2023-11-14 07:00:00+00:00,0.66401,0.66408,0.66034,0.66286,2375514.0
2023-11-14 07:30:00+00:00,0.66286,0.66469,0.66244,0.66448,2308772.0
2023-11-14 08:00:00+00:00,0.66448,0.6666,0.66324,0.6649,1943571.0
2023-11-14 08:30:00+00:00,0.6649,0.67029,0.6625,0.66769,3416278.0
2023-11-14 09:00:00+00:00,0.66769,0.66808,0.6603,0.66046,2764246.0
2023-11-14 09:30:00+00:00,0.66046,0.66103,0.65234,0.65423,8806403.0
2023-11-14 10:00:00+00:00,0.65423,0.65529,0.64965,0.65366,4968675.0
2023-11-14 10:30:00+00:00,0.65366,0.65579,0.65243,0.65523,2615589.0
2023-11-14 11:00:00+00:00,0.65523,0.65525,0.64733,0.64879,6472737.0
2023-11-14 11:30:00+00:00,0.64879,0.65249,0.6472,0.65065,3278947.0
2023-11-14 12:00:00+00:00,0.65065,0.65264,0.64926,0.65133,5890708.0
2023-11-14 12:30:00+00:00,0.65133,0.654,0.64855,0.65329,2069525.0
2023-11-14 13:00:00+00:00,0.65329,0.65609,0.65271,0.65504,5112436.0
2023-11-14 13:30:00+00:00,0.65504,0.66089,0.65478,0.65941,6111801.0
2023-11-14 14:00:00+00:00,0.65941,0.66409,0.65854,0.66129,3381030.0
2023-11-14 14:30:00+00:00,0.66129,0.6634,0.65972,0.66081,2154106.0
2023-11-14 15:00:00+00:00,0.66081,0.6619,0.65185,0.65369,4671438.0
2023-11-14 15:30:00+00:00,0.65369,0.65689,0.64597,0.65372,6893363.0
2023-11-14 16:00:00+00:00,0.65372,0.65629,0.65131,0.6543,1657647.0
2023-11-14 16:30:00+00:00,0.6543,0.65639,0.6531,0.65438,2479154.0
2023-11-14 17:00:00+00:00,0.65438,0.65509,0.64908,0.65139,1850343.0
2023-11-14 17:30:00+00:00,0.65139,0.65309,0.648,0.64847,1629574.0
2023-11-14 18:00:00+00:00,0.64847,0.6495,0.63272,0.64375,11409899.0
2023-11-14 18:30:00+00:00,0.64375,0.6441,0.58635,0.61204,46955355.0
2023-11-14 19:00:00+00:00,0.61204,0.6209,0.6083,0.61999,8272588.0
2023-11-14 19:30:00+00:00,0.61999,0.6255,0.61927,0.62191,4575138.0
2023-11-14 20:00:00+00:00,0.62191,0.6262,0.6206,0.6234,4311489.0
2023-11-14 20:30:00+00:00,0.6234,0.6256,0.6231,0.6247,2657358.0
2023-11-14 21:00:00+00:00,0.6247,0.6251,0.62161,0.62226,2217175.0
2023-11-14 21:30:00+00:00,0.62226,0.6286,0.62191,0.62709,3265134.0
2023-11-14 22:00:00+00:00,0.62709,0.6297,0.62627,0.6283,2233017.0
2023-11-14 22:30:00+00:00,0.6283,0.6298,0.62717,0.6292,1591861.0
2023-11-14 23:00:00+00:00,0.6292,0.63269,0.62885,0.63171,2726877.0
2023-11-14 23:30:00+00:00,0.63171,0.63185,0.62816,0.62918,2382990.0
2023-11-15 00:00:00+00:00,0.62918,0.63109,0.62741,0.62897,2837270.0
2023-11-15 00:30:00+00:00,0.62897,0.62909,0.62617,0.62723,2195211.0
2023-11-15 01:00:00+00:00,0.62723,0.63099,0.62706,0.62882,1863628.0
2023-11-15 01:30:00+00:00,0.62882,0.62882,0.6249,0.62623,1882788.0
2023-11-15 02:00:00+00:00,0.62623,0.6276,0.62553,0.62611,852856.0
2023-11-15 02:30:00+00:00,0.62611,0.6299,0.62575,0.6293,1157979.0
2023-11-15 03:00:00+00:00,0.6293,0.63039,0.62811,0.62958,601398.0
2023-11-15 03:30:00+00:00,0.62958,0.62958,0.626,0.6263,1344447.0
2023-11-15 04:00:00+00:00,0.6263,0.6297,0.62621,0.62887,909397.0
2023-11-15 04:30:00+00:00,0.62887,0.63083,0.6276,0.63063,1254064.0
2023-12-01 20:30:00+00:00,0.61069,0.61151,0.61068,0.6113,787579.0
2023-12-01 21:00:00+00:00,0.6113,0.61261,0.6113,0.61208,693517.0
2023-12-01 21:30:00+00:00,0.61208,0.61299,0.61156,0.61209,642873.0
2023-12-01 22:00:00+00:00,0.61209,0.61279,0.61198,0.61256,605136.0
2023-12-01 22:30:00+00:00,0.61256,0.61264,0.61116,0.6115,650125.0
2023-12-01 23:00:00+00:00,0.6115,0.61311,0.61126,0.6125,759366.0
2023-12-01 23:30:00+00:00,0.6125,0.61281,0.61206,0.61246,445888.0
2023-12-02 00:00:00+00:00,0.61246,0.61246,0.6109,0.61113,692740.0
2023-12-02 00:30:00+00:00,0.61113,0.61247,0.61106,0.61207,236208.0
2023-12-02 01:00:00+00:00,0.61207,0.6121,0.6116,0.61196,160023.0
2023-12-02 01:30:00+00:00,0.61196,0.61211,0.61178,0.61183,209171.0
2023-12-02 02:00:00+00:00,0.61183,0.61284,0.61178,0.61231,1140416.0
2023-12-02 02:30:00+00:00,0.61231,0.61237,0.61167,0.61206,252117.0
2023-12-02 03:00:00+00:00,0.61206,0.61321,0.61176,0.61307,1167088.0
2023-12-02 03:30:00+00:00,0.61307,0.61331,0.61256,0.61282,1468796.0
2023-12-02 04:00:00+00:00,0.61282,0.61355,0.61263,0.61352,357815.0
2023-12-02 04:30:00+00:00,0.61352,0.6144,0.61283,0.61423,1834381.0
2023-12-02 05:00:00+00:00,0.61423,0.6143,0.61332,0.61346,398487.0
2023-12-02 05:30:00+00:00,0.61346,0.61385,0.61323,0.61381,1554621.0
2023-12-02 06:00:00+00:00,0.61381,0.61544,0.61312,0.61483,5188340.0
2023-12-02 06:30:00+00:00,0.61483,0.61512,0.61383,0.61492,2718950.0
2023-12-02 07:00:00+00:00,0.61492,0.6157,0.61413,0.61413,1699601.0
2023-12-02 07:30:00+00:00,0.61413,0.61462,0.61347,0.61351,1132138.0
2023-12-02 08:00:00+00:00,0.61351,0.61444,0.61343,0.6136,581808.0
2023-12-02 08:30:00+00:00,0.6136,0.61404,0.61323,0.61342,738761.0
2023-12-02 09:00:00+00:00,0.61342,0.61466,0.61293,0.61443,873093.0
2023-12-02 09:30:00+00:00,0.61443,0.61504,0.61363,0.61504,715644.0
2023-12-02 10:00:00+00:00,0.61504,0.6155,0.61433,0.61467,471388.0
2023-12-02 10:30:00+00:00,0.61467,0.61474,0.61367,0.61389,715719.0
2023-12-02 11:00:00+00:00,0.61389,0.61424,0.61283,0.61288,1275036.0
2023-12-02 11:30:00+00:00,0.61288,0.61384,0.61263,0.61345,471967.0
2023-12-02 12:00:00+00:00,0.61345,0.61411,0.61273,0.61405,518635.0
2023-12-02 12:30:00+00:00,0.61405,0.61454,0.61344,0.61451,738431.0
2023-12-02 13:00:00+00:00,0.61451,0.61454,0.61343,0.61359,1689730.0
2023-12-02 13:30:00+00:00,0.61359,0.61414,0.61353,0.61388,438480.0
2023-12-02 14:00:00+00:00,0.61388,0.6149,0.61333,0.61486,806254.0
2023-12-02 14:30:00+00:00,0.61486,0.61614,0.61133,0.61323,3224256.0
2023-12-02 15:00:00+00:00,0.61323,0.61429,0.6121,0.61381,1017213.0
2023-12-02 15:30:00+00:00,0.61381,0.61444,0.61254,0.61354,713679.0
2023-12-02 16:00:00+00:00,0.61354,0.61373,0.61283,0.61354,474217.0
2023-12-02 16:30:00+00:00,0.61354,0.61354,0.61221,0.61258,2418155.0
2023-12-02 17:00:00+00:00,0.61258,0.61294,0.61238,0.61264,263802.0
2023-12-02 17:30:00+00:00,0.61264,0.61364,0.6126,0.61357,453166.0
2023-12-02 18:00:00+00:00,0.61357,0.61466,0.61337,0.61422,717318.0
2023-12-02 18:30:00+00:00,0.61422,0.6171,0.61373,0.61673,1427431.0
2023-12-02 19:00:00+00:00,0.61673,0.62245,0.61671,0.61875,6374125.0
2023-12-02 19:30:00+00:00,0.61875,0.61904,0.61673,0.61899,829862.0
2023-12-02 20:00:00+00:00,0.61899,0.62027,0.61863,0.61993,1188724.0
2023-12-02 20:30:00+00:00,0.61993,0.62074,0.61903,0.62041,1502446.0
2023-12-02 21:00:00+00:00,0.62041,0.62079,0.61873,0.61931,944439.0
2023-12-02 21:30:00+00:00,0.61931,0.62228,0.61931,0.62225,2273878.0
2023-12-02 22:00:00+00:00,0.62225,0.62284,0.61926,0.62021,1638030.0
2023-12-02 22:30:00+00:00,0.62021,0.62054,0.61733,0.61783,1718786.0
2023-12-02 23:00:00+00:00,0.61783,0.61925,0.61783,0.61903,738253.0
2023-12-02 23:30:00+00:00,0.61903,0.62081,0.6186,0.62043,828590.0
2023-12-03 00:00:00+00:00,0.62043,0.62098,0.6195,0.62003,417661.0
2023-12-03 00:30:00+00:00,0.62003,0.62249,0.61894,0.62084,1381817.0
2023-12-03 01:00:00+00:00,0.62084,0.62222,0.62059,0.62133,1108901.0
2023-12-03 01:30:00+00:00,0.62133,0.62165,0.62004,0.62049,947088.0
2023-12-03 02:00:00+00:00,0.62049,0.62133,0.61964,0.61967,1004680.0
2023-12-03 02:30:00+00:00,0.61967,0.62043,0.61839,0.61883,1084053.0
2023-12-03 03:00:00+00:00,0.61883,0.6194,0.61724,0.61857,1268458.0
2023-12-03 03:30:00+00:00,0.61857,0.61862,0.61694,0.61833,1347785.0
2023-12-03 04:00:00+00:00,0.61833,0.619,0.61821,0.61889,552760.0
2023-12-03 04:30:00+00:00,0.61889,0.61933,0.61864,0.61871,426342.0
2023-12-03 05:00:00+00:00,0.61871,0.62018,0.61814,0.61974,1118159.0
2023-12-03 05:30:00+00:00,0.61974,0.62018,0.61917,0.61973,353229.0
2023-12-03 06:00:00+00:00,0.61973,0.62033,0.61951,0.62001,675027.0
2023-12-03 06:30:00+00:00,0.62001,0.62003,0.61864,0.61945,808061.0
2023-12-03 07:00:00+00:00,0.61945,0.6196,0.61884,0.61947,1754251.0
2023-12-03 07:30:00+00:00,0.61947,0.62053,0.61947,0.62047,1410349.0
2023-12-03 08:00:00+00:00,0.62047,0.62068,0.61976,0.6205,770711.0
2023-12-03 08:30:00+00:00,0.6205,0.62051,0.61894,0.6197,737073.0
2023-12-03 09:00:00+00:00,0.6197,0.62023,0.6194,0.61978,1071342.0
2023-12-03 09:30:00+00:00,0.61978,0.62083,0.61924,0.62075,1683564.0
2023-12-03 10:00:00+00:00,0.62075,0.6285,0.62034,0.62592,3827715.0
2023-12-03 10:30:00+00:00,0.62592,0.63425,0.62532,0.62783,9802948.0
2023-12-03 11:00:00+00:00,0.62783,0.63001,0.62626,0.62782,3992320.0
2023-12-03 11:30:00+00:00,0.62782,0.63232,0.62741,0.62826,3944434.0
2023-12-03 12:00:00+00:00,0.62826,0.62826,0.62481,0.62714,2674200.0
2023-12-03 12:30:00+00:00,0.62714,0.62746,0.62101,0.62362,5394760.0
2023-12-03 13:00:00+00:00,0.62362,0.62705,0.62281,0.62661,2321255.0
2023-12-03 13:30:00+00:00,0.62661,0.6272,0.62301,0.62516,1815191.0
2023-12-03 14:00:00+00:00,0.62516,0.6267,0.62031,0.6225,3965258.0
2023-12-03 14:30:00+00:00,0.6225,0.62406,0.62001,0.62033,2238450.0
2023-12-03 15:00:00+00:00,0.62033,0.62209,0.6175,0.62016,4503366.0
2023-12-03 15:30:00+00:00,0.62016,0.62236,0.62006,0.6212,1292509.0
2023-12-03 16:00:00+00:00,0.6212,0.62166,0.61981,0.62108,853754.0
2023-12-03 16:30:00+00:00,0.62108,0.62156,0.61941,0.61964,940202.0
2023-12-03 17:00:00+00:00,0.61964,0.61984,0.61711,0.6175,2497332.0
2023-12-03 17:30:00+00:00,0.6175,0.61866,0.61713,0.6185,949037.0
2023-12-03 18:00:00+00:00,0.6185,0.62066,0.61834,0.62066,1028766.0
2023-12-03 18:30:00+00:00,0.62066,0.62067,0.61901,0.61909,888142.0
2023-12-03 19:00:00+00:00,0.61909,0.61976,0.61791,0.6197,556951.0
2023-12-03 19:30:00+00:00,0.6197,0.62156,0.61922,0.62156,1243064.0
2023-12-03 20:00:00+00:00,0.62156,0.62196,0.62082,0.62105,722474.0
2023-12-03 20:30:00+00:00,0.62105,0.62216,0.62021,0.62165,1162399.0
2023-12-03 21:00:00+00:00,0.62165,0.62206,0.6214,0.62149,362252.0
2023-12-03 21:30:00+00:00,0.62149,0.62315,0.62149,0.62272,379165.0
2023-12-03 22:00:00+00:00,0.62272,0.62536,0.6226,0.62372,1101789.0
2023-12-03 22:30:00+00:00,0.62372,0.62624,0.62251,0.62529,2506151.0
2023-12-03 23:00:00+00:00,0.62529,0.62711,0.6229,0.62301,1878906.0
2023-12-03 23:30:00+00:00,0.62301,0.624,0.62151,0.62302,2097399.0
2023-12-04 00:00:00+00:00,0.62302,0.62418,0.62202,0.62416,1058848.0
2023-12-04 00:30:00+00:00,0.62416,0.62616,0.62331,0.62377,1393581.0
2023-12-04 01:00:00+00:00,0.62377,0.62635,0.623,0.62621,1737108.0
2023-12-04 01:30:00+00:00,0.62621,0.63025,0.62532,0.62721,4141237.0
2023-12-04 02:00:00+00:00,0.62721,0.62836,0.62621,0.62836,1582606.0
2023-12-04 02:30:00+00:00,0.62836,0.63121,0.62811,0.62899,2072499.0
2023-12-04 03:00:00+00:00,0.62899,0.63126,0.62895,0.63081,1799258.0
2023-12-04 03:30:00+00:00,0.63081,0.63099,0.62718,0.62791,2778252.0
2023-12-04 04:00:00+00:00,0.62791,0.63,0.62791,0.62897,643454.0
2023-12-04 04:30:00+00:00,0.62897,0.63026,0.62842,0.6297,1744648.0
2023-12-04 05:00:00+00:00,0.6297,0.63357,0.628,0.63079,4394829.0
2023-12-04 05:30:00+00:00,0.63079,0.63326,0.63079,0.63253,1757984.0
2023-12-04 06:00:00+00:00,0.63253,0.63446,0.6309,0.6337,4866007.0
2023-12-04 06:30:00+00:00,0.6337,0.63466,0.6309,0.6315,3284446.0
2023-12-04 07:00:00+00:00,0.6315,0.63376,0.63113,0.63353,1404907.0
2023-12-04 07:30:00+00:00,0.63353,0.63546,0.63229,0.63314,2717634.0
2023-12-04 08:00:00+00:00,0.63314,0.64433,0.6326,0.64096,6191380.0
2023-12-04 08:30:00+00:00,0.64096,0.64097,0.63813,0.63838,3573987.0
2023-12-04 09:00:00+00:00,0.63838,0.64175,0.63838,0.63991,3854355.0
2023-12-04 09:30:00+00:00,0.63991,0.64099,0.63411,0.63487,5271693.0
2023-12-04 10:00:00+00:00,0.63487,0.6387,0.63449,0.63858,2753070.0
2023-12-04 10:30:00+00:00,0.63858,0.64057,0.63738,0.63822,3470315.0
2023-12-04 11:00:00+00:00,0.63822,0.63887,0.56762,0.6183,44249442.0
2023-12-04 11:30:00+00:00,0.6183,0.62063,0.61252,0.61973,13319664.0
2023-12-04 12:00:00+00:00,0.61973,0.62212,0.61564,0.6215,6650783.0
2023-12-04 12:30:00+00:00,0.6215,0.62363,0.61941,0.62299,3249208.0
2023-12-04 13:00:00+00:00,0.62299,0.62329,0.61944,0.62277,2848098.0
2023-12-04 13:30:00+00:00,0.62277,0.62322,0.61632,0.61815,3613570.0
2023-12-04 14:00:00+00:00,0.61815,0.6193,0.6106,0.61336,8085838.0
2023-12-04 14:30:00+00:00,0.61336,0.61818,0.61204,0.61686,2448965.0
2023-12-04 15:00:00+00:00,0.61686,0.61793,0.61474,0.6164,2144482.0
2023-12-04 15:30:00+00:00,0.6164,0.61812,0.61244,0.6157,3242925.0
2023-12-04 16:00:00+00:00,0.6157,0.62043,0.61464,0.62042,3033781.0
2023-12-04 16:30:00+00:00,0.62042,0.62243,0.61934,0.62159,1923049.0
2023-12-04 17:00:00+00:00,0.62159,0.62248,0.61888,0.62048,1710797.0
2023-12-04 17:30:00+00:00,0.62048,0.62048,0.61724,0.61806,1055772.0
2023-12-04 18:00:00+00:00,0.61806,0.61952,0.61754,0.61922,925379.0
2023-12-04 18:30:00+00:00,0.61922,0.62019,0.61784,0.61897,963566.0
2023-12-04 19:00:00+00:00,0.61897,0.6199,0.61774,0.61955,1037727.0
2023-12-04 19:30:00+00:00,0.61955,0.622,0.61868,0.62089,671680.0
2023-12-04 20:00:00+00:00,0.62089,0.62181,0.61905,0.62162,847219.0
2023-12-04 20:30:00+00:00,0.62162,0.62212,0.61984,0.62109,530421.0
2023-12-04 21:00:00+00:00,0.62109,0.62304,0.62085,0.62292,346499.0
2023-12-04 21:30:00+00:00,0.62292,0.62419,0.62231,0.62371,1344152.0
2023-12-04 22:00:00+00:00,0.62371,0.62663,0.62274,0.62509,1627178.0
2023-12-04 22:30:00+00:00,0.62509,0.62524,0.61903,0.62278,2984571.0
2023-12-04 23:00:00+00:00,0.62278,0.62463,0.622,0.62235,1359574.0
2023-12-04 23:30:00+00:00,0.62235,0.62483,0.62231,0.62475,914046.0
2023-12-05 00:00:00+00:00,0.62475,0.62475,0.62184,0.62293,2484437.0
2023-12-05 00:30:00+00:00,0.62293,0.62908,0.62194,0.629,2644794.0
2023-12-05 01:00:00+00:00,0.629,0.6309,0.62161,0.62342,3209382.0
2023-12-05 01:30:00+00:00,0.62342,0.62433,0.62026,0.62197,1772853.0
2023-12-05 02:00:00+00:00,0.62197,0.62201,0.61534,0.61868,4168593.0
2023-12-05 02:30:00+00:00,0.61868,0.62,0.61821,0.6186,740722.0
2023-12-05 03:00:00+00:00,0.6186,0.6205,0.61812,0.61976,1049131.0
2023-12-05 03:30:00+00:00,0.61976,0.6205,0.61768,0.61822,1121989.0
2023-12-05 04:00:00+00:00,0.61822,0.6188,0.61679,0.61823,547403.0
2023-12-05 04:30:00+00:00,0.61823,0.61918,0.61757,0.61864,845740.0
2023-12-05 05:00:00+00:00,0.61864,0.62033,0.61829,0.62003,446754.0
2023-12-05 05:30:00+00:00,0.62003,0.62092,0.61983,0.6205,414805.0
2023-12-05 06:00:00+00:00,0.6205,0.62073,0.61871,0.61909,748821.0
2023-12-05 06:30:00+00:00,0.61909,0.61909,0.61592,0.61715,2111027.0
2023-12-05 07:00:00+00:00,0.61715,0.61765,0.607,0.61348,9682522.0
2023-12-05 07:30:00+00:00,0.61348,0.61353,0.60868,0.61196,4189826.0
2023-12-05 08:00:00+00:00,0.61196,0.61353,0.61097,0.61108,1901880.0
2023-12-05 08:30:00+00:00,0.61108,0.61203,0.60833,0.61171,4189442.0
2023-12-05 09:00:00+00:00,0.61171,0.61355,0.61142,0.61321,1875035.0
2023-12-05 09:30:00+00:00,0.61321,0.61393,0.61294,0.61335,841419.0
2023-12-05 10:00:00+00:00,0.61335,0.61341,0.61227,0.61227,665698.0
2023-12-05 10:30:00+00:00,0.61227,0.61292,0.6099,0.61048,2132976.0
2023-12-05 11:00:00+00:00,0.61048,0.61212,0.60845,0.6111,2571472.0
2023-12-05 11:30:00+00:00,0.6111,0.61137,0.60886,0.61095,2005800.0
2023-12-05 12:00:00+00:00,0.61095,0.61262,0.61037,0.61137,1177768.0
2023-12-05 12:30:00+00:00,0.61137,0.61263,0.611,0.61171,891144.0
2023-12-05 13:00:00+00:00,0.61171,0.61343,0.60945,0.60979,3173695.0
2023-12-05 13:30:00+00:00,0.60979,0.61104,0.60845,0.60876,2183452.0
2023-12-05 14:00:00+00:00,0.60876,0.61168,0.60755,0.61144,1844359.0
2023-12-05 14:30:00+00:00,0.61144,0.61226,0.6098,0.61173,2231932.0
2023-12-05 15:00:00+00:00,0.61173,0.61324,0.61053,0.6122,749975.0
2023-12-05 15:30:00+00:00,0.6122,0.61553,0.61181,0.61417,2060756.0
2023-12-05 16:00:00+00:00,0.61417,0.61562,0.61254,0.61542,998701.0
2023-12-05 16:30:00+00:00,0.61542,0.6173,0.61415,0.61584,1457216.0
2023-12-05 17:00:00+00:00,0.61584,0.6203,0.61505,0.61926,2662449.0
2023-12-05 17:30:00+00:00,0.61926,0.62756,0.61674,0.6248,6257333.0
2023-12-05 18:00:00+00:00,0.6248,0.62751,0.62034,0.62135,3111416.0
2023-12-05 18:30:00+00:00,0.62135,0.624,0.62031,0.62263,1698172.0
2023-12-05 19:00:00+00:00,0.62263,0.624,0.62064,0.62378,1054528.0
2023-12-05 19:30:00+00:00,0.62378,0.624,0.62151,0.62226,1643162.0
2023-12-05 20:00:00+00:00,0.62226,0.62367,0.61702,0.62013,2349916.0
2023-12-05 20:30:00+00:00,0.62013,0.62143,0.61932,0.62087,1043676.0
2023-12-05 21:00:00+00:00,0.62087,0.6214,0.61914,0.62078,492197.0
2023-12-05 21:30:00+00:00,0.62078,0.62203,0.62004,0.62112,1281326.0
2023-12-05 22:00:00+00:00,0.62112,0.62178,0.61921,0.6205,1165347.0
2023-12-05 22:30:00+00:00,0.6205,0.6205,0.61794,0.62019,1612961.0
2023-12-05 23:00:00+00:00,0.62019,0.62394,0.62,0.62253,1807661.0
2023-12-05 23:30:00+00:00,0.62253,0.62283,0.62044,0.62129,1607429.0
2023-12-06 00:00:00+00:00,0.62129,0.62247,0.61968,0.62132,1074624.0
2023-12-22 16:00:00+00:00,0.62013,0.621,0.6196,0.62062,679232.0
2023-12-22 16:30:00+00:00,0.62062,0.62107,0.61581,0.61685,1624922.0
2023-12-22 17:00:00+00:00,0.61685,0.61939,0.61682,0.61916,1556040.0
2023-12-22 17:30:00+00:00,0.61916,0.62016,0.61831,0.61972,676849.0
2023-12-22 18:00:00+00:00,0.61972,0.62146,0.61936,0.62071,910281.0
2023-12-22 18:30:00+00:00,0.62071,0.6217,0.62043,0.62085,747384.0
2023-12-22 19:00:00+00:00,0.62085,0.62099,0.61741,0.61878,1156852.0
2023-12-22 19:30:00+00:00,0.61878,0.61936,0.6175,0.61811,762170.0
2023-12-22 20:00:00+00:00,0.61811,0.61997,0.61791,0.61987,327298.0
2023-12-22 20:30:00+00:00,0.61987,0.62119,0.61941,0.62096,869790.0
2023-12-22 21:00:00+00:00,0.62096,0.62139,0.62021,0.62087,876726.0
2023-12-22 21:30:00+00:00,0.62087,0.62206,0.62081,0.62127,517116.0
2023-12-22 22:00:00+00:00,0.62127,0.62206,0.61991,0.62185,647399.0
2023-12-22 22:30:00+00:00,0.62185,0.62445,0.62185,0.62435,1071842.0
2023-12-22 23:00:00+00:00,0.62435,0.62546,0.62272,0.62471,919472.0
2023-12-22 23:30:00+00:00,0.62471,0.6252,0.6243,0.62449,836507.0
2023-12-23 00:00:00+00:00,0.62449,0.62489,0.62302,0.62354,749664.0
2023-12-23 00:30:00+00:00,0.62354,0.624,0.62223,0.62223,731266.0
2023-12-23 01:00:00+00:00,0.62223,0.62265,0.61797,0.6185,2820065.0
2023-12-23 01:30:00+00:00,0.6185,0.62069,0.61513,0.61577,3215686.0
2023-12-23 02:00:00+00:00,0.61577,0.61738,0.61282,0.61642,2658517.0
2023-12-23 02:30:00+00:00,0.61642,0.61765,0.61502,0.61538,994699.0
2023-12-23 03:00:00+00:00,0.61538,0.61695,0.61404,0.61655,871742.0
2023-12-23 03:30:00+00:00,0.61655,0.6168,0.61242,0.61425,1768506.0
2023-12-23 04:00:00+00:00,0.61425,0.61425,0.61062,0.61381,1699837.0
2023-12-23 04:30:00+00:00,0.61381,0.61441,0.6127,0.61419,537991.0
2023-12-23 05:00:00+00:00,0.61419,0.61585,0.61414,0.61585,617047.0
2023-12-23 05:30:00+00:00,0.61585,0.61648,0.61517,0.61636,442065.0
2023-12-23 06:00:00+00:00,0.61636,0.61645,0.615,0.61566,416972.0
2023-12-23 06:30:00+00:00,0.61566,0.61645,0.61522,0.61641,672344.0
2023-12-23 07:00:00+00:00,0.61641,0.61704,0.61502,0.61564,736115.0
2023-12-23 07:30:00+00:00,0.61564,0.61595,0.61511,0.61544,280746.0
2023-12-23 08:00:00+00:00,0.61544,0.61611,0.61531,0.61564,231790.0
2023-12-23 08:30:00+00:00,0.61564,0.6175,0.61518,0.61749,1185357.0
2023-12-23 09:00:00+00:00,0.61749,0.6175,0.61613,0.61678,786122.0
2023-12-23 09:30:00+00:00,0.61678,0.61695,0.61617,0.61659,273405.0
2023-12-23 10:00:00+00:00,0.61659,0.61709,0.61612,0.61703,590790.0
2023-12-23 10:30:00+00:00,0.61703,0.61703,0.61522,0.6154,2196417.0
2023-12-23 11:00:00+00:00,0.6154,0.61545,0.61382,0.61517,2579110.0
2023-12-23 11:30:00+00:00,0.61517,0.61584,0.61372,0.61564,986699.0
2023-12-23 12:00:00+00:00,0.61564,0.61675,0.61548,0.61674,408783.0
2023-12-23 12:30:00+00:00,0.61674,0.61692,0.61561,0.61624,463933.0
2023-12-23 13:00:00+00:00,0.61624,0.61737,0.61609,0.6173,606746.0
2023-12-23 13:30:00+00:00,0.6173,0.6173,0.61593,0.61724,613290.0
2023-12-23 14:00:00+00:00,0.61724,0.61785,0.61649,0.61714,736336.0
2023-12-23 14:30:00+00:00,0.61714,0.61825,0.61666,0.61781,506044.0
2023-12-23 15:00:00+00:00,0.61781,0.61875,0.61737,0.61824,454052.0
2023-12-23 15:30:00+00:00,0.61824,0.61935,0.61781,0.61821,1201944.0
2023-12-23 16:00:00+00:00,0.61821,0.61871,0.618,0.61852,339389.0
2023-12-23 16:30:00+00:00,0.61852,0.61964,0.61838,0.61942,550001.0
2023-12-23 17:00:00+00:00,0.61942,0.61955,0.61852,0.61877,616860.0
2023-12-23 17:30:00+00:00,0.61877,0.61953,0.61866,0.61876,706657.0
2023-12-23 18:00:00+00:00,0.61876,0.61878,0.61782,0.61878,640521.0
2023-12-23 18:30:00+00:00,0.61878,0.62098,0.61878,0.6201,1184518.0
2023-12-23 19:00:00+00:00,0.6201,0.6206,0.6183,0.61964,719165.0
2023-12-23 19:30:00+00:00,0.61964,0.61967,0.61833,0.61894,296557.0
2023-12-23 20:00:00+00:00,0.61894,0.61945,0.61702,0.61769,1118542.0
2023-12-23 20:30:00+00:00,0.61769,0.61839,0.61719,0.61805,569843.0
2023-12-23 21:00:00+00:00,0.61805,0.61842,0.61724,0.61823,248835.0
2023-12-23 21:30:00+00:00,0.61823,0.61875,0.61774,0.61806,688077.0
2023-12-23 22:00:00+00:00,0.61806,0.6201,0.61795,0.61942,763466.0
2023-12-23 22:30:00+00:00,0.61942,0.62005,0.61896,0.61966,376304.0
2023-12-23 23:00:00+00:00,0.61966,0.62037,0.61865,0.61975,686542.0
2023-12-23 23:30:00+00:00,0.61975,0.62025,0.61929,0.61983,332147.0
2023-12-24 00:00:00+00:00,0.61983,0.61985,0.61747,0.61876,885136.0
2023-12-24 00:30:00+00:00,0.61876,0.61889,0.61663,0.61807,1209900.0
2023-12-24 01:00:00+00:00,0.61807,0.62129,0.61802,0.62032,1393136.0
2023-12-24 01:30:00+00:00,0.62032,0.62054,0.61872,0.61954,1244841.0
2023-12-24 02:00:00+00:00,0.61954,0.62243,0.61912,0.62238,1659955.0
2023-12-24 02:30:00+00:00,0.62238,0.6225,0.62059,0.62218,651539.0
2023-12-24 03:00:00+00:00,0.62218,0.6231,0.62065,0.62156,1179825.0
2023-12-24 03:30:00+00:00,0.62156,0.62186,0.62006,0.62064,631770.0
2023-12-24 04:00:00+00:00,0.62064,0.62344,0.62064,0.62164,653158.0
2023-12-24 04:30:00+00:00,0.62164,0.62194,0.62051,0.62136,979208.0
2023-12-24 05:00:00+00:00,0.62136,0.62138,0.61893,0.61933,688110.0
2023-12-24 05:30:00+00:00,0.61933,0.61936,0.61029,0.61453,6658115.0
2023-12-24 06:00:00+00:00,0.61453,0.61544,0.61153,0.6138,2305857.0
2023-12-24 06:30:00+00:00,0.6138,0.61436,0.61179,0.61433,1487581.0
2023-12-24 07:00:00+00:00,0.61433,0.61715,0.61421,0.61706,1140687.0
2023-12-24 07:30:00+00:00,0.61706,0.61708,0.61529,0.61682,775732.0
2023-12-24 08:00:00+00:00,0.61682,0.61702,0.61563,0.61695,1070825.0
2023-12-24 08:30:00+00:00,0.61695,0.61774,0.61634,0.61702,1107396.0
2023-12-24 09:00:00+00:00,0.61702,0.618,0.61603,0.61784,665624.0
2023-12-24 09:30:00+00:00,0.61784,0.62159,0.61706,0.62097,1330315.0
2023-12-24 10:00:00+00:00,0.62097,0.62097,0.61631,0.6171,2426961.0
2023-12-24 10:30:00+00:00,0.6171,0.618,0.61323,0.61764,1951273.0
2023-12-24 11:00:00+00:00,0.61764,0.61959,0.61706,0.61959,986574.0
2023-12-24 11:30:00+00:00,0.61959,0.61959,0.61813,0.61881,1132151.0
2023-12-24 12:00:00+00:00,0.61881,0.61914,0.61726,0.61753,1462077.0
2023-12-24 12:30:00+00:00,0.61753,0.6192,0.61731,0.61863,432876.0
2023-12-24 13:00:00+00:00,0.61863,0.62031,0.6183,0.62004,1131370.0
2023-12-24 13:30:00+00:00,0.62004,0.62099,0.61951,0.62084,949307.0
2023-12-24 14:00:00+00:00,0.62084,0.6226,0.62043,0.62177,2493947.0
2023-12-24 14:30:00+00:00,0.62177,0.62405,0.61913,0.6205,3549049.0
2023-12-24 15:00:00+00:00,0.6205,0.62358,0.62049,0.62291,2076138.0
2023-12-24 15:30:00+00:00,0.62291,0.62329,0.6215,0.62164,1015196.0
2023-12-24 16:00:00+00:00,0.62164,0.62214,0.62053,0.62182,1606834.0
2023-12-24 16:30:00+00:00,0.62182,0.62238,0.6211,0.62163,623883.0
2023-12-24 17:00:00+00:00,0.62163,0.62184,0.62003,0.62104,633006.0
2023-12-24 17:30:00+00:00,0.62104,0.62158,0.6203,0.62032,327602.0
2023-12-24 18:00:00+00:00,0.62032,0.62209,0.62013,0.62151,530631.0
2023-12-24 18:30:00+00:00,0.62151,0.6227,0.62013,0.6226,1180893.0
2023-12-24 19:00:00+00:00,0.6226,0.62324,0.62233,0.62317,390530.0
2023-12-24 19:30:00+00:00,0.62317,0.6235,0.62104,0.6235,685795.0
2023-12-24 20:00:00+00:00,0.6235,0.62974,0.62297,0.62503,2884690.0
2023-12-24 20:30:00+00:00,0.62503,0.62513,0.61911,0.62129,2499428.0
2023-12-24 21:00:00+00:00,0.62129,0.6218,0.619,0.61903,616598.0
2023-12-24 21:30:00+00:00,0.61903,0.61992,0.61633,0.61833,1752128.0
2023-12-24 22:00:00+00:00,0.61833,0.61894,0.60324,0.61187,13551362.0
2023-12-24 22:30:00+00:00,0.61187,0.61244,0.60625,0.61024,3501660.0
2023-12-24 23:00:00+00:00,0.61024,0.6135,0.60925,0.61294,1968669.0
2023-12-24 23:30:00+00:00,0.61294,0.615,0.6115,0.61229,2020176.0
2023-12-25 00:00:00+00:00,0.61229,0.61468,0.60854,0.61083,2316319.0
2023-12-25 00:30:00+00:00,0.61083,0.61178,0.60877,0.61158,1840122.0
2023-12-25 01:00:00+00:00,0.61158,0.61348,0.61148,0.61158,646731.0
2023-12-25 01:30:00+00:00,0.61158,0.61288,0.61095,0.61177,1124694.0
2023-12-25 02:00:00+00:00,0.61177,0.61288,0.6112,0.61126,735302.0
2023-12-25 02:30:00+00:00,0.61126,0.61304,0.60953,0.61275,844107.0
2023-12-25 03:00:00+00:00,0.61275,0.61492,0.61222,0.6142,1185845.0
2023-12-25 03:30:00+00:00,0.6142,0.617,0.6142,0.61678,694593.0
2023-12-25 04:00:00+00:00,0.61678,0.617,0.6156,0.61638,474296.0
2023-12-25 04:30:00+00:00,0.61638,0.61709,0.61585,0.61633,283230.0
2023-12-25 05:00:00+00:00,0.61633,0.6169,0.61582,0.61651,363897.0
2023-12-25 05:30:00+00:00,0.61651,0.61728,0.61648,0.61706,509057.0
2023-12-25 06:00:00+00:00,0.61706,0.6174,0.61617,0.61719,218987.0
2023-12-25 06:30:00+00:00,0.61719,0.61737,0.61519,0.61607,1169095.0
2023-12-25 07:00:00+00:00,0.61607,0.61628,0.61519,0.61582,727008.0
2023-12-25 07:30:00+00:00,0.61582,0.61717,0.61565,0.61592,1003088.0
2023-12-25 08:00:00+00:00,0.61592,0.62789,0.61592,0.62222,6110003.0
2023-12-25 08:30:00+00:00,0.62222,0.62852,0.62089,0.62509,4691196.0
2023-12-25 09:00:00+00:00,0.62509,0.63417,0.62479,0.63387,6995458.0
2023-12-25 09:30:00+00:00,0.63387,0.64495,0.63341,0.64192,15778698.0
2023-12-25 10:00:00+00:00,0.64192,0.64522,0.63614,0.6365,9239854.0
2023-12-25 10:30:00+00:00,0.6365,0.63901,0.63463,0.63777,3962984.0
2023-12-25 11:00:00+00:00,0.63777,0.64925,0.6376,0.6472,6554545.0
2023-12-25 11:30:00+00:00,0.6472,0.64871,0.64214,0.64222,3709213.0
2023-12-25 12:00:00+00:00,0.64222,0.64733,0.6417,0.64435,3847389.0
2023-12-25 12:30:00+00:00,0.64435,0.6445,0.63961,0.64236,4285774.0
2023-12-25 13:00:00+00:00,0.64236,0.64263,0.63732,0.64015,5016580.0
2023-12-25 13:30:00+00:00,0.64015,0.64021,0.63632,0.63881,3768866.0
2023-12-25 14:00:00+00:00,0.63881,0.64063,0.63732,0.64038,1509791.0
2023-12-25 14:30:00+00:00,0.64038,0.64133,0.63922,0.6401,1229550.0
2023-12-25 15:00:00+00:00,0.6401,0.64063,0.6354,0.63702,2291233.0
2023-12-25 15:30:00+00:00,0.63702,0.63803,0.63302,0.63385,2828318.0
2023-12-25 16:00:00+00:00,0.63385,0.6392,0.63255,0.63606,3567898.0
2023-12-25 16:30:00+00:00,0.63606,0.6367,0.63112,0.63343,4329228.0
2023-12-25 17:00:00+00:00,0.63343,0.63503,0.63242,0.63399,1803926.0
2023-12-25 17:30:00+00:00,0.63399,0.63593,0.63303,0.63462,3521477.0
2023-12-25 18:00:00+00:00,0.63462,0.63823,0.63462,0.63813,1727319.0
2023-12-25 18:30:00+00:00,0.63813,0.63823,0.63432,0.63546,1247751.0
2023-12-25 19:00:00+00:00,0.63546,0.63872,0.63512,0.6386,1259679.0
2023-12-25 19:30:00+00:00,0.6386,0.63933,0.63776,0.63805,364564.0
2023-12-25 20:00:00+00:00,0.63805,0.64149,0.63636,0.63823,2726842.0
2023-12-25 20:30:00+00:00,0.63823,0.642,0.63521,0.64123,2896654.0
2023-12-25 21:00:00+00:00,0.64123,0.64418,0.63766,0.64142,2347596.0
2023-12-25 21:30:00+00:00,0.64142,0.64313,0.63966,0.642,1676745.0
2023-12-25 22:00:00+00:00,0.642,0.64223,0.641,0.64155,932687.0
2023-12-25 22:30:00+00:00,0.64155,0.64437,0.6414,0.64407,2632295.0
2023-12-25 23:00:00+00:00,0.64407,0.64624,0.64279,0.64599,1670744.0
2023-12-25 23:30:00+00:00,0.64599,0.64793,0.64461,0.64651,2326903.0
2023-12-26 00:00:00+00:00,0.64651,0.64703,0.64001,0.64066,3073379.0
2023-12-26 00:30:00+00:00,0.64066,0.64183,0.63602,0.63719,4014256.0
2023-12-26 01:00:00+00:00,0.63719,0.63911,0.6369,0.63836,1513133.0
2023-12-26 01:30:00+00:00,0.63836,0.63836,0.63282,0.63683,2163455.0
2023-12-26 02:00:00+00:00,0.63683,0.6392,0.63683,0.6384,1084944.0
2023-12-26 02:30:00+00:00,0.6384,0.63869,0.63581,0.636,1088267.0
2023-12-26 03:00:00+00:00,0.636,0.63823,0.63474,0.63785,853983.0
2023-12-26 03:30:00+00:00,0.63785,0.63889,0.63671,0.63889,538224.0
2023-12-26 04:00:00+00:00,0.63889,0.63903,0.63671,0.63715,647343.0
2023-12-26 04:30:00+00:00,0.63715,0.6374,0.6355,0.63717,736984.0
2023-12-26 05:00:00+00:00,0.63717,0.63813,0.63012,0.631,4016824.0
2023-12-26 05:30:00+00:00,0.631,0.63253,0.6201,0.62473,11673647.0
2023-12-26 06:00:00+00:00,0.62473,0.62584,0.61869,0.62322,4488515.0
2023-12-26 06:30:00+00:00,0.62322,0.62384,0.61926,0.62118,2374545.0
2023-12-26 07:00:00+00:00,0.62118,0.62343,0.61855,0.62304,2266994.0
2023-12-26 07:30:00+00:00,0.62304,0.62394,0.62038,0.62214,1318133.0
2023-12-26 08:00:00+00:00,0.62214,0.62304,0.619,0.62205,2648727.0
2023-12-26 08:30:00+00:00,0.62205,0.6247,0.62143,0.62337,1163391.0
2023-12-26 09:00:00+00:00,0.62337,0.62414,0.62103,0.62154,1190739.0
2023-12-26 09:30:00+00:00,0.62154,0.62214,0.61565,0.62115,8491473.0
2023-12-26 10:00:00+00:00,0.62115,0.62428,0.62089,0.624,2857847.0
2023-12-26 10:30:00+00:00,0.624,0.62464,0.62182,0.62308,1465713.0
2023-12-26 11:00:00+00:00,0.62308,0.62344,0.62163,0.62174,878658.0
2023-12-26 11:30:00+00:00,0.62174,0.62572,0.62172,0.62459,1644689.0
2023-12-26 12:00:00+00:00,0.62459,0.6286,0.62437,0.62812,2555229.0
2023-12-26 12:30:00+00:00,0.62812,0.63188,0.6277,0.6315,2860308.0
2023-12-26 13:00:00+00:00,0.6315,0.63169,0.627,0.62718,2257887.0
2023-12-26 13:30:00+00:00,0.62718,0.62944,0.62631,0.62781,1626856.0
2023-12-26 14:00:00+00:00,0.62781,0.62863,0.625,0.62801,2202441.0
2023-12-26 14:30:00+00:00,0.62801,0.62836,0.625,0.6259,928303.0
2023-12-26 15:00:00+00:00,0.6259,0.6259,0.62,0.62434,4544002.0
2023-12-26 15:30:00+00:00,0.62434,0.62608,0.61883,0.6201,2919530.0
2023-12-26 16:00:00+00:00,0.6201,0.62386,0.61842,0.62184,3093559.0
2023-12-26 16:30:00+00:00,0.62184,0.62509,0.62136,0.62452,1784580.0
2023-12-26 17:00:00+00:00,0.62452,0.62864,0.62146,0.6238,2471157.0
2023-12-26 17:30:00+00:00,0.6238,0.6246,0.5956,0.6145,20048487.0
2023-12-26 18:00:00+00:00,0.6145,0.61613,0.61193,0.61221,2766065.0
2023-12-26 18:30:00+00:00,0.61221,0.61981,0.611,0.61933,3062348.0
2023-12-26 19:00:00+00:00,0.61933,0.61961,0.61614,0.6184,1416281.0
2023-12-26 19:30:00+00:00,0.6184,0.61884,0.61593,0.61663,884467.0
2024-01-12 11:30:00+00:00,0.59852,0.60262,0.5977,0.60033,2159801.0
2024-01-12 12:00:00+00:00,0.60033,0.60138,0.59851,0.59983,1285435.0
2024-01-12 12:30:00+00:00,0.59983,0.60017,0.59387,0.59761,2687470.0
2024-01-12 13:00:00+00:00,0.59761,0.59949,0.59646,0.59751,1395733.0
2024-01-12 13:30:00+00:00,0.59751,0.59937,0.59672,0.59804,1096362.0
2024-01-12 14:00:00+00:00,0.59804,0.60125,0.59693,0.6008,1695029.0
2024-01-12 14:30:00+00:00,0.6008,0.60099,0.59559,0.59843,3038179.0
2024-01-12 15:00:00+00:00,0.59843,0.59902,0.5872,0.5924,4839573.0
2024-01-12 15:30:00+00:00,0.5924,0.5925,0.5829,0.58729,5840410.0
2024-01-12 16:00:00+00:00,0.58729,0.59169,0.58593,0.58931,3791902.0
2024-01-12 16:30:00+00:00,0.58931,0.59048,0.57348,0.58056,9447687.0
2024-01-12 17:00:00+00:00,0.58056,0.58241,0.5657,0.57152,6892607.0
2024-01-12 17:30:00+00:00,0.57152,0.57868,0.57137,0.57851,2238928.0
2024-01-12 18:00:00+00:00,0.57851,0.58021,0.5772,0.57851,2001815.0
2024-01-12 18:30:00+00:00,0.57851,0.5795,0.57472,0.57857,1783230.0
2024-01-12 19:00:00+00:00,0.57857,0.5798,0.575,0.57921,1453402.0
2024-01-12 19:30:00+00:00,0.57921,0.5801,0.5782,0.57985,1489642.0
2024-01-12 20:00:00+00:00,0.57985,0.58383,0.57949,0.5825,1551210.0
2024-01-12 20:30:00+00:00,0.5825,0.58271,0.57986,0.5807,879290.0
2024-01-12 21:00:00+00:00,0.5807,0.58149,0.57578,0.57905,1721515.0
2024-01-12 21:30:00+00:00,0.57905,0.57949,0.57058,0.57627,2852834.0
2024-01-12 22:00:00+00:00,0.57627,0.57635,0.55047,0.56086,9335084.0
2024-01-12 22:30:00+00:00,0.56086,0.56798,0.56086,0.56722,1519200.0
2024-01-12 23:00:00+00:00,0.56722,0.57061,0.56682,0.57031,1592110.0
2024-01-12 23:30:00+00:00,0.57031,0.57096,0.56949,0.56991,767732.0
2024-01-13 00:00:00+00:00,0.56991,0.57228,0.56971,0.57073,1036085.0
2024-01-13 00:30:00+00:00,0.57073,0.57243,0.56792,0.5683,1151047.0
2024-01-13 01:00:00+00:00,0.5683,0.56948,0.56261,0.5666,2887703.0
2024-01-13 01:30:00+00:00,0.5666,0.56985,0.56622,0.56858,1325504.0
2024-01-13 02:00:00+00:00,0.56858,0.57163,0.5678,0.57072,1045010.0
2024-01-13 02:30:00+00:00,0.57072,0.572,0.56976,0.57097,1340497.0
2024-01-13 03:00:00+00:00,0.57097,0.57184,0.56948,0.57022,1375994.0
2024-01-13 03:30:00+00:00,0.57022,0.5721,0.56969,0.57167,777080.0
2024-01-13 04:00:00+00:00,0.57167,0.57309,0.5712,0.57308,540920.0
2024-01-13 04:30:00+00:00,0.57308,0.57339,0.57187,0.57271,651975.0
2024-01-13 05:00:00+00:00,0.57271,0.57479,0.5724,0.57473,679406.0
2024-01-13 05:30:00+00:00,0.57473,0.57614,0.5743,0.57562,989804.0
2024-01-13 06:00:00+00:00,0.57562,0.5761,0.57441,0.57549,650053.0
2024-01-13 06:30:00+00:00,0.57549,0.57569,0.57337,0.57522,783806.0
2024-01-13 07:00:00+00:00,0.57522,0.5763,0.57488,0.57573,672175.0
2024-01-13 07:30:00+00:00,0.57573,0.57592,0.57427,0.5746,483736.0
2024-01-13 08:00:00+00:00,0.5746,0.5768,0.57449,0.57645,463898.0
2024-01-13 08:30:00+00:00,0.57645,0.57662,0.57454,0.57544,812415.0
2024-01-13 09:00:00+00:00,0.57544,0.57579,0.57339,0.57426,1421264.0
2024-01-13 09:30:00+00:00,0.57426,0.57464,0.57147,0.57258,1149540.0
2024-01-13 10:00:00+00:00,0.57258,0.57264,0.57003,0.57248,1362107.0
2024-01-13 10:30:00+00:00,0.57248,0.57419,0.5723,0.57363,693443.0
2024-01-13 11:00:00+00:00,0.57363,0.57483,0.57316,0.57445,495025.0
2024-01-13 11:30:00+00:00,0.57445,0.57475,0.57317,0.57423,799643.0
2024-01-13 12:00:00+00:00,0.57423,0.57589,0.57347,0.57551,889943.0
2024-01-13 12:30:00+00:00,0.57551,0.57662,0.57517,0.57525,1318214.0
2024-01-13 13:00:00+00:00,0.57525,0.57544,0.5735,0.57391,1160900.0
2024-01-13 13:30:00+00:00,0.57391,0.57431,0.5717,0.57299,1303413.0
2024-01-13 14:00:00+00:00,0.57299,0.57352,0.57157,0.57223,725805.0
2024-01-13 14:30:00+00:00,0.57223,0.57402,0.57161,0.5723,795041.0
2024-01-13 15:00:00+00:00,0.5723,0.57384,0.57137,0.57377,817827.0
2024-01-13 15:30:00+00:00,0.57377,0.57489,0.57286,0.57453,1197164.0
2024-01-13 16:00:00+00:00,0.57453,0.57453,0.57205,0.57346,1447071.0
2024-01-13 16:30:00+00:00,0.57346,0.57402,0.5711,0.57189,1304415.0
2024-01-13 17:00:00+00:00,0.57189,0.5742,0.57071,0.57396,517280.0
2024-01-13 17:30:00+00:00,0.57396,0.57474,0.573,0.57406,422808.0
2024-01-13 18:00:00+00:00,0.57406,0.57448,0.5731,0.57337,606805.0
2024-01-13 18:30:00+00:00,0.57337,0.57383,0.57313,0.57371,151296.0
2024-01-13 19:00:00+00:00,0.57371,0.57475,0.57358,0.57451,157838.0
2024-01-13 19:30:00+00:00,0.57451,0.57583,0.57428,0.57439,567523.0
2024-01-13 20:00:00+00:00,0.57439,0.57574,0.57382,0.57427,474863.0
2024-01-13 20:30:00+00:00,0.57427,0.57604,0.57412,0.57516,327038.0
2024-01-13 21:00:00+00:00,0.57516,0.5763,0.575,0.57537,354945.0
2024-01-13 21:30:00+00:00,0.57537,0.57704,0.57481,0.57698,250621.0
2024-01-13 22:00:00+00:00,0.57698,0.57754,0.57579,0.57601,642174.0
2024-01-13 22:30:00+00:00,0.57601,0.57621,0.57507,0.57613,253021.0
2024-01-13 23:00:00+00:00,0.57613,0.57651,0.5748,0.57501,581882.0
2024-01-13 23:30:00+00:00,0.57501,0.57564,0.57407,0.57453,749066.0
2024-01-14 00:00:00+00:00,0.57453,0.57504,0.5721,0.57263,547746.0
2024-01-14 00:30:00+00:00,0.57263,0.5737,0.57134,0.57208,917481.0
2024-01-14 01:00:00+00:00,0.57208,0.57444,0.57199,0.57436,1496500.0
2024-01-14 01:30:00+00:00,0.57436,0.57525,0.57378,0.57493,342734.0
2024-01-14 02:00:00+00:00,0.57493,0.57493,0.57241,0.57254,517503.0
2024-01-14 02:30:00+00:00,0.57254,0.57479,0.57254,0.57473,357856.0
2024-01-14 03:00:00+00:00,0.57473,0.57564,0.5742,0.5742,393943.0
2024-01-14 03:30:00+00:00,0.5742,0.57424,0.57257,0.57384,678868.0
2024-01-14 04:00:00+00:00,0.57384,0.57457,0.57288,0.57346,469455.0
2024-01-14 04:30:00+00:00,0.57346,0.57397,0.57201,0.57263,653984.0
2024-01-14 05:00:00+00:00,0.57263,0.5741,0.57259,0.57409,301553.0
2024-01-14 05:30:00+00:00,0.57409,0.57453,0.5738,0.57429,427844.0
2024-01-14 06:00:00+00:00,0.57429,0.57585,0.57428,0.57522,695851.0
2024-01-14 06:30:00+00:00,0.57522,0.57629,0.57437,0.57529,534194.0
2024-01-14 07:00:00+00:00,0.57529,0.57571,0.57397,0.57457,501943.0
2024-01-14 07:30:00+00:00,0.57457,0.57558,0.57407,0.5755,236699.0
2024-01-14 08:00:00+00:00,0.5755,0.5759,0.57478,0.57576,183530.0
2024-01-14 08:30:00+00:00,0.57576,0.57793,0.57541,0.5777,749612.0
2024-01-14 09:00:00+00:00,0.5777,0.57884,0.57757,0.57837,1379549.0
2024-01-14 09:30:00+00:00,0.57837,0.57857,0.5763,0.57823,1745135.0
2024-01-14 10:00:00+00:00,0.57823,0.57935,0.57791,0.57906,1199240.0
2024-01-14 10:30:00+00:00,0.57906,0.5798,0.57757,0.57788,954748.0
2024-01-14 11:00:00+00:00,0.57788,0.57849,0.57638,0.57836,494599.0
2024-01-14 11:30:00+00:00,0.57836,0.57836,0.57497,0.57644,1327235.0
2024-01-14 12:00:00+00:00,0.57644,0.5773,0.5757,0.57678,413766.0
2024-01-14 12:30:00+00:00,0.57678,0.57759,0.57507,0.5753,396467.0
2024-01-14 13:00:00+00:00,0.5753,0.57694,0.57397,0.57604,726497.0
2024-01-14 13:30:00+00:00,0.57604,0.57726,0.5753,0.57692,495122.0
2024-01-14 14:00:00+00:00,0.57692,0.57827,0.57644,0.57666,863395.0
2024-01-14 14:30:00+00:00,0.57666,0.57768,0.57612,0.57668,184226.0
2024-01-14 15:00:00+00:00,0.57668,0.57763,0.57664,0.57751,258458.0
2024-01-14 15:30:00+00:00,0.57751,0.5784,0.57722,0.57733,559602.0
2024-01-14 16:00:00+00:00,0.57733,0.57814,0.57707,0.57715,386551.0
2024-01-14 16:30:00+00:00,0.57715,0.57794,0.57507,0.57794,722084.0
2024-01-14 17:00:00+00:00,0.57794,0.58003,0.57782,0.57986,1250178.0
2024-01-14 17:30:00+00:00,0.57986,0.58275,0.57981,0.58244,1306707.0
2024-01-14 18:00:00+00:00,0.58244,0.58674,0.58147,0.5829,2371111.0
2024-01-14 18:30:00+00:00,0.5829,0.58734,0.58166,0.58395,2456627.0
2024-01-14 19:00:00+00:00,0.58395,0.58395,0.57825,0.57861,3518378.0
2024-01-14 19:30:00+00:00,0.57861,0.58022,0.57347,0.57633,3596221.0
2024-01-14 20:00:00+00:00,0.57633,0.5825,0.57117,0.57867,3879275.0
2024-01-14 20:30:00+00:00,0.57867,0.58134,0.57657,0.57692,1885580.0
2024-01-14 21:00:00+00:00,0.57692,0.58452,0.5765,0.58311,2781485.0
2024-01-14 21:30:00+00:00,0.58311,0.59136,0.58107,0.59121,4282939.0
2024-01-14 22:00:00+00:00,0.59121,0.593,0.58513,0.58598,3745358.0
2024-01-14 22:30:00+00:00,0.58598,0.58759,0.58257,0.58554,2086821.0
2024-01-14 23:00:00+00:00,0.58554,0.58626,0.57677,0.57899,4680874.0
2024-01-14 23:30:00+00:00,0.57899,0.58003,0.57367,0.5761,2797042.0
2024-01-15 00:00:00+00:00,0.5761,0.5828,0.5761,0.58206,2882363.0
2024-01-15 00:30:00+00:00,0.58206,0.58436,0.58103,0.58425,1625122.0
2024-01-15 01:00:00+00:00,0.58425,0.58453,0.58137,0.5826,1506122.0
2024-01-15 01:30:00+00:00,0.5826,0.5843,0.58233,0.58314,2284371.0
2024-01-15 02:00:00+00:00,0.58314,0.58353,0.58123,0.58345,805098.0
2024-01-15 02:30:00+00:00,0.58345,0.58676,0.58315,0.58626,911701.0
2024-01-15 03:00:00+00:00,0.58626,0.58939,0.58524,0.58653,1600555.0
2024-01-15 03:30:00+00:00,0.58653,0.58688,0.58528,0.586,833310.0
2024-01-15 04:00:00+00:00,0.586,0.58701,0.58453,0.58652,1066235.0
2024-01-15 04:30:00+00:00,0.58652,0.58726,0.58505,0.58571,1223241.0
2024-01-15 05:00:00+00:00,0.58571,0.58713,0.585,0.5851,579374.0
2024-01-15 05:30:00+00:00,0.5851,0.58516,0.58211,0.5828,2311202.0
2024-01-15 06:00:00+00:00,0.5828,0.58358,0.58,0.58139,2536960.0
2024-01-15 06:30:00+00:00,0.58139,0.58198,0.57905,0.57938,1148098.0
2024-01-15 07:00:00+00:00,0.57938,0.57938,0.57765,0.57788,3145804.0
2024-01-15 07:30:00+00:00,0.57788,0.57918,0.576,0.57724,3251859.0
2024-01-15 08:00:00+00:00,0.57724,0.57883,0.57672,0.57748,1821482.0
2024-01-15 08:30:00+00:00,0.57748,0.57964,0.57648,0.57877,1495501.0
2024-01-15 09:00:00+00:00,0.57877,0.57967,0.577,0.57939,858304.0
2024-01-15 09:30:00+00:00,0.57939,0.5816,0.57876,0.58131,1447744.0
2024-01-15 10:00:00+00:00,0.58131,0.58158,0.57957,0.57967,1259042.0
2024-01-15 10:30:00+00:00,0.57967,0.58094,0.57783,0.57823,1366282.0
2024-01-15 11:00:00+00:00,0.57823,0.57888,0.57674,0.57693,1709417.0
2024-01-15 11:30:00+00:00,0.57693,0.5792,0.57681,0.57881,2633322.0
2024-01-15 12:00:00+00:00,0.57881,0.5798,0.57753,0.57934,1849758.0
2024-01-15 12:30:00+00:00,0.57934,0.57973,0.57613,0.5782,1482284.0
2024-01-15 13:00:00+00:00,0.5782,0.57898,0.57701,0.57877,642337.0
2024-01-15 13:30:00+00:00,0.57877,0.57998,0.5781,0.57821,978714.0
2024-01-15 14:00:00+00:00,0.57821,0.57848,0.574,0.57517,3617193.0
2024-01-15 14:30:00+00:00,0.57517,0.57571,0.56923,0.57064,5089631.0
2024-01-15 15:00:00+00:00,0.57064,0.57359,0.57055,0.5728,2255066.0
2024-01-15 15:30:00+00:00,0.5728,0.57318,0.56816,0.56986,3712750.0
2024-01-15 16:00:00+00:00,0.56986,0.57208,0.5696,0.57154,1299269.0
2024-01-15 16:30:00+00:00,0.57154,0.57336,0.57154,0.57242,459953.0
2024-01-15 17:00:00+00:00,0.57242,0.57399,0.57214,0.57329,497422.0
2024-01-15 17:30:00+00:00,0.57329,0.5786,0.57309,0.57808,2468557.0
2024-01-15 18:00:00+00:00,0.57808,0.58133,0.57672,0.58133,1610375.0
2024-01-15 18:30:00+00:00,0.58133,0.58133,0.57772,0.57799,1751481.0
2024-01-15 19:00:00+00:00,0.57799,0.58006,0.57742,0.57987,741860.0
2024-01-15 19:30:00+00:00,0.57987,0.5805,0.57872,0.5805,646998.0
2024-01-15 20:00:00+00:00,0.5805,0.58119,0.57932,0.57942,538578.0
2024-01-15 20:30:00+00:00,0.57942,0.5796,0.5776,0.57898,1186004.0
2024-01-15 21:00:00+00:00,0.57898,0.57909,0.5781,0.57827,1780288.0
2024-01-15 21:30:00+00:00,0.57827,0.58017,0.57822,0.57869,932719.0
2024-01-15 22:00:00+00:00,0.57869,0.57939,0.57352,0.57769,1693564.0
2024-01-15 22:30:00+00:00,0.57769,0.57927,0.5767,0.57774,677531.0
2024-01-15 23:00:00+00:00,0.57774,0.57889,0.57499,0.57587,1127289.0
2024-01-15 23:30:00+00:00,0.57587,0.57644,0.57508,0.57543,705219.0
2024-01-16 00:00:00+00:00,0.57543,0.5764,0.57415,0.57434,901628.0
2024-01-16 00:30:00+00:00,0.57434,0.57469,0.57152,0.57229,1336377.0
2024-01-16 01:00:00+00:00,0.57229,0.57439,0.57229,0.57339,693620.0
2024-01-16 01:30:00+00:00,0.57339,0.57379,0.57182,0.57324,359433.0
2024-01-16 02:00:00+00:00,0.57324,0.5757,0.57304,0.5756,477507.0
2024-01-16 02:30:00+00:00,0.5756,0.57589,0.57343,0.57468,721197.0
2024-01-16 03:00:00+00:00,0.57468,0.57645,0.57432,0.57552,392548.0
2024-01-16 03:30:00+00:00,0.57552,0.57859,0.57548,0.57761,805242.0
2024-01-16 04:00:00+00:00,0.57761,0.57816,0.57582,0.57583,574882.0
2024-01-16 04:30:00+00:00,0.57583,0.57669,0.57557,0.57628,333254.0
2024-01-16 05:00:00+00:00,0.57628,0.57668,0.57581,0.57658,205338.0
2024-01-16 05:30:00+00:00,0.57658,0.57669,0.57332,0.5735,877685.0
2024-01-16 06:00:00+00:00,0.5735,0.57439,0.57132,0.57323,1720825.0
2024-01-16 06:30:00+00:00,0.57323,0.5745,0.5728,0.5744,1231654.0
2024-01-16 07:00:00+00:00,0.5744,0.57728,0.57412,0.57503,2012461.0
2024-01-16 07:30:00+00:00,0.57503,0.57659,0.57503,0.57624,1374831.0
2024-01-16 08:00:00+00:00,0.57624,0.57718,0.57394,0.5741,849192.0
2024-01-16 08:30:00+00:00,0.5741,0.57579,0.57404,0.5756,563304.0
2024-01-16 09:00:00+00:00,0.5756,0.57579,0.57402,0.57545,874573.0
2024-01-16 09:30:00+00:00,0.57545,0.57609,0.5738,0.57531,1260735.0
2024-01-16 10:00:00+00:00,0.57531,0.57544,0.57382,0.57392,782328.0
2024-01-16 10:30:00+00:00,0.57392,0.57429,0.57285,0.57386,1129743.0
2024-01-16 11:00:00+00:00,0.57386,0.57499,0.57306,0.57361,1061125.0
2024-01-16 11:30:00+00:00,0.57361,0.57439,0.57251,0.57423,646805.0
2024-01-16 12:00:00+00:00,0.57423,0.57779,0.57419,0.57723,3064291.0
2024-01-16 12:30:00+00:00,0.57723,0.57779,0.57632,0.57671,831003.0
2024-01-16 13:00:00+00:00,0.57671,0.57779,0.57582,0.57656,1382390.0
2024-01-16 13:30:00+00:00,0.57656,0.57671,0.57297,0.57381,1830203.0
2024-01-16 14:00:00+00:00,0.57381,0.57506,0.5733,0.57417,1186948.0
2024-01-16 14:30:00+00:00,0.57417,0.57494,0.56551,0.57235,7629237.0
2024-01-16 15:00:00+00:00,0.57235,0.575,0.5706,0.57413,1461532.0
