timestamp,equity,drawdown_pct
2025-01-01 00:00:00+00:00,50.0,0.0
2025-01-02 00:00:00+00:00,50.0,0.0
2025-01-03 00:00:00+00:00,50.0,0.0
2025-01-04 00:00:00+00:00,50.0,0.0
2025-01-05 00:00:00+00:00,50.0,0.0
2025-01-06 00:00:00+00:00,50.0,0.0
2025-01-07 00:00:00+00:00,50.0,0.0
2025-01-08 00:00:00+00:00,50.0,0.0
2025-01-09 00:00:00+00:00,50.0,0.0
2025-01-10 00:00:00+00:00,50.0,0.0
2025-01-11 00:00:00+00:00,50.0,0.0
2025-01-12 00:00:00+00:00,50.0,0.0
2025-01-13 00:00:00+00:00,50.0,0.0
2025-01-14 00:00:00+00:00,50.0,0.0
2025-01-15 00:00:00+00:00,50.0,0.0
2025-01-16 00:00:00+00:00,50.0,0.0
2025-01-17 00:00:00+00:00,50.0,0.0
2025-01-18 00:00:00+00:00,50.0,0.0
2025-01-19 00:00:00+00:00,50.0,0.0
2025-01-20 00:00:00+00:00,50.0,0.0
2025-01-21 00:00:00+00:00,50.0,0.0
2025-01-22 00:00:00+00:00,50.0,0.0
2025-01-23 00:00:00+00:00,50.0,0.0
2025-01-24 00:00:00+00:00,50.0,0.0
2025-01-25 00:00:00+00:00,50.0,0.0
2025-01-26 00:00:00+00:00,50.0,0.0
2025-01-27 00:00:00+00:00,50.0,0.0
2025-01-28 00:00:00+00:00,50.0,0.0
2025-01-29 00:00:00+00:00,50.0,0.0
2025-01-30 00:00:00+00:00,50.0,0.0
2025-01-31 00:00:00+00:00,50.0,0.0
2025-02-01 00:00:00+00:00,50.0,0.0
2025-02-02 00:00:00+00:00,50.0,0.0
2025-02-03 00:00:00+00:00,50.0,0.0
2025-02-03 06:00:00+00:00,50.0,0.0
2025-02-03 12:00:00+00:00,50.0,0.0
2025-02-03 18:00:00+00:00,50.0,0.0
2025-02-04 00:00:00+00:00,50.0,0.0
2025-02-04 06:00:00+00:00,50.0,0.0
2025-02-04 12:00:00+00:00,50.0,0.0
2025-02-04 18:00:00+00:00,50.0,0.0
2025-02-05 00:00:00+00:00,50.0,0.0
2025-02-05 06:00:00+00:00,50.0,0.0
2025-02-05 12:00:00+00:00,50.0,0.0
2025-02-05 18:00:00+00:00,50.0,0.0
2025-02-06 00:00:00+00:00,50.0,0.0
2025-02-06 06:00:00+00:00,50.0,0.0
2025-02-06 12:00:00+00:00,50.0,0.0
2025-02-06 18:00:00+00:00,50.0,0.0
2025-02-07 00:00:00+00:00,50.0,0.0
2025-02-07 06:00:00+00:00,50.0,0.0
2025-02-07 12:00:00+00:00,50.0,0.0
2025-02-07 18:00:00+00:00,50.0,0.0
2025-02-08 00:00:00+00:00,50.0,0.0
2025-02-08 06:00:00+00:00,50.0,0.0
2025-02-08 12:00:00+00:00,50.0,0.0
2025-02-08 18:00:00+00:00,50.0,0.0
2025-02-09 00:00:00+00:00,50.0,0.0
2025-02-09 06:00:00+00:00,50.0,0.0
2025-02-09 12:00:00+00:00,50.0,0.0
2025-02-09 18:00:00+00:00,50.0,0.0
2025-02-10 00:00:00+00:00,50.0,0.0
2025-02-10 06:00:00+00:00,50.0,0.0
2025-02-10 12:00:00+00:00,50.0,0.0
2025-02-10 18:00:00+00:00,50.0,0.0
2025-02-11 00:00:00+00:00,50.0,0.0
2025-02-11 06:00:00+00:00,50.0,0.0
2025-02-11 12:00:00+00:00,50.0,0.0
2025-02-11 18:00:00+00:00,50.0,0.0
2025-02-12 00:00:00+00:00,50.0,0.0
2025-02-12 06:00:00+00:00,50.0,0.0
2025-02-12 12:00:00+00:00,50.0,0.0
2025-02-12 18:00:00+00:00,50.0,0.0
2025-02-13 00:00:00+00:00,50.0,0.0
2025-02-13 06:00:00+00:00,50.0,0.0
2025-02-13 12:00:00+00:00,50.0,0.0
2025-02-13 18:00:00+00:00,50.0,0.0
2025-02-14 00:00:00+00:00,50.0,0.0
2025-02-14 06:00:00+00:00,50.0,0.0
2025-02-14 12:00:00+00:00,50.0,0.0
2025-02-14 18:00:00+00:00,50.0,0.0
2025-02-15 00:00:00+00:00,50.0,0.0
2025-02-15 06:00:00+00:00,50.0,0.0
2025-02-15 12:00:00+00:00,50.0,0.0
2025-02-15 18:00:00+00:00,50.0,0.0
2025-02-16 00:00:00+00:00,50.0,0.0
2025-02-16 06:00:00+00:00,50.0,0.0
2025-02-16 12:00:00+00:00,50.0,0.0
2025-02-16 18:00:00+00:00,50.0,0.0
2025-02-17 00:00:00+00:00,50.0,0.0
2025-02-17 06:00:00+00:00,50.0,0.0
2025-02-17 12:00:00+00:00,50.0,0.0
2025-02-17 18:00:00+00:00,50.0,0.0
2025-02-18 00:00:00+00:00,50.0,0.0
2025-02-18 06:00:00+00:00,50.0,0.0
2025-02-18 12:00:00+00:00,50.0,0.0
2025-02-18 18:00:00+00:00,50.0,0.0
2025-02-19 00:00:00+00:00,50.0,0.0
2025-02-19 06:00:00+00:00,50.0,0.0
2025-02-19 12:00:00+00:00,50.0,0.0
2025-02-19 18:00:00+00:00,50.0,0.0
2025-02-20 00:00:00+00:00,50.0,0.0
2025-02-20 06:00:00+00:00,50.0,0.0
2025-02-20 12:00:00+00:00,50.0,0.0
2025-02-20 18:00:00+00:00,50.0,0.0
2025-02-21 00:00:00+00:00,50.0,0.0
2025-02-21 06:00:00+00:00,50.0,0.0
2025-02-21 12:00:00+00:00,50.0,0.0
2025-02-21 18:00:00+00:00,50.0,0.0
2025-02-22 00:00:00+00:00,50.0,0.0
2025-02-22 06:00:00+00:00,50.0,0.0
2025-02-22 12:00:00+00:00,50.0,0.0
2025-02-22 18:00:00+00:00,50.0,0.0
2025-02-23 00:00:00+00:00,50.0,0.0
2025-02-23 06:00:00+00:00,50.0,0.0
2025-02-23 12:00:00+00:00,50.0,0.0
2025-02-23 18:00:00+00:00,50.0,0.0
2025-02-24 00:00:00+00:00,50.0,0.0
2025-02-24 06:00:00+00:00,50.0,0.0
2025-02-24 12:00:00+00:00,50.0,0.0
2025-02-24 18:00:00+00:00,50.0,0.0
2025-02-25 00:00:00+00:00,50.0,0.0
2025-02-25 06:00:00+00:00,50.0,0.0
2025-02-25 12:00:00+00:00,50.0,0.0
2025-02-25 18:00:00+00:00,50.0,0.0
2025-02-26 00:00:00+00:00,50.0,0.0
2025-02-26 04:00:00+00:00,50.0,0.0
2025-02-26 06:00:00+00:00,50.0,0.0
2025-02-26 08:00:00+00:00,50.0,0.0
2025-02-26 12:00:00+00:00,50.0,0.0
2025-02-26 16:00:00+00:00,50.0,0.0
2025-02-26 18:00:00+00:00,50.0,0.0
2025-02-26 20:00:00+00:00,50.0,0.0
2025-02-27 00:00:00+00:00,50.0,0.0
2025-02-27 04:00:00+00:00,50.0,0.0
2025-02-27 06:00:00+00:00,50.0,0.0
2025-02-27 08:00:00+00:00,50.0,0.0
2025-02-27 12:00:00+00:00,50.0,0.0
2025-02-27 16:00:00+00:00,50.0,0.0
2025-02-27 18:00:00+00:00,50.0,0.0
2025-02-27 20:00:00+00:00,50.0,0.0
2025-02-28 00:00:00+00:00,50.0,0.0
2025-02-28 04:00:00+00:00,50.0,0.0
2025-02-28 06:00:00+00:00,50.0,0.0
2025-02-28 08:00:00+00:00,50.0,0.0
2025-02-28 12:00:00+00:00,50.0,0.0
2025-02-28 16:00:00+00:00,50.0,0.0
2025-02-28 18:00:00+00:00,50.0,0.0
2025-02-28 20:00:00+00:00,50.0,0.0
2025-03-01 00:00:00+00:00,50.0,0.0
2025-03-01 04:00:00+00:00,50.0,0.0
2025-03-01 06:00:00+00:00,50.0,0.0
2025-03-01 08:00:00+00:00,50.0,0.0
2025-03-01 12:00:00+00:00,50.0,0.0
2025-03-01 16:00:00+00:00,50.0,0.0
2025-03-01 18:00:00+00:00,50.0,0.0
2025-03-01 20:00:00+00:00,50.0,0.0
2025-03-02 00:00:00+00:00,50.0,0.0
2025-03-02 04:00:00+00:00,50.0,0.0
2025-03-02 06:00:00+00:00,50.0,0.0
2025-03-02 08:00:00+00:00,50.0,0.0
2025-03-02 12:00:00+00:00,50.0,0.0
2025-03-02 16:00:00+00:00,50.0,0.0
2025-03-02 18:00:00+00:00,50.0,0.0
2025-03-02 20:00:00+00:00,50.0,0.0
2025-03-03 00:00:00+00:00,50.0,0.0
2025-03-03 04:00:00+00:00,50.0,0.0
2025-03-03 06:00:00+00:00,50.0,0.0
2025-03-03 08:00:00+00:00,50.0,0.0
2025-03-03 12:00:00+00:00,50.0,0.0
2025-03-03 16:00:00+00:00,50.0,0.0
2025-03-03 18:00:00+00:00,50.0,0.0
2025-03-03 20:00:00+00:00,50.0,0.0
2025-03-04 00:00:00+00:00,50.0,0.0
2025-03-04 04:00:00+00:00,50.0,0.0
2025-03-04 06:00:00+00:00,50.0,0.0
2025-03-04 08:00:00+00:00,50.0,0.0
2025-03-04 12:00:00+00:00,50.0,0.0
2025-03-04 16:00:00+00:00,50.0,0.0
2025-03-04 18:00:00+00:00,50.0,0.0
2025-03-04 20:00:00+00:00,50.0,0.0
2025-03-05 00:00:00+00:00,50.0,0.0
2025-03-05 04:00:00+00:00,50.0,0.0
2025-03-05 06:00:00+00:00,50.0,0.0
2025-03-05 08:00:00+00:00,50.0,0.0
2025-03-05 12:00:00+00:00,50.0,0.0
2025-03-05 16:00:00+00:00,50.0,0.0
2025-03-05 18:00:00+00:00,50.0,0.0
2025-03-05 20:00:00+00:00,50.0,0.0
2025-03-06 00:00:00+00:00,50.0,0.0
2025-03-06 04:00:00+00:00,50.0,0.0
2025-03-06 06:00:00+00:00,50.0,0.0
2025-03-06 08:00:00+00:00,50.0,0.0
2025-03-06 12:00:00+00:00,50.0,0.0
2025-03-06 16:00:00+00:00,50.0,0.0
2025-03-06 18:00:00+00:00,50.0,0.0
2025-03-06 20:00:00+00:00,50.0,0.0
2025-03-07 00:00:00+00:00,50.0,0.0
2025-03-07 04:00:00+00:00,50.0,0.0
2025-03-07 06:00:00+00:00,50.0,0.0
2025-03-07 08:00:00+00:00,50.0,0.0
2025-03-07 12:00:00+00:00,50.0,0.0
2025-03-07 16:00:00+00:00,50.0,0.0
2025-03-07 18:00:00+00:00,50.0,0.0
2025-03-07 20:00:00+00:00,50.0,0.0
2025-03-08 00:00:00+00:00,50.0,0.0
2025-03-08 04:00:00+00:00,50.0,0.0
2025-03-08 06:00:00+00:00,50.0,0.0
2025-03-08 08:00:00+00:00,50.0,0.0
2025-03-08 12:00:00+00:00,50.0,0.0
2025-03-08 16:00:00+00:00,50.0,0.0
2025-03-08 18:00:00+00:00,50.0,0.0
2025-03-08 20:00:00+00:00,50.0,0.0
2025-03-09 00:00:00+00:00,50.0,0.0
2025-03-09 04:00:00+00:00,50.0,0.0
2025-03-09 06:00:00+00:00,50.0,0.0
2025-03-09 08:00:00+00:00,50.0,0.0
2025-03-09 12:00:00+00:00,50.0,0.0
2025-03-09 16:00:00+00:00,50.0,0.0
2025-03-09 18:00:00+00:00,50.0,0.0
2025-03-09 20:00:00+00:00,50.0,0.0
2025-03-10 00:00:00+00:00,50.0,0.0
2025-03-10 04:00:00+00:00,50.0,0.0
2025-03-10 06:00:00+00:00,50.0,0.0
2025-03-10 08:00:00+00:00,50.0,0.0
2025-03-10 12:00:00+00:00,50.0,0.0
2025-03-10 16:00:00+00:00,50.0,0.0
2025-03-10 18:00:00+00:00,50.0,0.0
2025-03-10 20:00:00+00:00,50.0,0.0
2025-03-11 00:00:00+00:00,50.0,0.0
2025-03-11 04:00:00+00:00,50.0,0.0
2025-03-11 06:00:00+00:00,50.0,0.0
2025-03-11 08:00:00+00:00,50.0,0.0
2025-03-11 12:00:00+00:00,50.0,0.0
2025-03-11 16:00:00+00:00,50.0,0.0
2025-03-11 18:00:00+00:00,50.0,0.0
2025-03-11 20:00:00+00:00,50.0,0.0
2025-03-12 00:00:00+00:00,50.0,0.0
2025-03-12 04:00:00+00:00,50.0,0.0
2025-03-12 06:00:00+00:00,50.0,0.0
2025-03-12 08:00:00+00:00,50.0,0.0
2025-03-12 12:00:00+00:00,50.0,0.0
2025-03-12 16:00:00+00:00,50.0,0.0
2025-03-12 18:00:00+00:00,50.0,0.0
2025-03-12 20:00:00+00:00,50.0,0.0
2025-03-13 00:00:00+00:00,50.0,0.0
2025-03-13 04:00:00+00:00,50.0,0.0
2025-03-13 06:00:00+00:00,50.0,0.0
2025-03-13 08:00:00+00:00,50.0,0.0
2025-03-13 12:00:00+00:00,50.0,0.0
2025-03-13 16:00:00+00:00,50.0,0.0
2025-03-13 18:00:00+00:00,50.0,0.0
2025-03-13 20:00:00+00:00,50.0,0.0
2025-03-14 00:00:00+00:00,50.0,0.0
2025-03-14 04:00:00+00:00,50.0,0.0
2025-03-14 06:00:00+00:00,50.0,0.0
2025-03-14 08:00:00+00:00,50.0,0.0
2025-03-14 12:00:00+00:00,50.0,0.0
2025-03-14 16:00:00+00:00,50.0,0.0
2025-03-14 18:00:00+00:00,50.0,0.0
2025-03-14 20:00:00+00:00,50.0,0.0
2025-03-15 00:00:00+00:00,50.0,0.0
2025-03-15 04:00:00+00:00,50.0,0.0
2025-03-15 06:00:00+00:00,50.0,0.0
2025-03-15 08:00:00+00:00,50.0,0.0
2025-03-15 12:00:00+00:00,50.0,0.0
2025-03-15 16:00:00+00:00,50.0,0.0
2025-03-15 18:00:00+00:00,50.0,0.0
2025-03-15 20:00:00+00:00,50.0,0.0
2025-03-16 00:00:00+00:00,50.0,0.0
2025-03-16 04:00:00+00:00,50.0,0.0
2025-03-16 06:00:00+00:00,50.0,0.0
2025-03-16 08:00:00+00:00,50.0,0.0
2025-03-16 12:00:00+00:00,50.0,0.0
2025-03-16 16:00:00+00:00,50.0,0.0
2025-03-16 18:00:00+00:00,50.0,0.0
2025-03-16 20:00:00+00:00,50.0,0.0
2025-03-17 00:00:00+00:00,50.0,0.0
2025-03-17 04:00:00+00:00,50.0,0.0
2025-03-17 06:00:00+00:00,50.0,0.0
2025-03-17 08:00:00+00:00,50.0,0.0
2025-03-17 12:00:00+00:00,50.0,0.0
2025-03-17 16:00:00+00:00,50.0,0.0
2025-03-17 18:00:00+00:00,50.0,0.0
2025-03-17 20:00:00+00:00,50.0,0.0
2025-03-18 00:00:00+00:00,50.0,0.0
2025-03-18 04:00:00+00:00,50.0,0.0
2025-03-18 06:00:00+00:00,50.0,0.0
2025-03-18 08:00:00+00:00,50.0,0.0
2025-03-18 12:00:00+00:00,50.0,0.0
2025-03-18 16:00:00+00:00,50.0,0.0
2025-03-18 18:00:00+00:00,50.0,0.0
2025-03-18 20:00:00+00:00,50.0,0.0
2025-03-19 00:00:00+00:00,50.0,0.0
2025-03-19 04:00:00+00:00,50.0,0.0
2025-03-19 06:00:00+00:00,50.0,0.0
2025-03-19 08:00:00+00:00,50.0,0.0
2025-03-19 12:00:00+00:00,50.0,0.0
2025-03-19 16:00:00+00:00,50.0,0.0
2025-03-19 18:00:00+00:00,50.0,0.0
2025-03-19 20:00:00+00:00,50.0,0.0
2025-03-20 00:00:00+00:00,50.0,0.0
2025-03-20 04:00:00+00:00,50.0,0.0
2025-03-20 06:00:00+00:00,50.0,0.0
2025-03-20 08:00:00+00:00,50.0,0.0
2025-03-20 12:00:00+00:00,50.0,0.0
2025-03-20 16:00:00+00:00,50.0,0.0
2025-03-20 18:00:00+00:00,50.0,0.0
2025-03-20 20:00:00+00:00,50.0,0.0
2025-03-21 00:00:00+00:00,50.0,0.0
2025-03-21 04:00:00+00:00,50.0,0.0
2025-03-21 06:00:00+00:00,50.0,0.0
2025-03-21 08:00:00+00:00,50.0,0.0
2025-03-21 12:00:00+00:00,50.0,0.0
2025-03-21 16:00:00+00:00,50.0,0.0
2025-03-21 18:00:00+00:00,50.0,0.0
2025-03-21 20:00:00+00:00,50.0,0.0
2025-03-22 00:00:00+00:00,50.0,0.0
2025-03-22 04:00:00+00:00,50.0,0.0
2025-03-22 06:00:00+00:00,50.0,0.0
2025-03-22 08:00:00+00:00,50.0,0.0
2025-03-22 12:00:00+00:00,50.0,0.0
2025-03-22 16:00:00+00:00,50.0,0.0
2025-03-22 18:00:00+00:00,50.0,0.0
2025-03-22 20:00:00+00:00,50.0,0.0
2025-03-23 00:00:00+00:00,50.0,0.0
2025-03-23 04:00:00+00:00,50.0,0.0
2025-03-23 06:00:00+00:00,50.0,0.0
2025-03-23 08:00:00+00:00,50.0,0.0
2025-03-23 12:00:00+00:00,50.0,0.0
2025-03-23 16:00:00+00:00,50.0,0.0
2025-03-23 18:00:00+00:00,50.0,0.0
2025-03-23 20:00:00+00:00,50.0,0.0
2025-03-24 00:00:00+00:00,50.0,0.0
2025-03-24 04:00:00+00:00,50.0,0.0
2025-03-24 06:00:00+00:00,50.0,0.0
2025-03-24 08:00:00+00:00,50.0,0.0
2025-03-24 12:00:00+00:00,50.0,0.0
2025-03-24 16:00:00+00:00,50.0,0.0
2025-03-24 18:00:00+00:00,50.0,0.0
2025-03-24 20:00:00+00:00,50.0,0.0
2025-03-25 00:00:00+00:00,48.0,0.04
2025-03-25 04:00:00+00:00,48.0,0.04
2025-03-25 06:00:00+00:00,48.84147514698023,0.023170497060395406
2025-03-25 08:00:00+00:00,48.0,0.04
2025-03-25 12:00:00+00:00,48.78707009851506,0.024258598029698816
2025-03-25 16:00:00+00:00,48.0,0.04
2025-03-25 18:00:00+00:00,46.64361570813186,0.06712768583736278
2025-03-25 20:00:00+00:00,47.0,0.06
2025-03-26 00:00:00+00:00,45.69433252753156,0.08611334944936885
2025-03-26 04:00:00+00:00,45.0,0.1
2025-03-26 06:00:00+00:00,49.332423741166515,0.013351525176669696
2025-03-26 08:00:00+00:00,49.332423741166515,0.013351525176669696
2025-03-26 12:00:00+00:00,48.332423741166515,0.0333515251766697
2025-03-26 16:00:00+00:00,48.332423741166515,0.0333515251766697
2025-03-26 18:00:00+00:00,47.332423741166515,0.0533515251766697
2025-03-26 20:00:00+00:00,47.332423741166515,0.0533515251766697
2025-03-27 00:00:00+00:00,50.72636658631055,0.0
2025-03-27 04:00:00+00:00,50.72636658631055,0.0
2025-03-27 06:00:00+00:00,50.29829598220667,0.008438818565400711
2025-03-27 08:00:00+00:00,50.72636658631055,0.0
2025-03-27 12:00:00+00:00,50.62885694408729,0.0019222674278739488
2025-03-27 16:00:00+00:00,50.62885694408729,0.0019222674278739488
2025-03-27 18:00:00+00:00,51.77998559122035,0.0
2025-03-27 20:00:00+00:00,50.62885694408729,0.022231150395071664
2025-03-28 00:00:00+00:00,51.72560516440821,0.0010502209722778565
2025-03-28 04:00:00+00:00,51.72560516440821,0.0010502209722778565
2025-03-28 06:00:00+00:00,50.72560516440821,0.020362702205751912
2025-03-28 08:00:00+00:00,50.72560516440821,0.020362702205751912
2025-03-28 12:00:00+00:00,50.72560516440821,0.020362702205751912
2025-03-28 16:00:00+00:00,50.72560516440821,0.020362702205751912
2025-03-28 18:00:00+00:00,49.72560516440821,0.039675183439225964
2025-03-28 20:00:00+00:00,49.72560516440821,0.039675183439225964
2025-03-29 00:00:00+00:00,50.86629941375572,0.017645547155570377
2025-03-29 04:00:00+00:00,50.86629941375572,0.017645547155570377
2025-03-29 06:00:00+00:00,56.49479340968242,0.0
2025-03-29 08:00:00+00:00,56.49479340968242,0.0
2025-03-29 12:00:00+00:00,57.18776186613358,0.0
2025-03-29 16:00:00+00:00,57.18776186613358,0.0
2025-03-29 18:00:00+00:00,55.551345594396224,0.028614798312406663
2025-03-29 20:00:00+00:00,56.18776186613358,0.017486258726837796
2025-03-30 00:00:00+00:00,54.18776186613358,0.05245877618051339
2025-03-30 04:00:00+00:00,54.18776186613358,0.05245877618051339
2025-03-30 06:00:00+00:00,53.46501406190084,0.06509693127958098
2025-03-30 08:00:00+00:00,53.18776186613358,0.06994503490735118
2025-03-30 12:00:00+00:00,57.03184619152744,0.002726381825732326
2025-03-30 16:00:00+00:00,57.03184619152744,0.002726381825732326
2025-03-30 18:00:00+00:00,58.13497684480013,0.0
2025-03-30 20:00:00+00:00,58.13497684480013,0.0
2025-03-31 00:00:00+00:00,59.28171757817272,0.0
2025-03-31 04:00:00+00:00,59.39691663116854,0.0
2025-03-31 06:00:00+00:00,59.00112100216054,0.006663571974042594
2025-03-31 12:00:00+00:00,58.39691663116854,0.016835890761966756
2025-03-31 18:00:00+00:00,58.39691663116854,0.016835890761966756
2025-04-01 00:00:00+00:00,57.39691663116854,0.03367178152393351
2025-04-01 06:00:00+00:00,57.39691663116854,0.03367178152393351
2025-04-01 12:00:00+00:00,57.39691663116854,0.03367178152393351
2025-04-01 18:00:00+00:00,57.39691663116854,0.03367178152393351
2025-04-02 00:00:00+00:00,60.427505797262405,0.0
2025-04-02 06:00:00+00:00,58.427505797262405,0.03309751037400269
2025-04-02 12:00:00+00:00,56.427505797262405,0.06619502074800537
2025-04-02 18:00:00+00:00,56.427505797262405,0.06619502074800537
2025-04-03 00:00:00+00:00,56.427505797262405,0.06619502074800537
2025-04-03 06:00:00+00:00,59.28601036803047,0.018890328405440356
2025-04-03 12:00:00+00:00,65.95796676989784,0.0
2025-04-03 18:00:00+00:00,63.95796676989784,0.030322341605483936
2025-04-04 00:00:00+00:00,67.02320702341206,0.0
2025-04-04 06:00:00+00:00,70.32492350447025,0.0
2025-04-04 12:00:00+00:00,69.32492350447025,0.014219709743963452
2025-04-04 18:00:00+00:00,70.53492350447024,0.0
2025-04-05 00:00:00+00:00,72.27549782842439,0.0
2025-04-05 06:00:00+00:00,71.45805268366487,0.011310128180646497
2025-04-05 12:00:00+00:00,73.4709312674999,0.0
2025-04-05 18:00:00+00:00,70.45379793200152,0.04106567432109063
2025-04-06 00:00:00+00:00,72.06334284621349,0.019158439902735663
2025-04-06 06:00:00+00:00,76.26532170421665,0.0
2025-04-06 12:00:00+00:00,84.35174866843398,0.0
2025-04-06 18:00:00+00:00,89.32174866843398,0.0
2025-04-07 00:00:00+00:00,90.53174866843398,0.0
2025-04-07 06:00:00+00:00,90.53174866843398,0.0
2025-04-07 12:00:00+00:00,89.53174866843398,0.011045848718358772
2025-04-07 18:00:00+00:00,89.53174866843398,0.011045848718358772
2025-04-08 00:00:00+00:00,88.53174866843398,0.022091697436717544
2025-04-08 06:00:00+00:00,88.53174866843398,0.022091697436717544
2025-04-08 12:00:00+00:00,93.40174866843398,0.0
2025-04-08 18:00:00+00:00,93.40174866843398,0.0
2025-04-09 00:00:00+00:00,93.40174866843398,0.0
2025-04-09 06:00:00+00:00,93.40174866843398,0.0
2025-04-09 12:00:00+00:00,93.40174866843398,0.0
2025-04-09 18:00:00+00:00,92.40174866843398,0.01070643766585025
2025-04-10 00:00:00+00:00,97.27174866843399,0.0
2025-04-10 06:00:00+00:00,98.49578672216715,0.0
2025-04-10 12:00:00+00:00,102.36578672216716,0.0
2025-04-10 18:00:00+00:00,106.12578672216716,0.0
2025-04-11 00:00:00+00:00,109.88578672216717,0.0
2025-04-11 06:00:00+00:00,112.11102635249945,0.0
2025-04-11 12:00:00+00:00,112.32102635249944,0.0
2025-04-11 18:00:00+00:00,113.17740765417958,0.0
2025-04-12 00:00:00+00:00,113.7535558619863,0.0
2025-04-12 06:00:00+00:00,120.28805030007969,0.0
2025-04-12 12:00:00+00:00,120.18882951958437,0.0008248598281191829
2025-04-12 18:00:00+00:00,123.60045728805116,0.0
2025-04-13 00:00:00+00:00,123.60045728805116,0.0
2025-04-13 06:00:00+00:00,123.60045728805116,0.0
2025-04-13 12:00:00+00:00,123.60045728805116,0.0
2025-04-13 18:00:00+00:00,127.47045728805116,0.0
2025-04-14 00:00:00+00:00,131.46045728805117,0.0
2025-04-14 06:00:00+00:00,135.45045728805118,0.0
2025-04-14 12:00:00+00:00,133.45045728805118,0.014765546311495775
2025-04-14 18:00:00+00:00,131.45045728805118,0.02953109262299155
2025-04-15 00:00:00+00:00,130.45045728805118,0.03691386577873943
2025-04-15 06:00:00+00:00,132.05314885617474,0.025081557492653325
2025-04-15 12:00:00+00:00,131.05314885617474,0.032464330648401214
2025-04-15 18:00:00+00:00,130.05314885617474,0.039847103804149096
2025-04-16 00:00:00+00:00,130.32451692890544,0.037843654881465884
2025-04-16 06:00:00+00:00,129.05314885617474,0.047229876959896985
2025-04-16 12:00:00+00:00,128.05314885617474,0.054612650115644874
2025-04-16 18:00:00+00:00,133.04314885617475,0.01777261206846285
2025-04-17 00:00:00+00:00,133.04314885617475,0.01777261206846285
2025-04-17 06:00:00+00:00,133.04314885617475,0.01777261206846285
2025-04-17 12:00:00+00:00,133.04314885617475,0.01777261206846285
2025-04-17 18:00:00+00:00,133.04314885617475,0.01777261206846285
2025-04-18 00:00:00+00:00,133.04314885617475,0.01777261206846285
2025-04-18 06:00:00+00:00,133.04314885617475,0.01777261206846285
2025-04-18 12:00:00+00:00,133.04314885617475,0.01777261206846285
2025-04-18 18:00:00+00:00,133.04314885617475,0.01777261206846285
2025-04-19 00:00:00+00:00,133.04314885617475,0.01777261206846285
2025-04-19 06:00:00+00:00,133.04314885617475,0.01777261206846285
2025-04-19 12:00:00+00:00,133.04314885617475,0.01777261206846285
2025-04-19 18:00:00+00:00,133.04314885617475,0.01777261206846285
2025-04-20 00:00:00+00:00,133.04314885617475,0.01777261206846285
2025-04-20 06:00:00+00:00,133.04314885617475,0.01777261206846285
2025-04-20 12:00:00+00:00,133.04314885617475,0.01777261206846285
2025-04-20 18:00:00+00:00,133.04314885617475,0.01777261206846285
2025-04-21 00:00:00+00:00,133.04314885617475,0.01777261206846285
2025-04-21 06:00:00+00:00,132.04314885617475,0.025155385224210736
2025-04-21 12:00:00+00:00,131.04314885617475,0.032538158379958625
2025-04-21 18:00:00+00:00,131.26706232375253,0.030885056042315014
2025-04-22 00:00:00+00:00,131.11114057725447,0.032036190926758155
2025-04-22 06:00:00+00:00,132.80314885617474,0.01954447762584241
2025-04-22 12:00:00+00:00,141.43314885617474,0.0
2025-04-22 18:00:00+00:00,150.06314885617473,0.0
2025-04-23 00:00:00+00:00,159.92314885617475,0.0
2025-04-23 06:00:00+00:00,161.68314885617474,0.0
2025-04-23 12:00:00+00:00,168.00684641450943,0.0
2025-04-23 18:00:00+00:00,166.00684641450943,0.011904276776111642
2025-04-24 00:00:00+00:00,165.00684641450943,0.01785641516416746
2025-04-24 06:00:00+00:00,162.00684641450943,0.03571283032833492
2025-04-24 12:00:00+00:00,170.8639858585623,0.0
2025-04-24 18:00:00+00:00,177.05958874458872,0.0
2025-04-25 00:00:00+00:00,177.71868216087805,0.0
2025-04-25 06:00:00+00:00,182.672878717174,0.0
2025-04-25 12:00:00+00:00,186.17182750703762,0.0
2025-04-25 18:00:00+00:00,190.43768311603688,0.0
2025-04-26 00:00:00+00:00,196.71596319421715,0.0
2025-04-26 06:00:00+00:00,208.54182750703762,0.0
2025-04-26 12:00:00+00:00,206.54182750703762,0.009590402193691845
2025-04-26 18:00:00+00:00,206.07486845092447,0.01182956477174778
2025-04-27 00:00:00+00:00,205.54182750703762,0.014385603290537768
2025-04-27 06:00:00+00:00,205.27458284339102,0.0156670951947822
2025-04-27 12:00:00+00:00,208.16405094808022,0.001811514569875238
2025-04-27 18:00:00+00:00,208.16405094808022,0.001811514569875238
2025-04-28 00:00:00+00:00,208.16405094808022,0.001811514569875238
2025-04-28 06:00:00+00:00,216.6471963653769,0.0
2025-04-28 12:00:00+00:00,208.9240509480802,0.03564849001909801
2025-04-28 18:00:00+00:00,216.60819569530827,0.0001800192696833737
2025-04-29 00:00:00+00:00,212.50760506211628,0.019107523073038906
2025-04-29 06:00:00+00:00,221.3504020189197,0.0
2025-04-29 12:00:00+00:00,219.3504020189197,0.009035447786668361
2025-04-29 18:00:00+00:00,217.3504020189197,0.018070895573336722
2025-04-30 00:00:00+00:00,217.3504020189197,0.018070895573336722
2025-04-30 06:00:00+00:00,217.3504020189197,0.018070895573336722
2025-04-30 12:00:00+00:00,216.3504020189197,0.022588619466670904
2025-04-30 18:00:00+00:00,225.75096449605397,0.0
2025-05-01 00:00:00+00:00,231.20040201891973,0.0
2025-05-01 06:00:00+00:00,231.20040201891973,0.0
2025-05-01 12:00:00+00:00,230.20040201891973,0.004325251994666373
2025-05-01 18:00:00+00:00,229.11662252446766,0.00901287141482372
2025-05-02 00:00:00+00:00,233.43776878343533,0.0
2025-05-02 06:00:00+00:00,229.90514004426575,0.015133064189140998
2025-05-02 12:00:00+00:00,233.5943310433796,0.0
2025-05-02 18:00:00+00:00,232.95040201891973,0.002756612378321367
2025-05-03 00:00:00+00:00,230.0955522862403,0.014978012272436439
2025-05-03 06:00:00+00:00,231.95040201891973,0.007037538184754123
2025-05-03 12:00:00+00:00,230.95040201891973,0.011318463991186878
2025-05-03 18:00:00+00:00,230.95040201891973,0.011318463991186878
2025-05-04 00:00:00+00:00,229.95040201891973,0.015599389797619635
2025-05-04 06:00:00+00:00,229.95040201891973,0.015599389797619635
2025-05-04 12:00:00+00:00,228.95040201891973,0.01988031560405239
2025-05-04 18:00:00+00:00,228.95040201891973,0.01988031560405239
2025-05-05 00:00:00+00:00,228.95040201891973,0.01988031560405239
2025-05-05 06:00:00+00:00,226.95040201891973,0.0284421672169179
2025-05-05 12:00:00+00:00,225.95040201891973,0.032723093023350656
2025-05-05 18:00:00+00:00,227.37808664544934,0.026611281062192734
2025-05-06 00:00:00+00:00,223.95040201891973,0.04128494463621617
2025-05-06 06:00:00+00:00,222.95040201891973,0.045565870442648926
2025-05-06 12:00:00+00:00,226.94040201891974,0.02848497647498219
2025-05-06 18:00:00+00:00,235.80040201891975,0.0
2025-05-07 00:00:00+00:00,238.7579852882863,0.0
2025-05-07 06:00:00+00:00,236.27781118048972,0.010387816368955872
2025-05-07 12:00:00+00:00,232.80040201891975,0.02495239378977469
2025-05-07 18:00:00+00:00,231.80040201891975,0.029140735380915855
2025-05-08 00:00:00+00:00,241.66040201891977,0.0
2025-05-08 06:00:00+00:00,246.53040201891977,0.0
2025-05-08 12:00:00+00:00,251.40040201891978,0.0
2025-05-08 18:00:00+00:00,256.27040201891975,0.0
2025-05-09 00:00:00+00:00,254.27040201891975,0.007804256692321205
2025-05-09 06:00:00+00:00,259.14040201891976,0.0
2025-05-09 12:00:00+00:00,258.14040201891976,0.003858911972850109
2025-05-09 18:00:00+00:00,257.14040201891976,0.007717823945700218
2025-05-10 00:00:00+00:00,256.14040201891976,0.011576735918550327
2025-05-10 06:00:00+00:00,261.01040201891976,0.0
2025-05-10 12:00:00+00:00,265.88040201891977,0.0
2025-05-10 18:00:00+00:00,270.7504020189198,0.0
2025-05-11 00:00:00+00:00,269.7504020189198,0.003693438652512586
2025-05-11 06:00:00+00:00,267.7504020189198,0.011080315957537758
2025-05-11 12:00:00+00:00,266.7504020189198,0.014773754610050344
2025-05-11 18:00:00+00:00,275.4737083282675,0.0
2025-05-12 00:00:00+00:00,275.38040201891977,0.00033871221291483915
2025-05-12 06:00:00+00:00,289.0004020189198,0.0
2025-05-12 12:00:00+00:00,296.7504020189198,0.0
2025-05-12 18:00:00+00:00,293.7504020189198,0.010109506102063277
2025-05-13 00:00:00+00:00,291.7504020189198,0.016849176836772128
2025-05-13 06:00:00+00:00,300.38040201891977,0.0
2025-05-13 12:00:00+00:00,304.14040201891976,0.0
2025-05-13 18:00:00+00:00,317.76040201891976,0.0
2025-05-14 00:00:00+00:00,314.76040201891976,0.009441075668771897
2025-05-14 06:00:00+00:00,311.76040201891976,0.018882151337543795
2025-05-14 12:00:00+00:00,309.76040201891976,0.02517620178339173
2025-05-14 18:00:00+00:00,308.76040201891976,0.028323227006315694
2025-05-15 00:00:00+00:00,307.76040201891976,0.03147025222923966
2025-05-15 06:00:00+00:00,305.76040201891976,0.03776430267508759
2025-05-15 12:00:00+00:00,309.52040201891975,0.02593148783689351
2025-05-15 18:00:00+00:00,308.52040201891975,0.029078513059817474
2025-05-16 00:00:00+00:00,308.52040201891975,0.029078513059817474
2025-05-16 06:00:00+00:00,313.51040201891976,0.013374857197426855
2025-05-16 12:00:00+00:00,312.51040201891976,0.016521882420350822
2025-05-16 18:00:00+00:00,311.51040201891976,0.019668907643274787
2025-05-17 00:00:00+00:00,311.51040201891976,0.019668907643274787
2025-05-17 06:00:00+00:00,311.51040201891976,0.019668907643274787
2025-05-17 12:00:00+00:00,311.51040201891976,0.019668907643274787
2025-05-17 18:00:00+00:00,311.51040201891976,0.019668907643274787
2025-05-18 00:00:00+00:00,311.51040201891976,0.019668907643274787
2025-05-18 06:00:00+00:00,311.51040201891976,0.019668907643274787
2025-05-18 12:00:00+00:00,310.51040201891976,0.022815932866198752
2025-05-18 18:00:00+00:00,310.51040201891976,0.022815932866198752
2025-05-19 00:00:00+00:00,310.51040201891976,0.022815932866198752
2025-05-19 06:00:00+00:00,314.5004020189198,0.0102593022267321
2025-05-19 12:00:00+00:00,318.4904020189198,0.0
2025-05-19 18:00:00+00:00,321.4804020189198,0.0
2025-05-20 00:00:00+00:00,325.3504020189198,0.0
2025-05-20 06:00:00+00:00,323.3504020189198,0.006147218468424379
2025-05-20 12:00:00+00:00,323.3504020189198,0.006147218468424379
2025-05-20 18:00:00+00:00,324.5604020189198,0.0024281512950276923
2025-05-21 00:00:00+00:00,323.5604020189198,0.005501760529239882
2025-05-21 06:00:00+00:00,322.5604020189198,0.008575369763452072
2025-05-21 12:00:00+00:00,322.5604020189198,0.008575369763452072
2025-05-21 18:00:00+00:00,327.4304020189198,0.0
2025-05-22 00:00:00+00:00,326.4304020189198,0.0030540841468417383
2025-05-22 06:00:00+00:00,326.4304020189198,0.0030540841468417383
2025-05-22 12:00:00+00:00,326.4304020189198,0.0030540841468417383
2025-05-22 18:00:00+00:00,326.4304020189198,0.0030540841468417383
2025-05-23 00:00:00+00:00,326.4304020189198,0.0030540841468417383
2025-05-23 06:00:00+00:00,326.4304020189198,0.0030540841468417383
2025-05-23 12:00:00+00:00,330.4204020189198,0.0
2025-05-23 18:00:00+00:00,328.4204020189198,0.006052895002184158
2025-05-24 00:00:00+00:00,328.4204020189198,0.006052895002184158
2025-05-24 06:00:00+00:00,333.4104020189198,0.0
2025-05-24 12:00:00+00:00,338.4004020189198,0.0
2025-05-24 18:00:00+00:00,337.4004020189198,0.0029550792316851045
2025-05-25 00:00:00+00:00,341.1604020189198,0.0
2025-05-25 06:00:00+00:00,344.00914881018895,0.0
2025-05-25 12:00:00+00:00,340.1604020189198,0.011187919869517018
2025-05-25 18:00:00+00:00,339.1604020189198,0.014094819303612482
2025-05-26 00:00:00+00:00,339.1604020189198,0.014094819303612482
2025-05-26 06:00:00+00:00,344.1504020189198,0.0
2025-05-26 12:00:00+00:00,343.1504020189198,0.0029057063252973464
2025-05-26 18:00:00+00:00,343.1504020189198,0.0029057063252973464
2025-05-26 20:00:00+00:00,343.1504020189198,0.0029057063252973464
2025-05-27 00:00:00+00:00,342.1504020189198,0.005811412650594693
2025-05-27 04:00:00+00:00,342.1504020189198,0.005811412650594693
2025-05-27 06:00:00+00:00,352.0104020189198,0.0
2025-05-27 08:00:00+00:00,352.0104020189198,0.0
2025-05-27 12:00:00+00:00,355.8804020189198,0.0
2025-05-27 16:00:00+00:00,355.8804020189198,0.0
2025-05-27 18:00:00+00:00,353.8804020189198,0.0056198655184549135
2025-05-27 20:00:00+00:00,353.8804020189198,0.0056198655184549135
2025-05-28 00:00:00+00:00,351.78908229581697,0.011496333318420123
2025-05-28 04:00:00+00:00,351.91540201891985,0.011141383390336797
2025-05-28 06:00:00+00:00,351.91540201891985,0.011141383390336797
2025-05-28 08:00:00+00:00,351.91540201891985,0.011141383390336797
2025-05-28 12:00:00+00:00,350.91540201891985,0.013951316149564253
2025-05-28 16:00:00+00:00,349.9504020189199,0.016662901262218678
2025-05-28 18:00:00+00:00,347.9504020189199,0.022282766780673594
2025-05-28 20:00:00+00:00,350.4111520189199,0.015368224743404576
2025-05-29 00:00:00+00:00,360.24864930987764,0.0
2025-05-29 04:00:00+00:00,356.7684266569312,0.009660612634116621
2025-05-29 06:00:00+00:00,353.3419213529042,0.019172113400576365
2025-05-29 08:00:00+00:00,363.31243506418116,0.0
2025-05-29 12:00:00+00:00,354.9058073668847,0.023138838327434054
2025-05-29 16:00:00+00:00,351.2173662646166,0.03329109502521679
2025-05-29 18:00:00+00:00,357.0411520189199,0.017261404895633187
2025-05-29 20:00:00+00:00,356.0761520189199,0.019917520973326764
2025-05-30 00:00:00+00:00,358.87115201891993,0.012224417929644089
2025-05-30 04:00:00+00:00,358.87115201891993,0.012224417929644089
2025-05-30 06:00:00+00:00,362.6311520189199,0.001875198808267838
2025-05-30 08:00:00+00:00,367.8828370179527,0.0
2025-05-30 12:00:00+00:00,365.6361520189199,0.00610706663361718
2025-05-30 16:00:00+00:00,365.6361520189199,0.00610706663361718
2025-05-30 18:00:00+00:00,370.6061520189199,0.0
2025-05-30 20:00:00+00:00,370.6061520189199,0.0
2025-05-31 00:00:00+00:00,375.57615201891986,0.0
2025-05-31 04:00:00+00:00,375.57615201891986,0.0
2025-05-31 06:00:00+00:00,380.9397848441602,0.0
2025-05-31 08:00:00+00:00,374.57615201891986,0.016705088516400766
2025-05-31 12:00:00+00:00,371.57615201891986,0.024580348910185255
2025-05-31 16:00:00+00:00,371.57615201891986,0.024580348910185255
2025-05-31 18:00:00+00:00,369.2966818726379,0.030564155897461347
2025-05-31 20:00:00+00:00,369.57615201891986,0.029830522506041582
2025-06-01 00:00:00+00:00,379.6180243307784,0.0034697360737013998
2025-06-01 04:00:00+00:00,370.78615201891984,0.026654167480548555
2025-06-01 06:00:00+00:00,384.56681610433446,0.0
2025-06-01 08:00:00+00:00,375.7561520189198,0.022910619732265953
2025-06-01 12:00:00+00:00,378.6261520189198,0.015447677325864039
2025-06-01 16:00:00+00:00,378.6261520189198,0.015447677325864039
2025-06-01 18:00:00+00:00,377.6261520189198,0.018048005690464004
2025-06-01 20:00:00+00:00,377.6261520189198,0.018048005690464004
2025-06-02 00:00:00+00:00,378.8361520189198,0.0149016083692981
2025-06-02 04:00:00+00:00,378.8361520189198,0.0149016083692981
2025-06-02 06:00:00+00:00,378.8361520189198,0.0149016083692981
2025-06-02 08:00:00+00:00,378.8361520189198,0.0149016083692981
2025-06-02 12:00:00+00:00,377.8680069534563,0.0174191034440703
2025-06-02 16:00:00+00:00,378.8361520189198,0.0149016083692981
2025-06-02 18:00:00+00:00,377.8361520189198,0.017501936733898067
2025-06-02 20:00:00+00:00,377.8361520189198,0.017501936733898067
2025-06-03 00:00:00+00:00,376.8361520189198,0.02010226509849803
2025-06-03 04:00:00+00:00,376.8361520189198,0.02010226509849803
2025-06-03 06:00:00+00:00,376.8361520189198,0.02010226509849803
2025-06-03 08:00:00+00:00,376.8361520189198,0.02010226509849803
2025-06-03 12:00:00+00:00,374.8711520189198,0.0252119103349369
2025-06-03 16:00:00+00:00,368.89048066028016,0.040763619708158214
2025-06-03 18:00:00+00:00,374.8711520189198,0.0252119103349369
2025-06-03 20:00:00+00:00,380.72389457844423,0.009992857846704157
2025-06-04 00:00:00+00:00,376.1653185961385,0.021846652275677926
2025-06-04 04:00:00+00:00,382.2419365541148,0.006045450238714675
2025-06-04 06:00:00+00:00,377.86399453379124,0.017429537052736033
2025-06-04 08:00:00+00:00,381.25126519547507,0.008621521072582277
2025-06-04 12:00:00+00:00,385.3606421877338,0.0
2025-06-04 16:00:00+00:00,383.31190201891985,0.0053164229672833675
2025-06-04 18:00:00+00:00,383.52190201891983,0.004771478888905807
2025-06-04 20:00:00+00:00,383.52190201891983,0.004771478888905807
2025-06-05 00:00:00+00:00,387.12726340271547,0.0
2025-06-05 04:00:00+00:00,382.52190201891983,0.011896246581333737
2025-06-05 06:00:00+00:00,384.4625782199157,0.006883227906446299
2025-06-05 08:00:00+00:00,382.7319020189198,0.011353789307324794
2025-06-05 12:00:00+00:00,393.8019020189198,0.0
2025-06-05 16:00:00+00:00,393.8019020189198,0.0
2025-06-05 18:00:00+00:00,397.7719020189198,0.0
2025-06-05 20:00:00+00:00,397.7719020189198,0.0
2025-06-06 00:00:00+00:00,401.7619020189198,0.0
2025-06-06 04:00:00+00:00,401.7619020189198,0.0
2025-06-06 06:00:00+00:00,400.7619020189198,0.0024890364043350928
2025-06-06 08:00:00+00:00,400.7619020189198,0.0024890364043350928
2025-06-06 12:00:00+00:00,398.7619020189198,0.007467109213005279
2025-06-06 16:00:00+00:00,398.7619020189198,0.007467109213005279
2025-06-06 18:00:00+00:00,399.97190201891976,0.004455375163759867
2025-06-06 20:00:00+00:00,399.97190201891976,0.004455375163759867
2025-06-07 00:00:00+00:00,397.97190201891976,0.009433447972430052
2025-06-07 04:00:00+00:00,397.97190201891976,0.009433447972430052
2025-06-07 06:00:00+00:00,397.4929890331811,0.010625479828442355
2025-06-07 08:00:00+00:00,397.97190201891976,0.009433447972430052
2025-06-07 12:00:00+00:00,396.97190201891976,0.011922484376765146
2025-06-07 16:00:00+00:00,396.97190201891976,0.011922484376765146
2025-06-07 18:00:00+00:00,396.39334830665666,0.013362525628451215
2025-06-07 20:00:00+00:00,394.97190201891976,0.01690055718543533
2025-06-08 00:00:00+00:00,408.66416703874165,0.0
2025-06-08 04:00:00+00:00,394.97190201891976,0.033504931736586176
2025-06-08 06:00:00+00:00,399.81314991377997,0.02165841255204204
2025-06-08 08:00:00+00:00,396.18190201891974,0.030544065339202058
2025-06-08 12:00:00+00:00,395.6326759809938,0.031888019818758606
2025-06-08 16:00:00+00:00,395.18190201891974,0.0329910623618336
2025-06-08 18:00:00+00:00,399.79920475544156,0.02169253631297623
2025-06-08 20:00:00+00:00,394.21690201891977,0.035352414488672976
2025-06-09 00:00:00+00:00,424.17081671194245,0.0
2025-06-09 04:00:00+00:00,395.42690201891975,0.06776495119545885
2025-06-09 06:00:00+00:00,393.8903079645503,0.07138753434788014
2025-06-09 08:00:00+00:00,399.18690201891974,0.05890059784567752
2025-06-09 12:00:00+00:00,398.18690201891974,0.06125813863019384
2025-06-09 16:00:00+00:00,398.18690201891974,0.06125813863019384
2025-06-09 18:00:00+00:00,398.18690201891974,0.06125813863019384
2025-06-09 20:00:00+00:00,398.18690201891974,0.06125813863019384
2025-06-10 00:00:00+00:00,399.3969020189197,0.05840551428092914
2025-06-10 04:00:00+00:00,399.3969020189197,0.05840551428092914
2025-06-10 06:00:00+00:00,404.3869020189197,0.04664138576619269
2025-06-10 08:00:00+00:00,404.3869020189197,0.04664138576619269
2025-06-10 12:00:00+00:00,401.3869020189197,0.05371400811974165
2025-06-10 16:00:00+00:00,401.3869020189197,0.05371400811974165
2025-06-10 18:00:00+00:00,410.0169020189197,0.033368431149365836
2025-06-10 20:00:00+00:00,410.0169020189197,0.033368431149365836
2025-06-11 00:00:00+00:00,408.0169020189197,0.03808351271839847
2025-06-11 04:00:00+00:00,406.3030676389761,0.04212394716702186
2025-06-11 06:00:00+00:00,406.0169020189197,0.04279859428743111
2025-06-11 08:00:00+00:00,411.53544872233823,0.0297883953628639
2025-06-11 12:00:00+00:00,424.1072677962088,0.00014981916065383226
2025-06-11 16:00:00+00:00,410.49942281945596,0.0322308686827242
2025-06-11 18:00:00+00:00,413.6469020189197,0.024810558101571616
2025-06-11 20:00:00+00:00,412.68190201891974,0.027085584958629803
2025-06-12 00:00:00+00:00,409.60680775476493,0.03433524510260697
2025-06-12 04:00:00+00:00,411.68190201891974,0.029443125743146118
2025-06-12 06:00:00+00:00,409.68190201891974,0.03415820731217876
2025-06-12 08:00:00+00:00,409.68190201891974,0.03415820731217876
2025-06-12 12:00:00+00:00,419.3662369771105,0.011326992677326977
2025-06-12 16:00:00+00:00,409.68190201891974,0.03415820731217876
2025-06-12 18:00:00+00:00,408.68190201891974,0.03651574809669507
2025-06-12 20:00:00+00:00,408.68190201891974,0.03651574809669507
2025-06-13 00:00:00+00:00,408.68190201891974,0.03651574809669507
2025-06-13 04:00:00+00:00,408.68190201891974,0.03651574809669507
2025-06-13 06:00:00+00:00,412.67190201891975,0.027109160366474944
2025-06-13 08:00:00+00:00,412.67190201891975,0.027109160366474944
2025-06-13 12:00:00+00:00,411.67190201891975,0.029466701150991263
2025-06-13 16:00:00+00:00,411.67190201891975,0.029466701150991263
2025-06-13 18:00:00+00:00,410.67190201891975,0.03182424193550758
2025-06-13 20:00:00+00:00,410.67190201891975,0.03182424193550758
2025-06-14 00:00:00+00:00,411.88190201891973,0.028971617586242882
2025-06-14 04:00:00+00:00,409.745977803595,0.03400714603650696
2025-06-14 06:00:00+00:00,420.16658556717715,0.009440138234414657
2025-06-14 08:00:00+00:00,406.6841293729457,0.04122557858777001
2025-06-14 12:00:00+00:00,426.76183509467415,0.0
2025-06-14 16:00:00+00:00,425.3926520189197,0.003208307217656203
2025-06-14 18:00:00+00:00,421.79184163870104,0.01164582454958877
2025-06-14 20:00:00+00:00,425.6026520189197,0.0027162294760901314
2025-06-15 00:00:00+00:00,423.6026520189197,0.007402684157672222
2025-06-15 04:00:00+00:00,424.28638366093685,0.005800545480333647
2025-06-15 06:00:00+00:00,440.10183145093737,0.0
2025-06-15 08:00:00+00:00,426.4075018191983,0.03111627503705524
2025-06-15 12:00:00+00:00,424.70724636298974,0.034979597874415624
2025-06-15 16:00:00+00:00,425.6076520189197,0.0329336948774627
2025-06-15 18:00:00+00:00,431.68765201891966,0.01911871033182855
2025-06-15 20:00:00+00:00,431.68765201891966,0.01911871033182855
2025-06-16 00:00:00+00:00,430.68765201891966,0.02139091173736049
2025-06-16 04:00:00+00:00,430.68765201891966,0.02139091173736049
2025-06-16 06:00:00+00:00,429.68765201891966,0.023663113142892427
2025-06-16 08:00:00+00:00,428.7226520189197,0.02585578749923069
2025-06-16 12:00:00+00:00,427.7576520189197,0.028048461855568956
2025-06-16 16:00:00+00:00,427.7576520189197,0.028048461855568956
2025-06-16 18:00:00+00:00,427.7576520189197,0.028048461855568956
2025-06-16 20:00:00+00:00,427.7576520189197,0.028048461855568956
2025-06-17 00:00:00+00:00,428.9676520189197,0.025299098154875355
2025-06-17 04:00:00+00:00,428.9676520189197,0.025299098154875355
2025-06-17 06:00:00+00:00,438.0984804880395,0.004552016873670268
2025-06-17 08:00:00+00:00,428.9676520189197,0.025299098154875355
2025-06-17 12:00:00+00:00,433.8376520189197,0.014233477309934807
2025-06-17 16:00:00+00:00,433.8376520189197,0.014233477309934807
2025-06-17 18:00:00+00:00,433.8376520189197,0.014233477309934807
2025-06-17 20:00:00+00:00,433.8376520189197,0.014233477309934807
2025-06-18 00:00:00+00:00,432.8376520189197,0.016505678715466744
2025-06-18 04:00:00+00:00,432.8376520189197,0.016505678715466744
2025-06-18 06:00:00+00:00,440.4651984377683,0.0
2025-06-18 08:00:00+00:00,432.8376520189197,0.017317024014387124
2025-06-18 12:00:00+00:00,437.7076520189197,0.006260531884537123
2025-06-18 16:00:00+00:00,437.7076520189197,0.006260531884537123
2025-06-18 18:00:00+00:00,437.7076520189197,0.006260531884537123
2025-06-18 20:00:00+00:00,437.7076520189197,0.006260531884537123
2025-06-19 00:00:00+00:00,437.7076520189197,0.006260531884537123
2025-06-19 04:00:00+00:00,437.7076520189197,0.006260531884537123
2025-06-19 06:00:00+00:00,438.37397956136203,0.0047477505233634205
2025-06-19 08:00:00+00:00,437.7076520189197,0.006260531884537123
2025-06-19 12:00:00+00:00,448.2005508950379,0.0
2025-06-19 16:00:00+00:00,437.7076520189197,0.023411169074121663
2025-06-19 18:00:00+00:00,437.4242794892595,0.024043414012451872
2025-06-19 20:00:00+00:00,437.7076520189197,0.023411169074121663
2025-06-20 00:00:00+00:00,443.6481955315021,0.010156960660679566
2025-06-20 04:00:00+00:00,441.4676520189197,0.015022067381829169
2025-06-20 06:00:00+00:00,439.4676520189197,0.019484355516027316
2025-06-20 08:00:00+00:00,439.4676520189197,0.019484355516027316
2025-06-20 12:00:00+00:00,444.3376520189197,0.00861868390925482
2025-06-20 16:00:00+00:00,444.3376520189197,0.00861868390925482
2025-06-20 18:00:00+00:00,444.3376520189197,0.00861868390925482
2025-06-20 20:00:00+00:00,444.3376520189197,0.00861868390925482
2025-06-21 00:00:00+00:00,442.62423105095985,0.012441572936361585
2025-06-21 04:00:00+00:00,442.84699375852944,0.011944557242996777
2025-06-21 06:00:00+00:00,436.603012469764,0.025875779050503412
2025-06-21 08:00:00+00:00,440.4771996814138,0.017231909238399803
2025-06-21 12:00:00+00:00,458.84892467275307,0.0
2025-06-21 16:00:00+00:00,447.0084020189197,0.025804839059561772
2025-06-21 18:00:00+00:00,456.84840201891967,0.00435987216328371
2025-06-21 20:00:00+00:00,456.84840201891967,0.00435987216328371
2025-06-22 00:00:00+00:00,455.84840201891967,0.0065392387177835186
2025-06-22 04:00:00+00:00,455.84840201891967,0.0065392387177835186
2025-06-22 06:00:00+00:00,457.05840201891965,0.0039022051868387946
2025-06-22 08:00:00+00:00,457.05840201891965,0.0039022051868387946
2025-06-22 12:00:00+00:00,458.26840201891963,0.001265171655894071
2025-06-22 16:00:00+00:00,458.26840201891963,0.001265171655894071
2025-06-22 18:00:00+00:00,459.4784020189196,0.0
2025-06-22 20:00:00+00:00,459.4784020189196,0.0
2025-06-23 00:00:00+00:00,458.4784020189196,0.0021763808605716004
2025-06-23 04:00:00+00:00,458.4784020189196,0.0021763808605716004
2025-06-23 06:00:00+00:00,460.3903077232632,0.0
2025-06-23 08:00:00+00:00,458.4784020189196,0.004152793124161164
2025-06-23 12:00:00+00:00,459.6884020189196,0.0015245883602865511
2025-06-23 16:00:00+00:00,459.6884020189196,0.0015245883602865511
2025-06-23 18:00:00+00:00,458.6884020189196,0.0036966584130755245
2025-06-23 20:00:00+00:00,458.6884020189196,0.0036966584130755245
2025-06-24 00:00:00+00:00,462.0940703906189,0.0
2025-06-24 04:00:00+00:00,457.7234020189196,0.009458395274374937
2025-06-24 06:00:00+00:00,456.7234020189196,0.011622456802268331
2025-06-24 08:00:00+00:00,456.7234020189196,0.011622456802268331
2025-06-24 12:00:00+00:00,457.12918540406673,0.010744316589813107
2025-06-24 16:00:00+00:00,455.7234020189196,0.013786518330161724
2025-06-24 18:00:00+00:00,458.01075630763626,0.008836542913288082
2025-06-24 20:00:00+00:00,454.7234020189196,0.015950579858055116
2025-06-25 00:00:00+00:00,465.08635972590105,0.0
2025-06-25 04:00:00+00:00,457.62461248469333,0.01604378861079758
2025-06-25 06:00:00+00:00,458.5934020189196,0.013960757117899689
2025-06-25 08:00:00+00:00,465.0002417975032,0.00018516545711773236
2025-06-25 12:00:00+00:00,460.05415201891964,0.010819942580012763
2025-06-25 16:00:00+00:00,460.05415201891964,0.010819942580012763
2025-06-25 18:00:00+00:00,459.05415201891964,0.012970080891076865
2025-06-25 20:00:00+00:00,459.05415201891964,0.012970080891076865
2025-06-26 00:00:00+00:00,462.81415201891963,0.004885560841475863
2025-06-26 04:00:00+00:00,460.4137581455243,0.010046739670306715
2025-06-26 06:00:00+00:00,461.81415201891963,0.0070356991525399645
2025-06-26 08:00:00+00:00,460.84915201891965,0.009110582622716768
2025-06-26 12:00:00+00:00,458.84915201891965,0.013410859244844971
2025-06-26 16:00:00+00:00,458.84915201891965,0.013410859244844971
2025-06-26 18:00:00+00:00,464.33654947368274,0.0016121957493232257
2025-06-26 20:00:00+00:00,463.83915201891966,0.0026816690726350857
2025-06-27 00:00:00+00:00,470.3213443832089,0.0
2025-06-27 04:00:00+00:00,468.8291520189197,0.0031727081539242538
2025-06-27 06:00:00+00:00,474.31654947368276,0.0
2025-06-27 08:00:00+00:00,473.8191520189197,0.0010486613956755318
2025-06-27 12:00:00+00:00,472.8191520189197,0.0031569580619201167
2025-06-27 16:00:00+00:00,472.8191520189197,0.0031569580619201167
2025-06-27 18:00:00+00:00,471.8191520189197,0.005265254728164702
2025-06-27 20:00:00+00:00,471.8191520189197,0.005265254728164702
2025-06-28 00:00:00+00:00,471.8191520189197,0.005265254728164702
2025-06-28 04:00:00+00:00,471.8191520189197,0.005265254728164702
2025-06-28 06:00:00+00:00,469.71397067527363,0.00970360153681397
2025-06-28 08:00:00+00:00,472.40141068471337,0.004037680724179849
2025-06-28 12:00:00+00:00,487.88550767619444,0.0
2025-06-28 16:00:00+00:00,469.8644264980412,0.03693711105293512
2025-06-28 18:00:00+00:00,476.8091520189197,0.022702776538765384
2025-06-28 20:00:00+00:00,474.7712466886421,0.026879792043866448
2025-06-29 00:00:00+00:00,474.1058082134494,0.02824371547410364
2025-06-29 04:00:00+00:00,474.43852745104584,0.02756175375898487
2025-06-29 06:00:00+00:00,476.8091520189197,0.022702776538765384
2025-06-29 08:00:00+00:00,478.9718270632961,0.01827002539049448
2025-06-29 12:00:00+00:00,473.85626878525215,0.028755186760442513
2025-06-29 16:00:00+00:00,475.97735392492893,0.024407680826561556
2025-06-29 18:00:00+00:00,476.8091520189197,0.022702776538765384
2025-06-29 20:00:00+00:00,483.5467165802459,0.008893051807614138
2025-06-30 00:00:00+00:00,480.4565743197277,0.015226796532348074
2025-06-30 04:00:00+00:00,475.2703255450366,0.025856849471188697
2025-06-30 06:00:00+00:00,474.8091520189197,0.02680209895874467
2025-06-30 08:00:00+00:00,473.8441520189197,0.028780022026384626
2025-06-30 12:00:00+00:00,478.8341520189197,0.018552212588536288
2025-06-30 16:00:00+00:00,478.8341520189197,0.018552212588536288
2025-06-30 18:00:00+00:00,481.7197907039569,0.01263763090977006
2025-06-30 20:00:00+00:00,482.5941520189197,0.010845486438975248
2025-07-01 00:00:00+00:00,480.5941520189197,0.014944808858954535
2025-07-01 04:00:00+00:00,480.5941520189197,0.014944808858954535
2025-07-01 06:00:00+00:00,479.5941520189197,0.016994470068944178
2025-07-01 08:00:00+00:00,479.5941520189197,0.016994470068944178
2025-07-01 12:00:00+00:00,478.5941520189197,0.01904413127893382
2025-07-01 16:00:00+00:00,478.5941520189197,0.01904413127893382
2025-07-01 18:00:00+00:00,478.5941520189197,0.01904413127893382
2025-07-01 20:00:00+00:00,485.19344470567745,0.005517817045518158
2025-07-02 00:00:00+00:00,498.5129080352468,0.0
2025-07-02 04:00:00+00:00,494.02106998796387,0.009010474904223268
2025-07-02 06:00:00+00:00,483.5841520189197,0.02994657866566532
2025-07-02 08:00:00+00:00,486.04490201891974,0.025010397555133203
2025-07-02 12:00:00+00:00,486.04490201891974,0.025010397555133203
2025-07-02 16:00:00+00:00,486.04490201891974,0.025010397555133203
2025-07-02 18:00:00+00:00,484.17159458098456,0.02876818879331461
2025-07-02 20:00:00+00:00,489.91490201891975,0.01724730870101996
2025-07-03 00:00:00+00:00,488.91490201891975,0.019253274813193923
2025-07-03 04:00:00+00:00,488.91490201891975,0.019253274813193923
2025-07-03 06:00:00+00:00,491.84107599609024,0.013383468976664611
2025-07-03 08:00:00+00:00,488.91490201891975,0.019253274813193923
2025-07-03 12:00:00+00:00,485.9499020189198,0.02520096433578967
2025-07-03 16:00:00+00:00,485.9499020189198,0.02520096433578967
2025-07-03 18:00:00+00:00,501.97600545017576,0.0
2025-07-03 20:00:00+00:00,485.9499020189198,0.03192603482487905
2025-07-04 00:00:00+00:00,478.26946603864076,0.04722643941969857
2025-07-04 04:00:00+00:00,483.9849020189198,0.03584056456069332
2025-07-04 06:00:00+00:00,480.9849020189198,0.0418169458367457
2025-07-04 08:00:00+00:00,480.9849020189198,0.0418169458367457
2025-07-04 12:00:00+00:00,480.9849020189198,0.0418169458367457
2025-07-04 16:00:00+00:00,480.9849020189198,0.0418169458367457
2025-07-04 18:00:00+00:00,480.9849020189198,0.0418169458367457
2025-07-04 20:00:00+00:00,480.9849020189198,0.0418169458367457
2025-07-05 00:00:00+00:00,480.9849020189198,0.0418169458367457
2025-07-05 04:00:00+00:00,480.9849020189198,0.0418169458367457
2025-07-05 06:00:00+00:00,479.9849020189198,0.04380907292876316
2025-07-05 08:00:00+00:00,479.9849020189198,0.04380907292876316
2025-07-05 12:00:00+00:00,479.9849020189198,0.04380907292876316
2025-07-05 16:00:00+00:00,479.9849020189198,0.04380907292876316
2025-07-05 18:00:00+00:00,479.9849020189198,0.04380907292876316
2025-07-05 20:00:00+00:00,479.9849020189198,0.04380907292876316
2025-07-06 00:00:00+00:00,479.9849020189198,0.04380907292876316
2025-07-06 04:00:00+00:00,479.9849020189198,0.04380907292876316
2025-07-06 06:00:00+00:00,479.9849020189198,0.04380907292876316
2025-07-06 08:00:00+00:00,479.9849020189198,0.04380907292876316
2025-07-06 12:00:00+00:00,479.9849020189198,0.04380907292876316
2025-07-06 16:00:00+00:00,479.9849020189198,0.04380907292876316
2025-07-06 18:00:00+00:00,479.9849020189198,0.04380907292876316
2025-07-06 20:00:00+00:00,482.6860496583794,0.03842804353665673
2025-07-07 00:00:00+00:00,482.4404907820648,0.03891722802684838
2025-07-07 04:00:00+00:00,483.5455057254804,0.03671589782098603
2025-07-07 06:00:00+00:00,478.9907211333564,0.04578960760525997
2025-07-07 08:00:00+00:00,487.720006622827,0.028399761487730657
2025-07-07 12:00:00+00:00,479.4456520189198,0.04488332746313354
2025-07-07 16:00:00+00:00,479.4456520189198,0.04488332746313354
2025-07-07 18:00:00+00:00,481.79369121921314,0.04020573495911019
2025-07-07 20:00:00+00:00,478.4456520189198,0.046875454555151005
2025-07-08 00:00:00+00:00,485.5356173842468,0.03275134246941766
2025-07-08 04:00:00+00:00,478.4456520189198,0.046875454555151005
2025-07-08 06:00:00+00:00,488.30565201891983,0.027233081427858807
2025-07-08 08:00:00+00:00,488.30565201891983,0.027233081427858807
2025-07-08 12:00:00+00:00,503.03534862026004,0.0
2025-07-08 16:00:00+00:00,493.17565201891983,0.019600405077662367
2025-07-08 18:00:00+00:00,503.6535683975111,0.0
2025-07-08 20:00:00+00:00,493.17565201891983,0.020803816424708646
2025-07-09 00:00:00+00:00,500.92565201891983,0.0054162554377818655
2025-07-09 04:00:00+00:00,513.1469758218471,0.0
2025-07-09 06:00:00+00:00,502.9191333781693,0.019931604249049918
2025-07-09 08:00:00+00:00,506.14640201891984,0.01364243410324169
2025-07-09 12:00:00+00:00,516.792052828518,0.0
2025-07-09 16:00:00+00:00,504.14640201891984,0.02446951484719175
2025-07-09 18:00:00+00:00,517.7664020189198,0.0
2025-07-09 20:00:00+00:00,517.7664020189198,0.0
2025-07-10 00:00:00+00:00,525.7695529132177,0.0
2025-07-10 04:00:00+00:00,530.9498610058381,0.0
2025-07-10 06:00:00+00:00,523.4406675950505,0.014142942605846205
2025-07-10 08:00:00+00:00,521.9871520189198,0.016880518567118998
2025-07-10 12:00:00+00:00,534.6421520189198,0.0
2025-07-10 16:00:00+00:00,537.1029020189197,0.0
2025-07-10 18:00:00+00:00,550.7229020189197,0.0
2025-07-10 20:00:00+00:00,553.1836520189197,0.0
2025-07-11 00:00:00+00:00,565.8386520189197,0.0
2025-07-11 04:00:00+00:00,566.9831114257163,0.0
2025-07-11 06:00:00+00:00,567.5986520189197,0.0
2025-07-11 08:00:00+00:00,570.0594020189196,0.0
2025-07-11 12:00:00+00:00,570.5201520189196,0.0
2025-07-11 16:00:00+00:00,570.5201520189196,0.0
2025-07-11 18:00:00+00:00,568.5201520189196,0.0035055729283576227
2025-07-11 20:00:00+00:00,568.5201520189196,0.0035055729283576227
2025-07-12 00:00:00+00:00,566.4170280881015,0.007191900086786173
2025-07-12 04:00:00+00:00,567.5551520189196,0.005197011866290231
2025-07-12 06:00:00+00:00,569.5544654449258,0.00169264235553558
2025-07-12 08:00:00+00:00,570.0159020189195,0.0008838425745622884
2025-07-12 12:00:00+00:00,568.0509020189195,0.004328067976673709
2025-07-12 16:00:00+00:00,568.0509020189195,0.004328067976673709
2025-07-12 18:00:00+00:00,568.8586076981233,0.002912332395124998
2025-07-12 20:00:00+00:00,567.0859020189195,0.006019506914606317
2025-07-13 00:00:00+00:00,581.5261365855338,0.0
2025-07-13 04:00:00+00:00,569.5466520189194,0.02060007936522447
2025-07-13 06:00:00+00:00,582.4696671643355,0.0
2025-07-13 08:00:00+00:00,572.3416520189194,0.017388055921817955
2025-07-13 12:00:00+00:00,579.6724020189193,0.004802422002564095
2025-07-13 16:00:00+00:00,582.2737291483598,0.0003363917934638193
2025-07-13 18:00:00+00:00,578.6724020189193,0.006519249601275539
2025-07-13 20:00:00+00:00,577.7074020189193,0.008175988234032138
2025-07-14 00:00:00+00:00,585.0381520189193,0.0
2025-07-14 04:00:00+00:00,584.0731520189192,0.0016494650762004068
2025-07-14 06:00:00+00:00,593.9452078054278,0.0
2025-07-14 08:00:00+00:00,591.5239020189192,0.004076648409126967
2025-07-14 12:00:00+00:00,588.5589020189192,0.00906869138049032
2025-07-14 16:00:00+00:00,588.5589020189192,0.00906869138049032
2025-07-14 18:00:00+00:00,588.3629529626202,0.009398602378548587
2025-07-14 20:00:00+00:00,585.5939020189192,0.014060734351853673
2025-07-15 00:00:00+00:00,583.5939020189192,0.0174280483291645
2025-07-15 04:00:00+00:00,583.5939020189192,0.0174280483291645
2025-07-15 06:00:00+00:00,585.3145279987924,0.014531104373288813
2025-07-15 08:00:00+00:00,582.5939020189192,0.019111705317819912
2025-07-15 12:00:00+00:00,596.2139020189192,0.0
2025-07-15 16:00:00+00:00,596.2139020189192,0.0
2025-07-15 18:00:00+00:00,593.2139020189192,0.005031751171586743
2025-07-15 20:00:00+00:00,593.2139020189192,0.005031751171586743
2025-07-16 00:00:00+00:00,589.2489020189191,0.01168204897003394
2025-07-16 04:00:00+00:00,598.9144736960727,0.0
2025-07-16 06:00:00+00:00,600.1053834322004,0.0
2025-07-16 08:00:00+00:00,591.7096520189191,0.013990428423193488
2025-07-16 12:00:00+00:00,614.8040995133198,0.0
2025-07-16 16:00:00+00:00,607.790402018919,0.011408020050537706
2025-07-16 18:00:00+00:00,616.6304020189191,0.0
2025-07-16 20:00:00+00:00,615.665402018919,0.0015649568961253134
2025-07-17 00:00:00+00:00,612.665402018919,0.006430107868535454
2025-07-17 04:00:00+00:00,615.126152018919,0.0024394677834160983
2025-07-17 06:00:00+00:00,628.746152018919,0.0
2025-07-17 08:00:00+00:00,631.206902018919,0.0
2025-07-17 12:00:00+00:00,627.241902018919,0.006281616990115216
2025-07-17 16:00:00+00:00,629.7026520189189,0.002383133003122617
2025-07-17 18:00:00+00:00,638.3326520189189,0.0
2025-07-17 20:00:00+00:00,638.3326520189189,0.0
2025-07-18 00:00:00+00:00,643.2026520189189,0.0
2025-07-18 04:00:00+00:00,643.2026520189189,0.0
2025-07-18 06:00:00+00:00,641.2026520189189,0.00310943991558849
2025-07-18 08:00:00+00:00,641.2026520189189,0.00310943991558849
2025-07-18 12:00:00+00:00,639.2026520189189,0.00621887983117698
2025-07-18 16:00:00+00:00,639.2026520189189,0.00621887983117698
2025-07-18 18:00:00+00:00,637.2026520189189,0.009328319746765469
2025-07-18 20:00:00+00:00,637.2026520189189,0.009328319746765469
2025-07-19 00:00:00+00:00,639.9626520189189,0.005037292663253368
2025-07-19 04:00:00+00:00,645.5108125519118,0.0
2025-07-19 06:00:00+00:00,637.9626520189189,0.011693313862788188
2025-07-19 08:00:00+00:00,636.9976520189189,0.013188253964852592
2025-07-19 12:00:00+00:00,632.6781668799374,0.019879830705302762
2025-07-19 16:00:00+00:00,635.9976520189189,0.014737414692380421
2025-07-19 18:00:00+00:00,663.4689201020825,0.0
2025-07-19 20:00:00+00:00,635.0326520189188,0.04285998518029814
2025-07-20 00:00:00+00:00,643.6626520189188,0.029852593668014238
2025-07-20 04:00:00+00:00,643.6626520189188,0.029852593668014238
2025-07-20 06:00:00+00:00,652.2926520189188,0.016845202155730335
2025-07-20 08:00:00+00:00,652.2926520189188,0.016845202155730335
2025-07-20 12:00:00+00:00,658.2204105255578,0.007910709028717095
2025-07-20 16:00:00+00:00,665.966223212267,0.0
2025-07-20 18:00:00+00:00,660.0226520189188,0.008924733696972659
2025-07-20 20:00:00+00:00,659.0576520189188,0.010373756134395062
2025-07-21 00:00:00+00:00,661.8176520189188,0.006229401805601602
2025-07-21 04:00:00+00:00,661.8176520189188,0.006229401805601602
2025-07-21 06:00:00+00:00,670.1622199891701,0.0
2025-07-21 08:00:00+00:00,660.8176520189188,0.013943740323652276
2025-07-21 12:00:00+00:00,664.6876520189188,0.008169019092630712
2025-07-21 16:00:00+00:00,664.6876520189188,0.008169019092630712
2025-07-21 18:00:00+00:00,662.6876520189188,0.011153371150006194
2025-07-21 20:00:00+00:00,662.6876520189188,0.011153371150006194
2025-07-22 00:00:00+00:00,660.6876520189188,0.014137723207381676
2025-07-22 04:00:00+00:00,660.6876520189188,0.014137723207381676
2025-07-22 06:00:00+00:00,657.6876520189188,0.0186142512934449
2025-07-22 08:00:00+00:00,657.6876520189188,0.0186142512934449
2025-07-22 12:00:00+00:00,655.6876520189188,0.02159860335082038
2025-07-22 16:00:00+00:00,655.6876520189188,0.02159860335082038
2025-07-22 18:00:00+00:00,664.4376520189188,0.008542063099802648
2025-07-22 20:00:00+00:00,664.4376520189188,0.008542063099802648
2025-07-23 00:00:00+00:00,662.4376520189188,0.01152641515717813
2025-07-23 04:00:00+00:00,662.4376520189188,0.01152641515717813
2025-07-23 06:00:00+00:00,660.4376520189188,0.01451076721455361
2025-07-23 08:00:00+00:00,660.4376520189188,0.01451076721455361
2025-07-23 12:00:00+00:00,658.4376520189188,0.017495119271929094
2025-07-23 16:00:00+00:00,658.4376520189188,0.017495119271929094
2025-07-23 18:00:00+00:00,656.4376520189188,0.020479471329304576
2025-07-23 20:00:00+00:00,656.4376520189188,0.020479471329304576
2025-07-24 00:00:00+00:00,656.4376520189188,0.020479471329304576
2025-07-24 04:00:00+00:00,658.8984020189188,0.016807599166711273
2025-07-24 06:00:00+00:00,658.8984020189188,0.016807599166711273
2025-07-24 08:00:00+00:00,658.8984020189188,0.016807599166711273
2025-07-24 12:00:00+00:00,657.9334020189187,0.01824754903439499
2025-07-24 16:00:00+00:00,656.9684020189187,0.019687498902078708
2025-07-24 18:00:00+00:00,650.607374915031,0.02917927106433301
2025-07-24 20:00:00+00:00,659.4291520189187,0.016015626739485405
2025-07-25 00:00:00+00:00,659.6391520189187,0.015702269773460925
2025-07-25 04:00:00+00:00,659.6391520189187,0.015702269773460925
2025-07-25 06:00:00+00:00,657.6391520189187,0.018686621830836407
2025-07-25 08:00:00+00:00,657.6391520189187,0.018686621830836407
2025-07-25 12:00:00+00:00,663.8599020189187,0.009404167800377216
2025-07-25 16:00:00+00:00,663.8599020189187,0.009404167800377216
2025-07-25 18:00:00+00:00,662.8599020189187,0.010896343829064957
2025-07-25 20:00:00+00:00,662.8599020189187,0.010896343829064957
2025-07-26 00:00:00+00:00,661.1268142500362,0.013482415853403276
2025-07-26 04:00:00+00:00,660.8949020189186,0.013828469725436414
2025-07-26 06:00:00+00:00,662.6212452062997,0.011252461803937984
2025-07-26 08:00:00+00:00,659.8949020189186,0.015320645754124155
2025-07-26 12:00:00+00:00,660.1049020189187,0.015007288788099675
2025-07-26 16:00:00+00:00,660.1049020189187,0.015007288788099675
2025-07-26 18:00:00+00:00,676.3013620680849,0.0
2025-07-26 20:00:00+00:00,660.1049020189187,0.023948584104042842
2025-07-27 00:00:00+00:00,658.1049020189187,0.02690584563296263
2025-07-27 04:00:00+00:00,658.1049020189187,0.02690584563296263
2025-07-27 06:00:00+00:00,658.1049020189187,0.02690584563296263
2025-07-27 08:00:00+00:00,658.1049020189187,0.02690584563296263
2025-07-27 12:00:00+00:00,657.1049020189187,0.028384476397422524
2025-07-27 16:00:00+00:00,657.1049020189187,0.028384476397422524
2025-07-27 18:00:00+00:00,657.1049020189187,0.028384476397422524
2025-07-27 20:00:00+00:00,657.1049020189187,0.028384476397422524
2025-07-28 00:00:00+00:00,657.1049020189187,0.028384476397422524
2025-07-28 04:00:00+00:00,656.1399020189186,0.02981135508512637
2025-07-28 06:00:00+00:00,655.1399020189186,0.03128998584958626
2025-07-28 08:00:00+00:00,666.2828535355148,0.01481367493026207
2025-07-28 12:00:00+00:00,657.6006520189186,0.027651445195941638
2025-07-28 16:00:00+00:00,657.2792111075573,0.02812673761643643
2025-07-28 18:00:00+00:00,669.262859161005,0.0104073469341487
2025-07-28 20:00:00+00:00,672.3869339415423,0.005787993853172979
2025-07-29 00:00:00+00:00,663.8214020189185,0.01845325286792782
2025-07-29 04:00:00+00:00,662.8564020189185,0.019880131555631664
2025-07-29 06:00:00+00:00,666.7264020189185,0.01415783049717187
2025-07-29 08:00:00+00:00,681.5979152289433,0.0
2025-07-29 12:00:00+00:00,672.9471520189185,0.012691886252496969
2025-07-29 16:00:00+00:00,672.9471520189185,0.012691886252496969
2025-07-29 18:00:00+00:00,681.3907576278624,0.00030392933495301463
2025-07-29 20:00:00+00:00,672.9471520189185,0.012691886252496969
2025-07-30 00:00:00+00:00,687.2543966530257,0.0
2025-07-30 04:00:00+00:00,681.7468997086279,0.008013767494569161
2025-07-30 06:00:00+00:00,673.7989298247084,0.019578582390809448
2025-07-30 08:00:00+00:00,680.3779020189185,0.010005748479160224
2025-07-30 12:00:00+00:00,691.9040123702578,0.0
2025-07-30 16:00:00+00:00,681.8386520189184,0.014547336294319785
2025-07-30 18:00:00+00:00,685.8086520189185,0.008809546183231997
2025-07-30 20:00:00+00:00,686.1486684515511,0.00831812479160306
2025-07-31 00:00:00+00:00,701.4558250123564,0.0
2025-07-31 04:00:00+00:00,677.3681833604163,0.03433949907182791
2025-07-31 06:00:00+00:00,698.4342896897173,0.00430752046657521
2025-07-31 08:00:00+00:00,681.8786520189184,0.027909345528769617
2025-07-31 12:00:00+00:00,688.3094020189184,0.01874162637854842
2025-07-31 16:00:00+00:00,687.3444020189183,0.020117336673609456
2025-07-31 18:00:00+00:00,692.3144020189184,0.013032072252414467
2025-07-31 20:00:00+00:00,707.8522309451723,0.0
2025-08-01 00:00:00+00:00,699.7451520189184,0.011453066857511828
2025-08-01 04:00:00+00:00,702.2059020189183,0.007976705701293954
2025-08-01 06:00:00+00:00,707.1759020189184,0.0009554662635602527
2025-08-01 08:00:00+00:00,709.6366520189183,0.0
2025-08-01 12:00:00+00:00,713.6416520189183,0.0
2025-08-01 16:00:00+00:00,716.1024020189183,0.0
2025-08-01 18:00:00+00:00,717.3124020189183,0.0
2025-08-01 20:00:00+00:00,719.7731520189183,0.0
2025-08-02 00:00:00+00:00,707.3064436735648,0.017320329759987783
2025-08-02 04:00:00+00:00,716.8081520189182,0.00411935342640024
2025-08-02 06:00:00+00:00,726.3729970784751,0.0
2025-08-02 08:00:00+00:00,724.2389020189182,0.002938015411008371
2025-08-02 12:00:00+00:00,732.7796520189182,0.0
2025-08-02 16:00:00+00:00,735.2404020189182,0.0
2025-08-02 18:00:00+00:00,735.4504020189182,0.0
2025-08-02 20:00:00+00:00,735.4504020189182,0.0
2025-08-03 00:00:00+00:00,734.4504020189182,0.0013597109978522749
2025-08-03 04:00:00+00:00,733.4854020189182,0.0026718321107797633
2025-08-03 06:00:00+00:00,731.4854020189182,0.005391254106484313
2025-08-03 08:00:00+00:00,730.5204020189182,0.006703375219411801
2025-08-03 12:00:00+00:00,722.1741154263219,0.018051912890591902
2025-08-03 16:00:00+00:00,729.5554020189181,0.00801549633233929
2025-08-03 18:00:00+00:00,727.5554020189181,0.01073491832804384
2025-08-03 20:00:00+00:00,727.5554020189181,0.01073491832804384
2025-08-04 00:00:00+00:00,727.8454020189181,0.01034060213866673
2025-08-04 04:00:00+00:00,721.6587646701146,0.01875264098155851
2025-08-04 06:00:00+00:00,726.8454020189181,0.011700313136519005
2025-08-04 08:00:00+00:00,729.8918522285561,0.007558021282064834
2025-08-04 12:00:00+00:00,724.8804020189181,0.014372145247298768
2025-08-04 16:00:00+00:00,723.915402018918,0.015684266360226257
2025-08-04 18:00:00+00:00,723.915402018918,0.015684266360226257
2025-08-04 20:00:00+00:00,722.950402018918,0.016996387473153744
2025-08-05 00:00:00+00:00,724.160402018918,0.015351137165752442
2025-08-05 04:00:00+00:00,724.160402018918,0.015351137165752442
2025-08-05 06:00:00+00:00,724.160402018918,0.015351137165752442
2025-08-05 08:00:00+00:00,724.160402018918,0.015351137165752442
2025-08-05 12:00:00+00:00,725.3704020189181,0.01370588685835114
2025-08-05 16:00:00+00:00,725.3704020189181,0.01370588685835114
2025-08-05 18:00:00+00:00,725.3704020189181,0.01370588685835114
2025-08-05 20:00:00+00:00,725.3704020189181,0.01370588685835114
2025-08-06 00:00:00+00:00,726.5804020189181,0.01206063655094984
2025-08-06 04:00:00+00:00,726.5804020189181,0.01206063655094984
2025-08-06 06:00:00+00:00,726.5804020189181,0.01206063655094984
2025-08-06 08:00:00+00:00,726.5804020189181,0.01206063655094984
2025-08-06 12:00:00+00:00,726.5804020189181,0.01206063655094984
2025-08-06 16:00:00+00:00,726.5804020189181,0.01206063655094984
2025-08-06 18:00:00+00:00,726.8094153728863,0.011749244574904262
2025-08-06 20:00:00+00:00,726.5804020189181,0.01206063655094984
2025-08-07 00:00:00+00:00,723.2278539327784,0.016619133054502553
2025-08-07 04:00:00+00:00,726.5804020189181,0.01206063655094984
2025-08-07 06:00:00+00:00,730.4504020189181,0.006798554989261529
2025-08-07 08:00:00+00:00,730.4504020189181,0.006798554989261529
2025-08-07 12:00:00+00:00,729.4504020189181,0.008158265987113804
2025-08-07 16:00:00+00:00,729.4504020189181,0.008158265987113804
2025-08-07 18:00:00+00:00,734.3204020189181,0.001536473427573219
2025-08-07 20:00:00+00:00,734.3204020189181,0.001536473427573219
2025-08-08 00:00:00+00:00,730.1904458714296,0.007152020221961002
2025-08-08 04:00:00+00:00,733.3204020189181,0.002896184425425494
2025-08-08 06:00:00+00:00,736.1572770385505,0.0
2025-08-08 08:00:00+00:00,733.3204020189181,0.0038536262672628184
2025-08-08 12:00:00+00:00,742.1804020189181,0.0
2025-08-08 16:00:00+00:00,742.1804020189181,0.0
2025-08-08 18:00:00+00:00,731.6874433775371,0.014138016327078368
2025-08-08 20:00:00+00:00,740.1804020189181,0.002694762613725039
2025-08-09 00:00:00+00:00,750.0404020189181,0.0
2025-08-09 04:00:00+00:00,763.3269883095526,0.0
2025-08-09 06:00:00+00:00,752.2029850651959,0.014573051149405398
2025-08-09 08:00:00+00:00,757.1695594106872,0.008066567792266232
2025-08-09 12:00:00+00:00,764.9731360262817,0.0
2025-08-09 16:00:00+00:00,746.2854020189181,0.024429268332792204
2025-08-09 18:00:00+00:00,750.1554020189182,0.0193702671499493
2025-08-09 20:00:00+00:00,750.1554020189182,0.0193702671499493
2025-08-10 00:00:00+00:00,748.1554020189182,0.021984738045475346
2025-08-10 04:00:00+00:00,748.1554020189182,0.021984738045475346
2025-08-10 06:00:00+00:00,745.1554020189182,0.025906444388764414
2025-08-10 08:00:00+00:00,745.1554020189182,0.025906444388764414
2025-08-10 12:00:00+00:00,765.3169991937897,0.0
2025-08-10 16:00:00+00:00,750.1454020189182,0.019823938565135476
2025-08-10 18:00:00+00:00,786.9915367765108,0.0
2025-08-10 20:00:00+00:00,751.3554020189182,0.04528147139111166
2025-08-11 00:00:00+00:00,762.4254020189182,0.03121524642846165
2025-08-11 04:00:00+00:00,762.4254020189182,0.03121524642846165
2025-08-11 06:00:00+00:00,760.4254020189182,0.03375656981828097
2025-08-11 08:00:00+00:00,760.4254020189182,0.03375656981828097
2025-08-11 12:00:00+00:00,766.7292007567315,0.025746574229721764
2025-08-11 16:00:00+00:00,765.2954020189183,0.027568447364070915
2025-08-11 18:00:00+00:00,763.2954020189183,0.03010977075389024
2025-08-11 20:00:00+00:00,754.1452630428464,0.04173650185388464
2025-08-12 00:00:00+00:00,768.0715544396766,0.024040896823782607
2025-08-12 04:00:00+00:00,767.2004020189182,0.025147836835268046
2025-08-12 06:00:00+00:00,768.470719721738,0.02353369278992937
2025-08-12 08:00:00+00:00,766.2004020189182,0.026418498530177706
2025-08-12 12:00:00+00:00,771.0704020189182,0.020230376075967654
2025-08-12 16:00:00+00:00,771.0704020189182,0.020230376075967654
2025-08-12 18:00:00+00:00,780.9304020189182,0.0077016517641583775
2025-08-12 20:00:00+00:00,780.9304020189182,0.0077016517641583775
2025-08-13 00:00:00+00:00,784.8004020189182,0.002784191004857983
2025-08-13 04:00:00+00:00,784.8004020189182,0.002784191004857983
2025-08-13 06:00:00+00:00,809.3532605271882,0.0
2025-08-13 08:00:00+00:00,789.7904020189183,0.024170976336744882
2025-08-13 12:00:00+00:00,792.6604020189183,0.020624935145620783
2025-08-13 16:00:00+00:00,792.6604020189183,0.020624935145620783
2025-08-13 18:00:00+00:00,805.3429258598651,0.0049549867318887915
2025-08-13 20:00:00+00:00,797.6504020189183,0.014459518579868427
2025-08-14 00:00:00+00:00,805.0927504392113,0.00526409207915194
2025-08-14 04:00:00+00:00,802.6404020189183,0.00829410201411607
2025-08-14 06:00:00+00:00,800.6404020189183,0.010765210858104985
2025-08-14 08:00:00+00:00,800.6404020189183,0.010765210858104985
2025-08-14 12:00:00+00:00,798.6404020189183,0.013236319702093902
2025-08-14 16:00:00+00:00,798.6404020189183,0.013236319702093902
2025-08-14 18:00:00+00:00,796.6404020189183,0.015707428546082817
2025-08-14 20:00:00+00:00,796.6404020189183,0.015707428546082817
2025-08-15 00:00:00+00:00,796.6404020189183,0.015707428546082817
2025-08-15 04:00:00+00:00,796.5417231166721,0.015829351700110676
2025-08-15 06:00:00+00:00,796.6404020189183,0.015707428546082817
2025-08-15 08:00:00+00:00,799.6994479885475,0.011927810771223122
2025-08-15 12:00:00+00:00,799.1011520189182,0.012667038002160002
2025-08-15 16:00:00+00:00,799.1011520189182,0.012667038002160002
2025-08-15 18:00:00+00:00,815.4598557370161,0.0
2025-08-15 20:00:00+00:00,798.1361520189182,0.02124409141200543
2025-08-16 00:00:00+00:00,803.1261520189182,0.015124844750267525
2025-08-16 04:00:00+00:00,795.7930250689541,0.02411747252755575
2025-08-16 06:00:00+00:00,803.1261520189182,0.015124844750267525
2025-08-16 08:00:00+00:00,802.1611520189182,0.016308226118719883
2025-08-16 12:00:00+00:00,802.1611520189182,0.016308226118719883
2025-08-16 16:00:00+00:00,802.1611520189182,0.016308226118719883
2025-08-16 18:00:00+00:00,795.905113382779,0.023980018411284675
2025-08-16 20:00:00+00:00,802.1611520189182,0.016308226118719883
2025-08-17 00:00:00+00:00,801.1611520189182,0.0175345280549399
2025-08-17 04:00:00+00:00,801.1611520189182,0.0175345280549399
2025-08-17 06:00:00+00:00,800.1611520189182,0.01876082999115992
2025-08-17 08:00:00+00:00,800.1611520189182,0.01876082999115992
2025-08-17 12:00:00+00:00,800.1611520189182,0.01876082999115992
2025-08-17 16:00:00+00:00,800.1611520189182,0.01876082999115992
2025-08-17 18:00:00+00:00,800.1611520189182,0.01876082999115992
2025-08-17 20:00:00+00:00,800.1611520189182,0.01876082999115992
2025-08-18 00:00:00+00:00,800.1611520189182,0.01876082999115992
2025-08-18 04:00:00+00:00,800.1611520189182,0.01876082999115992
2025-08-18 06:00:00+00:00,799.1611520189182,0.01998713192737994
2025-08-18 08:00:00+00:00,799.1611520189182,0.01998713192737994
2025-08-18 12:00:00+00:00,798.1611520189182,0.021213433863599956
2025-08-18 16:00:00+00:00,798.1611520189182,0.021213433863599956
2025-08-18 18:00:00+00:00,799.3711520189182,0.01972960852077369
2025-08-18 20:00:00+00:00,799.3711520189182,0.01972960852077369
2025-08-19 00:00:00+00:00,805.4511520189183,0.012273692748555927
2025-08-19 04:00:00+00:00,805.4511520189183,0.012273692748555927
2025-08-19 06:00:00+00:00,804.4511520189183,0.013499994684775946
2025-08-19 08:00:00+00:00,804.4511520189183,0.013499994684775946
2025-08-19 12:00:00+00:00,809.3211520189183,0.007527904255384448
2025-08-19 16:00:00+00:00,809.3211520189183,0.007527904255384448
2025-08-19 18:00:00+00:00,809.3211520189183,0.007527904255384448
2025-08-19 20:00:00+00:00,809.3211520189183,0.007527904255384448
2025-08-20 00:00:00+00:00,807.3211520189183,0.009980508127824486
2025-08-20 04:00:00+00:00,807.3211520189183,0.009980508127824486
2025-08-20 06:00:00+00:00,807.5311520189183,0.009722984721218237
2025-08-20 08:00:00+00:00,807.5311520189183,0.009722984721218237
2025-08-20 12:00:00+00:00,805.5311520189183,0.012175588593658275
2025-08-20 16:00:00+00:00,805.5311520189183,0.012175588593658275
2025-08-20 18:00:00+00:00,805.5311520189183,0.012175588593658275
2025-08-20 20:00:00+00:00,805.5311520189183,0.012175588593658275
2025-08-21 00:00:00+00:00,804.5311520189183,0.013401890529878294
2025-08-21 04:00:00+00:00,804.5311520189183,0.013401890529878294
2025-08-21 06:00:00+00:00,840.7079389990416,0.0
2025-08-21 08:00:00+00:00,804.5311520189183,0.04303133740261321
2025-08-21 12:00:00+00:00,813.1611520189183,0.03276617919526359
2025-08-21 16:00:00+00:00,813.1611520189183,0.03276617919526359
2025-08-21 18:00:00+00:00,819.7943599616691,0.024876152665184205
2025-08-21 20:00:00+00:00,812.1611520189183,0.033955652915698076
2025-08-22 00:00:00+00:00,809.1611520189183,0.03752407407700154
2025-08-22 04:00:00+00:00,809.1611520189183,0.03752407407700154
2025-08-22 06:00:00+00:00,811.9211520189183,0.03424112660860237
2025-08-22 08:00:00+00:00,841.4744412891545,0.0
2025-08-22 12:00:00+00:00,811.3819020189183,0.035761679492170774
2025-08-22 16:00:00+00:00,810.4169020189182,0.036908476058590114
2025-08-22 18:00:00+00:00,810.4169020189182,0.036908476058590114
2025-08-22 20:00:00+00:00,810.4169020189182,0.036908476058590114
2025-08-23 00:00:00+00:00,810.6269020189183,0.03665891411149364
2025-08-23 04:00:00+00:00,810.6269020189183,0.03665891411149364
2025-08-23 06:00:00+00:00,809.6269020189183,0.03784730433576235
2025-08-23 08:00:00+00:00,809.6269020189183,0.03784730433576235
2025-08-23 12:00:00+00:00,834.888602178859,0.007826546817281694
2025-08-23 16:00:00+00:00,809.6269020189183,0.03784730433576235
2025-08-23 18:00:00+00:00,835.9027077512745,0.006621393668646593
2025-08-23 20:00:00+00:00,810.8369020189183,0.03640935216439717
2025-08-24 00:00:00+00:00,816.9169020189183,0.029183939600843405
2025-08-24 04:00:00+00:00,816.9169020189183,0.029183939600843405
2025-08-24 06:00:00+00:00,815.9169020189183,0.030372329825112107
2025-08-24 08:00:00+00:00,815.9169020189183,0.030372329825112107
2025-08-24 12:00:00+00:00,815.9169020189183,0.030372329825112107
2025-08-24 16:00:00+00:00,815.9169020189183,0.030372329825112107
2025-08-24 18:00:00+00:00,813.9169020189183,0.03274911027364952
2025-08-24 20:00:00+00:00,813.9169020189183,0.03274911027364952
2025-08-25 00:00:00+00:00,814.1269020189184,0.032499548326553045
2025-08-25 04:00:00+00:00,814.1269020189184,0.032499548326553045
2025-08-25 06:00:00+00:00,814.1269020189184,0.032499548326553045
2025-08-25 08:00:00+00:00,814.1269020189184,0.032499548326553045
2025-08-25 12:00:00+00:00,814.1269020189184,0.032499548326553045
2025-08-25 16:00:00+00:00,814.1269020189184,0.032499548326553045
2025-08-25 18:00:00+00:00,814.1269020189184,0.032499548326553045
2025-08-25 20:00:00+00:00,814.1269020189184,0.032499548326553045
2025-08-26 00:00:00+00:00,815.3369020189184,0.03106159615518787
2025-08-26 04:00:00+00:00,815.3369020189184,0.03106159615518787
2025-08-26 06:00:00+00:00,816.0844192255976,0.030173254014297705
2025-08-26 08:00:00+00:00,815.3369020189184,0.03106159615518787
2025-08-26 12:00:00+00:00,814.3369020189184,0.03224998637945657
2025-08-26 16:00:00+00:00,814.3369020189184,0.03224998637945657
2025-08-26 18:00:00+00:00,813.3369020189184,0.03343837660372528
2025-08-26 20:00:00+00:00,837.9456244237771,0.004193611466049023
2025-08-27 00:00:00+00:00,810.9685011999378,0.036252960984151816
2025-08-27 04:00:00+00:00,815.7976520189184,0.03051404535935611
2025-08-27 06:00:00+00:00,812.9072372063855,0.03394898606665163
2025-08-27 08:00:00+00:00,815.7976520189184,0.03051404535935611
2025-08-27 12:00:00+00:00,814.7976520189184,0.031702435583624816
2025-08-27 16:00:00+00:00,814.7976520189184,0.031702435583624816
2025-08-27 18:00:00+00:00,814.7976520189184,0.031702435583624816
2025-08-27 20:00:00+00:00,814.7976520189184,0.031702435583624816
2025-08-28 00:00:00+00:00,812.7976520189184,0.03407921603216222
2025-08-28 04:00:00+00:00,812.7976520189184,0.03407921603216222
2025-08-28 06:00:00+00:00,811.7976520189184,0.035267606256430925
2025-08-28 08:00:00+00:00,811.7976520189184,0.035267606256430925
2025-08-28 12:00:00+00:00,815.5576520189184,0.03079925901318061
2025-08-28 16:00:00+00:00,815.5576520189184,0.03079925901318061
2025-08-28 18:00:00+00:00,814.5576520189184,0.03198764923744931
2025-08-28 20:00:00+00:00,814.5576520189184,0.03198764923744931
2025-08-29 00:00:00+00:00,825.9233879059951,0.018480719817627306
2025-08-29 04:00:00+00:00,814.5576520189184,0.03198764923744931
2025-08-29 06:00:00+00:00,823.1876520189184,0.02173184160201041
2025-08-29 08:00:00+00:00,823.1876520189184,0.02173184160201041
2025-08-29 12:00:00+00:00,822.1876520189184,0.022920231826279114
2025-08-29 16:00:00+00:00,822.1876520189184,0.022920231826279114
2025-08-29 18:00:00+00:00,821.1876520189184,0.024108622050547816
2025-08-29 20:00:00+00:00,821.1876520189184,0.024108622050547816
2025-08-30 00:00:00+00:00,825.0576520189184,0.01950955188262793
2025-08-30 04:00:00+00:00,814.1266285509998,0.03249987331315408
2025-08-30 06:00:00+00:00,833.6543973484087,0.009293263772534003
2025-08-30 08:00:00+00:00,826.7567748377658,0.0174903309348778
2025-08-30 12:00:00+00:00,838.7373475492101,0.003252735443456971
2025-08-30 16:00:00+00:00,829.9504005648167,0.013695057340877392
2025-08-30 18:00:00+00:00,823.2733648318405,0.0216299813330392
2025-08-30 20:00:00+00:00,825.5326812358135,0.018945031805027764
2025-08-31 00:00:00+00:00,825.8526520189183,0.01856478165433436
2025-08-31 04:00:00+00:00,838.7120596319111,0.0032827873571672304
2025-08-31 06:00:00+00:00,838.1847484604339,0.003909438798498423
2025-08-31 08:00:00+00:00,841.3957620902748,9.350159080184149e-05
2025-08-31 12:00:00+00:00,860.0735026715085,0.0
2025-08-31 16:00:00+00:00,854.7583639142108,0.006179865721694927
2025-08-31 18:00:00+00:00,829.6126520189183,0.03541656679106446
2025-08-31 20:00:00+00:00,832.0734020189183,0.0325554741142682
2025-09-01 00:00:00+00:00,835.8334020189183,0.028183754734097892
2025-09-01 04:00:00+00:00,835.8334020189183,0.028183754734097892
2025-09-01 06:00:00+00:00,836.0434020189183,0.02793958955595004
2025-09-01 08:00:00+00:00,836.0434020189183,0.02793958955595004
2025-09-01 12:00:00+00:00,836.0434020189183,0.02793958955595004
2025-09-01 16:00:00+00:00,836.0434020189183,0.02793958955595004
2025-09-01 18:00:00+00:00,839.8034020189183,0.023567870175779736
2025-09-01 20:00:00+00:00,839.8034020189183,0.023567870175779736
2025-09-02 00:00:00+00:00,839.8034020189183,0.023567870175779736
2025-09-02 04:00:00+00:00,841.9478045412015,0.021074591966856376
2025-09-02 06:00:00+00:00,853.7203072773879,0.007386805167682502
2025-09-02 08:00:00+00:00,838.8384020189183,0.024689867303935187
2025-09-02 12:00:00+00:00,842.7434020189182,0.02014955768171046
2025-09-02 16:00:00+00:00,841.7784020189182,0.021271554809865912
2025-09-02 18:00:00+00:00,841.7784020189182,0.021271554809865912
2025-09-02 20:00:00+00:00,840.8134020189182,0.022393551938021363
2025-09-03 00:00:00+00:00,852.1594594626974,0.009201589380708723
2025-09-03 04:00:00+00:00,863.9593592042276,0.0
2025-09-03 06:00:00+00:00,839.8134020189182,0.02794802432321545
2025-09-03 08:00:00+00:00,843.6143312625841,0.023548593721332913
2025-09-03 12:00:00+00:00,834.3503732970288,0.03427127166545298
2025-09-03 16:00:00+00:00,838.5484145512269,0.02941219906038879
2025-09-03 18:00:00+00:00,839.0234020189182,0.02886241918633449
2025-09-03 20:00:00+00:00,849.0646628566628,0.01724004282016676
2025-09-04 00:00:00+00:00,876.135187734562,0.0
2025-09-04 04:00:00+00:00,859.0136082899096,0.019542166191183322
2025-09-04 06:00:00+00:00,842.8934020189182,0.0379413887046332
2025-09-04 08:00:00+00:00,854.6933017604485,0.024473261974052335
2025-09-04 12:00:00+00:00,850.2241520189182,0.02957424388197722
2025-09-04 16:00:00+00:00,865.0052233753935,0.012703478315883497
2025-09-04 18:00:00+00:00,850.2241520189182,0.02957424388197722
2025-09-04 20:00:00+00:00,859.1629026811343,0.019371765100901023
2025-09-05 00:00:00+00:00,851.9184250202532,0.027640440714322364
2025-09-05 04:00:00+00:00,849.2591520189181,0.030675672078800644
2025-09-05 06:00:00+00:00,849.4691520189182,0.03043598304114992
2025-09-05 08:00:00+00:00,849.2961691690557,0.03063342157835759
2025-09-05 12:00:00+00:00,848.5041520189181,0.031537411237973344
2025-09-05 16:00:00+00:00,848.5041520189181,0.031537411237973344
2025-09-05 18:00:00+00:00,848.5041520189181,0.031537411237973344
2025-09-05 20:00:00+00:00,848.5041520189181,0.031537411237973344
2025-09-06 00:00:00+00:00,848.5041520189181,0.031537411237973344
2025-09-06 04:00:00+00:00,852.2132235005819,0.02730396469503248
2025-09-06 06:00:00+00:00,848.647078031269,0.03137427886485136
2025-09-06 08:00:00+00:00,860.3847716086227,0.017977152780115385
2025-09-06 12:00:00+00:00,881.1909430162726,0.0
2025-09-06 16:00:00+00:00,867.2813263948416,0.015785019956990387
2025-09-06 18:00:00+00:00,868.8193799071429,0.014039594037113563
2025-09-06 20:00:00+00:00,858.646144351593,0.025584464801135996
2025-09-07 00:00:00+00:00,844.3492877090283,0.04180893550850303
2025-09-07 04:00:00+00:00,846.3018908266803,0.039593067162230315
2025-09-07 06:00:00+00:00,841.4684087805641,0.045078237072819036
2025-09-07 08:00:00+00:00,844.8382568914722,0.04125403967540456
2025-09-07 12:00:00+00:00,854.4484658499243,0.03034810715917044
2025-09-07 16:00:00+00:00,867.6185259222675,0.015402356551177674
2025-09-07 18:00:00+00:00,841.3137364840129,0.04525376349847859
2025-09-07 20:00:00+00:00,858.5024033498551,0.025747586089293915
2025-09-08 00:00:00+00:00,850.8929491733021,0.03438300641091703
2025-09-08 04:00:00+00:00,839.5647840142256,0.04723852342326943
2025-09-08 06:00:00+00:00,844.5391520189181,0.041593472206939916
2025-09-08 08:00:00+00:00,843.5741520189181,0.04268858105667104
2025-09-08 12:00:00+00:00,843.5741520189181,0.04268858105667104
2025-09-08 16:00:00+00:00,843.5741520189181,0.04268858105667104
2025-09-08 18:00:00+00:00,843.5741520189181,0.04268858105667104
2025-09-08 20:00:00+00:00,843.5741520189181,0.04268858105667104
2025-09-09 00:00:00+00:00,838.5017076640997,0.048444932043956064
2025-09-09 04:00:00+00:00,843.5741520189181,0.04268858105667104
2025-09-09 06:00:00+00:00,842.5741520189181,0.043823408880226566
2025-09-09 08:00:00+00:00,842.5741520189181,0.043823408880226566
2025-09-09 12:00:00+00:00,841.5741520189181,0.044958236703782094
2025-09-09 16:00:00+00:00,841.5741520189181,0.044958236703782094
2025-09-09 18:00:00+00:00,848.0237449164157,0.03763905923309569
2025-09-09 20:00:00+00:00,841.5741520189181,0.044958236703782094
2025-09-10 00:00:00+00:00,845.3341520189181,0.040691284087213314
2025-09-10 04:00:00+00:00,845.3341520189181,0.040691284087213314
2025-09-10 06:00:00+00:00,840.6683002103772,0.045986222540132383
2025-09-10 08:00:00+00:00,845.3341520189181,0.040691284087213314
2025-09-10 12:00:00+00:00,848.0941520189181,0.03755915929420007
2025-09-10 16:00:00+00:00,848.0941520189181,0.03755915929420007
2025-09-10 18:00:00+00:00,847.0941520189181,0.038693987117755596
2025-09-10 20:00:00+00:00,847.0941520189181,0.038693987117755596
2025-09-11 00:00:00+00:00,848.964684557105,0.03657125474855514
2025-09-11 04:00:00+00:00,846.0941520189181,0.03982881494131112
2025-09-11 06:00:00+00:00,841.6926687936984,0.04482374057020329
2025-09-11 08:00:00+00:00,848.4869292731291,0.037113424737661604
2025-09-11 12:00:00+00:00,845.3391520189181,0.040685609948095544
2025-09-11 16:00:00+00:00,845.3391520189181,0.040685609948095544
2025-09-11 18:00:00+00:00,878.115847815314,0.003489703594129865
2025-09-11 20:00:00+00:00,853.2690280544718,0.03168656598560291
2025-09-12 00:00:00+00:00,856.7285754762713,0.027760575314435085
2025-09-12 04:00:00+00:00,872.8580512220573,0.009456397458753133
2025-09-12 06:00:00+00:00,853.0385468489395,0.03194812247044762
2025-09-12 08:00:00+00:00,856.8074701749858,0.027671043415202816
2025-09-12 12:00:00+00:00,851.8677703923115,0.033276752168592834
2025-09-12 16:00:00+00:00,852.9799020189181,0.032014674255263616
2025-09-12 18:00:00+00:00,886.5719871401682,0.0
2025-09-12 20:00:00+00:00,867.2669100949939,0.021774968446101023
2025-09-13 00:00:00+00:00,876.7561169486398,0.011071712544394261
2025-09-13 04:00:00+00:00,877.4752735833392,0.010260547015671433
2025-09-13 06:00:00+00:00,880.0096147795954,0.0074019622272762774
2025-09-13 08:00:00+00:00,869.0406520189181,0.01977429399478462
2025-09-13 12:00:00+00:00,864.075652018918,0.025374516054603728
2025-09-13 16:00:00+00:00,864.075652018918,0.025374516054603728
2025-09-13 18:00:00+00:00,889.431664965498,0.0
2025-09-13 20:00:00+00:00,864.075652018918,0.02850810685671235
2025-09-14 00:00:00+00:00,878.6718995658064,0.012097349153978068
2025-09-14 04:00:00+00:00,863.320652018918,0.029356963525233683
2025-09-14 06:00:00+00:00,851.1836310307272,0.043002779686570486
2025-09-14 08:00:00+00:00,862.320652018918,0.030481276993473864
2025-09-14 12:00:00+00:00,859.320652018918,0.033854217398194414
2025-09-14 16:00:00+00:00,859.320652018918,0.033854217398194414
2025-09-14 18:00:00+00:00,851.9986430390658,0.042086450708817905
2025-09-14 20:00:00+00:00,858.320652018918,0.0349785308664346
2025-09-15 00:00:00+00:00,894.1322894361853,0.0
2025-09-15 04:00:00+00:00,858.320652018918,0.040051833314116214
2025-09-15 06:00:00+00:00,854.320652018918,0.04452544426325472
2025-09-15 08:00:00+00:00,854.320652018918,0.04452544426325472
2025-09-15 12:00:00+00:00,852.320652018918,0.046762249737823974
2025-09-15 16:00:00+00:00,852.320652018918,0.046762249737823974
2025-09-15 18:00:00+00:00,852.320652018918,0.046762249737823974
2025-09-15 20:00:00+00:00,852.320652018918,0.046762249737823974
2025-09-16 00:00:00+00:00,852.320652018918,0.046762249737823974
2025-09-16 04:00:00+00:00,852.320652018918,0.046762249737823974
2025-09-16 06:00:00+00:00,852.320652018918,0.046762249737823974
2025-09-16 08:00:00+00:00,852.320652018918,0.046762249737823974
2025-09-16 12:00:00+00:00,852.320652018918,0.046762249737823974
2025-09-16 16:00:00+00:00,852.320652018918,0.046762249737823974
2025-09-16 18:00:00+00:00,852.320652018918,0.046762249737823974
2025-09-16 20:00:00+00:00,852.320652018918,0.046762249737823974
2025-09-17 00:00:00+00:00,852.320652018918,0.046762249737823974
2025-09-17 04:00:00+00:00,842.3904336956512,0.057868233092399635
2025-09-17 06:00:00+00:00,852.320652018918,0.046762249737823974
2025-09-17 08:00:00+00:00,856.5218982326076,0.04206356447242696
2025-09-17 12:00:00+00:00,848.828707114033,0.0506676504778945
2025-09-17 16:00:00+00:00,851.355652018918,0.04784150837930368
2025-09-17 18:00:00+00:00,851.355652018918,0.04784150837930368
2025-09-17 20:00:00+00:00,850.390652018918,0.04892076702078338
2025-09-18 00:00:00+00:00,838.9453663955112,0.06172120579100592
2025-09-18 04:00:00+00:00,845.8657716561758,0.05398140560435975
2025-09-18 06:00:00+00:00,855.3587100635852,0.043364477304638605
2025-09-18 08:00:00+00:00,849.425652018918,0.05000002566226308
2025-09-18 12:00:00+00:00,849.635652018918,0.049765161087433264
2025-09-18 16:00:00+00:00,849.635652018918,0.049765161087433264
2025-09-18 18:00:00+00:00,848.635652018918,0.05088356382471789
2025-09-18 20:00:00+00:00,848.635652018918,0.05088356382471789
2025-09-19 00:00:00+00:00,865.8962012829226,0.03157931828081903
2025-09-19 04:00:00+00:00,848.635652018918,0.05088356382471789
2025-09-19 06:00:00+00:00,874.7461522997606,0.02168150883875246
2025-09-19 08:00:00+00:00,847.635652018918,0.05200196656200252
2025-09-19 12:00:00+00:00,854.9636630553327,0.04380629896002431
2025-09-19 16:00:00+00:00,852.505652018918,0.04655534523142638
2025-09-19 18:00:00+00:00,851.505652018918,0.04767374796871101
2025-09-19 20:00:00+00:00,851.505652018918,0.04767374796871101
2025-09-20 00:00:00+00:00,847.9752652461246,0.05162214219907653
2025-09-20 04:00:00+00:00,851.505652018918,0.04767374796871101
2025-09-20 06:00:00+00:00,851.1053381839899,0.04812146005746745
2025-09-20 08:00:00+00:00,851.505652018918,0.04767374796871101
2025-09-20 12:00:00+00:00,842.4918622185287,0.057754795154774656
2025-09-20 16:00:00+00:00,851.505652018918,0.04767374796871101
2025-09-20 18:00:00+00:00,843.1661720961158,0.05700064514190316
2025-09-20 20:00:00+00:00,851.505652018918,0.04767374796871101
2025-09-21 00:00:00+00:00,856.0455713844208,0.04259628972328121
2025-09-21 04:00:00+00:00,852.0540023387033,0.04706047147007223
2025-09-21 06:00:00+00:00,853.7844129526136,0.045125175502848586
2025-09-21 08:00:00+00:00,862.953204278044,0.03487077418689563
2025-09-21 12:00:00+00:00,851.8154068790338,0.04732731728527023
2025-09-21 16:00:00+00:00,859.4985972633967,0.03873441612831985
2025-09-21 18:00:00+00:00,859.5184320738674,0.038712232821995915
2025-09-21 20:00:00+00:00,865.5852858130133,0.03192704699342964
2025-09-22 00:00:00+00:00,857.836402018918,0.04059341983964639
2025-09-22 04:00:00+00:00,857.836402018918,0.04059341983964639
2025-09-22 06:00:00+00:00,856.836402018918,0.04171182257693102
2025-09-22 08:00:00+00:00,856.836402018918,0.04171182257693102
2025-09-22 12:00:00+00:00,856.836402018918,0.04171182257693102
2025-09-22 16:00:00+00:00,856.836402018918,0.04171182257693102
2025-09-22 18:00:00+00:00,855.836402018918,0.042830225314215646
2025-09-22 20:00:00+00:00,855.836402018918,0.042830225314215646
2025-09-23 00:00:00+00:00,863.4414281973735,0.03432474321910972
2025-09-23 04:00:00+00:00,857.046402018918,0.04147695800210121
2025-09-23 06:00:00+00:00,858.7544998393863,0.039566616724139546
2025-09-23 08:00:00+00:00,856.046402018918,0.042595360739385836
2025-09-23 12:00:00+00:00,875.2103110918035,0.02116239237519696
2025-09-23 16:00:00+00:00,855.046402018918,0.04371376347667046
2025-09-23 18:00:00+00:00,887.6656641357889,0.007232291436957296
2025-09-23 20:00:00+00:00,856.256402018918,0.042360496164556026
2025-09-24 00:00:00+00:00,866.0964020189181,0.03135541322967526
2025-09-24 04:00:00+00:00,866.0964020189181,0.03135541322967526
2025-09-24 06:00:00+00:00,861.2463740158031,0.036779697824266135
2025-09-24 08:00:00+00:00,861.6048802311449,0.03637874349169434
2025-09-24 12:00:00+00:00,858.9283509518712,0.039372181164056524
2025-09-24 16:00:00+00:00,863.131402018918,0.03467147734572421
2025-09-24 18:00:00+00:00,872.7641170030784,0.023898222539956673
2025-09-24 20:00:00+00:00,864.3414020189181,0.033318210033609776
2025-09-25 00:00:00+00:00,870.4214020189181,0.026518321390919194
2025-09-25 04:00:00+00:00,870.4214020189181,0.026518321390919194
2025-09-25 06:00:00+00:00,871.6314020189182,0.025165054078804757
2025-09-25 08:00:00+00:00,871.6314020189182,0.025165054078804757
2025-09-25 12:00:00+00:00,872.8414020189182,0.023811786766690317
2025-09-25 16:00:00+00:00,872.8414020189182,0.023811786766690317
2025-09-25 18:00:00+00:00,871.8414020189182,0.024930189503974944
2025-09-25 20:00:00+00:00,871.8414020189182,0.024930189503974944
2025-09-26 00:00:00+00:00,870.8414020189182,0.02604859224125957
2025-09-26 04:00:00+00:00,874.4345142171895,0.022030045723342117
2025-09-26 06:00:00+00:00,872.0514020189182,0.02469532492914513
2025-09-26 08:00:00+00:00,874.5121520189182,0.021943215393372028
2025-09-26 12:00:00+00:00,872.5471520189182,0.024140876772136357
2025-09-26 16:00:00+00:00,871.5821520189181,0.025220135413616056
2025-09-26 18:00:00+00:00,870.5821520189181,0.026338538150900682
2025-09-26 20:00:00+00:00,875.3445563594543,0.02101225210038888
2025-09-27 00:00:00+00:00,876.4339891609598,0.019793827473097474
2025-09-27 04:00:00+00:00,878.0013627413896,0.018040872570397146
2025-09-27 06:00:00+00:00,879.4083503134477,0.016467293818481867
2025-09-27 08:00:00+00:00,880.2318559135393,0.015546282901170194
2025-09-27 12:00:00+00:00,883.0077351112976,0.012441732008025872
2025-09-27 16:00:00+00:00,871.7566896068748,0.02502493209748622
2025-09-27 18:00:00+00:00,870.2565014306073,0.026702746660265887
2025-09-27 20:00:00+00:00,868.8271520189181,0.028301334954835198
2025-09-28 00:00:00+00:00,873.9689330188291,0.022550753010016626
2025-09-28 04:00:00+00:00,870.0371520189182,0.026948067642720758
2025-09-28 06:00:00+00:00,893.7444809130905,0.0004337261137715379
2025-09-28 08:00:00+00:00,870.0371520189182,0.026948067642720758
2025-09-28 12:00:00+00:00,860.5486711846729,0.03756001058041337
2025-09-28 16:00:00+00:00,869.0371520189182,0.028066470380005388
2025-09-28 18:00:00+00:00,868.0371520189182,0.029184873117290015
2025-09-28 20:00:00+00:00,868.0371520189182,0.029184873117290015
2025-09-29 00:00:00+00:00,879.5929444484577,0.016260843232599992
2025-09-29 04:00:00+00:00,867.0721520189181,0.030264131758769713
2025-09-29 06:00:00+00:00,882.9063140593943,0.012555161590092859
2025-09-29 08:00:00+00:00,885.3431483386263,0.00982979946189076
2025-09-29 12:00:00+00:00,865.1071520189181,0.03246179313753404
2025-09-29 16:00:00+00:00,862.9131979219896,0.034915517405015646
2025-09-29 18:00:00+00:00,863.1071520189181,0.034698598612103296
2025-09-29 20:00:00+00:00,870.6705200899077,0.026239707058417428
2025-09-30 00:00:00+00:00,886.6423065221584,0.008376817393262752
2025-09-30 04:00:00+00:00,875.3446581376891,0.021012138271332477
2025-09-30 06:00:00+00:00,884.2962470728335,0.011000656703220198
2025-09-30 08:00:00+00:00,866.7779020189181,0.030593221764215753
2025-09-30 12:00:00+00:00,882.4660993466148,0.01304749892985841
2025-09-30 16:00:00+00:00,861.3588556474672,0.03665389805951878
2025-09-30 18:00:00+00:00,871.6479020189181,0.025146600433639615
2025-09-30 20:00:00+00:00,870.6829020189181,0.026225859075119314
2025-10-01 00:00:00+00:00,869.6829020189181,0.02734426181240394
2025-10-01 04:00:00+00:00,868.717902018918,0.028423520453883643
2025-10-01 06:00:00+00:00,868.717902018918,0.028423520453883643
2025-10-01 08:00:00+00:00,867.752902018918,0.029502779095363342
2025-10-01 12:00:00+00:00,866.7943560649446,0.030574819514100283
2025-10-01 16:00:00+00:00,861.9488167956426,0.03599408389650777
2025-10-01 18:00:00+00:00,930.3555186928621,0.0
2025-10-01 20:00:00+00:00,865.3060817777334,0.06991890262178736
2025-10-02 00:00:00+00:00,888.7627905791612,0.04470627333101454
2025-10-02 04:00:00+00:00,875.417902018918,0.05905013252474797
2025-10-02 06:00:00+00:00,863.2890410185748,0.0720869348617557
2025-10-02 08:00:00+00:00,875.417902018918,0.05905013252474797
2025-10-02 12:00:00+00:00,874.627902018918,0.05989927028351562
2025-10-02 16:00:00+00:00,874.627902018918,0.05989927028351562
2025-10-02 18:00:00+00:00,902.1239787343532,0.030344894388517115
2025-10-02 20:00:00+00:00,875.837902018918,0.05859869219730179
2025-10-03 00:00:00+00:00,873.1110950604314,0.061529622259734074
2025-10-03 04:00:00+00:00,879.707902018918,0.054438992037262636
2025-10-03 06:00:00+00:00,876.707902018918,0.05766356580473484
2025-10-03 08:00:00+00:00,879.0026535035647,0.055197033991314995
2025-10-03 12:00:00+00:00,911.1272439610237,0.0206676634313449
2025-10-03 16:00:00+00:00,893.998652018918,0.03907846618142816
2025-10-03 18:00:00+00:00,926.3405225760747,0.00431555038489849
2025-10-03 20:00:00+00:00,893.998652018918,0.03907846618142816
2025-10-04 00:00:00+00:00,897.2047445805908,0.035632372191275546
2025-10-04 04:00:00+00:00,889.8975312605957,0.0434865883196022
2025-10-04 06:00:00+00:00,896.199998736155,0.03671233122225711
2025-10-04 08:00:00+00:00,890.068652018918,0.04330265781681682
2025-10-04 12:00:00+00:00,885.8041614377692,0.04788637930335176
2025-10-04 16:00:00+00:00,889.068652018918,0.04437751573930755
2025-10-04 18:00:00+00:00,903.5381870848543,0.028824821338928455
2025-10-04 20:00:00+00:00,889.068652018918,0.04437751573930755
2025-10-05 00:00:00+00:00,902.688652018918,0.029737950834983738
2025-10-05 04:00:00+00:00,902.688652018918,0.029737950834983738
2025-10-05 06:00:00+00:00,899.688652018918,0.032962524602455946
2025-10-05 08:00:00+00:00,899.688652018918,0.032962524602455946
2025-10-05 12:00:00+00:00,897.688652018918,0.035112240447437416
2025-10-05 16:00:00+00:00,897.688652018918,0.035112240447437416
2025-10-05 18:00:00+00:00,897.688652018918,0.035112240447437416
2025-10-05 20:00:00+00:00,897.688652018918,0.035112240447437416
2025-10-06 00:00:00+00:00,897.688652018918,0.035112240447437416
2025-10-06 04:00:00+00:00,897.688652018918,0.035112240447437416
2025-10-06 06:00:00+00:00,949.7382592680495,0.0
2025-10-06 08:00:00+00:00,897.688652018918,0.05480415971579947
2025-10-06 12:00:00+00:00,911.308652018918,0.0404633664845183
2025-10-06 16:00:00+00:00,911.308652018918,0.0404633664845183
2025-10-06 18:00:00+00:00,889.9456506906184,0.06295693365402849
2025-10-06 20:00:00+00:00,910.308652018918,0.04151628816082382
2025-10-07 00:00:00+00:00,914.6382629904145,0.03695754691896491
2025-10-07 04:00:00+00:00,908.308652018918,0.04362213151343486
2025-10-07 06:00:00+00:00,905.308652018918,0.046780896542351416
2025-10-07 08:00:00+00:00,905.308652018918,0.046780896542351416
2025-10-07 12:00:00+00:00,902.308652018918,0.04993966157126797
2025-10-07 16:00:00+00:00,902.308652018918,0.04993966157126797
2025-10-07 18:00:00+00:00,899.308652018918,0.053098426600184524
2025-10-07 20:00:00+00:00,899.308652018918,0.053098426600184524
2025-10-08 00:00:00+00:00,899.308652018918,0.053098426600184524
2025-10-08 04:00:00+00:00,899.308652018918,0.053098426600184524
2025-10-08 06:00:00+00:00,899.308652018918,0.053098426600184524
2025-10-08 08:00:00+00:00,899.308652018918,0.053098426600184524
2025-10-08 12:00:00+00:00,899.308652018918,0.053098426600184524
2025-10-08 16:00:00+00:00,899.308652018918,0.053098426600184524
2025-10-08 18:00:00+00:00,899.308652018918,0.053098426600184524
2025-10-08 20:00:00+00:00,899.308652018918,0.053098426600184524
2025-10-09 00:00:00+00:00,899.308652018918,0.053098426600184524
2025-10-09 04:00:00+00:00,899.308652018918,0.053098426600184524
2025-10-09 06:00:00+00:00,904.178652018918,0.047970698036576644
2025-10-09 08:00:00+00:00,904.178652018918,0.047970698036576644
2025-10-09 12:00:00+00:00,904.178652018918,0.047970698036576644
2025-10-09 16:00:00+00:00,904.178652018918,0.047970698036576644
2025-10-09 18:00:00+00:00,904.178652018918,0.047970698036576644
2025-10-09 20:00:00+00:00,904.178652018918,0.047970698036576644
2025-10-10 00:00:00+00:00,904.25319595912,0.0478922091061007
2025-10-10 04:00:00+00:00,910.1364108526628,0.04169764461832602
2025-10-10 06:00:00+00:00,914.5444010370503,0.03705637620424249
2025-10-10 08:00:00+00:00,900.6412327113821,0.05169532350366281
2025-10-10 12:00:00+00:00,911.509402018918,0.040251992458
2025-10-10 16:00:00+00:00,911.509402018918,0.040251992458
2025-10-10 18:00:00+00:00,915.269402018918,0.03629300695509126
2025-10-10 20:00:00+00:00,915.269402018918,0.03629300695509126
2025-10-11 00:00:00+00:00,915.269402018918,0.03629300695509126
2025-10-11 04:00:00+00:00,915.269402018918,0.03629300695509126
2025-10-11 06:00:00+00:00,915.269402018918,0.03629300695509126
2025-10-11 08:00:00+00:00,915.269402018918,0.03629300695509126
2025-10-11 12:00:00+00:00,922.8815634139303,0.02827799721874673
2025-10-11 16:00:00+00:00,915.269402018918,0.03629300695509126
2025-10-11 18:00:00+00:00,920.139402018918,0.031165278391483378
2025-10-11 20:00:00+00:00,920.139402018918,0.031165278391483378
2025-10-12 00:00:00+00:00,920.139402018918,0.031165278391483378
2025-10-12 04:00:00+00:00,920.139402018918,0.031165278391483378
2025-10-12 06:00:00+00:00,920.139402018918,0.031165278391483378
2025-10-12 08:00:00+00:00,920.139402018918,0.031165278391483378
2025-10-12 12:00:00+00:00,920.139402018918,0.031165278391483378
2025-10-12 16:00:00+00:00,920.139402018918,0.031165278391483378
2025-10-12 18:00:00+00:00,919.139402018918,0.032218200067788895
2025-10-12 20:00:00+00:00,919.139402018918,0.032218200067788895
2025-10-13 00:00:00+00:00,918.139402018918,0.03327112174409442
2025-10-13 04:00:00+00:00,918.139402018918,0.03327112174409442
2025-10-13 06:00:00+00:00,927.999402018918,0.022889314015721987
2025-10-13 08:00:00+00:00,927.999402018918,0.022889314015721987
2025-10-13 12:00:00+00:00,926.999402018918,0.023942235692027507
2025-10-13 16:00:00+00:00,926.999402018918,0.023942235692027507
2025-10-13 18:00:00+00:00,925.999402018918,0.024995157368333024
2025-10-13 20:00:00+00:00,925.999402018918,0.024995157368333024
2025-10-14 00:00:00+00:00,925.999402018918,0.024995157368333024
2025-10-14 04:00:00+00:00,925.999402018918,0.024995157368333024
2025-10-14 06:00:00+00:00,924.999402018918,0.026048079044638545
2025-10-14 08:00:00+00:00,924.999402018918,0.026048079044638545
2025-10-14 12:00:00+00:00,929.989402018918,0.020793999879873997
2025-10-14 16:00:00+00:00,929.989402018918,0.020793999879873997
2025-10-14 18:00:00+00:00,929.989402018918,0.020793999879873997
2025-10-14 20:00:00+00:00,929.989402018918,0.020793999879873997
2025-10-15 00:00:00+00:00,928.989402018918,0.021846921556179514
2025-10-15 04:00:00+00:00,928.989402018918,0.021846921556179514
2025-10-15 06:00:00+00:00,933.979402018918,0.016592842391414966
2025-10-15 08:00:00+00:00,933.979402018918,0.016592842391414966
2025-10-15 12:00:00+00:00,932.979402018918,0.017645764067720487
2025-10-15 16:00:00+00:00,932.979402018918,0.017645764067720487
2025-10-15 18:00:00+00:00,931.979402018918,0.018698685744026004
2025-10-15 20:00:00+00:00,931.979402018918,0.018698685744026004
2025-10-16 00:00:00+00:00,931.979402018918,0.018698685744026004
2025-10-16 04:00:00+00:00,931.979402018918,0.018698685744026004
2025-10-16 06:00:00+00:00,936.969402018918,0.013444606579261458
2025-10-16 08:00:00+00:00,936.969402018918,0.013444606579261458
2025-10-16 12:00:00+00:00,936.969402018918,0.013444606579261458
2025-10-16 16:00:00+00:00,936.969402018918,0.013444606579261458
2025-10-16 18:00:00+00:00,937.179402018918,0.01322349302723726
2025-10-16 20:00:00+00:00,937.179402018918,0.01322349302723726
2025-10-17 00:00:00+00:00,935.179402018918,0.015329336379848298
2025-10-17 04:00:00+00:00,935.179402018918,0.015329336379848298
2025-10-17 06:00:00+00:00,935.3894020189181,0.0151082228278241
2025-10-17 08:00:00+00:00,937.850152018918,0.012517245812855335
2025-10-17 12:00:00+00:00,923.7034827110842,0.027412580574599534
2025-10-17 16:00:00+00:00,937.095152018918,0.013312201678465998
2025-10-17 18:00:00+00:00,936.095152018918,0.014365123354771516
2025-10-17 20:00:00+00:00,936.095152018918,0.014365123354771516
2025-10-18 00:00:00+00:00,935.095152018918,0.015418045031077035
2025-10-18 04:00:00+00:00,934.130152018918,0.016434114448711894
2025-10-18 06:00:00+00:00,933.130152018918,0.01748703612501741
2025-10-18 08:00:00+00:00,933.130152018918,0.01748703612501741
2025-10-18 12:00:00+00:00,933.130152018918,0.01748703612501741
2025-10-18 16:00:00+00:00,933.130152018918,0.01748703612501741
2025-10-18 18:00:00+00:00,934.6810242293595,0.015854089157463676
2025-10-18 20:00:00+00:00,932.130152018918,0.01853995780132293
2025-10-19 00:00:00+00:00,932.1462287474894,0.018523030265326004
2025-10-19 04:00:00+00:00,933.340152018918,0.017265922572993215
2025-10-19 06:00:00+00:00,932.340152018918,0.018318844249298732
2025-10-19 08:00:00+00:00,932.340152018918,0.018318844249298732
2025-10-19 12:00:00+00:00,931.340152018918,0.019371765925604252
2025-10-19 16:00:00+00:00,931.340152018918,0.019371765925604252
2025-10-19 18:00:00+00:00,937.7163433109247,0.012658135901979973
2025-10-19 20:00:00+00:00,932.5501520189181,0.018097730697274536
2025-10-20 00:00:00+00:00,938.6301520189181,0.01169596690533694
2025-10-20 04:00:00+00:00,938.6301520189181,0.01169596690533694
2025-10-20 06:00:00+00:00,950.5618618452579,0.0
2025-10-20 08:00:00+00:00,947.7279191397786,0.0029813343236577993
2025-10-20 12:00:00+00:00,948.8560955658762,0.001794482135092617
2025-10-20 16:00:00+00:00,942.5351520189181,0.008444174070647155
2025-10-20 18:00:00+00:00,941.5351520189181,0.00949618345597929
2025-10-20 20:00:00+00:00,961.731266061385,0.0
2025-10-21 00:00:00+00:00,950.0759020189181,0.012119148512452492
2025-10-21 04:00:00+00:00,950.0759020189181,0.012119148512452492
2025-10-21 06:00:00+00:00,950.0759020189181,0.012119148512452492
2025-10-21 08:00:00+00:00,950.0759020189181,0.012119148512452492
2025-10-21 12:00:00+00:00,949.0759020189181,0.013158940016887341
2025-10-21 16:00:00+00:00,949.0759020189181,0.013158940016887341
2025-10-21 18:00:00+00:00,949.0759020189181,0.013158940016887341
2025-10-21 20:00:00+00:00,949.0759020189181,0.013158940016887341
2025-10-22 00:00:00+00:00,949.0759020189181,0.013158940016887341
2025-10-22 04:00:00+00:00,949.0759020189181,0.013158940016887341
2025-10-22 06:00:00+00:00,953.9459020189181,0.00809515539028962
2025-10-22 08:00:00+00:00,953.9459020189181,0.00809515539028962
2025-10-22 12:00:00+00:00,953.9459020189181,0.00809515539028962
2025-10-22 16:00:00+00:00,953.9459020189181,0.00809515539028962
2025-10-22 18:00:00+00:00,955.1559020189181,0.006837007669923414
2025-10-22 20:00:00+00:00,955.1559020189181,0.006837007669923414
2025-10-23 00:00:00+00:00,954.1559020189181,0.007876799174358264
2025-10-23 04:00:00+00:00,954.1559020189181,0.007876799174358264
2025-10-23 06:00:00+00:00,953.1559020189181,0.008916590678793112
2025-10-23 08:00:00+00:00,953.1559020189181,0.008916590678793112
2025-10-23 12:00:00+00:00,952.1559020189181,0.009956382183227962
2025-10-23 16:00:00+00:00,952.1559020189181,0.009956382183227962
2025-10-23 18:00:00+00:00,952.1559020189181,0.009956382183227962
2025-10-23 20:00:00+00:00,952.1559020189181,0.009956382183227962
2025-10-24 00:00:00+00:00,951.1559020189181,0.010996173687662812
2025-10-24 04:00:00+00:00,951.1559020189181,0.010996173687662812
2025-10-24 06:00:00+00:00,964.3804706219495,0.0
2025-10-24 08:00:00+00:00,951.1559020189181,0.013713019918894186
2025-10-24 12:00:00+00:00,955.0259020189181,0.009700080920342963
2025-10-24 16:00:00+00:00,955.0259020189181,0.009700080920342963
2025-10-24 18:00:00+00:00,954.0259020189181,0.010737016062087464
2025-10-24 20:00:00+00:00,954.0259020189181,0.010737016062087464
2025-10-25 00:00:00+00:00,945.7037445641081,0.019366553582110983
2025-10-25 04:00:00+00:00,954.0259020189181,0.010737016062087464
2025-10-25 06:00:00+00:00,951.0018078584201,0.013872805569052245
2025-10-25 08:00:00+00:00,955.2359020189182,0.00948232454057658
2025-10-25 12:00:00+00:00,953.1916891272098,0.011602040725196178
2025-10-25 16:00:00+00:00,955.2359020189182,0.00948232454057658
2025-10-25 18:00:00+00:00,943.3933191514959,0.021762314884828087
2025-10-25 20:00:00+00:00,954.2359020189182,0.010519259682321081
2025-10-26 00:00:00+00:00,951.0101070340694,0.013864199862173961
2025-10-26 04:00:00+00:00,954.2359020189182,0.010519259682321081
2025-10-26 06:00:00+00:00,952.2359020189182,0.012593129965810083
2025-10-26 08:00:00+00:00,968.1747594299328,0.0
2025-10-26 12:00:00+00:00,963.312921731229,0.005021653013931541
2025-10-26 16:00:00+00:00,944.6356703156787,0.024312851460942943
2025-10-26 18:00:00+00:00,949.2359020189182,0.01956140379260242
2025-10-26 20:00:00+00:00,948.2709020189182,0.02055812467444841
2025-10-27 00:00:00+00:00,947.2709020189182,0.021590996054599663
2025-10-27 04:00:00+00:00,947.2709020189182,0.021590996054599663
2025-10-27 06:00:00+00:00,945.2709020189182,0.023656738814902163
2025-10-27 08:00:00+00:00,945.2709020189182,0.023656738814902163
2025-10-27 12:00:00+00:00,969.7305080434063,0.0
2025-10-27 16:00:00+00:00,943.2709020189182,0.02728552500413217
2025-10-27 18:00:00+00:00,941.2709020189182,0.029347953672108525
2025-10-27 20:00:00+00:00,941.2709020189182,0.029347953672108525
2025-10-28 00:00:00+00:00,939.2709020189182,0.031410382340084884
2025-10-28 04:00:00+00:00,939.2709020189182,0.031410382340084884
2025-10-28 06:00:00+00:00,948.0209020189182,0.022387256917688315
2025-10-28 08:00:00+00:00,948.0209020189182,0.022387256917688315
2025-10-28 12:00:00+00:00,946.0209020189182,0.024449685585664675
2025-10-28 16:00:00+00:00,946.0209020189182,0.024449685585664675
2025-10-28 18:00:00+00:00,944.0209020189182,0.02651211425364103
2025-10-28 20:00:00+00:00,944.0209020189182,0.02651211425364103
2025-10-29 00:00:00+00:00,956.3634831189045,0.013784267704923551
2025-10-29 04:00:00+00:00,944.0209020189182,0.02651211425364103
2025-10-29 06:00:00+00:00,979.9594730581192,0.0
2025-10-29 08:00:00+00:00,944.0209020189182,0.03667352786238093
2025-10-29 12:00:00+00:00,948.0109020189182,0.03260193091404123
2025-10-29 16:00:00+00:00,948.0109020189182,0.03260193091404123
2025-10-29 18:00:00+00:00,947.0109020189182,0.03362238127703364
2025-10-29 20:00:00+00:00,947.0109020189182,0.03362238127703364
2025-10-30 00:00:00+00:00,944.0109020189182,0.03668373236601084
2025-10-30 04:00:00+00:00,944.0109020189182,0.03668373236601084
2025-10-30 06:00:00+00:00,959.9980773439828,0.020369613502325468
2025-10-30 08:00:00+00:00,943.0109020189182,0.03770418272900324
2025-10-30 12:00:00+00:00,946.8809020189182,0.03375503982422264
2025-10-30 16:00:00+00:00,946.8809020189182,0.03375503982422264
2025-10-30 18:00:00+00:00,951.7509020189182,0.028785446556449646
2025-10-30 20:00:00+00:00,951.7509020189182,0.028785446556449646
2025-10-31 00:00:00+00:00,950.7509020189182,0.029805896919442045
2025-10-31 04:00:00+00:00,947.1839978937397,0.03344574552873948
2025-10-31 06:00:00+00:00,938.4195551490769,0.04238942430895675
2025-10-31 08:00:00+00:00,948.7859020189181,0.03181108188272215
2025-10-31 12:00:00+00:00,959.6753508447525,0.020698939875612263
2025-10-31 16:00:00+00:00,949.0309020189181,0.031561071543789
2025-10-31 18:00:00+00:00,947.0309020189181,0.03360197226977381
2025-10-31 20:00:00+00:00,947.0309020189181,0.03360197226977381
2025-11-01 00:00:00+00:00,956.7981244804644,0.023635006563461427
2025-11-01 04:00:00+00:00,954.225701002964,0.026260037034846848
2025-11-01 06:00:00+00:00,946.1052893176865,0.03454651408673604
2025-11-01 08:00:00+00:00,958.2954862868689,0.022107023164584926
2025-11-01 12:00:00+00:00,957.6333894403178,0.022782660131984114
2025-11-01 16:00:00+00:00,954.653725214602,0.025823259572711327
2025-11-01 18:00:00+00:00,946.2409020189182,0.034408128056537764
2025-11-01 20:00:00+00:00,954.0170989006647,0.026472905125859172
2025-11-02 00:00:00+00:00,944.5850859272572,0.03609780618832189
2025-11-02 04:00:00+00:00,931.79607563459,0.04914835638378766
2025-11-02 06:00:00+00:00,949.8441678999909,0.030731174080238965
2025-11-02 08:00:00+00:00,943.2759020189181,0.03743376338281027
2025-11-02 12:00:00+00:00,964.562655720824,0.015711687840770646
2025-11-02 16:00:00+00:00,953.0189244056868,0.027491492651589115
2025-11-02 18:00:00+00:00,941.0671912276936,0.03968764311146062
2025-11-02 20:00:00+00:00,942.5209020189182,0.03820420340686953
2025-11-03 00:00:00+00:00,948.6009020189182,0.03199986519987569
2025-11-03 04:00:00+00:00,960.2865369982856,0.020075254743383557
2025-11-03 06:00:00+00:00,948.6009020189182,0.03199986519987569
2025-11-03 08:00:00+00:00,969.3334802081184,0.01084329826093796
2025-11-03 12:00:00+00:00,952.2716520189182,0.02825404702992133
2025-11-03 16:00:00+00:00,952.2716520189182,0.02825404702992133
2025-11-03 18:00:00+00:00,952.2716520189182,0.02825404702992133
2025-11-03 20:00:00+00:00,952.2716520189182,0.02825404702992133
2025-11-04 00:00:00+00:00,958.3516520189182,0.02204970882292749
2025-11-04 04:00:00+00:00,958.3516520189182,0.02204970882292749
2025-11-04 06:00:00+00:00,958.3516520189182,0.02204970882292749
2025-11-04 08:00:00+00:00,958.3516520189182,0.02204970882292749
2025-11-04 12:00:00+00:00,959.5616520189183,0.02081496388370665
2025-11-04 16:00:00+00:00,959.5616520189183,0.02081496388370665
2025-11-04 18:00:00+00:00,959.5616520189183,0.02081496388370665
2025-11-04 20:00:00+00:00,959.5616520189183,0.02081496388370665
2025-11-05 00:00:00+00:00,960.7716520189183,0.019580218944485805
2025-11-05 04:00:00+00:00,960.7716520189183,0.019580218944485805
2025-11-05 06:00:00+00:00,960.7716520189183,0.019580218944485805
2025-11-05 08:00:00+00:00,960.7716520189183,0.019580218944485805
2025-11-05 12:00:00+00:00,959.7716520189183,0.020600669307478205
2025-11-05 16:00:00+00:00,959.7716520189183,0.020600669307478205
2025-11-05 18:00:00+00:00,958.7716520189183,0.021621119670470607
2025-11-05 20:00:00+00:00,958.7716520189183,0.021621119670470607
2025-11-06 00:00:00+00:00,959.9816520189183,0.020386374731249764
2025-11-06 04:00:00+00:00,959.9816520189183,0.020386374731249764
2025-11-06 06:00:00+00:00,959.9816520189183,0.020386374731249764
2025-11-06 08:00:00+00:00,959.9816520189183,0.020386374731249764
2025-11-06 12:00:00+00:00,961.1916520189184,0.01915162979202892
2025-11-06 16:00:00+00:00,961.1916520189184,0.01915162979202892
2025-11-06 18:00:00+00:00,961.1916520189184,0.01915162979202892
2025-11-06 20:00:00+00:00,961.1916520189184,0.01915162979202892
2025-11-07 00:00:00+00:00,960.1916520189184,0.020172080155021324
2025-11-07 04:00:00+00:00,956.365538245748,0.024076439343703276
2025-11-07 06:00:00+00:00,965.0616520189184,0.015202486887248325
2025-11-07 08:00:00+00:00,967.5224020189183,0.012691413656514812
2025-11-07 12:00:00+00:00,967.5224020189183,0.012691413656514812
2025-11-07 16:00:00+00:00,966.5574020189183,0.013676148256802512
2025-11-07 18:00:00+00:00,966.5574020189183,0.013676148256802512
2025-11-07 20:00:00+00:00,995.6679672635826,0.0
2025-11-08 00:00:00+00:00,967.0181520189183,0.02877446717845433
2025-11-08 04:00:00+00:00,967.0181520189183,0.02877446717845433
2025-11-08 06:00:00+00:00,966.0181520189183,0.029778818059349215
2025-11-08 08:00:00+00:00,966.0181520189183,0.029778818059349215
2025-11-08 12:00:00+00:00,966.0181520189183,0.029778818059349215
2025-11-08 16:00:00+00:00,966.0181520189183,0.029778818059349215
2025-11-08 18:00:00+00:00,959.4450122036579,0.036380556823051184
2025-11-08 20:00:00+00:00,966.0181520189183,0.029778818059349215
2025-11-09 00:00:00+00:00,963.7877240443169,0.03201895036041274
2025-11-09 04:00:00+00:00,967.2281520189183,0.028563553493466367
2025-11-09 06:00:00+00:00,966.2281520189183,0.029567904374361253
2025-11-09 08:00:00+00:00,966.2281520189183,0.029567904374361253
2025-11-09 12:00:00+00:00,964.2281520189183,0.03157660613615103
2025-11-09 16:00:00+00:00,964.2281520189183,0.03157660613615103
2025-11-09 18:00:00+00:00,963.2281520189183,0.032580957017045914
2025-11-09 20:00:00+00:00,963.2281520189183,0.032580957017045914
2025-11-10 00:00:00+00:00,961.2281520189183,0.034589658778835686
2025-11-10 04:00:00+00:00,960.2631520189183,0.03555885737889928
2025-11-10 06:00:00+00:00,957.88777946726,0.03794456489361083
2025-11-10 08:00:00+00:00,959.2631520189183,0.036563208259794165
2025-11-10 12:00:00+00:00,961.1331520189183,0.034685072112520726
2025-11-10 16:00:00+00:00,961.1331520189183,0.034685072112520726
2025-11-10 18:00:00+00:00,985.6747626895813,0.010036683816861024
2025-11-10 20:00:00+00:00,967.3331520189183,0.028458096650972386
2025-11-11 00:00:00+00:00,970.0931520189183,0.02568608821970251
2025-11-11 04:00:00+00:00,970.0931520189183,0.02568608821970251
2025-11-11 06:00:00+00:00,968.0931520189183,0.02769478998149228
2025-11-11 08:00:00+00:00,968.0931520189183,0.02769478998149228
2025-11-11 12:00:00+00:00,967.3031520189184,0.028488227177399204
2025-11-11 16:00:00+00:00,967.3031520189184,0.028488227177399204
2025-11-11 18:00:00+00:00,966.5131520189184,0.029281664373306128
2025-11-11 20:00:00+00:00,966.5131520189184,0.029281664373306128
2025-11-12 00:00:00+00:00,977.0059817589324,0.018743181580842976
2025-11-12 04:00:00+00:00,971.5031520189184,0.024269953477640636
2025-11-12 06:00:00+00:00,979.2531520189184,0.016486234150705267
2025-11-12 08:00:00+00:00,979.2531520189184,0.016486234150705267
2025-11-12 12:00:00+00:00,978.4631520189184,0.01727967134661219
2025-11-12 16:00:00+00:00,978.4631520189184,0.01727967134661219
2025-11-12 18:00:00+00:00,978.6731520189185,0.017068757661624228
2025-11-12 20:00:00+00:00,978.6731520189185,0.017068757661624228
2025-11-13 00:00:00+00:00,977.6731520189185,0.018073108542519114
2025-11-13 04:00:00+00:00,976.7081520189184,0.01904230714258271
2025-11-13 06:00:00+00:00,970.7370542339743,0.025039384462800886
2025-11-13 08:00:00+00:00,974.9531520189184,0.02080494293855323
2025-11-13 12:00:00+00:00,974.1631520189185,0.021598380134460155
2025-11-13 16:00:00+00:00,976.6239020189184,0.019126923704298103
2025-11-13 18:00:00+00:00,976.8339020189185,0.01891601001931014
2025-11-13 20:00:00+00:00,976.8339020189185,0.01891601001931014
2025-11-14 00:00:00+00:00,977.0439020189185,0.01870509633432218
2025-11-14 04:00:00+00:00,979.5046520189185,0.016233639904160126
2025-11-14 06:00:00+00:00,984.5846520189185,0.01113153742921406
2025-11-14 08:00:00+00:00,987.0454020189185,0.008660080999052008
2025-11-14 12:00:00+00:00,988.2554020189185,0.0074448164331691585
2025-11-14 16:00:00+00:00,987.2904020189185,0.008414015033232755
2025-11-14 18:00:00+00:00,988.5004020189185,0.007198750467349907
2025-11-14 20:00:00+00:00,988.5004020189185,0.007198750467349907
2025-11-15 00:00:00+00:00,987.5004020189185,0.008203101348244793
2025-11-15 04:00:00+00:00,994.97996508658,0.0006909955925301056
2025-11-15 06:00:00+00:00,1004.4778418824848,0.0
2025-11-15 08:00:00+00:00,991.1711520189185,0.013247370234298325
2025-11-15 12:00:00+00:00,988.1711520189185,0.01623399659369887
2025-11-15 16:00:00+00:00,988.1711520189185,0.01623399659369887
2025-11-15 18:00:00+00:00,989.3811520189186,0.015029390628740614
2025-11-15 20:00:00+00:00,991.8419020189185,0.012579610357442355
2025-11-16 00:00:00+00:00,994.6019020189185,0.009831914106793864
2025-11-16 04:00:00+00:00,979.8326056406619,0.024535370731160605
2025-11-16 06:00:00+00:00,992.6019020189185,0.011822998346394227
2025-11-16 08:00:00+00:00,991.6369020189185,0.012783696492001433
2025-11-16 12:00:00+00:00,992.8469020189185,0.011579090527043178
2025-11-16 16:00:00+00:00,992.8469020189185,0.011579090527043178
2025-11-16 18:00:00+00:00,991.8469020189185,0.012574632646843359
2025-11-16 20:00:00+00:00,994.3076520189185,0.010124852375545102
2025-11-17 00:00:00+00:00,992.3426520189184,0.012081092640952489
2025-11-17 04:00:00+00:00,992.3426520189184,0.012081092640952489
2025-11-17 06:00:00+00:00,990.3426520189184,0.014072176880552852
2025-11-17 08:00:00+00:00,990.3426520189184,0.014072176880552852
2025-11-17 12:00:00+00:00,990.3426520189184,0.014072176880552852
2025-11-17 16:00:00+00:00,992.8034020189184,0.011622396609254593
2025-11-17 18:00:00+00:00,992.8034020189184,0.011622396609254593
2025-11-17 20:00:00+00:00,992.8034020189184,0.011622396609254593
2025-11-18 00:00:00+00:00,991.8034020189184,0.012617938729054775
2025-11-18 04:00:00+00:00,991.8034020189184,0.012617938729054775
2025-11-18 06:00:00+00:00,991.8034020189184,0.012617938729054775
2025-11-18 08:00:00+00:00,991.8034020189184,0.012617938729054775
2025-11-18 12:00:00+00:00,989.8034020189184,0.014609022968655136
2025-11-18 16:00:00+00:00,989.8034020189184,0.014609022968655136
2025-11-18 18:00:00+00:00,989.8034020189184,0.014609022968655136
2025-11-18 20:00:00+00:00,989.8034020189184,0.014609022968655136
2025-11-19 00:00:00+00:00,989.8034020189184,0.014609022968655136
2025-11-19 04:00:00+00:00,989.8034020189184,0.014609022968655136
2025-11-19 06:00:00+00:00,989.8034020189184,0.014609022968655136
2025-11-19 08:00:00+00:00,1022.492343024758,0.0
2025-11-19 12:00:00+00:00,992.2641520189184,0.029563244372488907
2025-11-19 16:00:00+00:00,992.2641520189184,0.029563244372488907
2025-11-19 18:00:00+00:00,992.2641520189184,0.029563244372488907
2025-11-19 20:00:00+00:00,992.2641520189184,0.029563244372488907
2025-11-20 00:00:00+00:00,991.2641520189184,0.03054124680626927
2025-11-20 04:00:00+00:00,985.9722978702829,0.035716693042845485
2025-11-20 06:00:00+00:00,998.8119232446993,0.023159508177838118
2025-11-20 08:00:00+00:00,1007.4984842376135,0.014664030385586432
2025-11-20 12:00:00+00:00,998.5949020189183,0.0233717554648339
2025-11-20 16:00:00+00:00,998.5949020189183,0.0233717554648339
2025-11-20 18:00:00+00:00,998.5949020189183,0.0233717554648339
2025-11-20 20:00:00+00:00,998.5949020189183,0.0233717554648339
2025-11-21 00:00:00+00:00,999.8049020189184,0.022188372519959625
2025-11-21 04:00:00+00:00,999.8049020189184,0.022188372519959625
2025-11-21 06:00:00+00:00,1001.0149020189184,0.02100498957508535
2025-11-21 08:00:00+00:00,1001.0149020189184,0.02100498957508535
2025-11-21 12:00:00+00:00,1002.2249020189184,0.019821606630211076
2025-11-21 16:00:00+00:00,1002.2249020189184,0.019821606630211076
2025-11-21 18:00:00+00:00,1003.4349020189185,0.0186382236853368
2025-11-21 20:00:00+00:00,1003.4349020189185,0.0186382236853368
2025-11-22 00:00:00+00:00,1004.6449020189185,0.017454840740462524
2025-11-22 04:00:00+00:00,1004.6449020189185,0.017454840740462524
2025-11-22 06:00:00+00:00,1004.6449020189185,0.017454840740462524
2025-11-22 08:00:00+00:00,1004.6449020189185,0.017454840740462524
2025-11-22 12:00:00+00:00,1003.6449020189185,0.01843284317424289
2025-11-22 16:00:00+00:00,1003.6449020189185,0.01843284317424289
2025-11-22 18:00:00+00:00,1002.6449020189185,0.01941084560802325
2025-11-22 20:00:00+00:00,1002.6449020189185,0.01941084560802325
2025-11-23 00:00:00+00:00,1001.6449020189185,0.020388848041803614
2025-11-23 04:00:00+00:00,1001.6449020189185,0.020388848041803614
2025-11-23 06:00:00+00:00,1001.6449020189185,0.020388848041803614
2025-11-23 08:00:00+00:00,1001.6449020189185,0.020388848041803614
2025-11-23 12:00:00+00:00,1000.6449020189185,0.021366850475583978
2025-11-23 16:00:00+00:00,1000.6449020189185,0.021366850475583978
2025-11-23 18:00:00+00:00,999.6449020189185,0.022344852909364343
2025-11-23 20:00:00+00:00,999.6449020189185,0.022344852909364343
2025-11-24 00:00:00+00:00,998.6449020189185,0.023322855343144707
2025-11-24 04:00:00+00:00,998.6449020189185,0.023322855343144707
2025-11-24 06:00:00+00:00,1003.5149020189185,0.01855998349063433
2025-11-24 08:00:00+00:00,1003.5149020189185,0.01855998349063433
2025-11-24 12:00:00+00:00,1003.5149020189185,0.01855998349063433
2025-11-24 16:00:00+00:00,1002.5499020189185,0.01950375583923241
2025-11-24 18:00:00+00:00,1002.5499020189185,0.01950375583923241
2025-11-24 20:00:00+00:00,1001.5849020189185,0.020447528187830494
2025-11-25 00:00:00+00:00,1018.5391083154466,0.0038662731670116167
2025-11-25 04:00:00+00:00,1001.5849020189185,0.020447528187830494
2025-11-25 06:00:00+00:00,1006.4549020189185,0.015684656335320117
2025-11-25 08:00:00+00:00,1006.4549020189185,0.015684656335320117
2025-11-25 12:00:00+00:00,1005.4549020189185,0.01666265876910048
2025-11-25 16:00:00+00:00,1005.4549020189185,0.01666265876910048
2025-11-25 18:00:00+00:00,1011.5349020189185,0.01071640397171583
2025-11-25 20:00:00+00:00,1011.5349020189185,0.01071640397171583
2025-11-26 00:00:00+00:00,1010.5349020189185,0.011694406405496193
2025-11-26 04:00:00+00:00,1010.5349020189185,0.011694406405496193
2025-11-26 06:00:00+00:00,1031.1383708535136,0.0
2025-11-26 08:00:00+00:00,1010.5349020189185,0.019981284197135258
2025-11-26 12:00:00+00:00,1009.5349020189185,0.020951086144445453
2025-11-26 16:00:00+00:00,1009.5349020189185,0.020951086144445453
2025-11-26 18:00:00+00:00,1009.5349020189185,0.020951086144445453
2025-11-26 20:00:00+00:00,1009.5349020189185,0.020951086144445453
2025-11-27 00:00:00+00:00,1008.8260815701045,0.021638501595998536
2025-11-27 04:00:00+00:00,1009.5349020189185,0.020951086144445453
2025-11-27 06:00:00+00:00,1021.7985549221752,0.009057771677730787
2025-11-27 08:00:00+00:00,1008.5349020189185,0.021920888091755648
2025-11-27 12:00:00+00:00,1014.7349020189185,0.01590811601843239
2025-11-27 16:00:00+00:00,1014.7349020189185,0.01590811601843239
2025-11-27 18:00:00+00:00,1013.7349020189185,0.016877917965742586
2025-11-27 20:00:00+00:00,1013.7349020189185,0.016877917965742586
2025-11-28 00:00:00+00:00,1007.6889193588726,0.022741323722858853
2025-11-28 04:00:00+00:00,1013.9449020189186,0.01667425955680741
2025-11-28 06:00:00+00:00,1006.4944644442321,0.023899708425051406
2025-11-28 08:00:00+00:00,1011.9449020189186,0.018613863451427803
2025-11-28 12:00:00+00:00,1012.1549020189186,0.018410205042492626
2025-11-28 16:00:00+00:00,1012.1549020189186,0.018410205042492626
2025-11-28 18:00:00+00:00,1028.5484205303899,0.0025117388668020636
2025-11-28 20:00:00+00:00,1012.1549020189186,0.018410205042492626
2025-11-29 00:00:00+00:00,1036.6673975671665,0.0
2025-11-29 04:00:00+00:00,1012.1549020189186,0.02364547742677488
2025-11-29 06:00:00+00:00,1036.9490196970191,0.0
2025-11-29 08:00:00+00:00,1012.1549020189186,0.02391064286395197
2025-11-29 12:00:00+00:00,1030.9177811879488,0.005816330788212327
2025-11-29 16:00:00+00:00,1016.0249020189186,0.02017854039171012
2025-11-29 18:00:00+00:00,1019.022989620778,0.017287281954785787
2025-11-29 20:00:00+00:00,1017.2349020189187,0.01901165563940708
2025-11-30 00:00:00+00:00,1022.1724550831625,0.014250039619280536
2025-11-30 04:00:00+00:00,1022.2249020189187,0.014199461495612036
2025-11-30 06:00:00+00:00,1013.4828412739676,0.022630021319570804
2025-11-30 08:00:00+00:00,1021.2249020189187,0.015163829059498818
2025-11-30 12:00:00+00:00,1024.2149020189186,0.012280370043477443
2025-11-30 16:00:00+00:00,1024.2149020189186,0.012280370043477443
2025-11-30 18:00:00+00:00,1058.8908238879824,0.0
2025-11-30 20:00:00+00:00,1025.4249020189186,0.03160469532277679
2025-12-01 00:00:00+00:00,1035.2649020189185,0.022311952598017028
2025-12-01 04:00:00+00:00,1034.2999020189186,0.023223283566451224
2025-12-01 06:00:00+00:00,1052.2222566583423,0.00629769101705383
2025-12-01 08:00:00+00:00,1034.2999020189186,0.023223283566451224
2025-12-01 12:00:00+00:00,1034.5099020189186,0.023024962837569118
2025-12-01 16:00:00+00:00,1034.5099020189186,0.023024962837569118
2025-12-01 18:00:00+00:00,1033.5099020189186,0.02396934726081707
2025-12-01 20:00:00+00:00,1033.5099020189186,0.02396934726081707
2025-12-02 00:00:00+00:00,1029.2660633634218,0.027977162381845777
2025-12-02 04:00:00+00:00,1032.5099020189186,0.02491373168406502
2025-12-02 06:00:00+00:00,1030.5099020189186,0.02680250053056092
2025-12-02 08:00:00+00:00,1030.5099020189186,0.02680250053056092
2025-12-02 12:00:00+00:00,1028.5099020189186,0.028691269377056825
2025-12-02 16:00:00+00:00,1028.5099020189186,0.028691269377056825
2025-12-02 18:00:00+00:00,1028.5099020189186,0.028691269377056825
2025-12-02 20:00:00+00:00,1028.5099020189186,0.028691269377056825
2025-12-03 00:00:00+00:00,1033.4999020189186,0.02397879110504954
2025-12-03 04:00:00+00:00,1033.4999020189186,0.02397879110504954
2025-12-03 06:00:00+00:00,1028.2812788422793,0.02890717754386845
2025-12-03 08:00:00+00:00,1031.4999020189186,0.02586755995154544
2025-12-03 12:00:00+00:00,1029.4999020189186,0.027756328798041345
2025-12-03 16:00:00+00:00,1029.4999020189186,0.027756328798041345
2025-12-03 18:00:00+00:00,1043.1199020189185,0.014893812953404355
2025-12-03 20:00:00+00:00,1043.1199020189185,0.014893812953404355
2025-12-04 00:00:00+00:00,1039.2801901520572,0.018519977030228483
2025-12-04 04:00:00+00:00,1041.1199020189185,0.016782581799900255
2025-12-04 06:00:00+00:00,1039.098318652797,0.01869173364116266
2025-12-04 08:00:00+00:00,1041.1199020189185,0.016782581799900255
2025-12-04 12:00:00+00:00,1038.1199020189185,0.01961573506964411
2025-12-04 16:00:00+00:00,1038.1199020189185,0.01961573506964411
2025-12-04 18:00:00+00:00,1035.1199020189185,0.022448888339387962
2025-12-04 20:00:00+00:00,1035.1199020189185,0.022448888339387962
2025-12-05 00:00:00+00:00,1021.518729508398,0.03529362379623179
2025-12-05 04:00:00+00:00,1035.1199020189185,0.022448888339387962
2025-12-05 06:00:00+00:00,1033.1199020189185,0.024337657185883866
2025-12-05 08:00:00+00:00,1033.1199020189185,0.024337657185883866
2025-12-05 12:00:00+00:00,1031.1199020189185,0.026226426032379766
2025-12-05 16:00:00+00:00,1031.1199020189185,0.026226426032379766
2025-12-05 18:00:00+00:00,1029.1199020189185,0.02811519487887567
2025-12-05 20:00:00+00:00,1029.1199020189185,0.02811519487887567
2025-12-06 00:00:00+00:00,1035.293050084252,0.022285370003571576
2025-12-06 04:00:00+00:00,1037.3072078642078,0.020383230770217555
2025-12-06 06:00:00+00:00,1040.2417200381185,0.01761192318334484
2025-12-06 08:00:00+00:00,1034.7477210365334,0.022800370261781562
2025-12-06 12:00:00+00:00,1041.7845474978558,0.01615490096260975
2025-12-06 16:00:00+00:00,1046.0731362739598,0.01210482452474113
2025-12-06 18:00:00+00:00,1032.1099020189185,0.025291485453364286
2025-12-06 20:00:00+00:00,1039.8098682305595,0.018019757303555074
2025-12-07 00:00:00+00:00,1031.1449020189186,0.026202816421798482
2025-12-07 04:00:00+00:00,1066.7685389096646,0.0
2025-12-07 06:00:00+00:00,1025.1987863691668,0.03896792136650928
2025-12-07 08:00:00+00:00,1064.1689762176366,0.0024368572911655437
2025-12-07 12:00:00+00:00,1042.3556520189186,0.02288489583288443
2025-12-07 16:00:00+00:00,1041.3906520189187,0.023789496938749658
2025-12-07 18:00:00+00:00,1040.3906520189187,0.02472690741114894
2025-12-07 20:00:00+00:00,1040.3906520189187,0.02472690741114894
2025-12-08 00:00:00+00:00,1044.4156520189188,0.02095383025974175
2025-12-08 04:00:00+00:00,1043.4506520189188,0.021858431365606976
2025-12-08 06:00:00+00:00,1059.5501917249944,0.006766554244323683
2025-12-08 08:00:00+00:00,1051.235652018919,0.014560690837978495
2025-12-08 12:00:00+00:00,1052.030652018919,0.013815449512420997
2025-12-08 16:00:00+00:00,1049.8773995973847,0.015833930882086327
2025-12-08 18:00:00+00:00,1049.030652018919,0.016627680929618843
2025-12-08 20:00:00+00:00,1052.4562808713595,0.013416460568788015
2025-12-09 00:00:00+00:00,1052.9031586231029,0.012997552684421517
2025-12-09 04:00:00+00:00,1061.2225429790296,0.0051988746652609965
2025-12-09 06:00:00+00:00,1056.3543411204594,0.009762378069238417
2025-12-09 08:00:00+00:00,1056.9567839533117,0.00919764184870071
2025-12-09 12:00:00+00:00,1058.575652018919,0.007680097970567632
2025-12-09 16:00:00+00:00,1057.6106520189192,0.008584699076432861
2025-12-09 18:00:00+00:00,1054.6106520189192,0.011396930493630705
2025-12-09 20:00:00+00:00,1057.0714020189191,0.00909019767367421
2025-12-10 00:00:00+00:00,1058.200546266186,0.008031726031436887
2025-12-10 04:00:00+00:00,1055.0714020189191,0.010965018618472773
2025-12-10 06:00:00+00:00,1058.2702454194507,0.007966389315249135
2025-12-10 08:00:00+00:00,1057.831402018919,0.008377765714650764
2025-12-10 12:00:00+00:00,1066.691402018919,7.23089291932241e-05
2025-12-10 16:00:00+00:00,1066.691402018919,7.23089291932241e-05
2025-12-10 18:00:00+00:00,1080.311402018919,0.0
2025-12-10 20:00:00+00:00,1080.311402018919,0.0
2025-12-11 00:00:00+00:00,1077.311402018919,0.0027769770775292277
2025-12-11 04:00:00+00:00,1077.311402018919,0.0027769770775292277
2025-12-11 06:00:00+00:00,1075.311402018919,0.00462829512921538
2025-12-11 08:00:00+00:00,1075.311402018919,0.00462829512921538
2025-12-11 12:00:00+00:00,1073.311402018919,0.006479613180901531
2025-12-11 16:00:00+00:00,1073.311402018919,0.006479613180901531
2025-12-11 18:00:00+00:00,1072.311402018919,0.007405272206744607
2025-12-11 20:00:00+00:00,1072.311402018919,0.007405272206744607
2025-12-12 00:00:00+00:00,1071.311402018919,0.008330931232587683
2025-12-12 04:00:00+00:00,1065.4056304074743,0.01379766202928919
2025-12-12 06:00:00+00:00,1091.635084517443,0.0
2025-12-12 08:00:00+00:00,1061.524447983815,0.027583060457367345
2025-12-12 12:00:00+00:00,1075.192152018919,0.015062664009001307
2025-12-12 16:00:00+00:00,1075.192152018919,0.015062664009001307
2025-12-12 18:00:00+00:00,1080.4579929025235,0.010238853416716834
2025-12-12 20:00:00+00:00,1076.402152018919,0.013954234995348895
2025-12-13 00:00:00+00:00,1072.0733245961155,0.017919687813968223
2025-12-13 04:00:00+00:00,1080.427152018919,0.01026710542514152
2025-12-13 06:00:00+00:00,1078.427152018919,0.012099219497294212
2025-12-13 08:00:00+00:00,1078.427152018919,0.012099219497294212
2025-12-13 12:00:00+00:00,1108.3540184805115,0.0
2025-12-13 16:00:00+00:00,1078.427152018919,0.02700118009462395
2025-12-13 18:00:00+00:00,1093.3986411674582,0.01349332168575186
2025-12-13 20:00:00+00:00,1079.637152018919,0.025909471146197096
2025-12-14 00:00:00+00:00,1107.3950341574196,0.0008652328652235732
2025-12-14 04:00:00+00:00,1078.637152018919,0.02681170994654984
2025-12-14 06:00:00+00:00,1087.477152018919,0.018835918951431656
2025-12-14 08:00:00+00:00,1087.477152018919,0.018835918951431656
2025-12-14 12:00:00+00:00,1121.5800820155273,0.0
2025-12-14 16:00:00+00:00,1088.687152018919,0.029327312890131078
2025-12-14 18:00:00+00:00,1108.878904887017,0.011324360455551085
2025-12-14 20:00:00+00:00,1093.657152018919,0.024896064440115162
2025-12-15 00:00:00+00:00,1089.6921520189192,0.02843125560798491
2025-12-15 04:00:00+00:00,1089.6921520189192,0.02843125560798491
2025-12-15 06:00:00+00:00,1095.2787382055283,0.023450259354405072
2025-12-15 08:00:00+00:00,1089.6921520189192,0.02843125560798491
2025-12-15 12:00:00+00:00,1093.6621520189192,0.02489160644368648
2025-12-15 16:00:00+00:00,1093.6621520189192,0.02489160644368648
2025-12-15 18:00:00+00:00,1096.6521520189192,0.022225724579391197
2025-12-15 20:00:00+00:00,1096.6521520189192,0.022225724579391197
2025-12-16 00:00:00+00:00,1097.8621520189192,0.02114688944367301
2025-12-16 04:00:00+00:00,1097.8621520189192,0.02114688944367301
2025-12-16 06:00:00+00:00,1095.8621520189192,0.022930088015107975
2025-12-16 08:00:00+00:00,1095.8621520189192,0.022930088015107975
2025-12-16 12:00:00+00:00,1099.7321520189191,0.019479598779381414
2025-12-16 16:00:00+00:00,1099.7321520189191,0.019479598779381414
2025-12-16 18:00:00+00:00,1098.7321520189191,0.0203711980650989
2025-12-16 20:00:00+00:00,1098.7321520189191,0.0203711980650989
2025-12-17 00:00:00+00:00,1123.3942790630795,0.0
2025-12-17 04:00:00+00:00,1099.9421520189192,0.020876131809857163
2025-12-17 06:00:00+00:00,1126.1628064932297,0.0
2025-12-17 08:00:00+00:00,1101.1521520189192,0.02220873778649417
2025-12-17 12:00:00+00:00,1107.2321520189191,0.01680987363919339
2025-12-17 16:00:00+00:00,1107.2321520189191,0.01680987363919339
2025-12-17 18:00:00+00:00,1108.4421520189192,0.01573542863619434
2025-12-17 20:00:00+00:00,1108.4421520189192,0.01573542863619434
2025-12-18 00:00:00+00:00,1129.2405125538728,0.0
2025-12-18 04:00:00+00:00,1108.4421520189192,0.0184180077704761
2025-12-18 06:00:00+00:00,1093.3535011300764,0.03177977678345498
2025-12-18 08:00:00+00:00,1107.4421520189192,0.01930355871279787
2025-12-18 12:00:00+00:00,1112.5571520189192,0.014773965642822013
2025-12-18 16:00:00+00:00,1115.0179020189191,0.012594846161503751
2025-12-18 18:00:00+00:00,1116.2279020189192,0.011523329521294378
2025-12-18 20:00:00+00:00,1116.2279020189192,0.011523329521294378
2025-12-19 00:00:00+00:00,1115.2279020189192,0.012408880463616148
2025-12-19 04:00:00+00:00,1114.2629020189192,0.013263437122956582
2025-12-19 06:00:00+00:00,1112.2629020189192,0.015034539007600121
2025-12-19 08:00:00+00:00,1109.4985799353933,0.017482487033547395
2025-12-19 12:00:00+00:00,1109.2979020189193,0.017660197551584097
2025-12-19 16:00:00+00:00,1108.3329020189194,0.01851475421092453
2025-12-19 18:00:00+00:00,1107.3329020189194,0.0194003051532463
2025-12-19 20:00:00+00:00,1105.3133119315269,0.02118875505824047
2025-12-20 00:00:00+00:00,1106.896231441485,0.019786999194577496
2025-12-20 04:00:00+00:00,1100.152137263746,0.025759238148781068
2025-12-20 06:00:00+00:00,1096.613192587241,0.0288931539418847
2025-12-20 08:00:00+00:00,1106.3679020189195,0.020254861812586736
2025-12-20 12:00:00+00:00,1110.7017193832278,0.016417045761773084
2025-12-20 16:00:00+00:00,1106.3679020189195,0.020254861812586736
2025-12-20 18:00:00+00:00,1114.4260971026665,0.01311891956276191
2025-12-20 20:00:00+00:00,1106.3679020189195,0.020254861812586736
2025-12-21 00:00:00+00:00,1111.2960425741526,0.01589074230000595
2025-12-21 04:00:00+00:00,1107.5779020189195,0.019183345172377363
2025-12-21 06:00:00+00:00,1105.5779020189195,0.0209544470570209
2025-12-21 08:00:00+00:00,1105.5779020189195,0.0209544470570209
2025-12-21 12:00:00+00:00,1116.4055060188705,0.011366052131777375
2025-12-21 16:00:00+00:00,1106.7879020189196,0.019882930416811526
2025-12-21 18:00:00+00:00,1092.3892647297168,0.03263365723641437
2025-12-21 20:00:00+00:00,1105.7879020189196,0.020768481359133298
2025-12-22 00:00:00+00:00,1103.7879020189196,0.022539583243776837
2025-12-22 04:00:00+00:00,1096.0187165670725,0.0294195927417326
2025-12-22 06:00:00+00:00,1089.041558194128,0.0355982219136219
2025-12-22 08:00:00+00:00,1087.6945892972362,0.03679103148954243
2025-12-22 12:00:00+00:00,1101.8229020189196,0.02427969084543904
2025-12-22 16:00:00+00:00,1137.8935422368468,0.0
2025-12-22 18:00:00+00:00,1103.0329020189197,0.030636117460864382
2025-12-22 20:00:00+00:00,1136.1343127067125,0.0015460405256154095
2025-12-23 00:00:00+00:00,1122.0729701623288,0.013903385059570861
2025-12-23 04:00:00+00:00,1105.4936520189196,0.028473568937069555
2025-12-23 06:00:00+00:00,1106.7036520189197,0.027410200568160945
2025-12-23 08:00:00+00:00,1106.7036520189197,0.027410200568160945
2025-12-23 12:00:00+00:00,1107.9136520189197,0.026346832199252334
2025-12-23 16:00:00+00:00,1107.9136520189197,0.026346832199252334
2025-12-23 18:00:00+00:00,1106.9136520189197,0.027225649033061076
2025-12-23 20:00:00+00:00,1106.9136520189197,0.027225649033061076
2025-12-24 00:00:00+00:00,1108.1236520189198,0.026162280664152465
2025-12-24 04:00:00+00:00,1108.1236520189198,0.026162280664152465
2025-12-24 06:00:00+00:00,1099.7004167350128,0.03356476162678164
2025-12-24 08:00:00+00:00,1108.1236520189198,0.026162280664152465
2025-12-24 12:00:00+00:00,1101.1739541847771,0.032269792110681164
2025-12-24 16:00:00+00:00,1107.1236520189198,0.027041097497961207
2025-12-24 18:00:00+00:00,1105.1236520189198,0.028798731165578694
2025-12-24 20:00:00+00:00,1105.1236520189198,0.028798731165578694
2025-12-25 00:00:00+00:00,1111.7216769987624,0.023000275743402385
2025-12-25 04:00:00+00:00,1099.9891102558086,0.03331105290089484
2025-12-25 06:00:00+00:00,1137.2434792466875,0.0005712862987880509
2025-12-25 08:00:00+00:00,1117.7888550345945,0.017668337551798512
2025-12-25 12:00:00+00:00,1099.1823210793098,0.03402007281053667
2025-12-25 16:00:00+00:00,1103.1586520189198,0.0305256062440128
2025-12-25 18:00:00+00:00,1137.02708330217,0.0007614586975979235
2025-12-25 20:00:00+00:00,1104.3686520189199,0.02946223787510419
2025-12-26 00:00:00+00:00,1102.3686520189199,0.031219871542721673
2025-12-26 04:00:00+00:00,1101.40365201892,0.03206792978734704
2025-12-26 06:00:00+00:00,1091.7425400984735,0.04055827757634573
2025-12-26 08:00:00+00:00,1101.40365201892,0.03206792978734704
2025-12-26 12:00:00+00:00,1107.4836520189199,0.02672472343778995
2025-12-26 16:00:00+00:00,1107.4836520189199,0.02672472343778995
2025-12-26 18:00:00+00:00,1100.1197012223602,0.03319628736114593
2025-12-26 20:00:00+00:00,1107.4836520189199,0.02672472343778995
2025-12-27 00:00:00+00:00,1104.3115589560018,0.029512412219890278
2025-12-27 04:00:00+00:00,1111.0989825752124,0.023547510085136957
2025-12-27 06:00:00+00:00,1108.0861133244875,0.026195270300738697
2025-12-27 08:00:00+00:00,1106.4836520189199,0.02760354027159869
2025-12-27 12:00:00+00:00,1105.1349157849095,0.02878883237841484
2025-12-27 16:00:00+00:00,1101.8683214626276,0.03165957045806023
2025-12-27 18:00:00+00:00,1104.4836520189199,0.029361173939216174
2025-12-27 20:00:00+00:00,1103.51865201892,0.030209232183841542
2025-12-28 00:00:00+00:00,1130.575753434687,0.0064309959855951785
2025-12-28 04:00:00+00:00,1103.51865201892,0.030209232183841542
2025-12-28 06:00:00+00:00,1108.7401041876458,0.025620532121038125
2025-12-28 08:00:00+00:00,1103.51865201892,0.030209232183841542
2025-12-28 12:00:00+00:00,1110.743803487969,0.023859647446023292
2025-12-28 16:00:00+00:00,1103.51865201892,0.030209232183841542
2025-12-28 18:00:00+00:00,1102.892455161069,0.030759544523799164
2025-12-28 20:00:00+00:00,1104.72865201892,0.02914586381493293
2025-12-29 00:00:00+00:00,1102.72865201892,0.030903497482550415
2025-12-29 04:00:00+00:00,1117.8519195136648,0.017612915425976098
2025-12-29 06:00:00+00:00,1103.93865201892,0.029840129113641804
2025-12-29 08:00:00+00:00,1106.39940201892,0.027677580589846977
2025-12-29 12:00:00+00:00,1107.60940201892,0.026614212220938366
2025-12-29 16:00:00+00:00,1107.60940201892,0.026614212220938366
2025-12-29 18:00:00+00:00,1118.5358166762903,0.017011895086866777
2025-12-29 20:00:00+00:00,1107.60940201892,0.026614212220938366
2025-12-30 00:00:00+00:00,1115.7818594631399,0.019432119045372395
2025-12-30 04:00:00+00:00,1107.60940201892,0.026614212220938366
2025-12-30 06:00:00+00:00,1106.60940201892,0.02749302905474711
2025-12-30 08:00:00+00:00,1106.60940201892,0.02749302905474711
2025-12-30 12:00:00+00:00,1105.60940201892,0.02837184588855585
2025-12-30 16:00:00+00:00,1105.60940201892,0.02837184588855585
2025-12-30 18:00:00+00:00,1100.1103139163338,0.03320453708370603
2025-12-30 20:00:00+00:00,1105.60940201892,0.02837184588855585
2025-12-31 00:00:00+00:00,1104.60940201892,0.029250662722364592
2025-12-31 04:00:00+00:00,1104.60940201892,0.029250662722364592
2025-12-31 06:00:00+00:00,1085.5211885816827,0.046025706018342966
2025-12-31 08:00:00+00:00,1104.60940201892,0.029250662722364592
2025-12-31 12:00:00+00:00,1103.60940201892,0.030129479556173334
2025-12-31 16:00:00+00:00,1103.60940201892,0.030129479556173334
2025-12-31 18:00:00+00:00,1104.81940201892,0.029066111187264723
2025-12-31 20:00:00+00:00,1104.81940201892,0.029066111187264723
2026-01-01 00:00:00+00:00,1093.8244095750717,0.03872869563451856
2026-01-01 04:00:00+00:00,1103.8544020189202,0.029914169431890087
2026-01-01 06:00:00+00:00,1094.2781182775038,0.03832996878917572
2026-01-01 08:00:00+00:00,1088.6948415375273,0.04323664637607991
2026-01-01 12:00:00+00:00,1093.5436584416498,0.038975424456680674
2026-01-01 16:00:00+00:00,1102.8894020189202,0.030762227676515454
2026-01-01 18:00:00+00:00,1101.8894020189202,0.03164104451032419
2026-01-01 20:00:00+00:00,1095.4123113123167,0.03733322085739358
2026-01-02 00:00:00+00:00,1077.260689643215,0.05328517154112759
2026-01-02 04:00:00+00:00,1104.2756985950373,0.029543926908772368
2026-01-02 06:00:00+00:00,1100.8894020189202,0.032519861344132935
2026-01-02 08:00:00+00:00,1099.9244020189203,0.0333679195887583
2026-01-02 12:00:00+00:00,1098.9244020189203,0.034246736422567044
2026-01-02 16:00:00+00:00,1097.9594020189204,0.03509479466719241
2026-01-02 18:00:00+00:00,1095.9594020189204,0.036852428334809895
2026-01-02 20:00:00+00:00,1095.9594020189204,0.036852428334809895
2026-01-03 00:00:00+00:00,1083.384029777661,0.04790387715183983
2026-01-03 04:00:00+00:00,1094.9944020189205,0.037700486579435255
2026-01-03 06:00:00+00:00,1091.9944020189205,0.04033693708086149
2026-01-03 08:00:00+00:00,1091.9944020189205,0.04033693708086149
2026-01-03 12:00:00+00:00,1146.7563301992527,0.0
2026-01-03 16:00:00+00:00,1092.6249642596397,0.04720389546941287
2026-01-03 18:00:00+00:00,1144.396244571938,0.0020580532805121745
2026-01-03 20:00:00+00:00,1109.4905531265144,0.03249668311511585
2026-01-04 00:00:00+00:00,1108.0751520189203,0.033730948032884546
2026-01-04 04:00:00+00:00,1123.1539184323651,0.02058188923429496
2026-01-04 06:00:00+00:00,1098.3985825969748,0.04216915688956829
2026-01-04 08:00:00+00:00,1145.1759532013707,0.0013781279913296115
2026-01-04 12:00:00+00:00,1106.5359020189203,0.03507321226065871
2026-01-04 16:00:00+00:00,1106.5359020189203,0.03507321226065871
2026-01-04 18:00:00+00:00,1110.573901489921,0.03155197643691664
2026-01-04 20:00:00+00:00,1111.5817368235314,0.03067311899609014
2026-01-05 00:00:00+00:00,1111.8666520189201,0.03042466586974965
2026-01-05 04:00:00+00:00,1110.9016520189202,0.031266169835838284
2026-01-05 06:00:00+00:00,1146.425779669964,0.00028824827086964774
2026-01-05 08:00:00+00:00,1115.8916520189202,0.026914765907566113
2026-01-05 12:00:00+00:00,1128.5466520189202,0.01587929161652721
2026-01-05 16:00:00+00:00,1131.0074020189202,0.013733456503001045
2026-01-05 18:00:00+00:00,1147.9729618961799,0.0
2026-01-05 20:00:00+00:00,1139.7574020189202,0.007156579597214146
2026-01-06 00:00:00+00:00,1152.3024425096987,0.0
2026-01-06 04:00:00+00:00,1147.5424020189203,0.004130895080297811
2026-01-06 06:00:00+00:00,1154.6434713440285,0.0
2026-01-06 08:00:00+00:00,1145.5424020189203,0.007882146784681878
2026-01-06 12:00:00+00:00,1150.9220754033513,0.003222982706813759
